Order ID,Amount,Profit,Quantity,Category,Sub-Category,PaymentMode
B-20000,342,66,2,Clothing,Shirt,COD
B-20001,4418,556,3,Electronics,Printers,Credit Card
B-20001,1989,854,2,Clothing,T-shirt,COD
B-20002,4146,1609,5,Electronics,Phones,COD
B-20003,472,-86,3,Clothing,Skirt,Debit Card
B-20003,5830,529,2,Furniture,Chairs,COD
B-20004,519,186,1,Electronics,Accessories,Credit Card
B-20004,1929,733,5,Clothing,Saree,EMI
B-20004,664,411,5,Clothing,Kurti,UPI
B-20005,5373,334,4,Electronics,Phones,COD
B-20005,323,41,1,Clothing,Saree,UPI
B-20006,5521,780,5,Electronics,Phones,COD
B-20006,4835,1707,2,Electronics,Accessories,UPI
B-20007,977,193,1,Furniture,Furnishings,Credit Card
B-20007,1311,-22,2,Clothing,Trousers,EMI
B-20008,2591,939,2,Furniture,Bookcases,COD
B-20009,5267,1923,3,Electronics,Accessories,UPI
B-20010,4112,1274,5,Furniture,Bookcases,Credit Card
B-20011,5381,2170,4,Electronics,Printers,UPI
B-20011,4553,1048,3,Electronics,Electronic Games,COD
B-20012,1383,-318,5,Clothing,Shirt,Debit Card
B-20012,4819,479,2,Furniture,Bookcases,UPI
B-20013,1357,232,5,Furniture,Tables,EMI
B-20014,1109,295,3,Electronics,Accessories,UPI
B-20015,5003,3074,2,Electronics,Accessories,COD
B-20016,678,390,1,Clothing,T-shirt,UPI
B-20016,4307,870,1,Furniture,Chairs,COD
B-20017,355,34,4,Clothing,Trousers,EMI
B-20017,1822,873,5,Clothing,Stole,UPI
B-20018,1577,-779,1,Clothing,Trousers,UPI
B-20018,1054,608,1,Clothing,Kurti,Debit Card
B-20019,3010,1776,4,Electronics,Electronic Games,UPI
B-20019,1897,702,4,Furniture,Bookcases,UPI
B-20020,591,183,4,Clothing,T-shirt,UPI
B-20020,2898,482,1,Electronics,Accessories,UPI
B-20020,1990,743,2,Electronics,Phones,Debit Card
B-20021,1094,258,3,Electronics,Printers,COD
B-20022,1219,423,4,Clothing,Saree,UPI
B-20022,1740,747,2,Electronics,Accessories,Credit Card
B-20023,4539,1064,1,Furniture,Bookcases,UPI
B-20024,1085,-110,4,Clothing,Leggings,COD
B-20025,719,-282,1,Clothing,Hankerchief,UPI
B-20025,1341,184,4,Clothing,Saree,COD
B-20026,2743,420,3,Furniture,Chairs,Credit Card
B-20027,3596,1750,4,Electronics,Accessories,UPI
B-20027,115,41,2,Clothing,Stole,COD
B-20027,308,197,4,Electronics,Electronic Games,UPI
B-20028,4280,846,4,Furniture,Tables,EMI
B-20029,5116,2229,4,Electronics,Printers,Debit Card
B-20030,3848,1392,5,Electronics,Electronic Games,COD
B-20031,503,-218,3,Clothing,Kurti,Debit Card
B-20031,1460,246,4,Furniture,Bookcases,UPI
B-20032,1951,974,2,Clothing,Leggings,UPI
B-20032,1716,862,1,Clothing,Kurti,EMI
B-20033,1116,240,4,Clothing,Hankerchief,UPI
B-20033,1520,603,1,Electronics,Accessories,Debit Card
B-20034,960,239,1,Furniture,Tables,Credit Card
B-20034,2104,652,4,Electronics,Electronic Games,COD
B-20035,4069,1807,5,Electronics,Electronic Games,UPI
B-20036,2160,150,5,Furniture,Furnishings,Debit Card
B-20036,5150,2402,4,Furniture,Chairs,UPI
B-20037,867,492,2,Electronics,Accessories,UPI
B-20038,4732,1704,4,Electronics,Accessories,Credit Card
B-20038,2596,1020,4,Furniture,Bookcases,EMI
B-20038,4906,1714,2,Furniture,Furnishings,Credit Card
B-20039,600,263,1,Furniture,Bookcases,Credit Card
B-20040,1003,478,5,Clothing,Skirt,Debit Card
B-20041,1748,722,2,Clothing,Kurti,EMI
B-20042,138,69,4,Clothing,Saree,Credit Card
B-20042,571,-273,2,Clothing,Saree,Debit Card
B-20043,2827,1732,1,Electronics,Accessories,UPI
B-20044,958,280,2,Furniture,Tables,UPI
B-20045,1860,342,2,Clothing,Stole,Credit Card
B-20045,1467,650,5,Furniture,Bookcases,COD
B-20046,784,367,1,Clothing,Kurti,COD
B-20047,4040,1503,3,Furniture,Tables,Credit Card
B-20047,4775,424,1,Electronics,Phones,UPI
B-20047,1575,546,5,Electronics,Phones,Debit Card
B-20048,1278,859,2,Clothing,Saree,Credit Card
B-20048,47,11,4,Clothing,Trousers,Debit Card
B-20048,4581,428,3,Electronics,Accessories,EMI
B-20049,1787,655,1,Clothing,Leggings,COD
B-20050,338,224,4,Clothing,Skirt,Debit Card
B-20050,3304,1240,3,Furniture,Chairs,Credit Card
B-20051,1280,354,4,Clothing,Skirt,UPI
B-20052,365,-57,1,Clothing,T-shirt,COD
B-20053,4559,2593,1,Electronics,Electronic Games,Credit Card
B-20054,1587,-503,3,Clothing,Hankerchief,UPI
B-20055,5786,2781,5,Furniture,Tables,COD
B-20055,1773,190,2,Clothing,Stole,COD
B-20056,1177,29,4,Furniture,Chairs,COD
B-20057,300,9,4,Clothing,Hankerchief,UPI
B-20058,1855,413,2,Furniture,Tables,COD
B-20059,2662,306,3,Furniture,Tables,COD
B-20059,497,63,1,Clothing,Saree,COD
B-20060,834,185,1,Clothing,T-shirt,UPI
B-20061,1279,197,3,Clothing,Kurti,Debit Card
B-20062,4154,1108,5,Electronics,Printers,UPI
B-20062,244,13,2,Clothing,Kurti,UPI
B-20063,305,-50,3,Clothing,Kurti,UPI
B-20064,4253,2232,4,Electronics,Phones,EMI
B-20065,2116,942,3,Furniture,Furnishings,COD
B-20066,2971,1432,1,Electronics,Phones,Debit Card
B-20067,841,208,5,Furniture,Tables,COD
B-20068,4772,1104,2,Furniture,Tables,Credit Card
B-20069,1573,20,2,Clothing,Trousers,UPI
B-20069,2282,462,5,Furniture,Furnishings,COD
B-20070,3724,507,2,Electronics,Printers,Debit Card
B-20071,768,398,1,Clothing,T-shirt,COD
B-20071,5509,3386,1,Electronics,Printers,Debit Card
B-20072,2639,1615,4,Electronics,Electronic Games,Credit Card
B-20073,2232,833,1,Furniture,Furnishings,COD
B-20074,564,153,3,Furniture,Furnishings,COD
B-20075,1516,1054,2,Clothing,Shirt,UPI
B-20076,1644,810,4,Clothing,Leggings,UPI
B-20076,5785,1467,4,Furniture,Bookcases,COD
B-20077,3441,491,2,Electronics,Phones,COD
B-20078,1611,-262,4,Clothing,Kurti,UPI
B-20079,1208,216,4,Clothing,Hankerchief,COD
B-20079,1115,321,4,Furniture,Furnishings,COD
B-20080,5457,1677,3,Furniture,Bookcases,COD
B-20080,412,50,2,Clothing,Shirt,UPI
B-20081,420,98,2,Electronics,Accessories,Credit Card
B-20082,968,133,2,Furniture,Chairs,UPI
B-20083,1943,333,1,Furniture,Furnishings,UPI
B-20084,2055,496,5,Electronics,Printers,Credit Card
B-20085,1391,917,5,Clothing,Trousers,Debit Card
B-20085,1920,-76,1,Clothing,Shirt,Credit Card
B-20086,207,-33,2,Clothing,T-shirt,Debit Card
B-20087,3891,1032,5,Furniture,Bookcases,UPI
B-20088,538,235,3,Clothing,Skirt,COD
B-20088,1600,-583,2,Clothing,Hankerchief,COD
B-20088,1019,534,2,Clothing,T-shirt,Debit Card
B-20089,5111,488,5,Electronics,Electronic Games,COD
B-20089,2271,177,5,Electronics,Phones,Debit Card
B-20090,4699,1708,3,Furniture,Furnishings,COD
B-20091,1038,424,4,Furniture,Chairs,COD
B-20092,1158,143,4,Electronics,Printers,EMI
B-20093,2079,175,2,Electronics,Electronic Games,COD
B-20093,3968,2071,1,Electronics,Electronic Games,EMI
B-20094,1757,-214,5,Clothing,T-shirt,Credit Card
B-20094,654,152,2,Clothing,Shirt,COD
B-20095,784,-68,4,Clothing,Saree,COD
B-20096,579,171,2,Furniture,Chairs,COD
B-20097,945,210,2,Clothing,Saree,UPI
B-20098,1778,201,1,Furniture,Bookcases,COD
B-20099,65,33,5,Clothing,Hankerchief,Debit Card
B-20099,340,32,3,Electronics,Phones,EMI
B-20100,1675,-27,4,Clothing,Kurti,Credit Card
B-20101,3285,259,5,Electronics,Phones,Debit Card
B-20101,3174,594,2,Electronics,Printers,EMI
B-20102,3950,329,1,Furniture,Bookcases,COD
B-20103,1479,374,1,Furniture,Furnishings,Debit Card
B-20103,3268,223,2,Furniture,Chairs,UPI
B-20104,951,413,5,Furniture,Bookcases,UPI
B-20105,4213,992,2,Electronics,Electronic Games,EMI
B-20105,853,-81,2,Clothing,Leggings,Credit Card
B-20106,4436,680,2,Furniture,Tables,UPI
B-20107,1442,-700,5,Clothing,Trousers,COD
B-20108,742,-332,3,Clothing,T-shirt,Credit Card
B-20109,3271,174,1,Electronics,Accessories,COD
B-20110,1780,908,5,Clothing,Stole,UPI
B-20111,1765,690,2,Clothing,Leggings,COD
B-20111,1650,202,1,Furniture,Chairs,COD
B-20112,3625,1799,5,Electronics,Electronic Games,COD
B-20112,764,182,3,Furniture,Tables,COD
B-20112,802,383,4,Clothing,Hankerchief,Credit Card
B-20113,1071,622,2,Electronics,Accessories,UPI
B-20114,405,153,4,Clothing,Skirt,EMI
B-20114,1848,45,1,Furniture,Furnishings,COD
B-20115,1158,517,2,Furniture,Furnishings,EMI
B-20115,586,50,3,Clothing,Kurti,COD
B-20115,4142,492,5,Electronics,Printers,Debit Card
B-20116,2729,731,3,Electronics,Electronic Games,EMI
B-20116,105,-34,5,Clothing,Trousers,Debit Card
B-20116,628,40,3,Clothing,Stole,Credit Card
B-20117,1438,583,2,Electronics,Accessories,Credit Card
B-20117,4932,1787,2,Electronics,Electronic Games,COD
B-20117,2463,1172,3,Electronics,Electronic Games,Credit Card
B-20118,3901,886,4,Electronics,Electronic Games,COD
B-20119,1690,424,2,Electronics,Phones,UPI
B-20120,3987,1207,2,Electronics,Electronic Games,Credit Card
B-20121,4328,1177,1,Electronics,Electronic Games,COD
B-20121,5330,382,5,Electronics,Accessories,COD
B-20121,3950,642,2,Electronics,Electronic Games,COD
B-20122,57,23,5,Clothing,Saree,COD
B-20122,4055,1934,2,Furniture,Tables,UPI
B-20123,795,-132,4,Clothing,Skirt,UPI
B-20123,535,30,3,Clothing,Leggings,EMI
B-20124,3191,270,1,Electronics,Phones,UPI
B-20125,1630,1110,5,Clothing,Kurti,Credit Card
B-20125,427,246,5,Electronics,Accessories,Debit Card
B-20125,567,50,3,Furniture,Chairs,UPI
B-20126,4631,2110,2,Electronics,Printers,EMI
B-20126,2316,373,5,Electronics,Electronic Games,UPI
B-20127,5110,2043,5,Furniture,Chairs,COD
B-20128,5453,2128,1,Furniture,Bookcases,Debit Card
B-20129,4305,781,1,Electronics,Accessories,UPI
B-20130,1155,671,3,Clothing,Kurti,COD
B-20131,1625,-28,2,Clothing,T-shirt,UPI
B-20131,1508,-722,1,Clothing,Saree,UPI
B-20132,5430,1031,4,Furniture,Chairs,COD
B-20132,717,447,3,Clothing,Skirt,COD
B-20133,1825,-234,5,Clothing,Saree,Credit Card
B-20134,2312,277,3,Electronics,Phones,UPI
B-20135,5410,2483,5,Furniture,Tables,COD
B-20136,340,122,2,Clothing,Kurti,COD
B-20137,1861,848,5,Electronics,Electronic Games,COD
B-20138,3621,1842,1,Electronics,Accessories,Debit Card
B-20138,2824,465,4,Electronics,Printers,EMI
B-20139,3451,1851,5,Electronics,Accessories,COD
B-20139,72,44,1,Clothing,Leggings,Credit Card
B-20140,1824,1038,4,Electronics,Phones,UPI
B-20141,951,-190,1,Clothing,Kurti,COD
B-20142,2079,328,2,Furniture,Tables,EMI
B-20142,1652,41,5,Clothing,Saree,COD
B-20142,2650,865,2,Electronics,Electronic Games,COD
B-20143,2375,883,3,Furniture,Furnishings,COD
B-20144,3720,2129,4,Electronics,Phones,Debit Card
B-20144,1339,-512,4,Clothing,Saree,Credit Card
B-20145,2195,733,1,Electronics,Accessories,COD
B-20146,2331,660,1,Furniture,Tables,COD
B-20146,4382,1154,1,Furniture,Tables,Credit Card
B-20147,2467,1451,5,Electronics,Electronic Games,UPI
B-20147,2604,574,4,Electronics,Printers,UPI
B-20147,3840,343,2,Electronics,Printers,COD
B-20148,940,-224,4,Clothing,Shirt,UPI
B-20149,4729,288,4,Furniture,Chairs,Debit Card
B-20150,4760,1796,1,Furniture,Bookcases,EMI
B-20150,326,168,5,Electronics,Printers,UPI
B-20151,3791,596,4,Furniture,Chairs,COD
B-20152,5046,2062,2,Furniture,Furnishings,Debit Card
B-20153,1821,592,5,Furniture,Bookcases,COD
B-20153,2000,890,2,Electronics,Phones,EMI
B-20153,779,364,1,Furniture,Bookcases,COD
B-20154,2501,654,1,Furniture,Bookcases,Debit Card
B-20155,609,57,4,Furniture,Furnishings,EMI
B-20156,2555,702,1,Furniture,Furnishings,COD
B-20156,1207,-475,4,Clothing,Kurti,Credit Card
B-20156,3939,1637,2,Electronics,Printers,UPI
B-20157,1932,788,1,Clothing,Kurti,UPI
B-20158,1616,60,5,Clothing,Hankerchief,COD
B-20158,2547,776,2,Furniture,Tables,UPI
B-20159,2490,1180,2,Furniture,Bookcases,COD
B-20160,1112,629,1,Electronics,Accessories,EMI
B-20161,477,330,4,Clothing,Hankerchief,Credit Card
B-20161,3459,1192,1,Electronics,Phones,COD
B-20162,1821,1264,3,Clothing,Shirt,COD
B-20162,604,387,2,Electronics,Printers,UPI
B-20162,2819,993,4,Electronics,Accessories,COD
B-20163,1075,268,2,Furniture,Furnishings,UPI
B-20163,4061,2563,1,Electronics,Accessories,UPI
B-20164,5547,497,2,Electronics,Phones,Credit Card
B-20164,3995,769,4,Furniture,Chairs,COD
B-20164,518,141,4,Clothing,Shirt,Credit Card
B-20165,1522,762,3,Clothing,T-shirt,Credit Card
B-20165,3196,584,4,Electronics,Phones,Credit Card
B-20166,1156,-386,5,Clothing,Stole,COD
B-20166,3691,347,5,Electronics,Printers,Debit Card
B-20167,1857,938,4,Electronics,Printers,COD
B-20168,1794,467,4,Electronics,Electronic Games,Credit Card
B-20169,4535,697,3,Electronics,Accessories,UPI
B-20170,3760,1445,1,Furniture,Chairs,Debit Card
B-20171,5325,852,2,Furniture,Bookcases,UPI
B-20172,626,-152,3,Clothing,Trousers,COD
B-20173,1924,-939,4,Clothing,Shirt,EMI
B-20174,1132,474,5,Electronics,Accessories,Credit Card
B-20174,1740,644,5,Clothing,T-shirt,COD
B-20175,265,65,1,Clothing,Kurti,COD
B-20175,5317,848,3,Furniture,Tables,Debit Card
B-20176,922,-57,3,Clothing,Stole,Credit Card
B-20177,4848,449,1,Electronics,Printers,UPI
B-20178,1610,-146,1,Clothing,Trousers,Debit Card
B-20178,4222,743,3,Electronics,Phones,COD
B-20179,3835,2327,1,Electronics,Electronic Games,Credit Card
B-20180,1355,-119,1,Clothing,Saree,Credit Card
B-20180,2902,464,3,Furniture,Bookcases,EMI
B-20180,4680,283,2,Furniture,Chairs,COD
B-20181,1779,433,4,Clothing,Leggings,EMI
B-20181,2453,701,1,Electronics,Phones,EMI
B-20182,859,-407,2,Clothing,Hankerchief,COD
B-20183,5280,2495,4,Electronics,Phones,Credit Card
B-20184,4509,1486,3,Electronics,Electronic Games,Credit Card
B-20185,1880,566,2,Electronics,Electronic Games,Debit Card
B-20186,1431,760,4,Electronics,Electronic Games,COD
B-20187,5317,446,2,Electronics,Accessories,COD
B-20188,1234,340,3,Clothing,Trousers,COD
B-20188,1409,-428,2,Clothing,Saree,COD
B-20189,5269,2194,1,Electronics,Accessories,Debit Card
B-20189,3785,779,5,Furniture,Tables,Credit Card
B-20190,3733,967,5,Electronics,Printers,Debit Card
B-20190,5803,2012,1,Furniture,Chairs,Debit Card
B-20190,2234,646,4,Electronics,Electronic Games,Credit Card
B-20191,5251,1759,2,Furniture,Tables,UPI
B-20192,4227,764,1,Electronics,Accessories,Credit Card
B-20192,4199,1258,1,Furniture,Tables,UPI
B-20193,544,165,2,Clothing,Stole,Credit Card
B-20194,420,72,5,Clothing,Skirt,COD
B-20194,830,154,1,Clothing,T-shirt,COD
B-20195,4646,1440,5,Furniture,Furnishings,EMI
B-20196,4745,1060,5,Furniture,Furnishings,Debit Card
B-20196,254,37,2,Clothing,Skirt,EMI
B-20197,1253,-546,3,Clothing,Skirt,UPI
B-20198,736,236,3,Electronics,Accessories,EMI
B-20199,822,71,3,Electronics,Accessories,COD
B-20200,2571,1524,4,Electronics,Accessories,EMI
B-20200,5304,659,3,Electronics,Printers,EMI
B-20201,5078,2394,1,Furniture,Bookcases,COD
B-20202,1388,811,5,Clothing,Saree,UPI
B-20203,503,225,4,Furniture,Furnishings,EMI
B-20204,5420,1742,3,Furniture,Bookcases,EMI
B-20205,1420,604,4,Clothing,T-shirt,UPI
B-20205,4251,383,4,Electronics,Accessories,COD
B-20205,4821,1047,4,Furniture,Furnishings,Debit Card
B-20206,429,192,1,Clothing,Leggings,COD
B-20206,1528,701,2,Clothing,Hankerchief,EMI
B-20207,723,226,4,Furniture,Tables,EMI
B-20207,1165,97,1,Clothing,Skirt,UPI
B-20208,2402,1512,3,Electronics,Printers,COD
B-20209,352,-155,5,Clothing,Leggings,UPI
B-20210,1265,-253,3,Clothing,Shirt,Debit Card
B-20210,493,258,5,Electronics,Electronic Games,COD
B-20211,2932,192,3,Electronics,Accessories,EMI
B-20212,814,378,5,Furniture,Chairs,COD
B-20213,1389,741,1,Electronics,Phones,Debit Card
B-20214,5520,1786,5,Electronics,Phones,UPI
B-20214,950,7,4,Clothing,Hankerchief,Debit Card
B-20215,923,440,5,Clothing,T-shirt,UPI
B-20216,2992,932,5,Electronics,Printers,EMI
B-20217,2401,1267,4,Electronics,Phones,EMI
B-20218,5212,2208,3,Furniture,Bookcases,COD
B-20219,937,347,1,Electronics,Printers,UPI
B-20220,1372,-388,4,Clothing,Kurti,EMI
B-20220,5498,3570,3,Electronics,Phones,UPI
B-20220,883,350,2,Clothing,Skirt,UPI
B-20221,3669,1185,2,Electronics,Phones,Credit Card
B-20221,923,529,5,Electronics,Electronic Games,UPI
B-20222,2958,1024,3,Furniture,Chairs,Debit Card
B-20222,1775,453,4,Electronics,Phones,COD
B-20223,1654,657,1,Clothing,Leggings,Credit Card
B-20223,1715,703,5,Clothing,Saree,COD
B-20223,1738,-716,3,Clothing,Stole,UPI
B-20224,4420,2526,3,Electronics,Electronic Games,COD
B-20225,5987,868,3,Furniture,Bookcases,UPI
B-20225,3721,1776,1,Electronics,Phones,COD
B-20226,1190,127,3,Electronics,Accessories,UPI
B-20227,676,-144,1,Clothing,Hankerchief,COD
B-20228,2166,1363,5,Electronics,Phones,UPI
B-20229,1124,-539,3,Clothing,Hankerchief,COD
B-20230,2226,159,3,Furniture,Bookcases,Debit Card
B-20231,2490,67,3,Furniture,Furnishings,UPI
B-20232,1558,-271,2,Clothing,Kurti,Debit Card
B-20233,1464,95,3,Electronics,Accessories,UPI
B-20233,1451,-122,4,Clothing,Stole,UPI
B-20234,3343,938,3,Electronics,Accessories,UPI
B-20234,2379,726,5,Furniture,Bookcases,Credit Card
B-20235,950,601,5,Electronics,Phones,Credit Card
B-20236,4836,2279,1,Furniture,Bookcases,UPI
B-20236,1975,727,5,Furniture,Furnishings,COD
B-20237,4894,2013,4,Electronics,Electronic Games,UPI
B-20238,3811,1458,1,Furniture,Tables,UPI
B-20238,1783,6,3,Clothing,Stole,UPI
B-20239,1782,418,5,Furniture,Bookcases,UPI
B-20240,3188,145,5,Furniture,Furnishings,Credit Card
B-20241,3096,1800,2,Electronics,Accessories,COD
B-20242,1819,100,3,Clothing,Trousers,COD
B-20243,4866,684,4,Furniture,Tables,COD
B-20244,2502,144,4,Electronics,Phones,COD
B-20245,1489,78,1,Furniture,Chairs,UPI
B-20246,5500,1908,1,Furniture,Bookcases,UPI
B-20246,1904,-665,4,Clothing,Skirt,COD
B-20247,1360,5,4,Clothing,Leggings,COD
B-20247,3139,501,3,Electronics,Printers,Credit Card
B-20248,1117,-226,2,Clothing,Trousers,COD
B-20249,1305,703,2,Clothing,Saree,COD
B-20250,125,63,4,Clothing,Trousers,COD
B-20251,2693,326,1,Furniture,Furnishings,Credit Card
B-20251,1515,581,2,Electronics,Phones,COD
B-20252,3429,1893,3,Electronics,Phones,Debit Card
B-20253,3523,305,4,Electronics,Electronic Games,Debit Card
B-20254,1092,614,2,Clothing,Shirt,COD
B-20255,4061,595,5,Electronics,Electronic Games,COD
B-20256,1357,453,4,Furniture,Chairs,COD
B-20256,2523,829,4,Electronics,Accessories,UPI
B-20257,4185,1274,2,Furniture,Tables,UPI
B-20258,1300,268,3,Clothing,Stole,UPI
B-20259,1679,335,5,Clothing,Trousers,UPI
B-20259,4457,1221,5,Furniture,Bookcases,UPI
B-20259,2279,888,5,Furniture,Bookcases,COD
B-20260,2036,132,5,Electronics,Phones,UPI
B-20261,8,-3,4,Clothing,Trousers,Debit Card
B-20262,3144,538,5,Electronics,Accessories,Credit Card
B-20263,435,58,3,Clothing,Leggings,COD
B-20264,111,-29,3,Clothing,Kurti,Credit Card
B-20265,799,517,2,Clothing,Hankerchief,Debit Card
B-20266,1137,704,1,Clothing,Skirt,Credit Card
B-20267,223,-67,3,Clothing,Saree,Credit Card
B-20267,792,228,3,Electronics,Printers,UPI
B-20268,193,-73,4,Clothing,Hankerchief,COD
B-20268,506,147,1,Furniture,Chairs,Debit Card
B-20269,1847,27,2,Clothing,Leggings,Debit Card
B-20269,1547,942,4,Electronics,Phones,COD
B-20270,4002,2036,4,Electronics,Electronic Games,Credit Card
B-20270,2745,607,3,Furniture,Furnishings,COD
B-20271,3803,1443,3,Electronics,Phones,COD
B-20272,357,-42,4,Clothing,Stole,Debit Card
B-20273,1473,116,2,Clothing,T-shirt,UPI
B-20274,578,106,2,Electronics,Accessories,Debit Card
B-20275,208,-37,1,Clothing,Trousers,Debit Card
B-20275,4103,1649,1,Furniture,Chairs,EMI
B-20276,5767,2472,2,Electronics,Accessories,COD
B-20276,4294,2561,2,Electronics,Phones,EMI
B-20276,1249,241,5,Furniture,Chairs,Debit Card
B-20277,475,220,5,Clothing,Kurti,UPI
B-20278,3858,621,5,Electronics,Electronic Games,COD
B-20279,113,33,2,Clothing,Leggings,COD
B-20279,122,-9,1,Clothing,Shirt,UPI
B-20280,1674,302,4,Clothing,Skirt,COD
B-20281,3928,1647,2,Electronics,Accessories,COD
B-20282,196,67,4,Clothing,Skirt,EMI
B-20283,2477,74,4,Furniture,Tables,COD
B-20284,290,-8,2,Clothing,Kurti,UPI
B-20285,5081,2840,1,Electronics,Printers,Credit Card
B-20286,1143,-143,3,Clothing,Trousers,Credit Card
B-20287,1985,365,2,Electronics,Accessories,EMI
B-20288,1870,108,4,Clothing,Shirt,COD
B-20289,2000,1081,3,Clothing,T-shirt,COD
B-20290,1557,257,5,Furniture,Bookcases,Credit Card
B-20290,848,179,1,Clothing,Saree,Credit Card
B-20290,2327,635,2,Electronics,Electronic Games,UPI
B-20291,538,256,3,Electronics,Accessories,COD
B-20292,536,171,5,Clothing,T-shirt,Debit Card
B-20293,4740,773,2,Furniture,Furnishings,Credit Card
B-20294,680,236,2,Electronics,Accessories,COD
B-20295,2598,503,3,Furniture,Bookcases,UPI
B-20295,1103,-394,1,Clothing,Shirt,UPI
B-20296,224,18,3,Clothing,Skirt,EMI
B-20296,1108,124,5,Electronics,Phones,UPI
B-20297,2121,829,1,Electronics,Accessories,UPI
B-20298,3067,826,3,Furniture,Bookcases,Credit Card
B-20298,1384,-527,4,Clothing,Trousers,Credit Card
B-20299,1361,624,4,Furniture,Furnishings,UPI
B-20300,5138,553,4,Electronics,Electronic Games,COD
B-20300,614,281,1,Furniture,Tables,UPI
B-20300,1664,648,1,Electronics,Printers,Debit Card
B-20301,2968,1138,3,Electronics,Accessories,COD
B-20302,2362,574,4,Electronics,Accessories,UPI
B-20302,4798,128,2,Furniture,Bookcases,COD
B-20303,3691,281,1,Electronics,Printers,Credit Card
B-20303,5981,2613,5,Furniture,Chairs,UPI
B-20304,300,15,2,Electronics,Printers,Credit Card
B-20305,1511,113,2,Clothing,Shirt,UPI
B-20306,1864,758,2,Clothing,Trousers,COD
B-20306,3774,1481,2,Electronics,Electronic Games,Debit Card
B-20307,779,493,4,Clothing,T-shirt,COD
B-20308,5038,3250,1,Electronics,Electronic Games,Credit Card
B-20309,934,355,5,Clothing,Hankerchief,UPI
B-20309,1742,846,2,Clothing,Skirt,UPI
B-20310,2809,1124,4,Electronics,Printers,COD
B-20311,1002,274,3,Clothing,Shirt,UPI
B-20312,2181,1339,3,Electronics,Printers,EMI
B-20313,4522,1988,3,Electronics,Printers,Credit Card
B-20314,4060,240,5,Furniture,Chairs,COD
B-20315,752,-188,2,Clothing,T-shirt,Credit Card
B-20316,1620,891,5,Clothing,Trousers,COD
B-20317,5841,234,4,Furniture,Bookcases,Credit Card
B-20318,566,-60,3,Clothing,Saree,Debit Card
B-20318,4907,3049,1,Electronics,Electronic Games,Credit Card
B-20318,3062,1591,3,Electronics,Phones,Credit Card
B-20319,861,255,2,Furniture,Chairs,Credit Card
B-20320,713,272,1,Clothing,Leggings,Debit Card
B-20321,757,291,1,Electronics,Electronic Games,EMI
B-20322,2636,1498,3,Electronics,Accessories,Credit Card
B-20322,680,-59,3,Clothing,Hankerchief,Debit Card
B-20323,3776,2041,1,Electronics,Phones,COD
B-20324,265,115,4,Clothing,Saree,Debit Card
B-20325,4260,1946,1,Electronics,Phones,COD
B-20326,3520,2068,4,Electronics,Electronic Games,Debit Card
B-20326,3781,303,3,Electronics,Phones,UPI
B-20326,1805,761,5,Furniture,Furnishings,Credit Card
B-20327,4853,592,4,Furniture,Chairs,COD
B-20328,765,55,4,Electronics,Electronic Games,COD
B-20329,4436,260,3,Electronics,Electronic Games,Debit Card
B-20329,1585,264,3,Electronics,Printers,UPI
B-20330,514,-124,4,Clothing,T-shirt,Debit Card
B-20331,1742,132,3,Clothing,Shirt,Debit Card
B-20331,3342,289,5,Furniture,Tables,Credit Card
B-20332,700,257,4,Furniture,Tables,UPI
B-20333,1079,-322,4,Clothing,T-shirt,EMI
B-20334,868,38,2,Furniture,Bookcases,EMI
B-20334,3089,1727,2,Electronics,Phones,COD
B-20334,283,57,5,Clothing,Stole,COD
B-20335,2850,778,3,Electronics,Electronic Games,UPI
B-20336,86,1,3,Clothing,T-shirt,UPI
B-20337,5811,452,5,Furniture,Furnishings,UPI
B-20337,1345,323,3,Clothing,Stole,Credit Card
B-20338,5949,664,2,Furniture,Chairs,COD
B-20339,1476,-583,5,Clothing,T-shirt,COD
B-20339,3916,1833,4,Electronics,Accessories,COD
B-20340,4968,1586,1,Furniture,Tables,Debit Card
B-20340,4092,277,3,Furniture,Bookcases,COD
B-20341,521,363,2,Clothing,T-shirt,Debit Card
B-20342,4642,1024,4,Furniture,Bookcases,UPI
B-20343,1652,84,3,Clothing,T-shirt,Debit Card
B-20344,603,-164,5,Clothing,Shirt,Credit Card
B-20345,1718,304,1,Clothing,T-shirt,UPI
B-20346,1399,903,1,Electronics,Electronic Games,EMI
B-20347,1646,749,5,Furniture,Chairs,UPI
B-20347,5388,1456,4,Electronics,Phones,Credit Card
B-20348,5746,585,5,Furniture,Chairs,COD
B-20349,2217,160,5,Furniture,Furnishings,UPI
B-20350,1393,142,2,Furniture,Tables,UPI
B-20351,1953,304,3,Electronics,Printers,UPI
B-20351,2667,689,4,Electronics,Printers,COD
B-20351,1767,948,4,Electronics,Accessories,COD
B-20352,5190,650,4,Electronics,Phones,COD
B-20353,1116,366,1,Electronics,Printers,COD
B-20354,323,167,4,Electronics,Accessories,EMI
B-20354,429,-107,4,Clothing,Skirt,COD
B-20355,1991,1298,2,Clothing,Leggings,UPI
B-20355,3805,1241,5,Furniture,Chairs,UPI
B-20356,3209,296,3,Furniture,Bookcases,UPI
B-20356,1392,372,2,Clothing,Skirt,Debit Card
B-20357,5621,948,4,Electronics,Printers,Debit Card
B-20357,5899,1001,3,Furniture,Tables,COD
B-20358,1687,618,2,Clothing,Hankerchief,EMI
B-20359,2401,171,3,Electronics,Printers,Debit Card
B-20359,97,40,1,Clothing,Kurti,Debit Card
B-20360,549,-33,5,Clothing,Trousers,Debit Card
B-20360,5498,819,3,Electronics,Phones,COD
B-20360,3931,1139,2,Furniture,Tables,COD
B-20361,4670,924,5,Furniture,Bookcases,COD
B-20362,5517,1603,4,Furniture,Bookcases,COD
B-20362,90,-40,3,Clothing,Shirt,UPI
B-20363,1862,241,4,Clothing,Kurti,UPI
B-20364,307,121,3,Electronics,Accessories,COD
B-20364,514,57,3,Electronics,Phones,COD
B-20365,1605,-179,5,Clothing,Stole,UPI
B-20366,665,94,4,Clothing,Leggings,Debit Card
B-20366,1841,215,3,Furniture,Bookcases,COD
B-20367,2258,1047,5,Electronics,Accessories,COD
B-20368,1325,496,2,Furniture,Furnishings,EMI
B-20369,2967,1457,2,Furniture,Chairs,UPI
B-20370,1191,155,2,Electronics,Accessories,COD
B-20370,2708,56,2,Furniture,Chairs,UPI
B-20370,283,-92,5,Clothing,Skirt,COD
B-20371,1377,708,1,Electronics,Printers,COD
B-20372,4761,2121,2,Electronics,Printers,COD
B-20373,4946,531,2,Electronics,Accessories,EMI
B-20374,242,63,4,Clothing,Leggings,Debit Card
B-20374,4555,978,4,Electronics,Phones,UPI
B-20375,1547,1020,5,Clothing,Shirt,Debit Card
B-20376,773,-322,3,Clothing,Kurti,COD
B-20377,1227,-534,2,Clothing,Trousers,Debit Card
B-20378,1837,1094,3,Electronics,Accessories,Credit Card
B-20379,4313,2145,2,Electronics,Electronic Games,Credit Card
B-20379,3131,1282,5,Furniture,Tables,Credit Card
B-20380,1117,415,2,Clothing,Kurti,UPI
B-20380,824,179,2,Electronics,Printers,Credit Card
B-20381,1753,-407,5,Clothing,Shirt,UPI
B-20382,1946,713,2,Furniture,Tables,EMI
B-20383,724,282,3,Furniture,Furnishings,Debit Card
B-20383,1801,653,1,Clothing,Trousers,Debit Card
B-20383,2851,721,2,Electronics,Printers,COD
B-20384,3477,1097,1,Electronics,Phones,Credit Card
B-20384,1182,410,3,Clothing,Kurti,COD
B-20384,5526,1944,2,Furniture,Bookcases,UPI
B-20385,3101,1183,2,Electronics,Printers,COD
B-20386,5612,326,5,Furniture,Tables,COD
B-20387,3087,1194,3,Electronics,Phones,Credit Card
B-20388,711,334,4,Clothing,Hankerchief,COD
B-20389,32,-15,1,Clothing,Kurti,Credit Card
B-20390,5239,2818,5,Electronics,Accessories,UPI
B-20390,2835,691,3,Furniture,Furnishings,COD
B-20391,3304,2056,4,Electronics,Printers,Debit Card
B-20391,4980,656,2,Electronics,Accessories,Credit Card
B-20392,1532,-448,2,Clothing,Trousers,UPI
B-20392,5627,391,1,Furniture,Tables,UPI
B-20392,3208,1582,2,Electronics,Phones,UPI
B-20393,3951,1195,5,Electronics,Accessories,COD
B-20393,1948,-858,3,Clothing,Skirt,Credit Card
B-20393,2334,397,3,Electronics,Electronic Games,COD
B-20394,1468,-459,4,Clothing,Kurti,EMI
B-20395,839,218,3,Clothing,Hankerchief,Debit Card
B-20395,5753,3413,2,Electronics,Electronic Games,Credit Card
B-20396,393,178,1,Clothing,Skirt,UPI
B-20397,1096,-222,1,Clothing,Leggings,UPI
B-20398,2026,199,3,Furniture,Chairs,COD
B-20398,568,115,3,Clothing,Leggings,Credit Card
B-20399,2879,447,5,Furniture,Furnishings,Credit Card
B-20400,5698,2804,4,Electronics,Accessories,Credit Card
B-20400,1505,-686,2,Clothing,Saree,COD
B-20400,1076,457,3,Clothing,Skirt,EMI
B-20401,234,90,4,Clothing,Saree,EMI
B-20401,709,109,5,Furniture,Chairs,COD
B-20402,903,-267,2,Clothing,Trousers,UPI
B-20403,67,-10,5,Clothing,Hankerchief,COD
B-20403,596,-257,3,Clothing,Leggings,COD
B-20404,2195,122,3,Furniture,Tables,EMI
B-20405,4802,1151,4,Electronics,Accessories,Credit Card
B-20406,5804,438,1,Furniture,Tables,COD
B-20406,3020,881,5,Electronics,Electronic Games,EMI
B-20407,4184,339,2,Electronics,Accessories,COD
B-20408,1357,655,1,Furniture,Chairs,COD
B-20408,360,193,4,Clothing,Leggings,UPI
B-20409,543,-198,4,Clothing,Kurti,COD
B-20410,1297,-251,4,Clothing,Trousers,COD
B-20410,1295,724,1,Electronics,Printers,Credit Card
B-20411,356,111,3,Electronics,Printers,UPI
B-20412,1670,617,2,Clothing,Stole,EMI
B-20413,5494,1239,5,Furniture,Chairs,COD
B-20414,3638,266,1,Electronics,Printers,Debit Card
B-20414,1109,465,5,Furniture,Bookcases,Debit Card
B-20415,1586,-680,5,Clothing,Skirt,UPI
B-20415,5614,1329,1,Furniture,Bookcases,Debit Card
B-20415,4729,1276,3,Furniture,Bookcases,UPI
B-20416,5600,515,3,Furniture,Tables,COD
B-20417,308,-4,3,Clothing,Trousers,UPI
B-20418,5622,1718,4,Furniture,Furnishings,UPI
B-20419,807,145,2,Furniture,Chairs,Credit Card
B-20419,307,148,2,Clothing,T-shirt,COD
B-20420,5933,1216,4,Furniture,Bookcases,Credit Card
B-20421,2359,1477,5,Electronics,Printers,UPI
B-20422,2064,776,1,Furniture,Bookcases,Debit Card
B-20423,2339,1227,4,Electronics,Printers,COD
B-20424,172,6,2,Clothing,Trousers,Credit Card
B-20424,1395,-462,4,Clothing,Saree,COD
B-20425,1951,397,1,Clothing,Leggings,Debit Card
B-20425,1139,-199,2,Clothing,Trousers,UPI
B-20426,3503,2062,2,Electronics,Accessories,UPI
B-20426,2172,1265,2,Electronics,Accessories,COD
B-20427,94,-2,4,Clothing,Stole,UPI
B-20428,3201,198,1,Electronics,Phones,UPI
B-20429,1127,-268,4,Clothing,Trousers,UPI
B-20430,3179,2034,3,Electronics,Electronic Games,Debit Card
B-20431,5092,2008,3,Electronics,Electronic Games,UPI
B-20431,436,0,4,Clothing,Skirt,COD
B-20431,5184,2236,5,Electronics,Printers,UPI
B-20432,5663,1485,3,Furniture,Chairs,UPI
B-20433,5496,147,2,Furniture,Tables,UPI
B-20434,1474,572,4,Furniture,Chairs,Credit Card
B-20435,575,-157,4,Clothing,Trousers,EMI
B-20436,684,329,3,Clothing,Saree,UPI
B-20436,1833,-526,3,Clothing,Hankerchief,COD
B-20437,77,45,5,Clothing,Leggings,COD
B-20438,3921,2196,4,Electronics,Accessories,Credit Card
B-20439,914,533,2,Electronics,Phones,COD
B-20440,417,90,2,Clothing,Skirt,Credit Card
B-20440,964,231,1,Furniture,Bookcases,UPI
B-20441,317,37,2,Electronics,Electronic Games,UPI
B-20441,1033,-327,2,Clothing,Trousers,COD
B-20442,1227,395,1,Clothing,Trousers,Credit Card
B-20443,1655,754,1,Clothing,Shirt,Debit Card
B-20444,3746,543,3,Furniture,Furnishings,Debit Card
B-20445,5800,2747,4,Electronics,Phones,UPI
B-20446,1416,-421,4,Clothing,Hankerchief,UPI
B-20447,452,114,1,Electronics,Electronic Games,COD
B-20447,4786,1588,4,Furniture,Bookcases,EMI
B-20448,4645,1870,4,Electronics,Electronic Games,Credit Card
B-20449,1744,-470,5,Clothing,Kurti,Credit Card
B-20449,5268,3308,5,Electronics,Printers,COD
B-20450,3663,368,3,Electronics,Accessories,EMI
B-20451,1375,427,4,Clothing,Kurti,Debit Card
B-20452,1274,844,1,Clothing,Trousers,Credit Card
B-20453,5238,1223,4,Electronics,Accessories,UPI
B-20454,372,131,1,Clothing,Skirt,COD
B-20455,4900,2301,3,Furniture,Furnishings,COD
B-20456,3099,165,2,Furniture,Chairs,COD
B-20457,4784,2234,4,Furniture,Chairs,COD
B-20457,2899,1024,5,Electronics,Accessories,Credit Card
B-20458,1509,-85,4,Clothing,Hankerchief,EMI
B-20458,4861,2628,3,Electronics,Printers,UPI
B-20459,1482,-217,3,Clothing,Skirt,COD
B-20459,1886,690,2,Electronics,Accessories,UPI
B-20459,5437,2080,5,Furniture,Furnishings,COD
B-20460,93,-31,4,Clothing,Leggings,UPI
B-20461,928,238,2,Electronics,Printers,COD
B-20461,5362,404,3,Electronics,Electronic Games,UPI
B-20461,874,552,1,Clothing,Shirt,EMI
B-20462,1871,1223,3,Clothing,Kurti,UPI
B-20463,1238,854,3,Clothing,Hankerchief,EMI
B-20464,4564,1318,1,Furniture,Bookcases,EMI
B-20464,1685,748,1,Furniture,Tables,Credit Card
B-20465,675,366,5,Electronics,Printers,EMI
B-20465,911,100,4,Clothing,Trousers,Credit Card
B-20465,583,301,2,Electronics,Electronic Games,Debit Card
B-20466,1464,-627,2,Clothing,Leggings,EMI
B-20467,856,181,3,Electronics,Accessories,Credit Card
B-20468,4059,1512,2,Furniture,Chairs,UPI
B-20469,1045,582,2,Clothing,Skirt,Debit Card
B-20470,4770,1217,4,Electronics,Phones,Credit Card
B-20471,974,-249,4,Clothing,T-shirt,COD
B-20471,64,-25,3,Clothing,Leggings,UPI
B-20472,803,437,5,Electronics,Electronic Games,COD
B-20473,3203,1489,4,Furniture,Bookcases,UPI
B-20474,4212,1419,3,Electronics,Accessories,COD
B-20475,1294,284,1,Electronics,Accessories,Debit Card
B-20476,1600,-554,2,Clothing,Trousers,Credit Card
B-20477,1978,-177,5,Clothing,Leggings,COD
B-20478,1964,467,3,Furniture,Furnishings,EMI
B-20478,483,210,5,Clothing,Trousers,UPI
B-20479,1243,48,5,Clothing,Kurti,EMI
B-20480,375,121,5,Clothing,Hankerchief,COD
B-20481,4354,2479,3,Electronics,Phones,Credit Card
B-20482,857,528,4,Electronics,Electronic Games,EMI
B-20482,1713,60,3,Clothing,Hankerchief,Debit Card
B-20483,4555,1459,3,Electronics,Printers,UPI
B-20484,2140,138,5,Electronics,Phones,UPI
B-20485,1128,-133,3,Clothing,Kurti,Debit Card
B-20485,797,114,3,Electronics,Phones,UPI
B-20486,4523,1651,5,Electronics,Accessories,UPI
B-20487,1462,60,2,Clothing,Shirt,Debit Card
B-20488,1002,-301,4,Clothing,Hankerchief,UPI
B-20488,3948,1499,2,Electronics,Phones,Credit Card
B-20489,1304,721,4,Electronics,Accessories,COD
B-20489,778,481,1,Clothing,Kurti,COD
B-20489,2117,106,1,Furniture,Furnishings,UPI
B-20490,818,8,1,Clothing,Saree,Credit Card
B-20490,5357,2596,5,Electronics,Accessories,UPI
B-20490,986,548,4,Clothing,Leggings,COD
B-20491,3056,742,2,Furniture,Bookcases,COD
B-20491,4104,165,4,Furniture,Furnishings,COD
B-20492,4550,2044,3,Electronics,Phones,Credit Card
B-20492,4697,1279,2,Electronics,Accessories,COD
B-20493,512,266,2,Electronics,Electronic Games,COD
B-20494,518,-46,2,Clothing,Kurti,Debit Card
B-20495,1978,-833,3,Clothing,Saree,Credit Card
B-20496,4865,573,5,Electronics,Electronic Games,EMI
B-20497,927,451,4,Clothing,Trousers,Credit Card
B-20498,1697,924,2,Clothing,Kurti,COD
B-20498,644,-133,2,Clothing,Skirt,COD
B-20499,366,206,3,Electronics,Phones,COD
B-20499,1673,634,1,Clothing,Hankerchief,COD
B-20500,3995,984,5,Electronics,Accessories,COD
B-20501,1742,322,4,Clothing,Stole,Credit Card
B-20502,7,0,5,Clothing,T-shirt,UPI
B-20503,836,43,3,Furniture,Bookcases,UPI
B-20504,1880,980,4,Electronics,Accessories,UPI
B-20505,898,90,2,Clothing,Kurti,Credit Card
B-20506,2834,1668,5,Electronics,Phones,Debit Card
B-20506,1889,946,4,Electronics,Accessories,Debit Card
B-20507,3588,1485,1,Furniture,Chairs,COD
B-20507,304,72,2,Clothing,Skirt,UPI
B-20508,919,-169,2,Clothing,Skirt,UPI
B-20509,5232,2345,5,Electronics,Accessories,Debit Card
B-20509,4417,1493,1,Electronics,Printers,COD
B-20510,5150,2158,2,Electronics,Printers,Credit Card
B-20510,218,-12,1,Clothing,Trousers,UPI
B-20510,1277,-103,3,Clothing,Stole,Credit Card
B-20511,5645,2760,5,Furniture,Chairs,COD
B-20512,350,199,3,Electronics,Electronic Games,UPI
B-20513,38,-15,2,Clothing,Shirt,COD
B-20513,436,262,4,Clothing,Skirt,COD
B-20514,1138,559,1,Electronics,Printers,COD
B-20515,5374,2304,5,Electronics,Phones,COD
B-20515,5176,2542,1,Electronics,Accessories,Credit Card
B-20515,1237,664,2,Clothing,Trousers,EMI
B-20516,1958,664,2,Clothing,Stole,COD
B-20517,4940,1603,4,Furniture,Tables,COD
B-20517,1110,246,5,Furniture,Chairs,COD
B-20518,3710,225,4,Electronics,Printers,COD
B-20518,1297,666,2,Clothing,Stole,UPI
B-20519,981,21,5,Furniture,Bookcases,Credit Card
B-20519,406,-39,1,Clothing,Stole,EMI
B-20520,1529,-447,3,Clothing,Leggings,UPI
B-20521,2961,1472,4,Furniture,Chairs,COD
B-20521,3143,600,1,Furniture,Tables,UPI
B-20521,1835,668,1,Furniture,Bookcases,UPI
B-20522,1553,701,3,Clothing,T-shirt,COD
B-20522,760,-198,1,Clothing,Kurti,UPI
B-20523,1424,-34,4,Clothing,Saree,Credit Card
B-20524,321,-132,5,Clothing,Stole,Debit Card
B-20524,4647,2672,1,Electronics,Accessories,COD
B-20525,1212,-585,5,Clothing,Hankerchief,UPI
B-20525,3175,1242,5,Furniture,Bookcases,UPI
B-20525,5286,2532,5,Electronics,Printers,COD
B-20526,1988,995,2,Electronics,Accessories,COD
B-20527,1164,315,3,Clothing,Leggings,Credit Card
B-20527,4043,813,4,Electronics,Electronic Games,Debit Card
B-20527,2399,1523,5,Electronics,Printers,EMI
B-20528,658,-283,1,Clothing,Trousers,Credit Card
B-20528,914,316,1,Electronics,Accessories,COD
B-20529,2993,1105,1,Furniture,Tables,UPI
B-20529,1400,-376,3,Clothing,Hankerchief,Credit Card
B-20529,2965,442,3,Electronics,Phones,Debit Card
B-20530,3458,785,3,Furniture,Tables,COD
B-20530,916,-390,1,Clothing,Shirt,UPI
B-20531,5123,1042,4,Electronics,Printers,UPI
B-20531,2822,1013,2,Electronics,Electronic Games,COD
B-20532,3108,1886,2,Electronics,Accessories,Debit Card
B-20532,1579,125,4,Furniture,Chairs,Debit Card
B-20533,515,29,2,Furniture,Chairs,UPI
B-20534,863,39,4,Clothing,Saree,EMI
B-20535,1858,-381,2,Clothing,T-shirt,Credit Card
B-20536,799,84,1,Clothing,Kurti,COD
B-20536,1691,262,5,Electronics,Accessories,COD
B-20537,646,437,5,Clothing,Trousers,UPI
B-20538,3307,1225,3,Furniture,Chairs,COD
B-20538,335,43,1,Clothing,Skirt,Credit Card
B-20539,4329,681,1,Electronics,Accessories,UPI
B-20540,912,382,3,Furniture,Chairs,Credit Card
B-20541,1857,1008,5,Clothing,T-shirt,UPI
B-20541,768,-71,1,Clothing,Saree,Credit Card
B-20541,1871,596,3,Furniture,Tables,COD
B-20542,1924,244,3,Electronics,Accessories,COD
B-20543,5140,1422,2,Furniture,Bookcases,COD
B-20543,5571,3384,2,Electronics,Electronic Games,EMI
B-20544,1476,-272,1,Clothing,Kurti,EMI
B-20544,4524,2271,2,Electronics,Accessories,COD
B-20545,284,103,2,Clothing,Leggings,COD
B-20546,2099,124,1,Electronics,Electronic Games,COD
B-20547,2014,121,2,Furniture,Tables,Credit Card
B-20548,1979,1025,3,Clothing,Trousers,UPI
B-20549,1981,136,2,Clothing,T-shirt,Credit Card
B-20549,822,203,4,Clothing,T-shirt,UPI
B-20550,2005,378,5,Furniture,Furnishings,Credit Card
B-20550,134,-32,1,Clothing,Saree,Debit Card
B-20551,929,-277,4,Clothing,Leggings,UPI
B-20551,4445,292,1,Electronics,Accessories,Credit Card
B-20552,1026,-126,3,Clothing,Skirt,UPI
B-20552,841,114,4,Electronics,Electronic Games,UPI
B-20552,295,-101,3,Clothing,Skirt,Debit Card
B-20553,2022,1027,1,Electronics,Printers,UPI
B-20553,3628,2129,1,Electronics,Electronic Games,Credit Card
B-20554,633,198,4,Clothing,T-shirt,Credit Card
B-20555,856,449,1,Electronics,Phones,EMI
B-20556,5275,257,2,Furniture,Bookcases,Credit Card
B-20557,585,62,3,Furniture,Furnishings,COD
B-20558,3076,1624,5,Electronics,Phones,UPI
B-20559,4153,220,3,Furniture,Bookcases,Credit Card
B-20560,4552,2057,3,Electronics,Electronic Games,UPI
B-20561,4630,948,3,Electronics,Accessories,COD
B-20562,1588,175,3,Clothing,Skirt,COD
B-20563,3626,1029,1,Electronics,Printers,COD
B-20564,1456,112,5,Furniture,Furnishings,COD
B-20565,3908,1706,3,Electronics,Accessories,UPI
B-20566,4742,1781,3,Furniture,Furnishings,UPI
B-20567,5561,2393,1,Electronics,Printers,UPI
B-20568,654,0,3,Clothing,Saree,Debit Card
B-20568,3045,658,3,Electronics,Printers,EMI
B-20569,4270,1317,1,Furniture,Chairs,Credit Card
B-20570,5468,2372,3,Electronics,Phones,Debit Card
B-20571,1904,213,3,Electronics,Accessories,COD
B-20572,226,60,5,Clothing,Hankerchief,UPI
B-20573,2616,117,3,Furniture,Bookcases,EMI
B-20574,1747,883,4,Clothing,Stole,Credit Card
B-20574,886,-102,4,Clothing,Stole,EMI
B-20575,446,11,2,Clothing,Skirt,Credit Card
B-20576,1341,108,1,Electronics,Printers,COD
B-20577,4248,415,3,Furniture,Chairs,COD
B-20578,1487,-246,4,Clothing,Saree,Credit Card
B-20579,4097,416,1,Furniture,Bookcases,COD
B-20579,1260,618,3,Electronics,Printers,EMI
B-20580,125,-6,1,Clothing,Hankerchief,Credit Card
B-20580,4955,1402,1,Electronics,Accessories,UPI
B-20581,2532,1143,2,Electronics,Phones,COD
B-20581,891,99,1,Electronics,Phones,UPI
B-20582,1105,202,4,Clothing,Trousers,Credit Card
B-20582,3674,500,2,Electronics,Electronic Games,COD
B-20583,649,-227,4,Clothing,T-shirt,Credit Card
B-20584,60,-5,4,Clothing,Leggings,EMI
B-20584,2035,432,2,Electronics,Phones,COD
B-20585,2077,201,1,Electronics,Phones,Debit Card
B-20586,2379,1000,5,Electronics,Accessories,Debit Card
B-20587,4486,2097,2,Furniture,Furnishings,Credit Card
B-20587,4482,1754,4,Furniture,Chairs,UPI
B-20587,4617,1783,5,Furniture,Bookcases,COD
B-20588,1341,-107,5,Clothing,Trousers,COD
B-20589,1511,266,4,Electronics,Printers,EMI
B-20590,818,231,2,Clothing,Trousers,COD
B-20591,516,-4,3,Clothing,Shirt,UPI
B-20592,218,-5,3,Clothing,Leggings,EMI
B-20592,5096,1011,5,Electronics,Accessories,Credit Card
B-20592,2739,1238,1,Electronics,Electronic Games,UPI
B-20593,642,43,4,Clothing,Trousers,COD
B-20593,5723,2888,3,Electronics,Accessories,COD
B-20594,410,35,1,Clothing,Skirt,COD
B-20595,3204,80,3,Furniture,Chairs,Credit Card
B-20595,490,313,2,Clothing,Hankerchief,Debit Card
B-20596,1659,-38,3,Clothing,Stole,Credit Card
B-20597,1196,359,1,Furniture,Chairs,Debit Card
B-20597,2227,346,2,Electronics,Accessories,UPI
B-20598,930,500,5,Electronics,Electronic Games,EMI
B-20599,1399,62,5,Clothing,Hankerchief,COD
B-20600,271,150,5,Clothing,Hankerchief,COD
B-20601,5021,1168,4,Furniture,Chairs,Debit Card
B-20602,4469,436,3,Furniture,Tables,Debit Card
B-20603,1770,976,4,Clothing,Shirt,Credit Card
B-20603,2424,1208,3,Furniture,Bookcases,COD
B-20603,4165,1485,4,Electronics,Printers,Debit Card
B-20604,1748,-57,5,Clothing,Hankerchief,Credit Card
B-20605,4243,1711,4,Electronics,Electronic Games,EMI
B-20605,1827,980,4,Electronics,Electronic Games,Debit Card
B-20606,5698,3068,3,Electronics,Accessories,Credit Card
B-20607,2223,1304,4,Electronics,Electronic Games,UPI
B-20608,1651,110,4,Clothing,Kurti,UPI
B-20609,5668,504,4,Furniture,Bookcases,Debit Card
B-20610,536,-166,4,Clothing,Stole,UPI
B-20610,2319,1423,5,Electronics,Printers,Debit Card
B-20611,543,248,2,Electronics,Phones,UPI
B-20612,1256,129,4,Clothing,Stole,Debit Card
B-20613,5213,1931,1,Electronics,Electronic Games,COD
B-20613,810,297,4,Clothing,Kurti,COD
B-20614,1821,619,5,Electronics,Printers,COD
B-20615,4267,672,2,Electronics,Printers,COD
B-20616,2922,234,1,Electronics,Printers,EMI
B-20617,4942,3011,4,Electronics,Printers,COD
B-20617,3070,1654,1,Electronics,Accessories,Credit Card
B-20618,5156,2680,1,Electronics,Phones,COD
B-20619,3293,1374,3,Furniture,Chairs,UPI
B-20620,4423,227,1,Furniture,Tables,Credit Card
B-20620,5693,297,2,Electronics,Printers,COD
B-20621,4901,716,4,Furniture,Chairs,EMI
B-20622,2080,643,5,Electronics,Accessories,EMI
B-20623,4052,2347,4,Electronics,Accessories,UPI
B-20623,5390,1088,4,Furniture,Chairs,Credit Card
B-20623,1629,186,3,Furniture,Bookcases,Debit Card
B-20624,1353,577,2,Furniture,Tables,Credit Card
B-20625,1570,358,1,Electronics,Phones,Debit Card
B-20626,4133,1370,3,Electronics,Accessories,UPI
B-20627,1823,834,2,Electronics,Electronic Games,Debit Card
B-20628,396,264,1,Clothing,T-shirt,UPI
B-20629,1881,-415,4,Clothing,Trousers,COD
B-20629,756,255,5,Furniture,Chairs,Debit Card
B-20630,34,3,2,Clothing,Stole,COD
B-20631,1997,981,3,Electronics,Phones,COD
B-20632,1380,484,2,Clothing,Kurti,COD
B-20633,3418,643,2,Electronics,Electronic Games,UPI
B-20634,1789,-335,2,Clothing,Stole,COD
B-20635,3151,520,4,Furniture,Bookcases,UPI
B-20635,1705,60,5,Furniture,Bookcases,COD
B-20636,3293,1286,1,Furniture,Tables,COD
B-20636,3339,805,5,Furniture,Tables,Credit Card
B-20636,1553,274,5,Clothing,Saree,Debit Card
B-20637,5189,2143,1,Electronics,Phones,Debit Card
B-20638,208,-54,5,Clothing,Stole,Debit Card
B-20639,2682,1499,1,Electronics,Accessories,Credit Card
B-20640,2274,422,1,Electronics,Phones,Credit Card
B-20641,787,50,2,Clothing,Kurti,Credit Card
B-20641,3721,1537,3,Electronics,Electronic Games,Debit Card
B-20642,4630,2496,5,Electronics,Accessories,EMI
B-20642,5393,2759,2,Electronics,Accessories,Debit Card
B-20643,562,-220,4,Clothing,Trousers,COD
B-20644,1324,-62,4,Clothing,Saree,Credit Card
B-20645,2612,668,3,Furniture,Furnishings,COD
B-20645,1248,605,3,Clothing,Saree,EMI
B-20646,3172,1280,3,Furniture,Tables,EMI
B-20646,2716,1286,5,Electronics,Electronic Games,UPI
B-20647,5239,3006,2,Electronics,Printers,UPI
B-20647,3331,770,5,Furniture,Tables,UPI
B-20647,2613,214,1,Furniture,Chairs,UPI
B-20648,2286,604,3,Furniture,Chairs,COD
B-20649,2021,281,5,Electronics,Electronic Games,Debit Card
B-20649,3028,355,3,Furniture,Bookcases,Credit Card
B-20650,5468,1325,4,Furniture,Chairs,Credit Card
B-20650,5886,1743,2,Furniture,Furnishings,EMI
B-20651,1002,331,2,Clothing,Kurti,Credit Card
B-20651,1094,105,1,Electronics,Accessories,Debit Card
B-20652,1226,501,3,Clothing,Stole,Debit Card
B-20653,874,260,5,Clothing,Trousers,UPI
B-20653,5471,801,4,Furniture,Bookcases,COD
B-20654,1445,-461,3,Clothing,T-shirt,EMI
B-20654,918,180,5,Clothing,Saree,COD
B-20655,2457,357,1,Electronics,Electronic Games,EMI
B-20656,1191,-21,4,Clothing,Trousers,COD
B-20657,4551,662,3,Furniture,Tables,COD
B-20657,1528,464,4,Clothing,Hankerchief,UPI
B-20657,2147,422,4,Furniture,Chairs,Credit Card
B-20658,106,69,4,Clothing,Kurti,Credit Card
B-20658,161,48,1,Clothing,Stole,Credit Card
B-20658,1306,415,3,Furniture,Tables,COD
B-20659,578,370,4,Clothing,Kurti,COD
B-20660,4388,350,2,Electronics,Electronic Games,Credit Card
B-20660,2902,298,2,Electronics,Printers,UPI
B-20661,866,43,1,Furniture,Tables,EMI
B-20662,365,87,1,Clothing,T-shirt,UPI
B-20663,4245,1495,5,Electronics,Printers,COD
B-20663,710,54,3,Clothing,T-shirt,EMI
B-20663,584,-196,4,Clothing,Skirt,COD
B-20664,1118,637,4,Clothing,Shirt,EMI
B-20665,4899,832,1,Electronics,Phones,Credit Card
B-20666,3758,1979,4,Electronics,Electronic Games,UPI
B-20667,1651,326,2,Clothing,Skirt,EMI
B-20667,1794,1245,1,Clothing,Kurti,Debit Card
B-20668,421,-66,2,Clothing,Kurti,Debit Card
B-20668,1964,804,4,Clothing,Trousers,COD
B-20669,5424,3039,2,Electronics,Electronic Games,COD
B-20669,4053,1375,5,Furniture,Chairs,COD
B-20670,4279,2121,5,Furniture,Furnishings,COD
B-20671,1118,517,1,Clothing,Trousers,COD
B-20672,497,280,5,Clothing,Shirt,UPI
B-20672,1637,831,3,Clothing,Hankerchief,Credit Card
B-20673,3765,887,1,Electronics,Phones,Debit Card
B-20673,718,-107,4,Clothing,Kurti,UPI
B-20674,1631,381,1,Electronics,Accessories,UPI
B-20675,121,-27,4,Clothing,Hankerchief,UPI
B-20676,5274,404,1,Electronics,Electronic Games,UPI
B-20676,1575,118,5,Clothing,Stole,Debit Card
B-20677,1184,758,1,Clothing,Kurti,COD
B-20677,467,-110,5,Clothing,T-shirt,COD
B-20678,1945,803,5,Clothing,Kurti,UPI
B-20679,805,100,5,Clothing,Leggings,UPI
B-20679,4787,1230,3,Electronics,Phones,UPI
B-20680,5497,2581,3,Electronics,Electronic Games,UPI
B-20681,4324,1758,1,Electronics,Phones,Credit Card
B-20682,414,262,2,Electronics,Accessories,COD
B-20683,5540,1739,2,Furniture,Tables,EMI
B-20683,5003,473,2,Electronics,Printers,COD
B-20684,2180,945,2,Electronics,Electronic Games,Credit Card
B-20684,5194,1674,5,Electronics,Printers,EMI
B-20685,1237,177,2,Electronics,Phones,Credit Card
B-20685,1565,357,2,Clothing,T-shirt,COD
B-20686,1147,378,4,Electronics,Phones,Credit Card
B-20687,1859,-563,3,Clothing,Saree,Credit Card
B-20688,3285,1301,3,Electronics,Phones,Credit Card
B-20689,1922,-152,2,Clothing,Leggings,COD
B-20689,1734,377,5,Clothing,Stole,Debit Card
B-20690,1541,-218,3,Clothing,Saree,Debit Card
B-20691,4201,1618,2,Furniture,Bookcases,EMI
B-20691,4661,884,4,Furniture,Tables,Debit Card
B-20692,5939,1040,4,Furniture,Tables,Credit Card
B-20692,4893,1439,3,Electronics,Electronic Games,Debit Card
B-20692,5207,2540,5,Electronics,Accessories,Credit Card
B-20693,3364,1350,1,Electronics,Electronic Games,EMI
B-20694,849,88,1,Clothing,Stole,EMI
B-20695,5357,1415,5,Electronics,Accessories,COD
B-20696,1722,-847,4,Clothing,Leggings,COD
B-20696,1037,-56,3,Clothing,Hankerchief,COD
B-20697,5658,1849,1,Furniture,Chairs,UPI
B-20698,1810,922,2,Electronics,Electronic Games,Credit Card
B-20699,547,185,4,Clothing,Skirt,Debit Card
B-20700,3396,665,1,Electronics,Accessories,Debit Card
B-20700,2459,993,4,Electronics,Accessories,UPI
B-20701,2559,695,5,Electronics,Phones,Credit Card
B-20702,5677,2811,2,Furniture,Bookcases,EMI
B-20702,1172,270,5,Clothing,Skirt,UPI
B-20703,2125,1309,5,Electronics,Phones,UPI
B-20703,5643,2582,1,Electronics,Accessories,COD
B-20704,1126,-441,3,Clothing,Saree,UPI
B-20705,166,-25,5,Clothing,Saree,Credit Card
B-20706,1253,453,1,Clothing,Shirt,EMI
B-20707,1243,500,1,Clothing,Stole,UPI
B-20708,130,-60,3,Clothing,Skirt,UPI
B-20709,2882,552,3,Furniture,Tables,COD
B-20710,4469,2649,1,Electronics,Electronic Games,Debit Card
B-20711,660,-115,1,Clothing,Leggings,UPI
B-20712,585,277,3,Electronics,Phones,COD
B-20713,5000,865,3,Electronics,Electronic Games,UPI
B-20713,1716,902,5,Clothing,Trousers,Debit Card
B-20713,1760,559,1,Clothing,Trousers,Debit Card
B-20714,3290,1775,2,Electronics,Printers,UPI
B-20715,781,404,3,Clothing,Kurti,Debit Card
B-20716,4908,2381,4,Furniture,Tables,Credit Card
B-20716,5076,2140,2,Electronics,Accessories,Debit Card
B-20717,1684,-85,5,Clothing,Saree,UPI
B-20718,670,287,2,Furniture,Furnishings,Credit Card
B-20718,1690,806,3,Electronics,Electronic Games,UPI
B-20719,3293,2126,4,Electronics,Phones,Credit Card
B-20719,1983,936,5,Electronics,Accessories,COD
B-20720,1941,335,3,Electronics,Accessories,Credit Card
B-20721,501,189,4,Clothing,Saree,Debit Card
B-20722,1153,137,1,Clothing,Saree,COD
B-20723,1800,543,2,Clothing,Stole,COD
B-20724,967,413,4,Electronics,Phones,COD
B-20725,300,26,4,Clothing,Saree,UPI
B-20726,5348,2339,5,Electronics,Accessories,UPI
B-20727,1512,-664,5,Clothing,Hankerchief,Debit Card
B-20728,4552,1029,2,Electronics,Phones,Debit Card
B-20729,3902,1727,5,Furniture,Chairs,EMI
B-20730,1995,-659,3,Clothing,Skirt,Debit Card
B-20731,4487,1017,2,Electronics,Printers,COD
B-20732,4716,2501,2,Electronics,Electronic Games,Debit Card
B-20733,2559,449,1,Electronics,Accessories,COD
B-20733,1723,-155,4,Clothing,Trousers,Credit Card
B-20734,1023,-237,2,Clothing,Saree,Debit Card
B-20735,1629,127,3,Electronics,Printers,Debit Card
B-20736,1266,2,3,Clothing,T-shirt,Debit Card
B-20736,1257,257,4,Furniture,Chairs,COD
B-20737,1166,634,3,Electronics,Printers,COD
B-20738,586,212,3,Clothing,Leggings,UPI
B-20738,5010,634,2,Electronics,Printers,Debit Card
B-20739,218,-46,3,Clothing,Saree,Debit Card
B-20740,59,12,5,Clothing,Stole,COD
B-20741,3216,684,5,Electronics,Phones,COD
B-20741,3381,545,2,Furniture,Bookcases,UPI
B-20742,2811,1813,1,Electronics,Phones,Credit Card
B-20742,5161,740,1,Furniture,Bookcases,Debit Card
B-20743,2766,567,4,Electronics,Phones,UPI
B-20743,4733,249,3,Furniture,Tables,UPI
B-20744,2741,760,1,Electronics,Accessories,Debit Card
B-20745,491,332,4,Clothing,Skirt,Debit Card
B-20745,2246,1377,1,Electronics,Electronic Games,COD
B-20746,700,-131,2,Clothing,T-shirt,UPI
B-20747,4115,1539,3,Furniture,Bookcases,COD
B-20748,2899,1833,1,Electronics,Printers,UPI
B-20749,1554,-594,3,Clothing,Skirt,Credit Card
B-20749,1497,113,3,Electronics,Accessories,Debit Card
B-20750,703,432,1,Electronics,Accessories,Debit Card
B-20751,4035,709,3,Electronics,Accessories,COD
B-20752,5744,1383,3,Furniture,Bookcases,UPI
B-20752,3900,1845,2,Furniture,Bookcases,Debit Card
B-20752,3527,1558,1,Furniture,Tables,Credit Card
B-20753,4823,379,1,Furniture,Chairs,UPI
B-20754,4370,2363,5,Electronics,Electronic Games,COD
B-20754,3672,745,2,Electronics,Electronic Games,UPI
B-20755,699,-191,3,Clothing,Stole,COD
B-20756,1578,339,2,Clothing,Saree,UPI
B-20757,383,-57,3,Clothing,Kurti,UPI
B-20758,1777,-836,1,Clothing,Trousers,UPI
B-20758,464,-169,2,Clothing,T-shirt,COD
B-20759,1698,396,4,Electronics,Accessories,Credit Card
B-20760,247,141,1,Clothing,T-shirt,Debit Card
B-20760,5374,2884,5,Electronics,Accessories,Credit Card
B-20761,2784,1561,5,Electronics,Printers,Debit Card
B-20761,968,404,3,Clothing,Hankerchief,COD
B-20762,3909,1095,5,Electronics,Electronic Games,UPI
B-20762,4727,833,1,Electronics,Printers,Debit Card
B-20763,1374,308,3,Furniture,Tables,Debit Card
B-20764,731,199,3,Electronics,Electronic Games,Debit Card
B-20765,984,75,2,Furniture,Furnishings,COD
B-20765,4361,857,1,Furniture,Tables,Debit Card
B-20766,4902,918,3,Furniture,Furnishings,COD
B-20767,1127,-198,4,Clothing,Kurti,Debit Card
B-20767,1529,507,3,Clothing,Saree,UPI
B-20768,2158,1222,2,Electronics,Accessories,COD
B-20769,1872,550,4,Electronics,Printers,Debit Card
B-20770,5180,2321,1,Electronics,Printers,UPI
B-20771,111,-34,2,Clothing,Saree,COD
B-20772,2715,1043,2,Electronics,Accessories,UPI
B-20773,671,-108,4,Clothing,Hankerchief,EMI
B-20774,1016,-49,1,Clothing,Skirt,Credit Card
B-20774,3199,1886,1,Electronics,Phones,COD
B-20775,1798,754,2,Furniture,Tables,Credit Card
B-20776,4001,2281,2,Electronics,Accessories,COD
B-20776,802,-329,3,Clothing,T-shirt,UPI
B-20776,3413,1698,3,Furniture,Tables,Debit Card
B-20777,654,173,4,Electronics,Printers,COD
B-20777,595,133,5,Clothing,Stole,COD
B-20778,827,292,2,Furniture,Furnishings,COD
B-20779,2319,123,4,Furniture,Furnishings,COD
B-20779,2221,1294,5,Electronics,Phones,UPI
B-20780,2593,1392,3,Electronics,Phones,COD
B-20781,441,224,4,Clothing,Skirt,UPI
B-20782,1719,271,5,Clothing,Leggings,UPI
B-20782,3185,2043,2,Electronics,Phones,Credit Card
B-20783,768,321,4,Clothing,T-shirt,Credit Card
B-20784,276,-22,3,Clothing,Skirt,Debit Card
B-20784,1501,634,3,Clothing,Trousers,COD
B-20785,830,98,5,Clothing,Stole,Debit Card
B-20786,4211,1140,4,Furniture,Chairs,Debit Card
B-20786,3100,408,5,Furniture,Bookcases,COD
B-20787,4096,1109,5,Furniture,Furnishings,COD
B-20788,1395,818,2,Clothing,Kurti,UPI
B-20789,4102,1032,2,Electronics,Printers,Credit Card
B-20790,1495,681,3,Clothing,Hankerchief,Debit Card
B-20791,4883,2726,3,Electronics,Electronic Games,Credit Card
B-20791,840,243,2,Furniture,Bookcases,EMI
B-20792,594,-74,4,Clothing,Saree,COD
B-20793,326,114,3,Clothing,T-shirt,COD
B-20793,4339,1071,1,Electronics,Accessories,EMI
B-20793,318,111,5,Clothing,Kurti,Debit Card
B-20794,4036,389,2,Electronics,Electronic Games,Debit Card
B-20795,61,14,1,Clothing,T-shirt,Credit Card
B-20795,5341,253,4,Furniture,Furnishings,Credit Card
B-20796,3909,1582,2,Furniture,Chairs,Credit Card
B-20796,637,-2,1,Clothing,T-shirt,COD
B-20797,4355,697,1,Furniture,Furnishings,Credit Card
B-20798,1383,376,4,Electronics,Printers,EMI
B-20799,1268,27,3,Furniture,Furnishings,UPI
B-20799,17,1,1,Clothing,Trousers,COD
B-20800,1488,-535,4,Clothing,Hankerchief,Credit Card
B-20800,2910,312,1,Electronics,Electronic Games,COD
B-20800,1563,933,5,Clothing,Saree,Debit Card
B-20801,5317,391,4,Furniture,Tables,Debit Card
B-20801,1030,40,1,Furniture,Furnishings,COD
B-20802,2179,1201,5,Electronics,Accessories,COD
B-20803,2407,1236,5,Electronics,Accessories,Debit Card
B-20804,4154,373,1,Furniture,Furnishings,Debit Card
B-20805,1668,-179,3,Clothing,Hankerchief,UPI
B-20806,1586,751,2,Electronics,Electronic Games,Debit Card
B-20807,3167,1330,3,Furniture,Bookcases,UPI
B-20808,1269,640,3,Clothing,Stole,COD
B-20809,5631,2874,4,Electronics,Phones,COD
B-20809,469,-169,4,Clothing,Hankerchief,UPI
B-20810,2091,196,2,Furniture,Chairs,COD
B-20811,417,79,5,Electronics,Printers,Credit Card
B-20812,577,-75,2,Clothing,T-shirt,COD
B-20813,2099,661,1,Furniture,Furnishings,Debit Card
B-20813,475,-219,5,Clothing,Leggings,Debit Card
B-20814,361,65,1,Clothing,Leggings,UPI
B-20815,1940,544,5,Clothing,Leggings,Credit Card
B-20815,530,238,4,Clothing,Trousers,COD
B-20815,2605,1286,3,Furniture,Tables,UPI
B-20816,708,43,1,Clothing,Leggings,COD
B-20816,231,-19,3,Clothing,T-shirt,COD
B-20817,4769,2176,4,Furniture,Bookcases,UPI
B-20818,1654,102,4,Clothing,Hankerchief,Credit Card
B-20819,1297,-197,4,Clothing,Shirt,Debit Card
B-20820,881,287,3,Clothing,Skirt,UPI
B-20820,1831,687,1,Clothing,Kurti,COD
B-20821,3705,910,5,Electronics,Accessories,COD
B-20822,2061,271,2,Electronics,Printers,EMI
B-20822,451,-36,4,Clothing,Kurti,Credit Card
B-20823,3288,1684,3,Electronics,Accessories,EMI
B-20824,2111,1171,5,Electronics,Electronic Games,Credit Card
B-20824,5506,1817,4,Electronics,Printers,COD
B-20824,1380,66,1,Clothing,Stole,COD
B-20825,3217,1605,5,Electronics,Electronic Games,COD
B-20826,3197,626,3,Electronics,Electronic Games,COD
B-20827,3817,695,5,Furniture,Furnishings,UPI
B-20828,1807,479,1,Clothing,T-shirt,EMI
B-20829,251,137,3,Clothing,Hankerchief,COD
B-20830,131,-60,5,Clothing,Saree,Debit Card
B-20830,590,78,4,Electronics,Electronic Games,COD
B-20831,817,146,2,Clothing,Stole,Credit Card
B-20831,5035,121,5,Furniture,Bookcases,COD
B-20832,1662,57,2,Clothing,Leggings,UPI
B-20832,2319,226,1,Electronics,Phones,Credit Card
B-20833,1142,174,3,Furniture,Furnishings,Debit Card
B-20834,1597,485,1,Furniture,Tables,UPI
B-20834,1500,-63,1,Clothing,Skirt,COD
B-20834,4447,2549,1,Electronics,Printers,Credit Card
B-20835,1491,319,3,Clothing,Shirt,Debit Card
B-20836,5879,1456,2,Furniture,Tables,Credit Card
B-20836,3252,273,5,Furniture,Furnishings,Debit Card
B-20837,687,329,4,Clothing,Skirt,Debit Card
B-20838,2033,944,3,Furniture,Bookcases,EMI
B-20839,1540,189,1,Electronics,Phones,COD
B-20839,246,-90,4,Clothing,Leggings,Credit Card
B-20840,4935,2434,1,Electronics,Printers,UPI
B-20841,791,490,4,Clothing,Leggings,Credit Card
B-20842,2276,1378,1,Electronics,Phones,COD
B-20842,1344,-113,3,Clothing,Hankerchief,Debit Card
B-20843,1778,475,4,Clothing,Hankerchief,UPI
B-20844,220,-63,3,Clothing,Kurti,COD
B-20845,1656,-764,2,Clothing,T-shirt,Debit Card
B-20846,3175,391,2,Electronics,Accessories,UPI
B-20846,3869,341,3,Furniture,Bookcases,UPI
B-20847,3083,947,3,Electronics,Electronic Games,EMI
B-20847,1072,256,1,Furniture,Furnishings,COD
B-20848,717,412,5,Clothing,Kurti,UPI
B-20848,3165,1646,3,Electronics,Electronic Games,Credit Card
B-20848,681,13,4,Clothing,Hankerchief,COD
B-20849,1321,407,2,Electronics,Printers,COD
B-20850,5714,2114,4,Electronics,Accessories,Credit Card
B-20851,680,-256,2,Clothing,T-shirt,EMI
B-20852,3197,229,4,Electronics,Accessories,EMI
B-20853,1504,234,4,Clothing,Hankerchief,Credit Card
B-20854,3743,828,5,Electronics,Electronic Games,COD
B-20855,659,-27,5,Clothing,Saree,EMI
B-20856,1114,401,4,Electronics,Printers,UPI
B-20856,1469,-301,4,Clothing,Trousers,COD
B-20856,1302,494,2,Electronics,Phones,COD
B-20857,3768,244,1,Furniture,Tables,UPI
B-20857,1641,400,4,Clothing,Kurti,COD
B-20858,2719,456,2,Furniture,Tables,COD
B-20858,3260,1340,4,Furniture,Tables,UPI
B-20859,3741,2031,3,Electronics,Phones,Debit Card
B-20860,1943,980,3,Electronics,Printers,COD
B-20861,407,-184,4,Clothing,Leggings,UPI
B-20861,3808,1675,4,Furniture,Furnishings,Debit Card
B-20862,51,2,4,Clothing,Stole,Credit Card
B-20863,657,175,3,Furniture,Tables,UPI
B-20864,1054,252,3,Clothing,Leggings,EMI
B-20865,2386,830,1,Electronics,Accessories,UPI
B-20865,2528,147,3,Electronics,Printers,COD
B-20866,2907,1162,4,Electronics,Printers,COD
B-20867,363,214,4,Electronics,Printers,COD
B-20868,5353,660,5,Furniture,Chairs,UPI
B-20868,4939,528,5,Electronics,Electronic Games,Credit Card
B-20869,1956,454,4,Clothing,Saree,Debit Card
B-20870,1297,553,1,Furniture,Chairs,Credit Card
B-20871,1340,355,5,Furniture,Chairs,Credit Card
B-20872,262,-1,3,Clothing,Hankerchief,Credit Card
B-20873,1676,597,4,Electronics,Printers,Debit Card
B-20874,1945,169,1,Clothing,T-shirt,COD
B-20875,1848,-281,2,Clothing,T-shirt,COD
B-20875,3795,2011,3,Electronics,Accessories,EMI
B-20876,1012,65,5,Furniture,Tables,Debit Card
B-20877,1286,551,1,Clothing,Leggings,EMI
B-20878,1283,498,3,Furniture,Furnishings,Credit Card
B-20879,1899,422,2,Electronics,Electronic Games,UPI
B-20880,401,191,3,Electronics,Accessories,Debit Card
B-20881,907,-98,3,Clothing,Shirt,UPI
B-20882,1455,-285,2,Clothing,Skirt,COD
B-20883,449,106,5,Clothing,T-shirt,UPI
B-20883,3002,1781,5,Electronics,Printers,Credit Card
B-20884,3378,161,1,Furniture,Chairs,EMI
B-20885,768,-334,4,Clothing,Leggings,EMI
B-20886,2295,646,3,Furniture,Furnishings,COD
B-20887,1010,150,2,Electronics,Phones,UPI
B-20887,2659,1155,1,Furniture,Bookcases,COD
B-20888,5504,2039,5,Furniture,Bookcases,Debit Card
B-20889,1786,849,1,Furniture,Furnishings,Debit Card
B-20890,1830,417,2,Clothing,Kurti,Debit Card
B-20890,4220,602,1,Furniture,Furnishings,COD
B-20891,519,-133,4,Clothing,Shirt,Debit Card
B-20891,1068,-295,1,Clothing,Saree,Debit Card
B-20892,76,18,2,Clothing,Skirt,EMI
B-20893,4278,722,2,Electronics,Electronic Games,UPI
B-20893,167,49,4,Clothing,Kurti,EMI
B-20894,1290,547,5,Furniture,Tables,Debit Card
B-20895,1470,863,5,Clothing,T-shirt,Credit Card
B-20896,1752,176,4,Clothing,Stole,UPI
B-20897,1198,80,5,Furniture,Furnishings,COD
B-20897,857,-359,5,Clothing,Skirt,COD
B-20898,1642,-377,5,Clothing,Hankerchief,UPI
B-20899,1588,612,5,Furniture,Bookcases,Debit Card
B-20900,1992,582,5,Clothing,Shirt,Credit Card
B-20901,1834,1128,3,Electronics,Printers,COD
B-20902,1445,298,1,Electronics,Phones,COD
B-20903,769,394,2,Clothing,Leggings,COD
B-20904,4402,1011,2,Furniture,Tables,UPI
B-20905,748,208,5,Furniture,Chairs,COD
B-20905,114,-15,3,Clothing,T-shirt,COD
B-20906,1072,95,5,Furniture,Furnishings,Credit Card
B-20906,1430,680,2,Furniture,Bookcases,EMI
B-20906,1541,-644,3,Clothing,Leggings,UPI
B-20907,5748,3446,2,Electronics,Printers,UPI
B-20907,2307,1471,1,Electronics,Phones,COD
B-20907,69,8,3,Clothing,Trousers,Credit Card
B-20908,1736,378,4,Electronics,Electronic Games,COD
B-20909,4321,2090,2,Electronics,Printers,COD
B-20910,132,-19,4,Clothing,Skirt,COD
B-20911,336,172,4,Clothing,Leggings,UPI
B-20912,1494,-494,5,Clothing,Skirt,COD
B-20913,4361,2552,5,Electronics,Printers,UPI
B-20914,4233,2158,1,Electronics,Electronic Games,UPI
B-20915,1156,147,3,Furniture,Bookcases,UPI
B-20916,1205,-39,1,Clothing,Skirt,UPI
B-20916,1254,392,4,Furniture,Tables,COD
B-20917,3974,683,5,Furniture,Chairs,Debit Card
B-20918,2254,522,3,Furniture,Bookcases,UPI
B-20919,1307,204,5,Electronics,Accessories,Credit Card
B-20920,1012,-44,4,Clothing,Saree,COD
B-20920,1308,-636,2,Clothing,T-shirt,COD
B-20920,1817,678,3,Furniture,Furnishings,EMI
B-20921,1947,-515,1,Clothing,Skirt,COD
B-20922,3941,1947,3,Furniture,Chairs,Credit Card
B-20923,1514,327,5,Clothing,Skirt,Credit Card
B-20923,1234,347,4,Clothing,Skirt,UPI
B-20923,1435,-410,2,Clothing,Kurti,UPI
B-20924,4605,1132,2,Furniture,Furnishings,Credit Card
B-20925,1092,-63,3,Clothing,T-shirt,EMI
B-20926,443,-219,2,Clothing,Stole,COD
B-20926,424,-202,5,Clothing,Skirt,COD
B-20927,3336,204,1,Electronics,Accessories,COD
B-20928,3359,1641,1,Electronics,Printers,Credit Card
B-20929,2203,239,5,Electronics,Accessories,COD
B-20929,367,-119,3,Clothing,Leggings,Credit Card
B-20930,4414,377,1,Electronics,Printers,COD
B-20931,2535,298,4,Electronics,Accessories,UPI
B-20932,1258,93,2,Clothing,Leggings,UPI
B-20933,1551,704,2,Clothing,Kurti,COD
B-20933,4617,1466,4,Electronics,Printers,Credit Card
B-20934,1073,211,5,Clothing,Leggings,COD
B-20935,1145,623,4,Clothing,Kurti,Debit Card
B-20936,373,145,2,Clothing,Stole,EMI
B-20937,986,149,4,Clothing,Kurti,COD
B-20938,3387,2083,3,Electronics,Electronic Games,Debit Card
B-20938,5963,683,2,Furniture,Chairs,Debit Card
B-20939,121,18,4,Clothing,Stole,COD
B-20940,2016,557,1,Furniture,Furnishings,Credit Card
B-20940,4909,2109,4,Furniture,Furnishings,UPI
B-20941,1095,761,5,Clothing,Saree,COD
B-20942,4607,2192,5,Furniture,Furnishings,Debit Card
B-20942,3261,584,4,Electronics,Electronic Games,COD
B-20943,1449,409,1,Electronics,Phones,UPI
B-20943,4855,2261,4,Electronics,Phones,COD
B-20944,5461,400,5,Furniture,Tables,UPI
B-20945,5053,1165,4,Electronics,Printers,COD
B-20945,1994,292,4,Furniture,Furnishings,UPI
B-20946,3550,1584,5,Electronics,Printers,EMI
B-20947,2156,765,3,Electronics,Phones,Credit Card
B-20948,3852,2271,5,Electronics,Accessories,COD
B-20948,1324,604,3,Clothing,Skirt,UPI
B-20949,5349,359,5,Electronics,Phones,UPI
B-20949,1480,338,3,Clothing,Stole,COD
B-20949,484,333,3,Clothing,Stole,UPI
B-20950,1026,375,5,Clothing,T-shirt,UPI
B-20951,1458,683,3,Electronics,Printers,Debit Card
B-20952,1917,-401,1,Clothing,Stole,COD
B-20953,790,445,4,Electronics,Phones,UPI
B-20954,1568,895,4,Clothing,T-shirt,UPI
B-20954,2914,335,3,Electronics,Electronic Games,COD
B-20955,243,149,5,Clothing,Trousers,Debit Card
B-20956,1023,-91,1,Clothing,Trousers,COD
B-20957,1951,-160,5,Clothing,Saree,Debit Card
B-20958,1676,730,3,Furniture,Bookcases,EMI
B-20959,1786,225,3,Electronics,Printers,UPI
B-20959,2790,1082,2,Furniture,Tables,UPI
B-20959,1347,-535,4,Clothing,Stole,Credit Card
B-20960,2253,858,3,Electronics,Electronic Games,Credit Card
B-20961,31,-2,4,Clothing,T-shirt,Credit Card
B-20962,2009,596,1,Electronics,Accessories,UPI
B-20962,4550,2552,3,Electronics,Printers,COD
B-20963,932,459,1,Clothing,Saree,UPI
B-20963,4844,434,3,Furniture,Bookcases,EMI
B-20964,1197,266,5,Clothing,Shirt,Debit Card
B-20965,560,221,2,Furniture,Bookcases,Credit Card
B-20966,687,166,1,Electronics,Phones,Credit Card
B-20967,1526,673,1,Electronics,Electronic Games,COD
B-20968,3170,464,5,Furniture,Furnishings,COD
B-20968,1972,-949,2,Clothing,Skirt,Credit Card
B-20969,4260,227,2,Furniture,Tables,Debit Card
B-20969,1411,907,3,Clothing,Trousers,Credit Card
B-20969,602,151,4,Electronics,Accessories,COD
B-20970,1711,-92,1,Clothing,Trousers,Credit Card
B-20971,1185,315,1,Electronics,Accessories,COD
B-20971,1881,-185,4,Clothing,Kurti,EMI
B-20971,4045,1704,3,Furniture,Furnishings,COD
B-20972,5574,1524,4,Electronics,Phones,Credit Card
B-20973,1695,788,5,Clothing,Kurti,UPI
B-20974,4293,901,4,Electronics,Phones,COD
B-20975,3167,1385,1,Furniture,Bookcases,UPI
B-20976,649,197,1,Furniture,Furnishings,COD
B-20976,4572,247,3,Furniture,Tables,COD
B-20977,1125,106,5,Electronics,Electronic Games,COD
B-20977,1594,211,4,Furniture,Furnishings,COD
B-20978,2542,59,5,Furniture,Bookcases,COD
B-20978,336,-67,5,Clothing,Stole,Debit Card
B-20979,2076,1100,2,Electronics,Accessories,Credit Card
B-20979,3285,985,4,Electronics,Printers,Debit Card
B-20980,5893,2828,5,Furniture,Chairs,COD
B-20980,4856,1920,3,Electronics,Phones,Debit Card
B-20980,1119,-403,4,Clothing,Kurti,UPI
B-20981,2872,608,5,Electronics,Electronic Games,Debit Card
B-20981,933,138,5,Clothing,Stole,UPI
B-20982,5572,2589,1,Furniture,Tables,UPI
B-20982,1788,837,3,Clothing,Shirt,UPI
B-20982,1960,-286,4,Clothing,Saree,Credit Card
B-20983,521,-191,1,Clothing,Stole,COD
B-20983,1885,-120,2,Clothing,Leggings,Debit Card
B-20984,2879,1241,3,Furniture,Tables,UPI
B-20985,454,44,4,Clothing,Leggings,Credit Card
B-20986,1270,278,2,Clothing,Stole,UPI
B-20987,481,275,5,Clothing,Hankerchief,COD
B-20988,2506,892,3,Electronics,Accessories,UPI
B-20989,643,-24,2,Clothing,Saree,Credit Card
B-20990,4703,2888,3,Electronics,Phones,UPI
B-20991,1294,-336,2,Clothing,Saree,EMI
B-20992,339,50,5,Electronics,Accessories,COD
B-20993,3950,602,2,Electronics,Printers,COD
B-20994,992,413,1,Clothing,Saree,UPI
B-20994,1145,-352,2,Clothing,Leggings,EMI
B-20995,1944,1204,3,Clothing,Shirt,UPI
B-20996,1429,454,4,Clothing,Stole,EMI
B-20997,526,299,2,Electronics,Phones,UPI
B-20998,1531,129,4,Clothing,Saree,EMI
B-20999,3652,291,2,Furniture,Chairs,UPI
B-21000,4445,322,3,Electronics,Electronic Games,COD
B-21001,2870,201,2,Furniture,Bookcases,Credit Card
B-21002,349,31,4,Electronics,Phones,UPI
B-21003,2563,797,1,Furniture,Furnishings,EMI
B-21004,1415,923,2,Clothing,T-shirt,COD
B-21005,2761,632,1,Furniture,Chairs,EMI
B-21005,722,402,2,Clothing,Saree,COD
B-21006,18,6,1,Clothing,Skirt,COD
B-21007,627,198,4,Furniture,Chairs,COD
B-21008,1854,-159,3,Clothing,Skirt,Credit Card
B-21009,3177,875,2,Furniture,Tables,Credit Card
B-21010,4325,449,4,Furniture,Chairs,Credit Card
B-21010,4683,956,5,Electronics,Electronic Games,Credit Card
B-21011,1088,-361,4,Clothing,Skirt,UPI
B-21012,1689,360,1,Clothing,Trousers,Credit Card
B-21012,3455,743,3,Electronics,Phones,COD
B-21012,3393,1536,3,Electronics,Electronic Games,EMI
B-21013,1051,-420,5,Clothing,Trousers,Credit Card
B-21013,1752,605,4,Electronics,Electronic Games,COD
B-21014,379,-113,4,Clothing,T-shirt,COD
B-21014,985,143,2,Furniture,Tables,COD
B-21014,683,138,3,Clothing,Trousers,Credit Card
B-21015,1645,495,3,Electronics,Printers,COD
B-21016,1767,-439,5,Clothing,Stole,Credit Card
B-21017,1090,181,3,Electronics,Phones,UPI
B-21018,785,337,1,Electronics,Accessories,UPI
B-21019,324,19,1,Clothing,T-shirt,UPI
B-21019,1237,742,4,Electronics,Printers,COD
B-21020,1440,-374,3,Clothing,Saree,Credit Card
B-21020,1433,-96,3,Clothing,Hankerchief,Debit Card
B-21021,1341,501,5,Electronics,Accessories,UPI
B-21022,3449,1477,5,Furniture,Bookcases,Debit Card
B-21023,1895,355,3,Clothing,Stole,Debit Card
B-21024,822,357,3,Electronics,Phones,Debit Card
B-21025,4255,810,3,Furniture,Furnishings,EMI
B-21026,1382,780,3,Clothing,Shirt,Debit Card
B-21027,3641,1107,4,Electronics,Accessories,COD
B-21028,1345,573,2,Electronics,Printers,COD
B-21029,1013,-73,2,Clothing,Shirt,UPI
B-21029,369,-151,3,Clothing,Skirt,UPI
B-21030,1388,597,3,Clothing,Skirt,UPI
B-21031,5566,1246,5,Furniture,Bookcases,Debit Card
B-21032,3344,1907,2,Electronics,Printers,COD
B-21033,1912,777,2,Clothing,Kurti,Debit Card
B-21033,2103,728,3,Furniture,Furnishings,UPI
B-21034,1955,271,5,Clothing,Leggings,UPI
B-21035,1994,794,4,Clothing,Hankerchief,COD
B-21035,3901,1747,1,Furniture,Tables,Credit Card
B-21036,465,68,1,Electronics,Printers,UPI
B-21036,3276,373,1,Electronics,Phones,Debit Card
B-21037,2064,193,3,Furniture,Bookcases,Debit Card
B-21038,842,406,2,Clothing,Hankerchief,Credit Card
B-21039,2463,595,4,Electronics,Phones,COD
B-21039,663,-232,5,Clothing,Skirt,EMI
B-21039,4544,1291,1,Furniture,Furnishings,UPI
B-21040,1563,354,2,Clothing,Stole,COD
B-21040,2103,956,4,Furniture,Bookcases,COD
B-21040,3895,1219,1,Furniture,Tables,COD
B-21041,181,-82,3,Clothing,Kurti,Credit Card
B-21041,1941,225,5,Furniture,Bookcases,COD
B-21042,4880,2380,4,Electronics,Accessories,UPI
B-21043,2263,403,3,Furniture,Bookcases,COD
B-21044,4468,1850,1,Electronics,Accessories,Credit Card
B-21044,5093,1169,5,Furniture,Furnishings,Debit Card
B-21045,1371,177,1,Clothing,Kurti,Debit Card
B-21046,4903,3098,4,Electronics,Phones,COD
B-21046,5702,570,1,Electronics,Printers,COD
B-21046,3059,360,3,Electronics,Phones,Credit Card
B-21047,2026,506,2,Electronics,Accessories,COD
B-21048,3645,2287,5,Electronics,Accessories,Credit Card
B-21049,2241,119,4,Furniture,Tables,COD
B-21049,3204,1819,1,Electronics,Accessories,EMI
B-21050,1615,381,4,Clothing,Kurti,UPI
B-21050,1538,-398,1,Clothing,Skirt,EMI
B-21051,1978,906,2,Electronics,Electronic Games,Credit Card
B-21052,4789,1340,4,Electronics,Phones,UPI
B-21053,421,-81,2,Clothing,Skirt,COD
B-21053,3031,455,1,Electronics,Phones,COD
B-21053,891,-396,2,Clothing,Shirt,UPI
B-21054,224,36,3,Clothing,Shirt,COD
B-21054,3096,246,3,Furniture,Chairs,UPI
B-21055,5074,950,1,Furniture,Chairs,UPI
B-21056,1823,885,4,Furniture,Tables,Debit Card
B-21056,151,85,2,Clothing,Skirt,UPI
B-21057,2095,983,2,Electronics,Phones,COD
B-21058,30,15,2,Clothing,Leggings,COD
B-21059,5453,1177,3,Electronics,Phones,UPI
B-21060,1085,305,2,Clothing,Leggings,Credit Card
B-21060,1034,545,1,Clothing,Leggings,Credit Card
B-21060,1855,172,4,Furniture,Chairs,EMI
B-21061,84,19,4,Clothing,Shirt,COD
B-21061,5108,2418,5,Electronics,Accessories,Credit Card
B-21061,2906,1231,1,Electronics,Electronic Games,Credit Card
B-21062,749,98,3,Electronics,Accessories,Debit Card
B-21062,313,115,1,Electronics,Accessories,EMI
B-21063,3331,946,2,Furniture,Furnishings,UPI
B-21063,4333,576,1,Electronics,Electronic Games,EMI
B-21064,1826,460,4,Electronics,Printers,Credit Card
B-21065,850,139,2,Electronics,Phones,COD
B-21065,5172,1545,2,Electronics,Electronic Games,UPI
B-21066,327,-108,4,Clothing,Skirt,COD
B-21066,644,196,5,Furniture,Bookcases,COD
B-21066,4956,597,1,Electronics,Phones,EMI
B-21067,3839,1334,2,Electronics,Accessories,Credit Card
B-21068,677,-270,3,Clothing,Kurti,EMI
B-21069,439,-146,3,Clothing,Hankerchief,UPI
B-21070,2031,843,5,Furniture,Tables,Credit Card
B-21070,1462,-282,4,Clothing,Kurti,EMI
B-21071,5553,1014,2,Electronics,Printers,COD
B-21072,2710,146,4,Electronics,Accessories,COD
B-21072,2949,644,2,Electronics,Electronic Games,EMI
B-21073,4207,1881,1,Furniture,Chairs,COD
B-21073,5496,343,2,Electronics,Accessories,UPI
B-21073,1337,582,3,Furniture,Tables,COD
B-21074,1685,1035,3,Clothing,Kurti,COD
B-21074,387,229,4,Clothing,Saree,Debit Card
B-21074,2633,451,4,Electronics,Phones,Credit Card
B-21075,984,286,4,Clothing,Leggings,Credit Card
B-21075,795,170,4,Clothing,Hankerchief,UPI
B-21076,426,-100,4,Clothing,Kurti,UPI
B-21077,1947,-658,1,Clothing,Shirt,UPI
B-21078,1368,729,1,Clothing,Leggings,UPI
B-21079,5404,575,5,Electronics,Phones,EMI
B-21080,1509,736,1,Furniture,Furnishings,UPI
B-21081,1730,365,4,Furniture,Tables,Credit Card
B-21082,4939,1175,4,Electronics,Accessories,COD
B-21083,787,-327,3,Clothing,Leggings,UPI
B-21083,327,123,4,Clothing,Kurti,Credit Card
B-21084,854,190,1,Furniture,Tables,COD
B-21085,588,225,4,Clothing,Kurti,UPI
B-21085,164,-45,2,Clothing,Saree,Credit Card
B-21086,1855,-405,5,Clothing,Hankerchief,UPI
B-21087,1442,788,1,Clothing,Stole,UPI
B-21087,588,193,2,Electronics,Printers,COD
B-21087,765,293,2,Clothing,Kurti,COD
B-21088,142,-53,1,Clothing,Stole,Debit Card
B-21089,1566,610,2,Clothing,T-shirt,Credit Card
B-21089,903,145,4,Clothing,Hankerchief,EMI
B-21090,2514,522,5,Furniture,Bookcases,UPI
B-21091,3843,683,3,Furniture,Furnishings,COD
B-21092,4264,639,1,Furniture,Tables,Debit Card
B-21093,2834,1291,5,Electronics,Electronic Games,UPI
B-21094,1207,129,4,Clothing,Saree,COD
B-21094,815,142,1,Electronics,Electronic Games,Credit Card
B-21095,597,345,5,Clothing,Saree,UPI
B-21096,1214,-9,2,Clothing,T-shirt,COD
B-21097,2590,1017,3,Electronics,Accessories,COD
B-21098,3912,422,5,Electronics,Printers,COD
B-21099,294,102,3,Clothing,Trousers,Debit Card
B-21100,1634,720,1,Clothing,Saree,UPI
B-21100,1965,296,1,Furniture,Furnishings,Credit Card
B-21101,5663,2497,2,Electronics,Electronic Games,COD
B-21102,2922,992,3,Electronics,Electronic Games,COD
B-21103,1935,423,3,Furniture,Bookcases,UPI
B-21104,4675,823,3,Electronics,Phones,COD
B-21105,1271,377,3,Electronics,Electronic Games,UPI
B-21106,1371,569,2,Furniture,Furnishings,UPI
B-21107,1593,-684,2,Clothing,Saree,UPI
B-21107,1071,457,3,Clothing,Stole,UPI
B-21108,1489,620,1,Furniture,Chairs,COD
B-21108,2067,801,3,Furniture,Bookcases,COD
B-21109,1047,-318,5,Clothing,Leggings,COD
B-21110,236,122,2,Clothing,Shirt,EMI
B-21110,3569,1238,4,Electronics,Electronic Games,EMI
B-21111,4094,1503,5,Electronics,Printers,Credit Card
B-21112,1234,347,5,Furniture,Furnishings,COD
B-21112,633,62,4,Clothing,Kurti,UPI
B-21113,4185,793,1,Electronics,Phones,Debit Card
B-21114,1073,192,1,Electronics,Printers,UPI
B-21115,2764,1362,1,Electronics,Electronic Games,COD
B-21115,4945,1625,5,Electronics,Accessories,COD
B-21116,2960,882,1,Furniture,Bookcases,UPI
B-21116,863,113,5,Clothing,T-shirt,COD
B-21117,1151,484,1,Electronics,Phones,UPI
B-21118,3931,2026,4,Electronics,Electronic Games,COD
B-21119,798,257,4,Clothing,Saree,Credit Card
B-21120,5750,2802,5,Furniture,Bookcases,Credit Card
B-21121,4493,509,4,Electronics,Electronic Games,Credit Card
B-21122,2384,1401,1,Electronics,Phones,EMI
B-21122,4583,1754,2,Furniture,Tables,COD
B-21123,5825,2814,2,Furniture,Bookcases,COD
B-21124,5715,3606,5,Electronics,Electronic Games,UPI
B-21124,4208,2067,2,Electronics,Electronic Games,Debit Card
B-21124,812,254,4,Electronics,Electronic Games,Credit Card
B-21125,1678,42,1,Clothing,Kurti,UPI
B-21125,1183,-285,3,Clothing,Shirt,Credit Card
B-21126,1656,770,4,Clothing,Trousers,COD
B-21127,1223,509,2,Furniture,Furnishings,UPI
B-21127,3446,1944,3,Electronics,Phones,COD
B-21128,4248,278,4,Furniture,Furnishings,UPI
B-21129,291,-131,4,Clothing,Saree,COD
B-21129,3265,1046,5,Furniture,Chairs,COD
B-21129,4518,1459,2,Furniture,Furnishings,UPI
B-21130,1424,366,4,Electronics,Phones,COD
B-21130,1836,474,5,Electronics,Printers,UPI
B-21131,4524,1360,5,Electronics,Electronic Games,Credit Card
B-21132,1520,984,1,Clothing,Shirt,UPI
B-21132,1619,656,4,Electronics,Printers,Credit Card
B-21133,1419,465,1,Clothing,Saree,UPI
B-21134,578,168,3,Furniture,Bookcases,COD
B-21135,709,116,5,Clothing,Leggings,UPI
B-21136,1797,-167,3,Clothing,Trousers,UPI
B-21137,805,275,5,Furniture,Furnishings,COD
B-21138,5230,2030,3,Electronics,Accessories,EMI
B-21139,1061,443,5,Clothing,Saree,Credit Card
B-21140,783,-266,5,Clothing,Kurti,Debit Card
B-21141,3685,1760,4,Furniture,Bookcases,Debit Card
B-21142,383,83,5,Clothing,Stole,UPI
B-21143,1279,-487,3,Clothing,Leggings,UPI
B-21143,1898,280,1,Clothing,T-shirt,UPI
B-21143,2412,595,2,Electronics,Printers,UPI
B-21144,812,325,4,Furniture,Tables,EMI
B-21144,3822,564,3,Electronics,Phones,UPI
B-21145,4120,1104,5,Furniture,Furnishings,UPI
B-21146,5026,857,4,Electronics,Electronic Games,COD
B-21146,615,338,1,Clothing,Saree,COD
B-21147,1762,-226,5,Clothing,Shirt,Debit Card
B-21148,3044,85,4,Furniture,Chairs,COD
B-21148,2105,845,4,Furniture,Furnishings,Debit Card
B-21149,4444,2042,2,Furniture,Bookcases,COD
B-21150,2909,1500,3,Electronics,Phones,EMI
B-21150,1963,826,1,Furniture,Bookcases,Debit Card
B-21151,4904,1476,4,Electronics,Accessories,Credit Card
B-21152,4938,3008,5,Electronics,Accessories,UPI
B-21152,1734,794,3,Clothing,Shirt,EMI
B-21153,1467,94,1,Furniture,Tables,COD
B-21154,3109,782,4,Furniture,Bookcases,COD
B-21154,1467,536,3,Electronics,Electronic Games,Credit Card
B-21155,3560,111,1,Furniture,Tables,UPI
B-21155,3121,954,4,Electronics,Electronic Games,UPI
B-21155,3976,2336,4,Electronics,Phones,EMI
B-21156,48,-14,4,Clothing,Hankerchief,EMI
B-21157,438,77,1,Clothing,Shirt,EMI
B-21158,5559,1872,4,Electronics,Printers,UPI
B-21159,382,-188,2,Clothing,T-shirt,COD
B-21160,1653,213,4,Furniture,Bookcases,Debit Card
B-21160,3944,1009,5,Furniture,Tables,Debit Card
B-21161,2175,910,3,Furniture,Tables,COD
B-21161,583,-182,5,Clothing,Shirt,UPI
B-21161,1821,153,3,Clothing,Trousers,Credit Card
B-21162,4638,1174,4,Electronics,Phones,Credit Card
B-21162,3503,217,5,Furniture,Tables,COD
B-21163,3661,1018,2,Furniture,Tables,UPI
B-21164,1247,263,2,Furniture,Tables,COD
B-21164,3172,227,5,Furniture,Bookcases,Credit Card
B-21165,2542,561,4,Electronics,Electronic Games,UPI
B-21166,2112,634,1,Furniture,Furnishings,Debit Card
B-21167,1766,615,5,Electronics,Accessories,Debit Card
B-21167,1370,201,5,Clothing,Leggings,UPI
B-21167,1931,920,3,Furniture,Tables,UPI
B-21168,967,137,3,Clothing,Stole,Credit Card
B-21169,2445,1254,3,Electronics,Printers,COD
B-21170,712,-157,2,Clothing,Saree,COD
B-21170,1462,183,5,Clothing,Kurti,Credit Card
B-21171,1537,763,4,Clothing,Shirt,UPI
B-21171,5734,812,4,Furniture,Chairs,UPI
B-21172,3166,1234,5,Electronics,Electronic Games,Credit Card
B-21172,3327,1547,2,Electronics,Phones,COD
B-21173,794,514,3,Clothing,Skirt,EMI
B-21174,1475,123,4,Clothing,Stole,Debit Card
B-21174,1887,-225,4,Clothing,Kurti,Credit Card
B-21175,329,150,4,Clothing,Hankerchief,UPI
B-21176,106,-45,1,Clothing,Shirt,UPI
B-21177,3927,2490,3,Electronics,Phones,UPI
B-21177,4280,847,2,Electronics,Accessories,COD
B-21178,389,-135,1,Clothing,Saree,Credit Card
B-21179,5052,2713,3,Electronics,Accessories,UPI
B-21179,4595,978,5,Electronics,Electronic Games,Credit Card
B-21180,2885,1027,3,Electronics,Accessories,Credit Card
B-21180,4319,196,2,Furniture,Bookcases,COD
B-21181,570,-47,5,Clothing,Shirt,Debit Card
B-21182,821,505,1,Clothing,Leggings,Credit Card
B-21182,947,390,2,Furniture,Bookcases,Debit Card
B-21183,4612,2075,5,Furniture,Tables,Credit Card
B-21184,1558,-217,2,Clothing,Skirt,COD
B-21185,1411,867,5,Clothing,Hankerchief,Debit Card
B-21185,5145,2145,5,Furniture,Bookcases,Credit Card
B-21186,1788,1116,1,Electronics,Electronic Games,EMI
B-21186,5587,2574,3,Electronics,Printers,COD
B-21187,2681,1485,4,Electronics,Phones,UPI
B-21188,310,158,4,Electronics,Electronic Games,Credit Card
B-21189,425,-122,4,Clothing,Trousers,COD
B-21190,1047,414,2,Clothing,T-shirt,COD
B-21191,3758,801,2,Electronics,Phones,COD
B-21192,291,-69,2,Clothing,Kurti,Credit Card
B-21193,2488,583,4,Furniture,Tables,Debit Card
B-21193,3412,965,5,Furniture,Chairs,COD
B-21194,1564,-141,5,Clothing,Skirt,Credit Card
B-21194,1987,210,2,Electronics,Phones,UPI
B-21195,4407,1547,5,Electronics,Phones,COD
B-21195,46,3,1,Clothing,Kurti,COD
B-21196,961,-456,4,Clothing,Stole,Credit Card
B-21197,2958,419,3,Furniture,Bookcases,EMI
B-21198,1068,74,1,Furniture,Furnishings,EMI
B-21198,1643,216,4,Clothing,Leggings,COD
B-21199,3471,1848,3,Electronics,Printers,UPI
B-21199,1175,745,4,Clothing,Kurti,Credit Card
B-21200,402,213,1,Electronics,Electronic Games,COD
B-21201,1462,104,4,Clothing,Shirt,COD
B-21202,74,37,4,Clothing,Stole,UPI
B-21203,1404,530,2,Furniture,Bookcases,COD
B-21203,1907,1001,5,Clothing,Hankerchief,COD
B-21204,1169,768,1,Clothing,Skirt,EMI
B-21205,5466,657,4,Electronics,Electronic Games,UPI
B-21205,1530,450,2,Clothing,Kurti,EMI
B-21206,1910,105,1,Furniture,Chairs,Debit Card
B-21207,14,4,1,Clothing,T-shirt,COD
B-21207,265,181,3,Clothing,Hankerchief,COD
B-21208,5017,2413,4,Electronics,Printers,Debit Card
B-21208,2687,818,1,Electronics,Electronic Games,UPI
B-21209,589,37,5,Clothing,Saree,COD
B-21210,1578,-558,4,Clothing,Saree,COD
B-21210,3730,912,4,Electronics,Accessories,Credit Card
B-21211,4019,1582,2,Furniture,Furnishings,Credit Card
B-21211,873,-415,3,Clothing,Saree,COD
B-21212,35,0,2,Clothing,Stole,COD
B-21212,3362,316,3,Furniture,Chairs,Debit Card
B-21213,1597,670,3,Clothing,Skirt,Credit Card
B-21213,3403,1123,3,Electronics,Accessories,Credit Card
B-21214,4437,1033,1,Electronics,Printers,COD
B-21214,1717,578,2,Clothing,Trousers,UPI
B-21215,4482,953,1,Electronics,Accessories,COD
B-21215,2060,989,2,Furniture,Bookcases,EMI
B-21215,1416,-329,4,Clothing,Shirt,Credit Card
B-21216,2012,970,3,Electronics,Printers,EMI
B-21216,1271,422,4,Electronics,Phones,EMI
B-21217,1143,46,1,Furniture,Furnishings,COD
B-21218,4839,2180,2,Furniture,Chairs,UPI
B-21218,5404,968,2,Electronics,Printers,Debit Card
B-21219,959,78,5,Furniture,Tables,UPI
B-21220,180,117,3,Clothing,Kurti,UPI
B-21221,4423,1497,4,Electronics,Electronic Games,UPI
B-21221,2236,162,2,Furniture,Chairs,UPI
B-21222,115,34,5,Clothing,T-shirt,COD
B-21223,635,44,2,Furniture,Tables,UPI
B-21224,1394,395,3,Furniture,Tables,COD
B-21225,665,29,1,Clothing,Skirt,Credit Card
B-21226,515,-116,4,Clothing,T-shirt,UPI
B-21226,3260,539,1,Electronics,Accessories,EMI
B-21227,173,-48,5,Clothing,T-shirt,COD
B-21227,323,178,2,Clothing,Shirt,UPI
B-21228,3857,1801,3,Electronics,Electronic Games,COD
B-21229,1254,832,4,Clothing,Trousers,Credit Card
B-21230,4810,1906,1,Electronics,Printers,UPI
B-21230,1033,17,2,Clothing,Stole,EMI
B-21231,2935,539,2,Electronics,Accessories,UPI
B-21231,5037,2865,2,Electronics,Phones,Credit Card
B-21232,1060,342,1,Clothing,Saree,UPI
B-21233,2285,320,3,Furniture,Furnishings,UPI
B-21234,1371,439,2,Clothing,Skirt,COD
B-21234,696,298,5,Clothing,Hankerchief,UPI
B-21235,4680,399,5,Electronics,Phones,UPI
B-21236,524,206,5,Clothing,Kurti,COD
B-21237,2204,494,5,Electronics,Phones,Debit Card
B-21237,5280,2905,2,Electronics,Electronic Games,Credit Card
B-21238,1040,457,3,Clothing,T-shirt,COD
B-21238,1627,766,5,Furniture,Bookcases,COD
B-21238,5924,1465,4,Furniture,Furnishings,Credit Card
B-21239,656,101,4,Electronics,Phones,Debit Card
B-21240,4227,1620,3,Furniture,Tables,COD
B-21241,5533,2031,1,Electronics,Phones,UPI
B-21241,1039,193,1,Electronics,Electronic Games,UPI
B-21242,2563,1396,5,Electronics,Electronic Games,COD
B-21242,195,72,2,Clothing,Saree,UPI
B-21243,3410,1149,5,Furniture,Chairs,Debit Card
B-21243,958,403,2,Clothing,Hankerchief,COD
B-21244,2867,500,1,Furniture,Furnishings,Credit Card
B-21245,877,151,1,Clothing,Skirt,EMI
B-21245,1528,755,2,Clothing,Shirt,Debit Card
B-21245,637,54,1,Clothing,T-shirt,Debit Card
B-21246,4721,1139,1,Furniture,Tables,UPI
B-21246,1776,200,2,Clothing,Trousers,COD
B-21247,3147,954,5,Electronics,Accessories,Credit Card
B-21248,1116,629,2,Clothing,Leggings,EMI
B-21248,3654,1352,5,Furniture,Chairs,UPI
B-21249,1784,77,1,Clothing,T-shirt,UPI
B-21249,3586,682,3,Furniture,Furnishings,Debit Card
B-21250,4123,1395,3,Furniture,Furnishings,UPI
B-21250,892,70,5,Clothing,T-shirt,COD
B-21251,4596,596,2,Electronics,Accessories,UPI
B-21251,4936,954,4,Electronics,Printers,UPI
B-21251,892,87,5,Clothing,Hankerchief,Credit Card
B-21252,5581,3021,3,Electronics,Printers,COD
B-21253,322,-129,4,Clothing,Stole,Debit Card
B-21254,2084,107,3,Electronics,Printers,Credit Card
B-21254,5649,1490,1,Furniture,Bookcases,Debit Card
B-21254,1209,348,3,Clothing,Hankerchief,EMI
B-21255,1270,518,1,Clothing,Leggings,Credit Card
B-21255,761,175,5,Furniture,Furnishings,UPI
B-21256,858,-297,1,Clothing,Trousers,EMI
B-21256,2705,1149,5,Electronics,Phones,UPI
B-21257,1310,203,3,Clothing,Trousers,Credit Card
B-21258,1597,360,5,Electronics,Accessories,UPI
B-21259,2155,480,1,Furniture,Tables,Debit Card
B-21259,1457,624,4,Electronics,Accessories,Debit Card
B-21260,1643,633,4,Electronics,Accessories,COD
B-21261,3348,1924,4,Electronics,Electronic Games,Credit Card
B-21261,4484,1475,4,Electronics,Electronic Games,COD
B-21262,669,224,1,Electronics,Printers,Debit Card
B-21263,1727,177,2,Furniture,Chairs,COD
B-21263,765,130,2,Furniture,Furnishings,Debit Card
B-21264,974,-208,1,Clothing,Saree,Debit Card
B-21265,575,-6,3,Clothing,Saree,EMI
B-21266,1966,-399,2,Clothing,Hankerchief,Debit Card
B-21267,2971,1123,1,Furniture,Furnishings,EMI
B-21268,3428,582,5,Electronics,Printers,Credit Card
B-21269,946,221,3,Furniture,Chairs,COD
B-21270,1739,489,1,Clothing,Stole,Debit Card
B-21271,2627,633,4,Furniture,Furnishings,UPI
B-21272,998,108,1,Clothing,T-shirt,UPI
B-21272,2830,1494,2,Electronics,Electronic Games,COD
B-21273,2750,1072,1,Furniture,Furnishings,UPI
B-21273,500,196,3,Electronics,Phones,COD
B-21274,571,-258,4,Clothing,Shirt,Debit Card
B-21275,1308,494,3,Clothing,Skirt,COD
B-21276,1002,79,3,Electronics,Accessories,UPI
B-21276,4016,1556,3,Furniture,Bookcases,Debit Card
B-21276,4167,1986,5,Electronics,Phones,Credit Card
B-21277,3268,258,5,Electronics,Electronic Games,COD
B-21278,5697,1118,4,Electronics,Printers,COD
B-21279,3259,1120,1,Electronics,Accessories,COD
B-21280,1454,-215,5,Clothing,Hankerchief,UPI
B-21280,321,186,4,Electronics,Printers,COD
B-21281,5871,1871,3,Furniture,Bookcases,EMI
B-21282,4187,887,5,Furniture,Furnishings,Credit Card
B-21283,971,-321,2,Clothing,Saree,COD
B-21284,513,193,3,Clothing,Saree,COD
B-21284,725,13,5,Clothing,Kurti,Debit Card
B-21284,729,246,1,Clothing,Skirt,UPI
B-21285,1180,-230,3,Clothing,Trousers,UPI
B-21285,1552,774,5,Clothing,Saree,COD
B-21286,4892,1625,3,Furniture,Chairs,COD
B-21286,3778,428,2,Furniture,Chairs,Credit Card
B-21287,5774,2517,4,Furniture,Tables,Debit Card
B-21288,1859,-619,2,Clothing,Kurti,COD
B-21289,3517,1257,1,Electronics,Printers,COD
B-21289,3104,2016,5,Electronics,Phones,UPI
B-21290,3344,1047,3,Furniture,Furnishings,COD
B-21290,3927,1195,2,Electronics,Electronic Games,COD
B-21290,4053,1628,1,Electronics,Phones,EMI
B-21291,365,71,2,Clothing,Kurti,COD
B-21292,572,212,1,Clothing,Kurti,Credit Card
B-21292,542,206,5,Furniture,Tables,Credit Card
B-21293,283,101,1,Clothing,T-shirt,UPI
B-21294,3769,590,1,Electronics,Accessories,COD
B-21294,2033,66,2,Furniture,Bookcases,UPI
B-21295,1258,678,5,Clothing,Skirt,Debit Card
B-21296,4019,306,2,Furniture,Bookcases,Debit Card
B-21297,15,-1,4,Clothing,Kurti,Credit Card
B-21297,1755,-778,2,Clothing,Shirt,COD
B-21298,5365,1398,2,Furniture,Chairs,COD
B-21299,366,91,1,Clothing,Stole,UPI
B-21300,1901,819,3,Electronics,Printers,Credit Card
B-21300,1584,544,5,Electronics,Electronic Games,COD
B-21301,3081,190,1,Furniture,Bookcases,UPI
B-21301,985,213,2,Clothing,Hankerchief,UPI
B-21302,3227,1286,3,Furniture,Bookcases,Debit Card
B-21302,2200,345,2,Electronics,Electronic Games,COD
B-21303,973,262,1,Clothing,T-shirt,COD
B-21304,3143,249,4,Electronics,Electronic Games,Credit Card
B-21304,410,145,5,Electronics,Accessories,UPI
B-21305,4934,872,3,Furniture,Chairs,COD
B-21306,857,513,1,Clothing,Shirt,COD
B-21307,1983,649,5,Clothing,T-shirt,COD
B-21308,768,530,1,Clothing,Saree,COD
B-21309,512,33,3,Clothing,T-shirt,UPI
B-21310,302,-36,5,Clothing,Saree,Credit Card
B-21310,2504,1267,2,Electronics,Printers,Debit Card
B-21311,1890,552,4,Clothing,Shirt,COD
B-21311,4944,2293,3,Electronics,Printers,UPI
B-21311,1648,134,5,Clothing,Stole,EMI
B-21312,95,5,1,Clothing,Trousers,UPI
B-21312,2202,594,2,Electronics,Electronic Games,Credit Card
B-21313,1237,526,4,Electronics,Printers,COD
B-21314,767,-88,5,Clothing,Saree,UPI
B-21315,5695,2502,2,Electronics,Electronic Games,Credit Card
B-21316,2789,383,1,Electronics,Phones,COD
B-21317,5512,789,1,Furniture,Tables,UPI
B-21317,670,204,3,Clothing,Leggings,COD
B-21318,3965,660,1,Furniture,Furnishings,COD
B-21319,51,35,1,Clothing,Skirt,UPI
B-21320,1180,62,4,Electronics,Electronic Games,COD
B-21321,2226,323,3,Electronics,Phones,UPI
B-21322,1157,393,5,Furniture,Tables,UPI
B-21322,4600,1535,3,Furniture,Furnishings,Debit Card
B-21322,5199,611,3,Electronics,Accessories,Debit Card
B-21323,5754,2595,3,Furniture,Chairs,EMI
B-21324,734,358,3,Furniture,Bookcases,UPI
B-21324,5283,3048,1,Electronics,Electronic Games,Debit Card
B-21325,5238,1945,2,Electronics,Electronic Games,COD
B-21326,818,52,2,Clothing,Saree,EMI
B-21326,2446,879,4,Furniture,Chairs,EMI
B-21326,5669,3502,3,Electronics,Electronic Games,COD
B-21327,970,287,4,Furniture,Chairs,UPI
B-21328,5258,774,1,Electronics,Phones,Credit Card
B-21329,1190,-207,3,Clothing,Skirt,UPI
B-21330,3860,1085,3,Electronics,Phones,COD
B-21331,4478,508,2,Electronics,Accessories,UPI
B-21332,559,137,5,Furniture,Chairs,Debit Card
B-21333,364,-156,5,Clothing,Kurti,Credit Card
B-21333,50,4,5,Clothing,Kurti,COD
B-21333,515,338,2,Clothing,Hankerchief,EMI
B-21334,5798,2177,5,Furniture,Chairs,UPI
B-21334,4095,1233,3,Electronics,Accessories,Debit Card
B-21334,4619,1998,3,Furniture,Furnishings,COD
B-21335,1000,141,2,Furniture,Chairs,UPI
B-21336,3085,797,2,Furniture,Furnishings,EMI
B-21337,4108,1202,3,Furniture,Tables,COD
B-21338,846,542,3,Electronics,Electronic Games,COD
B-21339,625,385,3,Clothing,Stole,EMI
B-21339,5817,2192,3,Furniture,Bookcases,COD
B-21340,2078,1094,1,Electronics,Accessories,Credit Card
B-21341,734,250,3,Clothing,T-shirt,UPI
B-21342,216,109,3,Clothing,Kurti,Credit Card
B-21343,4866,435,2,Electronics,Phones,COD
B-21344,1131,-248,2,Clothing,T-shirt,EMI
B-21344,1509,171,1,Clothing,Leggings,Credit Card
B-21345,3900,398,5,Furniture,Furnishings,UPI
B-21345,510,30,4,Furniture,Furnishings,COD
B-21345,4636,242,2,Furniture,Tables,COD
B-21346,5671,2985,2,Electronics,Phones,UPI
B-21346,172,52,5,Clothing,Trousers,COD
B-21346,5572,2377,1,Electronics,Printers,COD
B-21347,92,-15,4,Clothing,Kurti,Credit Card
B-21348,1119,681,3,Clothing,Saree,COD
B-21349,2716,1271,2,Electronics,Accessories,EMI
B-21350,1809,95,2,Clothing,Shirt,UPI
B-21351,2247,622,5,Electronics,Printers,COD
B-21351,2375,637,5,Electronics,Accessories,Credit Card
B-21352,886,105,2,Furniture,Bookcases,COD
B-21353,98,5,1,Clothing,Shirt,Credit Card
B-21354,3054,1049,1,Electronics,Phones,Debit Card
B-21354,209,-59,5,Clothing,Stole,Credit Card
B-21355,35,18,1,Clothing,Skirt,Credit Card
B-21355,549,380,3,Clothing,Skirt,UPI
B-21355,1513,-51,5,Clothing,Leggings,UPI
B-21356,3997,2198,1,Electronics,Accessories,Credit Card
B-21357,3304,1532,4,Electronics,Phones,UPI
B-21357,3091,860,5,Electronics,Accessories,UPI
B-21358,1918,-658,3,Clothing,Trousers,Debit Card
B-21359,191,-3,4,Clothing,T-shirt,EMI
B-21360,1511,694,3,Clothing,Kurti,Debit Card
B-21360,1287,505,1,Clothing,T-shirt,COD
B-21360,3920,1964,1,Electronics,Printers,UPI
B-21361,1489,-645,4,Clothing,Kurti,Credit Card
B-21361,5496,3411,1,Electronics,Electronic Games,UPI
B-21361,915,67,1,Electronics,Printers,UPI
B-21362,807,-368,3,Clothing,Skirt,COD
B-21363,3470,2044,5,Electronics,Phones,UPI
B-21363,46,-11,5,Clothing,Saree,EMI
B-21363,1609,386,5,Furniture,Bookcases,COD
B-21364,1664,423,2,Electronics,Electronic Games,COD
B-21365,4528,1770,4,Furniture,Chairs,Credit Card
B-21366,4375,1755,3,Furniture,Furnishings,EMI
B-21366,5039,1471,3,Furniture,Bookcases,Credit Card
B-21367,3105,1429,3,Electronics,Phones,Credit Card
B-21367,1124,241,5,Furniture,Chairs,COD
B-21368,5071,486,2,Furniture,Chairs,COD
B-21368,1303,244,3,Clothing,Skirt,COD
B-21369,1101,-149,3,Clothing,Skirt,UPI
B-21369,2967,1441,1,Furniture,Tables,UPI
B-21370,291,71,5,Clothing,T-shirt,COD
B-21371,135,-31,5,Clothing,T-shirt,COD
B-21372,3803,1510,4,Furniture,Furnishings,COD
B-21373,2942,612,2,Electronics,Phones,Debit Card
B-21373,1716,-429,2,Clothing,Saree,UPI
B-21374,4115,1343,2,Furniture,Furnishings,COD
B-21375,58,-12,5,Clothing,Shirt,UPI
B-21375,4881,1401,1,Electronics,Accessories,UPI
B-21376,1157,-417,5,Clothing,Kurti,COD
B-21377,1128,698,5,Clothing,Kurti,Debit Card
B-21377,4678,1980,2,Furniture,Chairs,Debit Card
B-21378,5398,1890,5,Electronics,Printers,UPI
B-21378,3275,236,5,Electronics,Electronic Games,COD
B-21379,1390,453,5,Electronics,Accessories,EMI
B-21380,150,9,4,Clothing,Hankerchief,Debit Card
B-21380,638,-142,5,Clothing,Hankerchief,UPI
B-21381,3654,2086,3,Electronics,Phones,COD
B-21381,1217,271,3,Clothing,Skirt,COD
B-21381,2426,681,2,Electronics,Phones,COD
B-21382,327,33,2,Electronics,Phones,COD
B-21383,1329,866,3,Clothing,Shirt,Credit Card
B-21383,739,462,5,Electronics,Printers,COD
B-21383,694,346,2,Furniture,Bookcases,UPI
B-21384,1473,950,3,Clothing,Hankerchief,Debit Card
B-21385,873,361,4,Furniture,Furnishings,Debit Card
B-21385,4827,718,4,Electronics,Printers,Credit Card
B-21386,1229,779,4,Clothing,Trousers,Credit Card
B-21387,383,-23,5,Clothing,Leggings,EMI
B-21388,2080,558,2,Electronics,Electronic Games,COD
B-21389,3836,1869,4,Electronics,Printers,Credit Card
B-21390,5499,1358,4,Electronics,Accessories,COD
B-21391,1058,-306,1,Clothing,Skirt,COD
B-21392,1954,1263,4,Clothing,Stole,COD
B-21392,771,-89,2,Clothing,Stole,COD
B-21393,1723,-190,3,Clothing,Shirt,EMI
B-21394,1639,-96,3,Clothing,Skirt,Debit Card
B-21395,951,-294,5,Clothing,Trousers,Credit Card
B-21395,1971,1265,2,Clothing,Kurti,UPI
B-21396,1500,529,4,Clothing,Shirt,Debit Card
B-21396,1302,45,3,Furniture,Chairs,Debit Card
B-21397,709,-111,3,Clothing,Shirt,UPI
B-21397,5708,1009,4,Electronics,Printers,COD
B-21398,889,439,2,Clothing,Saree,UPI
B-21399,1872,-350,2,Clothing,T-shirt,Debit Card
B-21400,112,-31,5,Clothing,Stole,COD
B-21401,1171,276,2,Clothing,T-shirt,UPI
B-21401,886,413,5,Furniture,Chairs,EMI
B-21402,3239,1841,2,Electronics,Electronic Games,Debit Card
B-21403,582,151,3,Clothing,Shirt,COD
B-21404,16,5,5,Clothing,Skirt,Credit Card
B-21405,666,224,4,Clothing,Saree,UPI
B-21405,1215,-440,2,Clothing,Hankerchief,Credit Card
B-21406,3560,1362,3,Electronics,Electronic Games,UPI
B-21406,3607,1672,2,Electronics,Accessories,COD
B-21407,968,415,5,Clothing,Skirt,COD
B-21407,5661,3659,5,Electronics,Phones,COD
B-21408,4327,1913,4,Furniture,Bookcases,Credit Card
B-21408,213,4,2,Clothing,Skirt,UPI
B-21408,3372,1712,4,Electronics,Accessories,Credit Card
B-21409,1130,312,2,Electronics,Accessories,EMI
B-21409,197,127,5,Clothing,Saree,EMI
B-21410,640,-265,4,Clothing,Hankerchief,COD
B-21410,4519,1278,3,Furniture,Tables,Credit Card
B-21411,358,-39,1,Clothing,Kurti,COD
B-21412,1260,656,5,Electronics,Printers,UPI
B-21413,1035,512,1,Electronics,Electronic Games,UPI
B-21414,532,181,1,Clothing,T-shirt,Debit Card
B-21414,201,139,3,Clothing,Leggings,Debit Card
B-21415,1054,108,3,Furniture,Bookcases,UPI
B-21416,371,131,1,Electronics,Accessories,UPI
B-21417,3975,840,2,Electronics,Phones,Credit Card
B-21418,2836,1297,1,Electronics,Printers,Debit Card
B-21419,1691,763,3,Clothing,Stole,EMI
B-21420,994,427,2,Clothing,Trousers,Credit Card
B-21421,1439,-518,5,Clothing,Kurti,UPI
B-21422,2472,296,3,Furniture,Furnishings,UPI
B-21422,5069,1590,3,Electronics,Printers,Debit Card
B-21422,4965,2910,1,Electronics,Printers,UPI
B-21423,801,272,5,Clothing,Stole,Credit Card
B-21423,624,-103,2,Clothing,Shirt,Credit Card
B-21423,5698,1579,3,Electronics,Printers,UPI
B-21424,1658,1110,5,Clothing,Skirt,COD
B-21425,2220,1304,5,Electronics,Phones,COD
B-21426,472,277,2,Electronics,Accessories,COD
B-21426,633,16,2,Furniture,Chairs,Credit Card
B-21427,5024,435,3,Furniture,Furnishings,Credit Card
B-21428,1522,241,2,Electronics,Printers,COD
B-21428,3766,1202,2,Furniture,Chairs,UPI
B-21429,1929,702,2,Furniture,Bookcases,COD
B-21430,1432,301,4,Electronics,Phones,UPI
B-21431,2583,990,5,Furniture,Chairs,UPI
B-21432,1377,-417,2,Clothing,Hankerchief,COD
B-21433,1548,819,4,Clothing,Leggings,COD
B-21434,4664,1676,5,Furniture,Chairs,Credit Card
B-21435,495,134,4,Clothing,Saree,Debit Card
B-21436,169,73,3,Clothing,Hankerchief,UPI
B-21436,918,-314,4,Clothing,Skirt,COD
B-21437,2457,1261,2,Electronics,Accessories,Debit Card
B-21438,414,-191,4,Clothing,T-shirt,COD
B-21438,1330,-581,2,Clothing,Stole,UPI
B-21439,1488,729,1,Electronics,Printers,Credit Card
B-21440,508,-252,4,Clothing,Shirt,Credit Card
B-21441,993,409,5,Clothing,Leggings,EMI
B-21441,1266,467,3,Furniture,Furnishings,Credit Card
B-21441,3022,1956,5,Electronics,Printers,COD
B-21442,2010,278,5,Furniture,Chairs,Debit Card
B-21442,2974,928,3,Electronics,Electronic Games,UPI
B-21443,952,596,5,Clothing,Hankerchief,COD
B-21444,1244,321,2,Clothing,T-shirt,COD
B-21444,1596,232,2,Electronics,Phones,UPI
B-21445,2310,1360,4,Electronics,Accessories,COD
B-21446,134,-48,3,Clothing,Trousers,UPI
B-21447,2910,728,3,Furniture,Furnishings,COD
B-21448,2933,425,5,Furniture,Tables,UPI
B-21448,1612,565,1,Clothing,Trousers,UPI
B-21449,2425,69,2,Furniture,Chairs,Debit Card
B-21450,2294,788,1,Furniture,Bookcases,Debit Card
B-21450,2137,494,5,Electronics,Printers,Credit Card
B-21450,1451,-180,1,Clothing,Stole,Debit Card
B-21451,1595,810,5,Clothing,Trousers,Debit Card
B-21452,2507,434,2,Electronics,Phones,Credit Card
B-21452,4979,1351,1,Electronics,Printers,UPI
B-21452,5349,2004,3,Electronics,Electronic Games,Credit Card
B-21453,1953,641,2,Furniture,Bookcases,Debit Card
B-21453,5594,1697,5,Furniture,Chairs,COD
B-21453,815,-201,5,Clothing,Shirt,COD
B-21454,3813,2090,5,Electronics,Phones,Credit Card
B-21455,4746,418,4,Electronics,Printers,Credit Card
B-21456,808,61,4,Clothing,Shirt,UPI
B-21456,1539,-17,3,Clothing,Shirt,COD
B-21456,1283,484,1,Electronics,Electronic Games,COD
B-21457,1597,1064,3,Clothing,T-shirt,EMI
B-21458,4429,2206,5,Electronics,Electronic Games,Credit Card
B-21459,435,55,4,Electronics,Printers,Debit Card
B-21460,1596,189,3,Electronics,Phones,UPI
B-21460,2277,208,1,Electronics,Printers,UPI
B-21460,3462,970,2,Electronics,Electronic Games,Credit Card
B-21461,5273,1217,4,Furniture,Tables,Credit Card
B-21462,3837,125,2,Furniture,Tables,UPI
B-21463,5729,2607,3,Furniture,Tables,Debit Card
B-21464,479,-90,5,Clothing,Shirt,Debit Card
B-21464,1006,-389,3,Clothing,Shirt,UPI
B-21465,4927,522,4,Electronics,Printers,Credit Card
B-21466,498,202,5,Clothing,Stole,COD
B-21467,1199,474,1,Furniture,Chairs,COD
B-21467,1110,-240,1,Clothing,T-shirt,Debit Card
B-21467,3847,452,3,Furniture,Bookcases,COD
B-21468,429,254,2,Clothing,Trousers,EMI
B-21469,2191,931,2,Electronics,Printers,COD
B-21469,1332,-200,3,Clothing,Skirt,COD
B-21470,1578,-252,4,Clothing,Skirt,Debit Card
B-21470,5412,2281,3,Furniture,Furnishings,COD
B-21471,1892,905,4,Clothing,T-shirt,EMI
B-21472,4181,1224,5,Furniture,Furnishings,UPI
B-21473,1288,233,4,Electronics,Accessories,UPI
B-21474,3378,341,5,Electronics,Accessories,COD
B-21475,1871,-868,4,Clothing,Kurti,Credit Card
B-21475,1233,-512,5,Clothing,Trousers,Debit Card
B-21475,1621,954,2,Electronics,Electronic Games,EMI
B-21476,232,-14,4,Clothing,Shirt,COD
B-21476,1703,259,3,Electronics,Accessories,UPI
B-21476,397,-47,2,Clothing,Kurti,UPI
B-21477,474,40,2,Clothing,Skirt,UPI
B-21477,529,256,1,Electronics,Phones,Debit Card
B-21478,92,-16,2,Clothing,Trousers,COD
B-21479,1757,281,5,Furniture,Chairs,EMI
B-21479,4703,559,2,Furniture,Furnishings,Debit Card
B-21479,911,287,2,Furniture,Tables,Debit Card
B-21480,3706,2156,5,Electronics,Accessories,Debit Card
B-21481,5178,2546,4,Electronics,Electronic Games,Credit Card
B-21482,599,284,1,Clothing,Shirt,UPI
B-21482,5391,2693,3,Electronics,Phones,COD
B-21483,621,170,4,Electronics,Phones,Credit Card
B-21484,2365,195,1,Electronics,Printers,COD
B-21484,4995,1185,5,Furniture,Bookcases,UPI
B-21485,971,429,3,Clothing,Stole,COD
B-21486,1263,564,2,Electronics,Printers,Debit Card
B-21486,2638,1204,5,Electronics,Phones,UPI
B-21486,510,161,4,Clothing,Trousers,Credit Card
B-21487,4145,2611,2,Electronics,Accessories,COD
B-21488,395,69,4,Clothing,Shirt,EMI
B-21489,3582,1095,4,Electronics,Electronic Games,UPI
B-21490,4060,711,2,Electronics,Electronic Games,COD
B-21490,1027,-32,5,Clothing,Saree,COD
B-21491,2787,558,2,Electronics,Phones,Credit Card
B-21492,685,-326,3,Clothing,Leggings,UPI
B-21492,881,562,3,Electronics,Phones,Credit Card
B-21492,462,233,4,Clothing,Shirt,COD
B-21493,734,428,1,Clothing,Kurti,UPI
B-21494,1303,-16,4,Clothing,Shirt,UPI
B-21494,721,105,4,Clothing,Trousers,Debit Card
B-21495,472,-44,1,Clothing,Skirt,Credit Card
B-21496,3757,2282,1,Electronics,Printers,Debit Card
B-21496,2975,857,1,Electronics,Phones,UPI
B-21497,216,90,4,Clothing,Leggings,EMI
B-21498,741,516,5,Clothing,T-shirt,UPI
B-21499,4914,2299,1,Furniture,Furnishings,Credit Card
B-21500,679,-275,5,Clothing,Leggings,Credit Card
B-21501,2841,934,4,Furniture,Furnishings,COD
B-21501,5546,1783,5,Electronics,Accessories,UPI
B-21502,4285,133,1,Furniture,Furnishings,Credit Card
B-21503,4822,2328,2,Electronics,Phones,EMI
B-21503,584,235,2,Clothing,Leggings,Debit Card
B-21504,172,115,1,Clothing,Skirt,UPI
B-21504,1531,510,1,Electronics,Phones,Debit Card
B-21505,1625,461,5,Electronics,Accessories,Credit Card
B-21505,3310,415,5,Electronics,Electronic Games,COD
B-21505,2387,689,1,Electronics,Phones,Credit Card
B-21506,620,179,4,Electronics,Accessories,UPI
B-21506,1816,244,3,Furniture,Bookcases,EMI
B-21507,2142,398,1,Electronics,Printers,COD
B-21507,3229,1810,5,Electronics,Printers,EMI
B-21508,365,224,4,Electronics,Printers,Credit Card
B-21509,1018,72,1,Electronics,Accessories,COD
B-21510,84,-40,2,Clothing,Trousers,UPI
B-21510,4321,1249,5,Furniture,Chairs,UPI
B-21511,1425,356,5,Clothing,Skirt,Debit Card
B-21511,4548,1607,4,Furniture,Bookcases,EMI
B-21512,1916,799,3,Clothing,Skirt,COD
B-21513,3261,2034,3,Electronics,Electronic Games,COD
B-21514,4441,244,5,Furniture,Bookcases,Credit Card
B-21515,3579,358,2,Furniture,Chairs,UPI
B-21516,1196,648,1,Electronics,Electronic Games,UPI
B-21516,1446,333,3,Furniture,Chairs,EMI
B-21517,2473,976,4,Electronics,Accessories,UPI
B-21518,1279,595,2,Furniture,Bookcases,COD
B-21519,562,122,4,Clothing,Kurti,COD
B-21519,150,39,2,Clothing,Skirt,Credit Card
B-21520,4896,2397,4,Electronics,Phones,UPI
B-21521,2053,641,4,Furniture,Bookcases,UPI
B-21522,915,123,1,Clothing,Hankerchief,COD
B-21522,2264,1009,3,Furniture,Furnishings,Debit Card
B-21523,293,-123,5,Clothing,Saree,UPI
B-21523,2650,1228,5,Furniture,Chairs,UPI
B-21524,5024,1352,1,Electronics,Phones,COD
B-21525,975,177,5,Furniture,Furnishings,Debit Card
B-21526,2628,447,1,Furniture,Chairs,COD
B-21526,4431,1671,4,Electronics,Printers,COD
B-21526,5703,1289,3,Furniture,Bookcases,Debit Card
B-21527,1651,914,1,Clothing,Saree,COD
B-21528,299,-120,1,Clothing,Stole,Credit Card
B-21529,3143,1435,3,Electronics,Printers,UPI
B-21530,1997,198,1,Furniture,Bookcases,Debit Card
B-21530,584,273,4,Clothing,Skirt,COD
B-21530,4378,783,2,Electronics,Accessories,UPI
B-21531,1548,291,1,Clothing,Leggings,Credit Card
B-21531,2357,1078,4,Electronics,Accessories,COD
B-21532,1943,337,5,Clothing,Kurti,UPI
B-21533,3284,1416,1,Electronics,Accessories,EMI
B-21533,3008,812,1,Furniture,Chairs,UPI
B-21534,1693,452,2,Electronics,Printers,Credit Card
B-21535,1147,-251,4,Clothing,Kurti,UPI
B-21536,3786,2170,2,Electronics,Electronic Games,EMI
B-21537,2199,1240,1,Electronics,Printers,COD
B-21538,3277,1987,1,Electronics,Accessories,COD
B-21538,2717,1601,1,Electronics,Phones,Credit Card
B-21538,438,88,1,Clothing,Trousers,UPI
B-21539,2563,1290,2,Electronics,Electronic Games,COD
B-21539,5283,1473,5,Furniture,Chairs,Credit Card
B-21540,1363,266,4,Clothing,Trousers,UPI
B-21540,3611,1272,5,Electronics,Accessories,EMI
B-21541,337,-26,4,Clothing,Hankerchief,Credit Card
B-21542,4061,1721,3,Furniture,Tables,EMI
B-21543,3095,197,5,Electronics,Accessories,COD
B-21544,3914,928,3,Electronics,Accessories,COD
B-21544,1038,316,1,Electronics,Printers,UPI
B-21545,2549,1058,4,Electronics,Electronic Games,COD
B-21545,2121,951,4,Electronics,Electronic Games,Debit Card
B-21546,2376,191,5,Electronics,Printers,COD
B-21547,304,123,1,Clothing,Leggings,Debit Card
B-21548,4325,501,3,Furniture,Bookcases,Debit Card
B-21549,131,71,4,Clothing,Kurti,EMI
B-21549,4219,1871,4,Furniture,Bookcases,Debit Card
B-21549,5395,2169,1,Electronics,Accessories,EMI
B-21550,2294,745,2,Furniture,Furnishings,UPI
B-21550,1084,668,3,Clothing,Stole,UPI
B-21551,1309,702,5,Clothing,Skirt,Credit Card
B-21551,1093,66,1,Clothing,Leggings,UPI
B-21552,943,103,3,Electronics,Accessories,Debit Card
B-21553,1015,626,5,Clothing,Trousers,UPI
B-21554,1355,83,5,Furniture,Furnishings,Credit Card
B-21555,1532,466,1,Furniture,Furnishings,UPI
B-21556,441,119,3,Clothing,Shirt,UPI
B-21556,1824,157,1,Electronics,Phones,EMI
B-21557,3607,1532,4,Electronics,Electronic Games,Credit Card
B-21557,2321,580,2,Electronics,Phones,Debit Card
B-21558,1242,600,3,Clothing,Saree,UPI
B-21558,1373,617,2,Electronics,Electronic Games,Credit Card
B-21559,1604,-327,3,Clothing,T-shirt,Debit Card
B-21560,1925,-544,1,Clothing,Saree,UPI
B-21561,2959,875,3,Electronics,Electronic Games,Debit Card
B-21562,910,-304,1,Clothing,Saree,UPI
B-21563,2016,1033,1,Electronics,Accessories,UPI
B-21563,4226,1852,1,Furniture,Furnishings,Credit Card
B-21564,720,-342,3,Clothing,Kurti,EMI
B-21565,1124,-418,1,Clothing,Saree,COD
B-21566,2081,297,1,Furniture,Furnishings,COD
B-21567,573,189,4,Clothing,Stole,Debit Card
B-21567,1397,463,4,Furniture,Furnishings,UPI
B-21568,4791,2222,2,Electronics,Accessories,COD
B-21568,1547,369,5,Clothing,Kurti,UPI
B-21569,1680,827,5,Clothing,Trousers,Debit Card
B-21569,1368,944,3,Clothing,Stole,EMI
B-21570,3933,1895,4,Electronics,Printers,UPI
B-21571,3969,1522,4,Furniture,Chairs,COD
B-21572,2584,1170,3,Furniture,Tables,Debit Card
B-21573,834,23,3,Clothing,Trousers,UPI
B-21574,397,-191,2,Clothing,Shirt,UPI
B-21575,214,-102,5,Clothing,T-shirt,COD
B-21576,556,-154,2,Clothing,Stole,Credit Card
B-21577,4932,2771,2,Electronics,Phones,Debit Card
B-21578,1858,181,3,Furniture,Bookcases,UPI
B-21578,693,-324,2,Clothing,Kurti,Credit Card
B-21578,5740,1710,2,Furniture,Furnishings,COD
B-21579,1904,137,1,Clothing,Kurti,EMI
B-21580,1495,-146,2,Clothing,T-shirt,COD
B-21580,669,46,3,Electronics,Printers,COD
B-21581,276,181,1,Clothing,Skirt,COD
B-21582,5030,829,2,Furniture,Bookcases,EMI
B-21582,1326,143,4,Electronics,Electronic Games,COD
B-21583,5742,2197,4,Furniture,Tables,Debit Card
B-21584,1266,-525,5,Clothing,Skirt,Credit Card
B-21585,2101,999,3,Electronics,Electronic Games,COD
B-21585,2328,1088,5,Electronics,Phones,EMI
B-21586,5263,892,2,Furniture,Tables,Credit Card
B-21587,1350,-36,4,Clothing,Shirt,Debit Card
B-21588,1813,953,1,Electronics,Phones,UPI
B-21589,3405,1213,3,Electronics,Electronic Games,UPI
B-21590,2422,1090,1,Electronics,Phones,COD
B-21591,1936,1056,3,Clothing,Trousers,UPI
B-21591,727,-280,2,Clothing,Leggings,Debit Card
B-21592,1226,698,4,Clothing,Skirt,EMI
B-21593,2435,1489,4,Electronics,Printers,COD
B-21594,3756,2093,1,Electronics,Phones,EMI
B-21595,731,297,3,Electronics,Printers,Credit Card
B-21596,3844,1885,3,Furniture,Furnishings,UPI
B-21597,2185,1123,3,Electronics,Printers,COD
B-21598,5263,1954,2,Furniture,Furnishings,Credit Card
B-21599,1657,-259,5,Clothing,Saree,COD
B-21600,5536,2442,2,Electronics,Phones,UPI
B-21601,3501,1621,5,Electronics,Electronic Games,Credit Card
B-21602,1598,772,5,Clothing,Skirt,Debit Card
B-21602,412,-141,4,Clothing,T-shirt,COD
B-21603,2356,1301,5,Electronics,Phones,Debit Card
B-21604,1036,370,4,Clothing,Saree,UPI
B-21605,2496,1551,1,Electronics,Accessories,EMI
B-21605,5075,2708,5,Electronics,Electronic Games,Credit Card
B-21606,1300,-153,1,Clothing,Shirt,UPI
B-21606,349,-10,3,Clothing,Skirt,COD
B-21607,3231,320,2,Electronics,Phones,UPI
B-21607,4607,1343,2,Furniture,Tables,UPI
B-21608,3131,1007,3,Electronics,Printers,COD
B-21609,803,27,5,Furniture,Chairs,Debit Card
B-21610,1534,575,3,Electronics,Electronic Games,COD
B-21611,1963,416,2,Furniture,Furnishings,COD
B-21611,364,139,4,Electronics,Electronic Games,Credit Card
B-21612,1514,293,4,Clothing,Hankerchief,Credit Card
B-21613,3473,738,5,Electronics,Electronic Games,COD
B-21613,577,271,5,Clothing,Shirt,Debit Card
B-21613,4905,1788,4,Furniture,Chairs,COD
B-21614,1121,555,1,Furniture,Tables,COD
B-21614,586,152,2,Electronics,Accessories,UPI
B-21615,1673,214,2,Furniture,Furnishings,EMI
B-21616,186,-68,5,Clothing,Leggings,UPI
B-21616,3124,766,4,Furniture,Chairs,COD
B-21617,2776,977,1,Electronics,Phones,UPI
B-21617,2388,709,3,Electronics,Accessories,EMI
B-21618,3817,1400,1,Furniture,Tables,Credit Card
B-21618,5037,2320,4,Furniture,Tables,Credit Card
B-21619,2390,889,3,Furniture,Tables,UPI
B-21619,1259,-313,2,Clothing,Kurti,UPI
B-21620,261,-12,1,Clothing,Kurti,COD
B-21620,1414,457,4,Furniture,Furnishings,Debit Card
B-21620,275,148,2,Clothing,Skirt,Debit Card
B-21621,2290,542,4,Furniture,Chairs,COD
B-21622,4236,663,4,Furniture,Chairs,UPI
B-21623,3067,709,4,Electronics,Accessories,EMI
B-21623,2218,460,5,Furniture,Furnishings,UPI
B-21624,1634,476,2,Clothing,Hankerchief,Debit Card
B-21625,1799,194,2,Electronics,Phones,Credit Card
B-21626,1673,-463,1,Clothing,Shirt,EMI
B-21626,4582,1681,1,Furniture,Bookcases,COD
B-21627,1519,141,4,Clothing,Kurti,UPI
B-21628,5218,667,5,Electronics,Printers,COD
B-21629,2013,636,3,Electronics,Printers,EMI
B-21630,5723,2182,3,Electronics,Electronic Games,COD
B-21631,5430,1772,1,Furniture,Tables,Debit Card
B-21631,279,-73,4,Clothing,Shirt,Credit Card
B-21632,1724,-556,4,Clothing,Shirt,Credit Card
B-21632,457,218,2,Electronics,Electronic Games,Debit Card
B-21633,1539,72,2,Clothing,Leggings,Debit Card
B-21634,2625,917,4,Electronics,Electronic Games,COD
B-21635,1214,552,3,Furniture,Furnishings,Credit Card
B-21636,819,277,5,Clothing,Trousers,UPI
B-21637,1644,1000,1,Electronics,Printers,UPI
B-21637,4781,2367,2,Furniture,Tables,UPI
B-21638,4883,1999,5,Electronics,Electronic Games,UPI
B-21639,1711,631,2,Furniture,Bookcases,UPI
B-21639,618,430,4,Clothing,T-shirt,Credit Card
B-21639,1283,729,3,Clothing,Saree,COD
B-21640,632,261,3,Clothing,Kurti,COD
B-21641,2684,824,3,Furniture,Bookcases,COD
B-21642,4195,2094,1,Electronics,Phones,COD
B-21643,1168,54,1,Furniture,Bookcases,EMI
B-21644,586,93,2,Furniture,Chairs,UPI
B-21644,2464,1195,1,Furniture,Bookcases,COD
B-21644,1745,-242,3,Clothing,Hankerchief,COD
B-21645,958,440,2,Furniture,Chairs,Credit Card
B-21645,1042,493,4,Furniture,Tables,UPI
B-21646,1216,426,4,Furniture,Furnishings,UPI
B-21647,1326,642,1,Electronics,Accessories,EMI
B-21648,975,463,3,Furniture,Chairs,COD
B-21648,1493,951,3,Clothing,Shirt,Debit Card
B-21649,3122,337,4,Electronics,Accessories,Credit Card
B-21649,1273,308,2,Electronics,Phones,Debit Card
B-21650,3039,948,4,Furniture,Chairs,Debit Card
B-21650,861,152,3,Clothing,Skirt,UPI
B-21651,1351,945,4,Clothing,Stole,UPI
B-21652,2616,883,1,Electronics,Electronic Games,Debit Card
B-21653,3215,1497,4,Furniture,Furnishings,COD
B-21653,2721,324,2,Electronics,Phones,UPI
B-21654,1403,851,1,Clothing,Hankerchief,COD
B-21655,2255,1229,3,Electronics,Printers,Credit Card
B-21655,3876,598,3,Electronics,Electronic Games,UPI
B-21656,973,561,5,Clothing,Stole,Debit Card
B-21656,417,-124,4,Clothing,Shirt,Debit Card
B-21657,2341,430,3,Furniture,Tables,COD
B-21658,5807,2081,5,Furniture,Chairs,COD
B-21658,5742,1373,3,Electronics,Phones,UPI
B-21659,476,-205,1,Clothing,Kurti,COD
B-21659,1125,487,5,Clothing,Stole,COD
B-21660,706,-350,4,Clothing,Kurti,COD
B-21660,5186,2760,3,Electronics,Electronic Games,UPI
B-21661,1588,-336,2,Clothing,Skirt,COD
B-21661,4644,1293,3,Electronics,Printers,EMI
B-21661,1780,514,2,Clothing,Stole,Debit Card
B-21662,2056,577,3,Furniture,Tables,UPI
B-21663,925,196,1,Clothing,Hankerchief,COD
B-21663,3545,869,5,Electronics,Phones,COD
B-21663,2589,592,2,Furniture,Chairs,COD
B-21664,5130,3040,2,Electronics,Accessories,COD
B-21664,918,487,4,Electronics,Accessories,UPI
B-21665,1199,674,4,Electronics,Printers,UPI
B-21666,419,-121,3,Clothing,Leggings,EMI
B-21667,2925,500,4,Electronics,Accessories,Debit Card
B-21667,1119,590,2,Electronics,Accessories,COD
B-21668,71,-24,5,Clothing,Trousers,COD
B-21669,4666,871,1,Electronics,Electronic Games,UPI
B-21669,2490,143,5,Electronics,Accessories,Credit Card
B-21670,1483,-276,2,Clothing,Shirt,Debit Card
B-21671,1453,727,4,Clothing,Trousers,EMI
B-21672,4662,2216,3,Electronics,Printers,COD
B-21673,1796,-282,4,Clothing,Skirt,UPI
B-21673,1320,324,5,Clothing,T-shirt,UPI
B-21674,15,-1,1,Clothing,Hankerchief,UPI
B-21674,15,6,3,Clothing,T-shirt,Debit Card
B-21675,596,-141,5,Clothing,Trousers,COD
B-21676,1883,214,2,Clothing,Shirt,UPI
B-21677,2258,1024,2,Electronics,Printers,COD
B-21678,1251,-593,1,Clothing,Hankerchief,COD
B-21679,458,104,1,Clothing,Trousers,COD
B-21680,5178,1267,4,Furniture,Tables,COD
B-21681,1040,-138,3,Clothing,Skirt,COD
B-21681,2767,1676,4,Electronics,Printers,Debit Card
B-21682,2177,833,5,Electronics,Printers,UPI
B-21682,1156,152,4,Furniture,Furnishings,UPI
B-21683,4318,800,2,Electronics,Electronic Games,Debit Card
B-21684,3311,533,5,Furniture,Tables,EMI
B-21685,1562,928,5,Clothing,Kurti,Credit Card
B-21685,1933,705,2,Electronics,Printers,UPI
B-21686,2258,1300,2,Electronics,Phones,Credit Card
B-21687,3188,815,3,Electronics,Accessories,UPI
B-21687,1655,316,2,Electronics,Electronic Games,COD
B-21688,4893,1811,3,Furniture,Tables,UPI
B-21689,4180,774,3,Electronics,Printers,Debit Card
B-21689,5679,1238,1,Electronics,Phones,Credit Card
B-21690,1482,-381,2,Clothing,Saree,COD
B-21690,887,428,4,Electronics,Printers,COD
B-21690,3886,635,2,Electronics,Phones,Credit Card
B-21691,714,289,4,Clothing,Stole,COD
B-21692,1238,696,3,Electronics,Phones,Credit Card
B-21692,5073,239,4,Furniture,Chairs,Debit Card
B-21693,5371,2980,4,Electronics,Printers,EMI
B-21694,5733,827,5,Furniture,Chairs,COD
B-21695,573,-68,4,Clothing,T-shirt,COD
B-21695,3542,101,4,Furniture,Bookcases,Debit Card
B-21696,3903,618,2,Furniture,Bookcases,EMI
B-21696,233,-65,3,Clothing,T-shirt,EMI
B-21696,5615,3191,5,Electronics,Electronic Games,Debit Card
B-21697,355,151,5,Clothing,Skirt,Debit Card
B-21698,707,110,3,Electronics,Electronic Games,UPI
B-21699,2664,926,5,Furniture,Furnishings,COD
B-21699,3168,1501,1,Furniture,Bookcases,Credit Card
B-21699,878,87,5,Furniture,Tables,Credit Card
B-21700,1570,795,5,Clothing,Kurti,COD
B-21700,576,40,5,Clothing,Leggings,Debit Card
B-21701,1781,-57,1,Clothing,Stole,UPI
B-21702,277,137,4,Clothing,Leggings,UPI
B-21703,3854,1436,1,Furniture,Bookcases,COD
B-21703,3878,798,2,Furniture,Chairs,COD
B-21703,5618,2874,4,Electronics,Accessories,Debit Card
B-21704,547,45,2,Clothing,Skirt,COD
B-21705,3924,1918,4,Electronics,Printers,Credit Card
B-21706,1627,391,2,Furniture,Furnishings,UPI
B-21706,5694,3378,4,Electronics,Accessories,COD
B-21706,5129,1889,2,Electronics,Accessories,COD
B-21707,1195,657,4,Clothing,Shirt,Credit Card
B-21708,1772,4,5,Clothing,Stole,COD
B-21708,4839,2848,1,Electronics,Accessories,UPI
B-21709,981,24,3,Clothing,Shirt,UPI
B-21710,2038,467,4,Electronics,Accessories,Credit Card
B-21711,3972,1668,3,Electronics,Phones,Credit Card
B-21711,1202,-263,4,Clothing,Hankerchief,UPI
B-21712,1755,-10,2,Clothing,Leggings,Debit Card
B-21712,1119,37,2,Clothing,Trousers,Credit Card
B-21712,2403,794,4,Furniture,Furnishings,UPI
B-21713,1280,-63,2,Clothing,Kurti,Debit Card
B-21714,451,236,4,Electronics,Electronic Games,EMI
B-21715,1235,587,5,Electronics,Phones,COD
B-21716,4063,976,2,Electronics,Electronic Games,UPI
B-21717,5192,297,4,Electronics,Accessories,Credit Card
B-21717,1491,553,4,Clothing,Shirt,COD
B-21718,3893,874,1,Furniture,Chairs,Debit Card
B-21719,1485,226,2,Electronics,Electronic Games,UPI
B-21720,3885,685,4,Furniture,Chairs,UPI
B-21721,2000,855,3,Furniture,Furnishings,Debit Card
B-21722,4760,2558,2,Electronics,Printers,COD
B-21722,4776,703,5,Furniture,Bookcases,Credit Card
B-21723,936,-12,3,Clothing,Saree,Credit Card
B-21724,1872,436,3,Furniture,Tables,Credit Card
B-21725,56,20,3,Clothing,T-shirt,COD
B-21725,3849,811,4,Electronics,Printers,UPI
B-21725,944,340,3,Clothing,Leggings,Debit Card
B-21726,1440,22,5,Clothing,Saree,COD
B-21727,62,37,4,Clothing,Trousers,Credit Card
B-21728,929,98,1,Furniture,Chairs,COD
B-21729,634,271,2,Clothing,Leggings,Credit Card
B-21729,2917,462,1,Electronics,Phones,UPI
B-21729,3054,1352,4,Electronics,Phones,COD
B-21730,1687,449,1,Electronics,Electronic Games,Credit Card
B-21730,4962,2591,3,Electronics,Printers,COD
B-21731,914,394,3,Clothing,Saree,Credit Card
B-21732,5231,3211,1,Electronics,Phones,UPI
B-21732,838,-270,5,Clothing,Hankerchief,UPI
B-21733,125,82,2,Clothing,Hankerchief,UPI
B-21734,834,-315,2,Clothing,Trousers,UPI
B-21735,1186,292,4,Clothing,Shirt,COD
B-21736,852,185,5,Clothing,Trousers,COD
B-21736,4369,237,3,Furniture,Bookcases,EMI
B-21737,2131,949,3,Electronics,Electronic Games,Credit Card
B-21738,4662,2748,4,Electronics,Accessories,Credit Card
B-21738,2051,630,2,Furniture,Chairs,UPI
B-21738,5561,2213,3,Furniture,Furnishings,COD
B-21739,159,57,5,Clothing,Stole,UPI
B-21739,1499,618,2,Clothing,Kurti,Debit Card
B-21740,474,86,4,Clothing,Trousers,UPI
B-21741,550,110,1,Electronics,Electronic Games,COD
B-21741,341,96,4,Clothing,Kurti,UPI
B-21742,1305,-181,1,Clothing,Skirt,UPI
B-21742,1671,-552,1,Clothing,Kurti,COD
B-21743,796,-50,4,Clothing,Shirt,COD
B-21743,1926,-447,5,Clothing,Kurti,Credit Card
B-21743,2744,1551,1,Electronics,Printers,COD
B-21744,963,-117,4,Clothing,Leggings,COD
B-21745,1192,298,4,Electronics,Phones,COD
B-21745,367,-60,2,Clothing,Saree,COD
B-21746,2570,1261,4,Furniture,Bookcases,Debit Card
B-21747,5515,2632,1,Electronics,Phones,COD
B-21748,1514,652,2,Furniture,Tables,Credit Card
B-21749,3201,467,2,Furniture,Furnishings,Debit Card
B-21750,5772,3525,3,Electronics,Electronic Games,Debit Card
B-21751,1577,495,2,Furniture,Bookcases,COD
B-21751,2139,372,4,Electronics,Electronic Games,COD
B-21751,447,124,5,Clothing,Trousers,Credit Card
B-21752,1888,133,2,Electronics,Phones,Credit Card
B-21753,1432,564,1,Electronics,Electronic Games,UPI
B-21754,1502,-145,5,Clothing,Shirt,EMI
B-21754,248,-11,1,Clothing,Kurti,UPI
B-21755,2924,809,4,Furniture,Bookcases,UPI
B-21756,1283,107,1,Furniture,Furnishings,Debit Card
B-21756,1908,-226,2,Clothing,Stole,Debit Card
B-21757,438,-177,1,Clothing,Stole,EMI
B-21758,5524,1286,1,Furniture,Tables,COD
B-21758,5277,730,5,Electronics,Printers,UPI
B-21759,2040,776,3,Electronics,Printers,UPI
B-21760,1414,708,3,Clothing,Stole,Debit Card
B-21761,2639,737,3,Furniture,Tables,UPI
B-21762,796,150,3,Clothing,Trousers,COD
B-21762,1058,141,5,Clothing,T-shirt,Credit Card
B-21763,1778,1009,3,Clothing,Shirt,UPI
B-21764,5049,2542,1,Electronics,Accessories,Credit Card
B-21765,5573,722,5,Electronics,Phones,Credit Card
B-21766,4371,1437,2,Electronics,Electronic Games,COD
B-21766,1804,-706,2,Clothing,Shirt,COD
B-21767,3473,1835,4,Electronics,Printers,Credit Card
B-21767,5037,665,2,Electronics,Accessories,Credit Card
B-21767,3977,1601,1,Electronics,Printers,UPI
B-21768,1446,682,5,Electronics,Printers,UPI
B-21769,2788,1407,4,Electronics,Electronic Games,COD
B-21770,1218,125,3,Electronics,Printers,EMI
B-21771,1545,-122,2,Clothing,Shirt,UPI
B-21772,1393,459,4,Clothing,Trousers,UPI
B-21772,4353,484,4,Electronics,Electronic Games,Credit Card
B-21773,34,21,3,Clothing,Kurti,Debit Card
B-21774,25,0,4,Clothing,Leggings,COD
B-21774,5500,862,3,Electronics,Printers,COD
B-21775,917,290,3,Electronics,Printers,Debit Card
B-21776,1847,530,3,Clothing,Kurti,COD
B-21776,3287,1789,1,Electronics,Phones,COD
B-21776,979,584,5,Electronics,Printers,Debit Card
B-21777,4093,760,3,Furniture,Furnishings,EMI
B-21778,1584,482,4,Clothing,Shirt,COD
B-21778,75,13,5,Clothing,Hankerchief,UPI
B-21779,178,99,5,Clothing,Kurti,UPI
B-21780,1050,402,4,Furniture,Chairs,COD
B-21781,1609,408,2,Clothing,Trousers,Credit Card
B-21782,549,252,4,Clothing,Hankerchief,Credit Card
B-21782,3479,758,3,Electronics,Phones,UPI
B-21783,2447,214,3,Furniture,Bookcases,UPI
B-21784,1748,440,3,Clothing,Leggings,Debit Card
B-21784,440,281,2,Clothing,T-shirt,Credit Card
B-21785,1241,-373,1,Clothing,Hankerchief,COD
B-21786,151,18,5,Clothing,Leggings,UPI
B-21787,4168,588,3,Furniture,Bookcases,COD
B-21788,1368,175,4,Clothing,Stole,COD
B-21789,2135,326,2,Furniture,Chairs,UPI
B-21789,1779,688,5,Furniture,Chairs,Debit Card
B-21790,174,38,3,Clothing,Hankerchief,Credit Card
B-21791,612,-197,1,Clothing,Trousers,COD
B-21792,1769,394,4,Furniture,Furnishings,COD
B-21792,718,317,1,Furniture,Bookcases,Credit Card
B-21793,1994,652,3,Clothing,Leggings,UPI
B-21794,1553,209,4,Clothing,T-shirt,COD
B-21795,1013,67,4,Clothing,Kurti,Debit Card
B-21796,1836,-351,4,Clothing,Hankerchief,Credit Card
B-21797,5546,1649,1,Electronics,Accessories,COD
B-21797,877,587,2,Clothing,Hankerchief,COD
B-21798,949,36,5,Clothing,Shirt,UPI
B-21798,5074,1202,1,Electronics,Electronic Games,Credit Card
B-21799,3142,914,1,Electronics,Accessories,UPI
B-21800,4168,2292,2,Electronics,Accessories,COD
B-21801,1972,-356,1,Clothing,Shirt,COD
B-21801,946,-388,4,Clothing,Skirt,EMI
B-21802,2896,265,2,Electronics,Accessories,COD
B-21803,4615,150,4,Furniture,Bookcases,Credit Card
B-21804,363,42,5,Electronics,Accessories,EMI
B-21804,1536,688,2,Electronics,Electronic Games,EMI
B-21805,2299,1044,1,Electronics,Phones,COD
B-21806,1627,764,3,Furniture,Furnishings,COD
B-21807,337,69,1,Clothing,Saree,EMI
B-21808,2294,825,3,Furniture,Furnishings,UPI
B-21809,3081,1724,1,Electronics,Electronic Games,COD
B-21809,479,234,4,Electronics,Electronic Games,UPI
B-21809,5040,1206,2,Electronics,Electronic Games,UPI
B-21810,178,-17,5,Clothing,Shirt,UPI
B-21811,4306,360,1,Electronics,Phones,COD
B-21812,1816,749,5,Furniture,Chairs,UPI
B-21813,2607,821,5,Furniture,Chairs,EMI
B-21813,5683,2294,1,Electronics,Accessories,UPI
B-21814,2414,1099,5,Electronics,Phones,UPI
B-21815,651,-136,2,Clothing,Saree,COD
B-21815,2833,859,3,Furniture,Tables,Credit Card
B-21815,2206,500,2,Electronics,Electronic Games,Credit Card
B-21816,3294,1332,4,Furniture,Tables,UPI
B-21816,1575,-165,3,Clothing,Saree,EMI
B-21816,1888,-936,4,Clothing,Leggings,EMI
B-21817,4004,882,1,Furniture,Furnishings,Credit Card
B-21818,1751,-673,3,Clothing,Leggings,UPI
B-21819,4733,2279,2,Electronics,Phones,Credit Card
B-21820,1939,1268,4,Clothing,Hankerchief,COD
B-21821,5619,2243,5,Furniture,Furnishings,EMI
B-21822,220,15,3,Clothing,Hankerchief,UPI
B-21822,1900,1010,4,Electronics,Phones,Credit Card
B-21823,50,15,5,Clothing,Shirt,COD
B-21823,958,545,3,Clothing,Stole,Debit Card
B-21824,407,66,1,Clothing,T-shirt,EMI
B-21824,5235,2464,4,Furniture,Furnishings,UPI
B-21824,3976,239,1,Furniture,Tables,COD
B-21825,4240,2432,4,Electronics,Printers,COD
B-21825,1460,376,5,Clothing,Leggings,COD
B-21826,3521,1281,4,Electronics,Accessories,EMI
B-21826,1762,175,5,Clothing,Skirt,UPI
B-21827,1991,-453,1,Clothing,Stole,Credit Card
B-21828,1585,407,3,Clothing,T-shirt,COD
B-21829,2619,1421,1,Electronics,Printers,Credit Card
B-21829,5119,567,4,Electronics,Electronic Games,UPI
B-21830,5584,2688,4,Furniture,Furnishings,COD
B-21830,1430,716,2,Clothing,Shirt,COD
B-21831,4331,734,5,Electronics,Printers,Credit Card
B-21831,2084,462,5,Furniture,Tables,Debit Card
B-21832,885,59,5,Clothing,Trousers,Credit Card
B-21832,3534,1707,5,Furniture,Chairs,COD
B-21833,153,-47,5,Clothing,Trousers,COD
B-21834,3422,549,4,Furniture,Tables,COD
B-21834,3176,239,4,Electronics,Electronic Games,UPI
B-21835,4794,1193,2,Electronics,Printers,COD
B-21835,4145,1935,5,Electronics,Phones,Debit Card
B-21836,311,-98,2,Clothing,Hankerchief,Debit Card
B-21837,3138,1514,5,Electronics,Accessories,Debit Card
B-21837,1318,-476,3,Clothing,Skirt,COD
B-21837,2027,1220,2,Electronics,Electronic Games,COD
B-21838,960,496,2,Clothing,Shirt,COD
B-21839,3722,1358,4,Electronics,Accessories,UPI
B-21840,251,115,5,Clothing,Shirt,EMI
B-21841,226,-73,1,Clothing,T-shirt,COD
B-21842,3488,1080,5,Furniture,Furnishings,COD
B-21842,836,254,3,Clothing,Saree,Credit Card
B-21843,1639,-17,2,Clothing,Leggings,COD
B-21843,1116,-54,1,Clothing,Trousers,UPI
B-21844,3277,212,5,Electronics,Electronic Games,Debit Card
B-21845,997,160,3,Clothing,Skirt,Credit Card
B-21845,3548,190,5,Electronics,Phones,COD
B-21846,4940,2293,3,Electronics,Accessories,Debit Card
B-21846,1224,553,4,Electronics,Phones,UPI
B-21847,1706,1116,4,Clothing,Saree,COD
B-21848,1199,747,5,Clothing,Kurti,EMI
B-21849,1662,-64,1,Clothing,T-shirt,UPI
B-21850,4414,2091,5,Electronics,Phones,Credit Card
B-21851,3219,1082,1,Furniture,Chairs,UPI
B-21852,5437,157,3,Furniture,Chairs,UPI
B-21852,1828,750,1,Electronics,Accessories,UPI
B-21853,1017,635,3,Electronics,Electronic Games,Credit Card
B-21854,1209,117,5,Electronics,Printers,Credit Card
B-21854,4524,2094,2,Furniture,Furnishings,COD
B-21855,693,246,5,Furniture,Tables,EMI
B-21856,1652,918,5,Clothing,Stole,UPI
B-21857,2522,511,3,Electronics,Printers,COD
B-21858,3331,983,2,Furniture,Chairs,UPI
B-21858,3453,1624,3,Electronics,Accessories,UPI
B-21859,3354,1360,3,Furniture,Bookcases,UPI
B-21860,1236,587,2,Electronics,Electronic Games,COD
B-21861,931,332,1,Electronics,Phones,Credit Card
B-21862,4705,98,4,Furniture,Furnishings,Debit Card
B-21863,3923,2225,2,Electronics,Phones,Debit Card
B-21864,4103,350,2,Electronics,Phones,Credit Card
B-21865,3088,770,4,Furniture,Bookcases,UPI
B-21866,5426,113,3,Furniture,Bookcases,UPI
B-21866,1552,870,1,Clothing,Shirt,Debit Card
B-21867,1474,882,2,Electronics,Accessories,Credit Card
B-21867,884,247,1,Electronics,Accessories,EMI
B-21868,738,103,3,Electronics,Accessories,COD
B-21868,335,-128,5,Clothing,Leggings,COD
B-21869,1569,693,5,Clothing,Trousers,COD
B-21870,1101,516,3,Clothing,Kurti,UPI
B-21870,189,59,5,Clothing,Kurti,Credit Card
B-21871,1152,150,4,Furniture,Bookcases,COD
B-21872,4834,1141,4,Furniture,Bookcases,COD
B-21873,623,-206,2,Clothing,Trousers,Credit Card
B-21873,1840,-870,5,Clothing,Shirt,COD
B-21873,1669,515,4,Clothing,T-shirt,UPI
B-21874,1513,-693,4,Clothing,T-shirt,Credit Card
B-21875,2041,937,3,Furniture,Chairs,Debit Card
B-21876,5437,2387,3,Electronics,Accessories,Credit Card
B-21876,1632,324,3,Clothing,Saree,COD
B-21876,1980,408,1,Electronics,Printers,COD
B-21877,1627,-166,1,Clothing,Stole,COD
B-21877,5688,2340,4,Furniture,Bookcases,COD
B-21878,2740,758,2,Furniture,Furnishings,COD
B-21879,592,182,4,Clothing,Leggings,UPI
B-21879,1603,666,3,Furniture,Furnishings,COD
B-21880,487,309,5,Clothing,Stole,COD
B-21880,4898,626,2,Furniture,Furnishings,COD
B-21881,394,219,1,Electronics,Electronic Games,UPI
B-21882,1169,636,4,Clothing,Shirt,COD
B-21883,1237,273,1,Furniture,Bookcases,UPI
B-21883,1392,431,4,Clothing,Stole,COD
B-21883,4342,339,3,Electronics,Electronic Games,Debit Card
B-21884,2864,1200,2,Furniture,Furnishings,COD
B-21885,137,71,5,Clothing,Leggings,COD
B-21886,1643,1038,2,Electronics,Phones,COD
B-21887,248,54,1,Clothing,T-shirt,EMI
B-21888,1693,1181,2,Clothing,Skirt,UPI
B-21888,3189,528,5,Electronics,Accessories,UPI
B-21888,2738,1321,3,Furniture,Bookcases,UPI
B-21889,1879,1172,1,Clothing,Stole,COD
B-21889,5195,1421,3,Electronics,Accessories,COD
B-21889,3702,1444,3,Electronics,Phones,EMI
B-21890,5881,2739,4,Furniture,Bookcases,Credit Card
B-21891,4909,3182,1,Electronics,Printers,Credit Card
B-21892,1210,595,5,Electronics,Accessories,Credit Card
B-21893,1506,-359,5,Clothing,Stole,Debit Card
B-21894,2481,848,5,Electronics,Printers,Credit Card
B-21895,4,0,5,Clothing,Skirt,Debit Card
B-21895,1724,315,2,Furniture,Tables,Credit Card
B-21896,901,98,5,Electronics,Electronic Games,Credit Card
B-21897,439,264,1,Electronics,Printers,UPI
B-21898,920,518,2,Clothing,Stole,UPI
B-21898,3842,1429,1,Furniture,Chairs,Credit Card
B-21899,4032,1391,1,Furniture,Bookcases,UPI
B-21900,1605,1057,1,Clothing,Trousers,Credit Card
B-21901,4296,836,1,Electronics,Accessories,COD
B-21902,1206,62,3,Clothing,Skirt,COD
B-21903,3205,941,2,Electronics,Phones,UPI
B-21904,2005,254,2,Furniture,Chairs,Debit Card
B-21905,1165,140,5,Electronics,Printers,COD
B-21905,2530,83,3,Furniture,Chairs,COD
B-21906,3180,1876,5,Electronics,Electronic Games,COD
B-21907,1371,-601,3,Clothing,Leggings,EMI
B-21908,1213,-234,5,Clothing,Trousers,UPI
B-21909,2678,307,4,Furniture,Tables,UPI
B-21909,1040,-325,3,Clothing,Stole,COD
B-21910,429,-86,1,Clothing,T-shirt,COD
B-21910,938,-357,4,Clothing,Skirt,UPI
B-21911,3298,654,1,Electronics,Printers,Debit Card
B-21912,1218,-187,1,Clothing,Saree,COD
B-21912,1399,113,5,Electronics,Phones,COD
B-21912,1300,215,3,Furniture,Tables,Credit Card
B-21913,4343,314,3,Electronics,Electronic Games,UPI
B-21914,1571,958,3,Clothing,Kurti,COD
B-21915,723,282,4,Clothing,Stole,UPI
B-21916,942,391,4,Clothing,Skirt,EMI
B-21917,5214,2481,1,Furniture,Chairs,UPI
B-21918,1140,-435,1,Clothing,Stole,COD
B-21919,120,-51,5,Clothing,Skirt,Debit Card
B-21920,4822,964,5,Electronics,Electronic Games,EMI
B-21920,1859,-86,5,Clothing,Stole,UPI
B-21921,1044,101,3,Furniture,Furnishings,COD
B-21921,277,-79,1,Clothing,Stole,Debit Card
B-21921,3227,210,4,Electronics,Electronic Games,COD
B-21922,1104,153,1,Electronics,Electronic Games,Credit Card
B-21922,1216,-169,3,Clothing,Trousers,COD
B-21923,1980,1064,1,Clothing,Skirt,UPI
B-21924,4694,1163,3,Furniture,Furnishings,COD
B-21925,429,-194,4,Clothing,Hankerchief,COD
B-21925,3696,1378,5,Furniture,Bookcases,Credit Card
B-21926,2211,833,3,Furniture,Tables,Debit Card
B-21927,3108,544,5,Furniture,Bookcases,Credit Card
B-21928,2332,705,1,Electronics,Phones,COD
B-21929,2227,114,5,Electronics,Phones,Credit Card
B-21930,3991,1710,1,Furniture,Chairs,Debit Card
B-21931,1532,719,1,Clothing,Stole,Credit Card
B-21932,4570,819,4,Furniture,Bookcases,Credit Card
B-21932,3212,2005,5,Electronics,Phones,Credit Card
B-21933,4564,1017,3,Electronics,Phones,EMI
B-21933,1988,1186,4,Clothing,Hankerchief,EMI
B-21934,974,-6,5,Clothing,Skirt,Debit Card
B-21935,4992,663,3,Furniture,Furnishings,COD
B-21935,2564,601,1,Electronics,Printers,COD
B-21936,733,91,3,Electronics,Accessories,COD
B-21937,5458,931,5,Electronics,Printers,COD
B-21937,790,74,1,Furniture,Tables,COD
B-21937,4974,1799,3,Electronics,Phones,EMI
B-21938,5499,2187,1,Electronics,Phones,UPI
B-21939,3038,940,4,Furniture,Bookcases,EMI
B-21940,924,606,5,Clothing,T-shirt,COD
B-21941,856,598,2,Clothing,Kurti,COD
B-21942,155,52,1,Clothing,Kurti,UPI
B-21942,833,103,4,Furniture,Chairs,Credit Card
B-21943,57,32,4,Clothing,Shirt,UPI
B-21943,1235,544,5,Clothing,Shirt,COD
B-21943,5021,1968,4,Furniture,Furnishings,Debit Card
B-21944,4021,1063,5,Furniture,Furnishings,COD
B-21944,1024,317,1,Electronics,Printers,Credit Card
B-21945,1363,-387,2,Clothing,Saree,UPI
B-21946,746,198,2,Electronics,Phones,Debit Card
B-21946,5392,1941,5,Electronics,Accessories,COD
B-21947,2532,770,2,Furniture,Tables,Debit Card
B-21947,4537,261,3,Electronics,Phones,UPI
B-21948,5178,1130,1,Furniture,Tables,COD
B-21948,589,86,1,Electronics,Printers,Debit Card
B-21949,995,423,4,Furniture,Furnishings,COD
B-21949,3477,660,3,Furniture,Tables,COD
B-21950,1741,542,4,Clothing,T-shirt,Debit Card
B-21951,1435,326,2,Electronics,Accessories,Credit Card
B-21952,1293,544,1,Clothing,Skirt,COD
B-21953,5577,3179,3,Electronics,Printers,UPI
B-21954,2418,1346,5,Electronics,Accessories,Credit Card
B-21955,1529,527,2,Electronics,Phones,COD
B-21955,554,107,2,Furniture,Chairs,Credit Card
B-21955,708,-26,2,Clothing,Leggings,Credit Card
B-21956,4778,1825,1,Electronics,Phones,UPI
B-21956,500,75,2,Electronics,Electronic Games,COD
B-21956,924,50,1,Clothing,Hankerchief,EMI
B-21957,1375,273,4,Clothing,Stole,Credit Card
B-21958,4420,1044,3,Electronics,Printers,COD
B-21959,523,221,2,Clothing,T-shirt,COD
B-21960,4173,1603,5,Electronics,Phones,UPI
B-21960,889,67,4,Clothing,Kurti,COD
B-21961,1291,514,5,Clothing,Shirt,Credit Card
B-21962,4650,2151,2,Electronics,Printers,Credit Card
B-21963,5586,3347,3,Electronics,Phones,COD
B-21964,404,230,5,Clothing,Kurti,Debit Card
B-21965,2544,1411,5,Electronics,Printers,Credit Card
B-21966,5538,1295,2,Furniture,Tables,COD
B-21966,1804,-448,3,Clothing,Leggings,EMI
B-21967,5150,402,1,Furniture,Tables,COD
B-21968,1719,-518,1,Clothing,Hankerchief,Debit Card
B-21969,4728,1747,2,Electronics,Phones,COD
B-21969,1082,-6,1,Clothing,Shirt,Credit Card
B-21970,2242,1374,1,Electronics,Printers,COD
B-21971,1714,417,3,Electronics,Printers,Credit Card
B-21971,924,-440,1,Clothing,Stole,Credit Card
B-21972,5654,1010,2,Electronics,Electronic Games,COD
B-21973,4687,316,1,Furniture,Chairs,COD
B-21974,2758,993,3,Furniture,Furnishings,Debit Card
B-21974,1926,57,2,Clothing,Saree,UPI
B-21974,3629,918,3,Electronics,Electronic Games,UPI
B-21975,3543,1323,1,Furniture,Chairs,Credit Card
B-21976,691,181,1,Clothing,Stole,UPI
B-21976,2352,335,2,Electronics,Accessories,Credit Card
B-21976,1782,-692,4,Clothing,T-shirt,Debit Card
B-21977,1247,817,3,Clothing,Hankerchief,EMI
B-21978,1166,238,3,Furniture,Tables,Debit Card
B-21978,3031,639,1,Electronics,Electronic Games,COD
B-21978,4541,2231,1,Electronics,Printers,UPI
B-21979,1603,1089,4,Clothing,Trousers,UPI
B-21979,5524,1678,5,Furniture,Chairs,Credit Card
B-21980,5219,1846,2,Furniture,Tables,COD
B-21981,4754,1786,3,Furniture,Furnishings,Credit Card
B-21982,3959,1689,1,Furniture,Chairs,Credit Card
B-21983,4025,1031,5,Furniture,Furnishings,Credit Card
B-21984,689,80,5,Furniture,Bookcases,Debit Card
B-21985,4134,1724,1,Electronics,Phones,COD
B-21985,1915,650,3,Clothing,Skirt,Debit Card
B-21986,700,-274,5,Clothing,Shirt,Credit Card
B-21987,4883,1245,3,Furniture,Furnishings,Credit Card
B-21988,1432,-282,4,Clothing,Saree,Debit Card
B-21989,3618,1064,3,Furniture,Chairs,COD
B-21990,1562,591,2,Clothing,Kurti,UPI
B-21991,1207,292,4,Clothing,Leggings,COD
B-21992,954,-451,1,Clothing,Stole,Credit Card
B-21993,1679,821,1,Electronics,Printers,COD
B-21993,4891,1539,2,Furniture,Furnishings,COD
B-21993,4312,898,1,Furniture,Tables,COD
B-21994,1514,902,2,Clothing,Hankerchief,Debit Card
B-21995,1963,618,2,Electronics,Phones,COD
B-21995,1932,306,4,Electronics,Phones,COD
B-21995,889,-21,3,Clothing,Trousers,Debit Card
B-21996,1925,371,2,Clothing,Stole,Debit Card
B-21996,5757,1122,3,Electronics,Phones,EMI
B-21997,1945,209,5,Clothing,Trousers,COD
B-21997,1684,-561,3,Clothing,Shirt,Credit Card
B-21998,573,362,4,Clothing,Trousers,Credit Card
B-21998,4153,1518,1,Furniture,Bookcases,Debit Card
B-21999,4202,1483,5,Furniture,Bookcases,UPI
B-21999,3965,545,2,Electronics,Phones,UPI
B-21999,2249,669,5,Furniture,Bookcases,Debit Card
B-22000,4200,308,1,Electronics,Accessories,EMI
B-22000,1716,1099,3,Electronics,Phones,COD
B-22001,1665,-547,1,Clothing,Kurti,Debit Card
B-22002,788,29,2,Furniture,Tables,Debit Card
B-22002,1504,523,5,Electronics,Phones,Credit Card
B-22002,4765,411,3,Electronics,Electronic Games,COD
B-22003,643,391,3,Electronics,Printers,EMI
B-22003,274,166,3,Clothing,Shirt,UPI
B-22003,4747,935,5,Furniture,Furnishings,COD
B-22004,3710,1644,3,Electronics,Phones,Credit Card
B-22004,1700,891,4,Electronics,Printers,Debit Card
B-22004,368,85,3,Electronics,Phones,Debit Card
B-22005,603,-201,3,Clothing,T-shirt,UPI
B-22006,1877,-818,4,Clothing,Skirt,Credit Card
B-22007,508,50,4,Electronics,Phones,UPI
B-22008,1239,681,1,Electronics,Phones,COD
B-22008,3754,396,1,Furniture,Furnishings,COD
B-22009,3848,1432,1,Furniture,Bookcases,EMI
B-22009,452,65,4,Electronics,Printers,COD
B-22009,1653,-757,5,Clothing,Saree,COD
B-22010,2733,143,3,Electronics,Phones,UPI
B-22011,307,196,4,Clothing,Skirt,UPI
B-22011,358,150,4,Clothing,T-shirt,Debit Card
B-22012,1059,287,5,Furniture,Bookcases,Credit Card
B-22013,551,-18,1,Clothing,Skirt,COD
B-22014,4195,394,5,Electronics,Phones,COD
B-22015,1713,735,1,Furniture,Tables,COD
B-22016,4097,1817,1,Electronics,Electronic Games,Debit Card
B-22016,1686,-210,2,Clothing,Leggings,UPI
B-22016,1870,674,2,Electronics,Electronic Games,UPI
B-22017,2670,236,4,Furniture,Bookcases,COD
B-22018,1350,740,3,Electronics,Printers,UPI
B-22018,866,319,3,Clothing,Saree,COD
B-22019,1688,-513,1,Clothing,Stole,COD
B-22020,882,-115,4,Clothing,Stole,COD
B-22020,1237,107,1,Furniture,Chairs,EMI
B-22021,734,193,5,Clothing,T-shirt,UPI
B-22022,3815,919,4,Furniture,Tables,COD
B-22022,776,-18,4,Clothing,T-shirt,UPI
B-22023,623,213,1,Clothing,Kurti,EMI
B-22023,599,73,3,Furniture,Tables,UPI
B-22023,2395,1187,2,Electronics,Accessories,UPI
B-22024,5499,714,3,Electronics,Phones,EMI
B-22024,4987,1786,3,Electronics,Phones,Debit Card
B-22025,5363,3346,2,Electronics,Electronic Games,Credit Card
B-22026,2943,1198,1,Electronics,Electronic Games,Credit Card
B-22027,5574,1334,1,Furniture,Bookcases,COD
B-22028,1247,35,1,Furniture,Tables,Credit Card
B-22029,124,35,2,Clothing,Stole,Debit Card
B-22030,433,256,3,Clothing,Saree,COD
B-22031,362,239,2,Clothing,Skirt,UPI
B-22031,5098,1237,2,Electronics,Phones,Debit Card
B-22032,741,-70,5,Clothing,Saree,EMI
B-22033,1172,504,3,Clothing,Stole,COD
B-22033,891,-26,3,Clothing,Saree,Debit Card
B-22034,1121,-444,4,Clothing,Saree,UPI
B-22035,1738,613,2,Furniture,Bookcases,Credit Card
B-22036,1696,567,5,Clothing,Skirt,COD
B-22037,696,-286,5,Clothing,Leggings,COD
B-22038,1842,1258,5,Clothing,Skirt,Credit Card
B-22039,2221,748,2,Electronics,Accessories,COD
B-22040,720,-324,2,Clothing,Skirt,EMI
B-22041,2332,145,1,Furniture,Furnishings,COD
B-22041,1812,427,3,Electronics,Electronic Games,UPI
B-22042,1700,383,2,Clothing,Hankerchief,Debit Card
B-22043,689,-156,3,Clothing,Saree,Debit Card
B-22043,318,30,3,Electronics,Accessories,Credit Card
B-22044,4831,1039,5,Electronics,Phones,COD
B-22045,3987,1816,1,Furniture,Bookcases,Credit Card
B-22045,2047,403,2,Furniture,Bookcases,Debit Card
B-22045,5394,1160,4,Electronics,Accessories,EMI
B-22046,1362,-109,3,Clothing,T-shirt,Credit Card
B-22047,4447,1358,4,Electronics,Printers,COD
B-22048,1575,197,5,Clothing,Stole,COD
B-22049,843,301,5,Furniture,Bookcases,COD
B-22050,3665,1794,2,Furniture,Tables,EMI
B-22050,1301,596,2,Furniture,Bookcases,UPI
B-22051,816,-166,5,Clothing,Shirt,Credit Card
B-22051,489,59,1,Electronics,Accessories,COD
B-22052,1248,611,2,Clothing,Stole,Debit Card
B-22053,1694,604,2,Electronics,Accessories,Debit Card
B-22054,3913,769,5,Furniture,Tables,UPI
B-22055,4848,2155,3,Electronics,Printers,EMI
B-22056,4747,461,2,Electronics,Phones,EMI
B-22057,553,297,3,Clothing,Hankerchief,Debit Card
B-22058,3625,1369,3,Electronics,Electronic Games,COD
B-22059,5959,2489,5,Furniture,Bookcases,EMI
B-22060,1908,716,2,Electronics,Accessories,COD
B-22061,4152,2505,5,Electronics,Phones,UPI
B-22062,3448,763,1,Furniture,Tables,Debit Card
B-22063,846,89,4,Clothing,Shirt,EMI
B-22063,4528,536,2,Electronics,Phones,UPI
B-22064,4557,2508,2,Electronics,Phones,Credit Card
B-22065,1241,-500,1,Clothing,Stole,UPI
B-22066,3570,815,4,Electronics,Printers,Credit Card
B-22067,2843,216,1,Electronics,Phones,UPI
B-22068,366,242,1,Clothing,Shirt,UPI
B-22069,3190,1139,5,Electronics,Printers,COD
B-22069,1412,-261,2,Clothing,Skirt,Debit Card
B-22070,1736,-807,3,Clothing,Shirt,EMI
B-22070,1900,287,5,Clothing,Hankerchief,Credit Card
B-22070,5510,3009,4,Electronics,Electronic Games,Debit Card
B-22071,1664,53,3,Clothing,Skirt,Debit Card
B-22071,805,-72,5,Clothing,Kurti,COD
B-22072,645,306,2,Electronics,Accessories,Debit Card
B-22072,746,-352,5,Clothing,Hankerchief,COD
B-22073,3315,1188,2,Electronics,Printers,Debit Card
B-22073,1272,372,1,Clothing,T-shirt,UPI
B-22074,1302,-366,3,Clothing,Leggings,EMI
B-22074,3266,1155,4,Electronics,Phones,COD
B-22075,5155,2547,5,Furniture,Chairs,Credit Card
B-22075,3433,326,2,Furniture,Tables,UPI
B-22076,1991,388,5,Furniture,Chairs,UPI
B-22076,2875,1596,2,Electronics,Phones,COD
B-22077,1756,972,5,Electronics,Accessories,COD
B-22078,921,-197,3,Clothing,Leggings,UPI
B-22078,62,31,4,Clothing,T-shirt,UPI
B-22079,3908,395,3,Electronics,Electronic Games,Debit Card
B-22080,390,-132,3,Clothing,Leggings,UPI
B-22081,148,81,4,Clothing,Hankerchief,UPI
B-22082,1980,689,4,Electronics,Accessories,COD
B-22082,851,-23,5,Clothing,Kurti,Credit Card
B-22083,1254,574,3,Electronics,Accessories,Debit Card
B-22083,3033,563,1,Electronics,Electronic Games,Credit Card
B-22084,1794,290,5,Electronics,Phones,UPI
B-22085,4085,872,4,Electronics,Printers,COD
B-22086,3361,1913,5,Electronics,Electronic Games,COD
B-22087,3355,346,1,Electronics,Printers,Credit Card
B-22088,532,-49,1,Clothing,T-shirt,UPI
B-22089,712,378,4,Electronics,Phones,UPI
B-22090,2173,1151,4,Electronics,Phones,COD
B-22091,377,189,3,Clothing,Stole,UPI
B-22092,1658,523,2,Clothing,Shirt,COD
B-22092,1438,186,1,Furniture,Chairs,Debit Card
B-22093,394,-144,4,Clothing,Stole,UPI
B-22093,3186,1695,2,Electronics,Electronic Games,Debit Card
B-22093,542,-58,1,Clothing,Kurti,UPI
B-22094,1114,505,2,Furniture,Furnishings,Credit Card
B-22095,599,200,5,Furniture,Furnishings,Debit Card
B-22095,4006,182,3,Furniture,Chairs,UPI
B-22095,2673,178,1,Electronics,Accessories,COD
B-22096,680,283,1,Furniture,Tables,UPI
B-22097,2539,434,5,Electronics,Electronic Games,Debit Card
B-22097,661,-151,4,Clothing,Kurti,COD
B-22098,3174,1876,3,Electronics,Electronic Games,COD
B-22099,512,316,1,Clothing,Saree,COD
B-22100,853,322,5,Clothing,Hankerchief,COD
B-22101,3186,1510,2,Furniture,Bookcases,Credit Card
B-22101,4600,1297,4,Furniture,Furnishings,COD
B-22102,669,271,5,Clothing,Skirt,UPI
B-22102,5273,2959,1,Electronics,Electronic Games,UPI
B-22102,3206,933,2,Furniture,Furnishings,Debit Card
B-22103,1680,781,5,Clothing,Skirt,COD
B-22104,3194,760,5,Furniture,Tables,COD
B-22105,1660,664,1,Clothing,Hankerchief,Credit Card
B-22106,5670,1597,3,Electronics,Phones,Debit Card
B-22106,4856,1472,1,Electronics,Printers,Debit Card
B-22107,758,200,5,Furniture,Chairs,UPI
B-22108,972,129,1,Clothing,Kurti,COD
B-22109,2570,1204,3,Electronics,Phones,COD
B-22110,3159,927,2,Electronics,Printers,COD
B-22110,1156,365,3,Clothing,Saree,COD
B-22111,3267,1587,2,Electronics,Phones,Credit Card
B-22111,1314,818,1,Clothing,Shirt,Credit Card
B-22112,1714,785,1,Electronics,Accessories,Debit Card
B-22113,1537,192,4,Clothing,Shirt,UPI
B-22114,495,24,4,Clothing,Skirt,COD
B-22115,5246,2533,2,Furniture,Furnishings,COD
B-22116,2853,791,1,Furniture,Tables,UPI
B-22116,415,-136,4,Clothing,T-shirt,Debit Card
B-22117,489,18,4,Clothing,Trousers,Credit Card
B-22117,1692,915,3,Electronics,Electronic Games,UPI
B-22117,5701,1374,5,Electronics,Accessories,COD
B-22118,3342,1137,3,Furniture,Chairs,Credit Card
B-22119,3835,2195,4,Electronics,Phones,COD
B-22120,1102,735,1,Clothing,Shirt,Credit Card
B-22121,3898,1078,1,Electronics,Electronic Games,EMI
B-22122,3106,860,4,Furniture,Tables,Debit Card
B-22122,3319,610,4,Electronics,Printers,Debit Card
B-22122,4419,1605,2,Furniture,Furnishings,UPI
B-22123,746,337,4,Furniture,Furnishings,UPI
B-22123,2058,1279,4,Electronics,Accessories,UPI
B-22124,1256,798,1,Electronics,Accessories,Credit Card
B-22125,372,83,4,Clothing,Leggings,Credit Card
B-22125,982,-221,2,Clothing,Hankerchief,Credit Card
B-22126,352,-8,3,Clothing,Skirt,UPI
B-22126,324,138,4,Electronics,Accessories,Debit Card
B-22127,1492,137,1,Electronics,Printers,UPI
B-22128,2576,588,1,Electronics,Electronic Games,Credit Card
B-22128,2754,1719,5,Electronics,Printers,UPI
B-22129,584,-73,2,Clothing,Trousers,COD
B-22130,1090,319,2,Electronics,Phones,COD
B-22130,1576,637,1,Clothing,Leggings,Credit Card
B-22131,5102,303,4,Electronics,Accessories,COD
B-22132,3787,2015,4,Electronics,Electronic Games,COD
B-22133,1424,709,3,Clothing,Trousers,Credit Card
B-22133,1487,254,5,Clothing,Hankerchief,COD
B-22134,4095,1674,3,Furniture,Chairs,COD
B-22135,4899,3009,4,Electronics,Electronic Games,Debit Card
B-22136,3707,1730,2,Furniture,Furnishings,COD
B-22137,1998,-850,3,Clothing,Leggings,UPI
B-22138,2720,805,3,Furniture,Tables,UPI
B-22139,5288,533,1,Furniture,Furnishings,COD
B-22140,294,-3,4,Clothing,Stole,COD
B-22141,4438,861,4,Electronics,Accessories,COD
B-22142,2391,896,3,Electronics,Accessories,Debit Card
B-22143,5755,1413,1,Electronics,Printers,UPI
B-22144,2168,131,1,Electronics,Electronic Games,EMI
B-22144,1814,-71,2,Clothing,Kurti,Debit Card
B-22145,5973,1074,5,Furniture,Chairs,Debit Card
B-22145,4859,2540,1,Electronics,Phones,Debit Card
B-22146,527,81,4,Furniture,Tables,EMI
B-22147,833,327,5,Electronics,Accessories,Debit Card
B-22148,1516,597,5,Electronics,Printers,Credit Card
B-22148,3453,1775,3,Electronics,Accessories,EMI
B-22149,5080,986,1,Furniture,Furnishings,Debit Card
B-22149,1544,549,4,Clothing,Skirt,UPI
B-22150,5711,2547,4,Electronics,Printers,Debit Card
B-22151,271,-34,3,Clothing,Saree,UPI
B-22151,961,506,5,Electronics,Printers,COD
B-22151,935,-235,1,Clothing,Shirt,UPI
B-22152,4442,1792,5,Electronics,Printers,UPI
B-22153,962,376,4,Clothing,Kurti,EMI
B-22153,1321,-497,5,Clothing,Skirt,Credit Card
B-22154,1335,842,3,Electronics,Accessories,UPI
B-22155,3456,716,3,Electronics,Accessories,UPI
B-22156,5159,1844,3,Electronics,Electronic Games,UPI
B-22157,1689,-85,3,Clothing,Hankerchief,Debit Card
B-22158,1685,599,1,Electronics,Printers,COD
B-22158,1512,-388,3,Clothing,Leggings,Debit Card
B-22159,2426,294,2,Furniture,Chairs,Debit Card
B-22160,5449,3218,1,Electronics,Electronic Games,COD
B-22161,290,182,4,Clothing,T-shirt,Credit Card
B-22161,1051,-297,1,Clothing,Trousers,Debit Card
B-22162,1743,98,1,Furniture,Bookcases,COD
B-22162,5189,1471,1,Furniture,Chairs,Credit Card
B-22163,1992,155,1,Electronics,Printers,COD
B-22164,1932,1334,4,Clothing,Shirt,UPI
B-22164,4479,635,5,Electronics,Electronic Games,Credit Card
B-22165,1121,-400,2,Clothing,Saree,COD
B-22165,1768,1132,2,Electronics,Accessories,Debit Card
B-22165,3468,1698,5,Furniture,Chairs,Debit Card
B-22166,1028,-469,4,Clothing,Leggings,Credit Card
B-22167,3730,771,2,Electronics,Phones,Debit Card
B-22168,1483,1011,4,Clothing,Shirt,COD
B-22168,4164,281,2,Electronics,Printers,Credit Card
B-22169,300,136,2,Clothing,Skirt,Debit Card
B-22169,1197,195,1,Clothing,Shirt,EMI
B-22170,3790,421,5,Furniture,Bookcases,UPI
B-22171,1569,174,4,Clothing,Stole,UPI
B-22172,2319,1277,5,Electronics,Electronic Games,Debit Card
B-22172,668,-140,4,Clothing,Skirt,Credit Card
B-22173,3712,608,3,Electronics,Printers,EMI
B-22173,1087,502,3,Furniture,Chairs,Debit Card
B-22174,2886,481,4,Furniture,Chairs,EMI
B-22174,5294,254,5,Furniture,Tables,UPI
B-22175,4459,181,1,Furniture,Chairs,COD
B-22175,345,100,3,Clothing,Hankerchief,Debit Card
B-22176,3373,911,3,Furniture,Furnishings,COD
B-22176,50,10,3,Clothing,Stole,COD
B-22176,4875,1300,3,Furniture,Tables,Credit Card
B-22177,1095,-403,3,Clothing,Saree,EMI
B-22177,828,105,2,Clothing,T-shirt,Credit Card
B-22178,5704,213,5,Furniture,Chairs,Credit Card
B-22179,1331,590,2,Clothing,Kurti,Credit Card
B-22180,956,59,4,Clothing,Trousers,Credit Card
B-22180,403,-57,1,Clothing,Kurti,Credit Card
B-22180,660,-62,1,Clothing,Trousers,COD
B-22181,402,192,3,Clothing,Kurti,Debit Card
B-22181,1574,100,2,Clothing,Saree,Debit Card
B-22181,5598,2642,2,Furniture,Tables,COD
B-22182,665,256,4,Furniture,Tables,Debit Card
B-22182,254,-25,5,Clothing,Trousers,UPI
B-22182,784,-196,2,Clothing,Hankerchief,COD
B-22183,4347,1075,5,Furniture,Tables,COD
B-22184,1401,85,1,Electronics,Phones,COD
B-22185,966,-292,2,Clothing,Hankerchief,UPI
B-22186,192,-30,4,Clothing,Shirt,UPI
B-22187,4421,2047,2,Electronics,Electronic Games,Credit Card
B-22188,1590,-425,1,Clothing,Saree,Credit Card
B-22188,4324,947,2,Furniture,Bookcases,COD
B-22189,3340,1062,1,Electronics,Printers,Credit Card
B-22189,827,218,2,Clothing,Shirt,EMI
B-22190,588,-59,1,Clothing,T-shirt,EMI
B-22191,922,-168,4,Clothing,Hankerchief,Credit Card
B-22191,3922,370,2,Electronics,Electronic Games,COD
B-22192,1180,293,3,Electronics,Printers,Debit Card
B-22193,506,104,5,Clothing,T-shirt,Credit Card
B-22193,559,175,3,Clothing,Trousers,UPI
B-22194,1854,-6,2,Clothing,Shirt,EMI
B-22195,3564,696,5,Electronics,Electronic Games,Credit Card
B-22196,4404,975,1,Electronics,Phones,COD
B-22197,5138,2402,5,Electronics,Accessories,EMI
B-22198,3722,2226,4,Electronics,Accessories,UPI
B-22199,1014,616,2,Clothing,Hankerchief,EMI
B-22200,1195,146,1,Clothing,T-shirt,UPI
B-22200,634,164,5,Furniture,Bookcases,Credit Card
B-22201,1069,-444,1,Clothing,Kurti,COD
B-22202,2797,63,2,Furniture,Bookcases,COD
B-22202,3400,701,4,Electronics,Printers,Credit Card
B-22203,1419,797,2,Clothing,Leggings,COD
B-22203,50,-3,4,Clothing,Stole,Credit Card
B-22204,4602,2019,1,Furniture,Tables,UPI
B-22205,4425,697,1,Furniture,Tables,COD
B-22205,2338,387,2,Furniture,Bookcases,UPI
B-22206,1738,974,3,Electronics,Phones,COD
B-22206,1505,207,4,Furniture,Chairs,Debit Card
B-22207,4686,1786,3,Electronics,Printers,UPI
B-22208,1246,528,3,Clothing,Leggings,Credit Card
B-22208,2414,775,3,Furniture,Tables,UPI
B-22209,996,-334,3,Clothing,Trousers,UPI
B-22210,679,-26,2,Clothing,Trousers,Debit Card
B-22210,5640,402,2,Electronics,Accessories,UPI
B-22211,4100,1519,1,Electronics,Printers,COD
B-22211,5546,1940,3,Furniture,Chairs,Debit Card
B-22211,4890,3046,3,Electronics,Printers,EMI
B-22212,362,157,1,Clothing,Kurti,COD
B-22213,2955,438,5,Furniture,Bookcases,COD
B-22213,1127,56,3,Electronics,Accessories,EMI
B-22214,5041,821,3,Electronics,Electronic Games,COD
B-22214,565,379,3,Clothing,Leggings,UPI
B-22215,1788,271,1,Electronics,Printers,COD
B-22215,1529,580,3,Clothing,Hankerchief,COD
B-22215,1765,294,2,Electronics,Printers,UPI
B-22216,4725,1128,5,Electronics,Printers,Debit Card
B-22216,4354,827,1,Electronics,Printers,COD
B-22217,3515,1964,1,Electronics,Electronic Games,UPI
B-22218,462,147,1,Clothing,Stole,COD
B-22219,5925,2366,5,Furniture,Tables,COD
B-22219,5509,1345,1,Electronics,Printers,UPI
B-22220,5418,3060,4,Electronics,Electronic Games,Debit Card
B-22220,998,-12,1,Clothing,Saree,UPI
B-22221,225,-18,2,Clothing,Saree,UPI
B-22222,164,49,1,Clothing,Trousers,Debit Card
B-22222,4886,1774,1,Electronics,Phones,Credit Card
B-22223,5805,1859,1,Furniture,Bookcases,UPI
B-22223,4353,715,3,Electronics,Printers,COD
B-22224,5496,1311,3,Furniture,Bookcases,Debit Card
B-22224,109,42,3,Clothing,Hankerchief,EMI
B-22225,1806,748,4,Clothing,Saree,Debit Card
B-22226,1678,787,5,Clothing,T-shirt,EMI
B-22227,478,123,5,Electronics,Printers,Credit Card
B-22228,2835,1455,5,Electronics,Printers,Credit Card
B-22229,815,136,5,Clothing,Trousers,Credit Card
B-22230,1180,-330,1,Clothing,Saree,UPI
B-22230,1681,560,5,Clothing,Hankerchief,UPI
B-22230,414,55,1,Electronics,Phones,Credit Card
B-22231,658,212,1,Clothing,Skirt,EMI
B-22232,705,322,3,Clothing,Hankerchief,Credit Card
B-22233,2679,668,5,Electronics,Electronic Games,Credit Card
B-22233,137,-21,4,Clothing,Shirt,Debit Card
B-22234,1258,542,1,Clothing,Skirt,UPI
B-22235,4915,1759,3,Electronics,Accessories,UPI
B-22236,465,-125,3,Clothing,Stole,UPI
B-22237,1235,54,5,Clothing,Leggings,UPI
B-22238,709,249,2,Electronics,Printers,COD
B-22239,1849,378,1,Electronics,Electronic Games,EMI
B-22240,1146,344,4,Furniture,Tables,UPI
B-22240,1935,-886,3,Clothing,Stole,UPI
B-22241,1779,968,5,Clothing,Skirt,UPI
B-22241,1218,-65,3,Clothing,Trousers,EMI
B-22241,377,152,2,Clothing,Saree,COD
B-22242,5281,850,3,Furniture,Tables,Debit Card
B-22243,5612,1824,3,Furniture,Bookcases,UPI
B-22244,322,8,5,Clothing,Skirt,UPI
B-22244,528,226,5,Furniture,Bookcases,Debit Card
B-22245,3916,1444,4,Electronics,Phones,UPI
B-22245,1915,723,2,Electronics,Accessories,Credit Card
B-22246,4917,2485,3,Electronics,Phones,COD
B-22246,3422,498,1,Electronics,Phones,Debit Card
B-22246,3524,1472,3,Furniture,Furnishings,EMI
B-22247,503,21,3,Furniture,Bookcases,UPI
B-22247,658,129,1,Clothing,Kurti,COD
B-22248,5758,3381,3,Electronics,Accessories,UPI
B-22249,1743,-679,4,Clothing,Skirt,Debit Card
B-22249,700,169,2,Clothing,Kurti,UPI
B-22250,1666,-535,4,Clothing,Leggings,Debit Card
B-22251,1303,696,4,Electronics,Accessories,Debit Card
B-22252,1851,102,3,Clothing,Stole,COD
B-22253,4667,971,4,Furniture,Tables,COD
B-22254,4264,1253,5,Furniture,Furnishings,COD
B-22255,1564,290,3,Electronics,Accessories,COD
B-22255,1034,610,1,Clothing,Hankerchief,EMI
B-22256,5402,2104,4,Furniture,Furnishings,Credit Card
B-22257,2329,828,4,Furniture,Bookcases,UPI
B-22258,4705,2897,4,Electronics,Accessories,EMI
B-22259,3242,121,3,Furniture,Tables,Debit Card
B-22259,880,270,3,Clothing,Saree,Debit Card
B-22260,1289,403,1,Clothing,Trousers,Credit Card
B-22260,4840,2531,4,Electronics,Phones,EMI
B-22261,1756,74,4,Clothing,Stole,EMI
B-22261,421,219,2,Clothing,Trousers,UPI
B-22261,1104,481,4,Clothing,Hankerchief,COD
B-22262,182,8,4,Clothing,Hankerchief,EMI
B-22263,940,-208,5,Clothing,Leggings,COD
B-22263,1911,164,2,Clothing,Trousers,Credit Card
B-22263,5958,677,3,Furniture,Bookcases,UPI
B-22264,1434,27,3,Clothing,T-shirt,UPI
B-22265,857,-166,2,Clothing,Saree,COD
B-22265,1903,386,5,Electronics,Printers,UPI
B-22266,1727,362,3,Electronics,Accessories,Credit Card
B-22266,2519,939,2,Electronics,Accessories,Credit Card
B-22267,711,211,3,Furniture,Chairs,Debit Card
B-22268,504,-128,1,Clothing,Shirt,Credit Card
B-22269,722,-19,4,Clothing,Saree,Debit Card
B-22270,5603,3580,1,Electronics,Printers,Credit Card
B-22271,4948,1706,1,Furniture,Bookcases,EMI
B-22272,3713,1836,1,Electronics,Phones,COD
B-22273,3236,1186,2,Electronics,Accessories,Credit Card
B-22273,1915,-363,3,Clothing,Trousers,UPI
B-22274,3824,1243,1,Furniture,Furnishings,COD
B-22275,4610,1197,5,Electronics,Phones,Debit Card
B-22276,599,264,1,Clothing,Trousers,Credit Card
B-22277,2446,1583,5,Electronics,Accessories,Credit Card
B-22277,1089,381,3,Clothing,Stole,UPI
B-22277,618,256,2,Clothing,Hankerchief,Credit Card
B-22278,4055,1584,2,Electronics,Printers,EMI
B-22279,1409,-250,5,Clothing,Skirt,Debit Card
B-22280,1764,672,2,Clothing,Stole,UPI
B-22280,274,-6,3,Clothing,Stole,UPI
B-22281,2917,573,4,Furniture,Bookcases,Credit Card
B-22281,3438,251,5,Furniture,Chairs,Debit Card
B-22282,472,261,4,Clothing,Leggings,COD
B-22283,3543,1348,2,Electronics,Phones,EMI
B-22283,920,-416,1,Clothing,Stole,UPI
B-22284,2515,433,4,Electronics,Printers,COD
B-22285,381,-133,2,Clothing,Leggings,COD
B-22286,1224,479,2,Furniture,Furnishings,COD
B-22287,1064,133,5,Furniture,Bookcases,Credit Card
B-22287,4847,1519,2,Furniture,Bookcases,UPI
B-22287,72,-23,3,Clothing,T-shirt,EMI
B-22288,1828,-652,1,Clothing,Kurti,Credit Card
B-22289,64,-30,5,Clothing,T-shirt,EMI
B-22289,4308,718,2,Furniture,Furnishings,UPI
B-22290,572,-36,4,Clothing,Kurti,Debit Card
B-22291,1803,505,4,Clothing,Stole,COD
B-22292,641,243,1,Furniture,Chairs,UPI
B-22293,1855,116,4,Electronics,Printers,Credit Card
B-22293,4114,534,1,Furniture,Tables,Credit Card
B-22294,705,-328,3,Clothing,Kurti,Debit Card
B-22295,4619,2297,3,Electronics,Phones,COD
B-22296,5648,321,4,Furniture,Chairs,Credit Card
B-22296,5290,512,1,Furniture,Bookcases,Debit Card
B-22297,1131,-95,4,Clothing,T-shirt,COD
B-22297,795,-36,4,Clothing,Skirt,Credit Card
B-22298,946,469,4,Furniture,Bookcases,COD
B-22298,4347,975,4,Electronics,Accessories,UPI
B-22299,638,173,2,Furniture,Tables,EMI
B-22300,3153,637,5,Electronics,Phones,COD
B-22301,5650,801,1,Furniture,Furnishings,COD
B-22301,3153,1625,4,Electronics,Electronic Games,UPI
B-22302,1212,137,1,Clothing,Shirt,Debit Card
B-22303,1868,266,4,Clothing,Trousers,EMI
B-22304,5703,2691,5,Electronics,Printers,Credit Card
B-22304,4198,1620,4,Furniture,Furnishings,UPI
B-22305,375,28,5,Clothing,Skirt,Credit Card
B-22305,1540,1033,3,Clothing,Leggings,UPI
B-22305,1298,-342,2,Clothing,Skirt,UPI
B-22306,448,275,4,Clothing,Stole,COD
B-22307,1920,1340,4,Clothing,Saree,Credit Card
B-22308,1339,399,5,Clothing,T-shirt,COD
B-22309,516,-42,2,Clothing,Skirt,Credit Card
B-22309,2646,789,3,Furniture,Bookcases,Credit Card
B-22310,1092,481,5,Electronics,Printers,COD
B-22311,3485,1776,4,Electronics,Accessories,UPI
B-22311,138,22,3,Clothing,Leggings,UPI
B-22312,536,-201,4,Clothing,Saree,Debit Card
B-22313,65,-7,4,Clothing,Saree,COD
B-22313,2565,779,1,Electronics,Printers,COD
B-22314,1115,428,3,Clothing,T-shirt,UPI
B-22314,3733,1062,2,Electronics,Accessories,Credit Card
B-22315,1090,127,2,Electronics,Printers,COD
B-22315,3432,1518,4,Furniture,Chairs,UPI
B-22316,1845,-334,1,Clothing,Skirt,Credit Card
B-22316,4500,774,2,Electronics,Accessories,Credit Card
B-22316,4867,1472,1,Furniture,Bookcases,Credit Card
B-22317,3561,1083,1,Furniture,Chairs,Debit Card
B-22317,2564,813,2,Electronics,Electronic Games,COD
B-22317,1555,234,4,Furniture,Bookcases,Debit Card
B-22318,214,2,3,Clothing,Saree,Credit Card
B-22318,1931,-815,3,Clothing,T-shirt,COD
B-22318,3917,1290,1,Electronics,Accessories,EMI
B-22319,4589,368,4,Electronics,Printers,COD
B-22320,1411,91,5,Furniture,Furnishings,COD
B-22320,2597,1334,3,Electronics,Printers,COD
B-22321,1372,158,2,Clothing,Trousers,EMI
B-22322,581,151,2,Clothing,T-shirt,EMI
B-22323,1630,-198,5,Clothing,Shirt,COD
B-22324,5448,1093,5,Electronics,Phones,COD
B-22324,5986,1093,4,Furniture,Furnishings,EMI
B-22325,3054,1482,2,Furniture,Chairs,UPI
B-22325,1675,-662,2,Clothing,Skirt,UPI
B-22326,3537,1574,1,Electronics,Printers,Credit Card
B-22327,4904,1924,1,Electronics,Phones,UPI
B-22327,1450,765,2,Electronics,Phones,EMI
B-22328,1262,216,5,Furniture,Bookcases,Credit Card
B-22329,1697,681,5,Clothing,Shirt,Debit Card
B-22329,403,211,3,Electronics,Printers,COD
B-22329,60,-27,5,Clothing,T-shirt,COD
B-22330,1546,916,1,Electronics,Phones,UPI
B-22331,834,-263,3,Clothing,Stole,COD
B-22331,5493,2621,1,Furniture,Bookcases,Credit Card
B-22332,5565,3383,4,Electronics,Accessories,UPI
B-22332,3907,2472,4,Electronics,Printers,COD
B-22332,1993,715,3,Clothing,Stole,Credit Card
B-22333,3107,1600,4,Electronics,Printers,Credit Card
B-22333,194,130,4,Clothing,T-shirt,UPI
B-22333,5563,1624,1,Electronics,Phones,UPI
B-22334,4606,1330,3,Furniture,Chairs,Debit Card
B-22334,3444,977,1,Furniture,Chairs,Credit Card
B-22335,4121,1487,1,Electronics,Printers,Credit Card
B-22335,4406,255,4,Furniture,Tables,Debit Card
B-22335,23,14,1,Clothing,Saree,COD
B-22336,95,2,3,Clothing,Skirt,Debit Card
B-22337,1662,-721,4,Clothing,Trousers,Debit Card
B-22338,1900,1291,4,Clothing,Saree,UPI
B-22338,1661,663,4,Furniture,Chairs,UPI
B-22339,4154,2047,4,Furniture,Bookcases,COD
B-22340,970,-480,1,Clothing,Skirt,Debit Card
B-22341,3633,2152,2,Electronics,Phones,Debit Card
B-22342,2415,497,1,Furniture,Bookcases,Debit Card
B-22343,1133,227,5,Electronics,Printers,UPI
B-22343,1706,611,5,Furniture,Chairs,EMI
B-22343,964,366,2,Electronics,Electronic Games,COD
B-22344,2073,404,1,Furniture,Tables,COD
B-22345,2544,658,3,Furniture,Furnishings,Credit Card
B-22346,1849,-610,3,Clothing,Shirt,UPI
B-22346,1024,143,2,Clothing,Shirt,COD
B-22346,1517,255,2,Electronics,Accessories,Credit Card
B-22347,1444,490,4,Clothing,Hankerchief,EMI
B-22348,705,192,3,Electronics,Accessories,COD
B-22349,1415,-202,3,Clothing,Stole,EMI
B-22350,866,592,5,Clothing,Kurti,COD
B-22351,1488,400,5,Clothing,Hankerchief,UPI
B-22352,1417,90,1,Clothing,Trousers,Credit Card
B-22353,4561,1735,2,Furniture,Furnishings,UPI
B-22354,2788,711,5,Electronics,Phones,COD
B-22354,2386,581,4,Furniture,Tables,COD
B-22354,415,17,3,Clothing,Stole,EMI
B-22355,1838,846,4,Furniture,Chairs,Debit Card
B-22356,3710,1515,1,Electronics,Printers,COD
B-22357,4485,1229,3,Electronics,Phones,UPI
B-22358,1044,634,3,Clothing,Trousers,COD
B-22359,49,30,3,Clothing,T-shirt,COD
B-22359,2507,959,4,Electronics,Accessories,UPI
B-22359,4009,1690,4,Furniture,Bookcases,EMI
B-22360,3210,1173,5,Furniture,Chairs,UPI
B-22361,2712,1221,4,Electronics,Electronic Games,UPI
B-22361,81,36,3,Clothing,Stole,UPI
B-22362,3651,1850,2,Electronics,Electronic Games,Debit Card
B-22363,948,638,4,Clothing,Hankerchief,COD
B-22364,4276,2282,5,Electronics,Electronic Games,UPI
B-22364,4855,2824,4,Electronics,Printers,Credit Card
B-22365,4178,1656,3,Electronics,Phones,UPI
B-22365,3269,1610,3,Electronics,Electronic Games,EMI
B-22366,2057,1022,5,Electronics,Phones,Credit Card
B-22366,3660,1556,4,Furniture,Bookcases,Debit Card
B-22366,2365,1322,5,Electronics,Accessories,Credit Card
B-22367,3188,1095,1,Electronics,Accessories,Credit Card
B-22368,5692,2228,2,Furniture,Bookcases,COD
B-22368,4377,1828,4,Furniture,Tables,UPI
B-22368,4840,974,2,Electronics,Phones,UPI
B-22369,1912,-586,1,Clothing,Kurti,Credit Card
B-22370,4298,658,5,Electronics,Accessories,COD
B-22371,1174,431,1,Furniture,Tables,COD
B-22371,5388,1150,5,Furniture,Bookcases,UPI
B-22372,4880,403,1,Electronics,Printers,EMI
B-22373,2883,1255,5,Electronics,Accessories,COD
B-22373,361,71,2,Clothing,T-shirt,EMI
B-22374,4851,346,2,Furniture,Furnishings,COD
B-22375,1433,437,1,Electronics,Phones,COD
B-22375,1816,1090,2,Electronics,Electronic Games,Debit Card
B-22376,1126,362,2,Furniture,Chairs,COD
B-22377,3168,1953,1,Electronics,Accessories,COD
B-22378,685,-195,1,Clothing,Skirt,UPI
B-22379,847,351,4,Electronics,Electronic Games,COD
B-22379,5642,446,1,Furniture,Tables,UPI
B-22380,1364,463,1,Clothing,Trousers,COD
B-22380,788,436,1,Electronics,Phones,Debit Card
B-22381,991,490,2,Furniture,Tables,EMI
B-22381,1163,-504,4,Clothing,Kurti,COD
B-22381,2628,1085,2,Electronics,Electronic Games,Credit Card
B-22382,558,120,1,Electronics,Electronic Games,EMI
B-22382,4353,1048,4,Electronics,Electronic Games,COD
B-22383,4919,1804,3,Furniture,Tables,Debit Card
B-22384,2166,1356,2,Electronics,Phones,EMI
B-22385,728,-203,2,Clothing,Trousers,UPI
B-22385,979,-92,5,Clothing,Skirt,Debit Card
B-22386,3954,442,4,Furniture,Tables,Debit Card
B-22386,5467,3342,3,Electronics,Electronic Games,Credit Card
B-22387,4967,984,4,Furniture,Chairs,Credit Card
B-22388,3256,1085,4,Electronics,Accessories,Debit Card
B-22389,3694,257,1,Furniture,Chairs,COD
B-22389,515,-244,2,Clothing,Trousers,Debit Card
B-22389,1154,-36,2,Clothing,Kurti,Debit Card
B-22390,1102,-523,4,Clothing,T-shirt,Debit Card
B-22391,4013,1245,1,Furniture,Chairs,UPI
B-22391,4120,1015,1,Electronics,Phones,UPI
B-22392,2950,1370,2,Furniture,Tables,UPI
B-22393,3775,798,4,Furniture,Bookcases,UPI
B-22394,2169,803,2,Electronics,Electronic Games,COD
B-22395,1948,-788,3,Clothing,Skirt,Debit Card
B-22395,4285,1034,4,Furniture,Bookcases,COD
B-22395,1461,672,4,Furniture,Furnishings,COD
B-22396,5425,1874,4,Electronics,Printers,COD
B-22397,5955,2143,5,Furniture,Furnishings,COD
B-22397,1180,-508,4,Clothing,Trousers,Debit Card
B-22397,4840,1109,1,Electronics,Phones,UPI
B-22398,5688,1017,5,Furniture,Bookcases,Debit Card
B-22399,11,-1,1,Clothing,Leggings,Credit Card
B-22400,1672,-106,3,Clothing,Hankerchief,UPI
B-22401,2118,510,5,Furniture,Furnishings,COD
B-22401,2655,1179,5,Furniture,Chairs,COD
B-22402,1986,625,1,Clothing,Leggings,Credit Card
B-22402,1939,190,4,Clothing,Kurti,UPI
B-22402,2992,1766,2,Electronics,Electronic Games,UPI
B-22403,1518,648,5,Furniture,Tables,Debit Card
B-22404,2900,224,2,Electronics,Phones,COD
B-22405,1456,-255,4,Clothing,Skirt,COD
B-22405,3234,262,4,Electronics,Accessories,COD
B-22406,25,2,5,Clothing,Trousers,Credit Card
B-22406,897,130,1,Clothing,Hankerchief,COD
B-22406,2910,1554,4,Electronics,Electronic Games,Debit Card
B-22407,4365,1286,4,Furniture,Furnishings,EMI
B-22408,891,500,4,Clothing,Shirt,COD
B-22409,2304,701,5,Electronics,Accessories,Credit Card
B-22410,1211,406,2,Clothing,Skirt,COD
B-22410,365,210,5,Electronics,Electronic Games,COD
B-22411,3003,1674,1,Electronics,Printers,Debit Card
B-22412,874,317,4,Clothing,Leggings,Debit Card
B-22413,1080,474,2,Clothing,Saree,UPI
B-22414,142,39,4,Clothing,Leggings,COD
B-22414,1414,-613,4,Clothing,Stole,EMI
B-22415,5789,1952,5,Electronics,Electronic Games,COD
B-22416,4980,2386,3,Furniture,Chairs,Debit Card
B-22416,2549,221,5,Electronics,Printers,Credit Card
B-22417,119,13,4,Clothing,Saree,COD
B-22417,3395,1652,2,Electronics,Accessories,EMI
B-22418,144,21,5,Clothing,Shirt,COD
B-22419,5034,1874,4,Furniture,Bookcases,EMI
B-22420,1503,125,4,Furniture,Chairs,UPI
B-22421,5809,496,3,Furniture,Furnishings,Credit Card
B-22422,2841,1532,4,Electronics,Printers,Credit Card
B-22423,1134,71,5,Electronics,Printers,Credit Card
B-22423,3478,398,1,Furniture,Tables,Debit Card
B-22424,3499,879,2,Electronics,Printers,Debit Card
B-22424,3596,1323,4,Electronics,Electronic Games,Credit Card
B-22425,3499,979,1,Furniture,Furnishings,COD
B-22425,1324,-563,4,Clothing,Saree,COD
B-22426,3274,978,1,Electronics,Phones,COD
B-22426,2752,1141,4,Electronics,Printers,Credit Card
B-22426,662,-51,2,Clothing,Saree,COD
B-22427,1428,962,1,Clothing,Saree,COD
B-22428,5340,2339,1,Furniture,Bookcases,COD
B-22428,1185,49,4,Clothing,Hankerchief,UPI
B-22428,4357,2335,1,Electronics,Electronic Games,UPI
B-22429,527,283,2,Electronics,Phones,COD
B-22429,5483,867,2,Furniture,Tables,Credit Card
B-22430,2927,747,2,Furniture,Tables,Debit Card
B-22431,3294,700,4,Electronics,Phones,Credit Card
B-22432,90,-16,2,Clothing,Leggings,Debit Card
B-22433,1238,253,5,Furniture,Furnishings,Credit Card
B-22434,1817,795,5,Electronics,Phones,COD
B-22434,2728,700,1,Furniture,Bookcases,EMI
B-22435,1987,-225,3,Clothing,Stole,Debit Card
B-22436,598,188,1,Electronics,Electronic Games,EMI
B-22437,2511,338,5,Electronics,Printers,UPI
B-22438,3120,358,5,Furniture,Furnishings,Credit Card
B-22439,3289,1024,1,Furniture,Furnishings,EMI
B-22440,1054,-295,4,Clothing,Skirt,UPI
B-22441,140,75,5,Clothing,Saree,COD
B-22441,3587,1151,1,Electronics,Phones,Credit Card
B-22442,1629,-295,2,Clothing,Shirt,Credit Card
B-22442,2309,805,1,Electronics,Accessories,Debit Card
B-22443,599,231,2,Electronics,Phones,EMI
B-22444,2609,740,5,Electronics,Phones,Credit Card
B-22445,1550,-566,3,Clothing,Trousers,Debit Card
B-22446,891,287,3,Electronics,Electronic Games,COD
B-22446,3167,747,1,Furniture,Bookcases,COD
B-22447,695,39,3,Furniture,Furnishings,COD
B-22448,5922,1650,5,Furniture,Bookcases,COD
B-22448,2272,798,1,Electronics,Printers,UPI
B-22448,2577,1506,1,Electronics,Accessories,COD
B-22449,3467,515,3,Electronics,Printers,COD
B-22450,88,57,2,Clothing,Leggings,EMI
B-22450,5356,825,2,Furniture,Bookcases,COD
B-22450,1788,810,3,Furniture,Bookcases,Debit Card
B-22451,453,-60,2,Clothing,Kurti,COD
B-22452,373,-125,4,Clothing,Kurti,EMI
B-22453,1084,-263,3,Clothing,Stole,UPI
B-22454,5604,2298,5,Furniture,Chairs,UPI
B-22455,1543,-617,5,Clothing,Shirt,UPI
B-22455,1502,889,2,Clothing,Skirt,COD
B-22456,2154,568,5,Electronics,Accessories,Credit Card
B-22456,1520,104,5,Electronics,Printers,COD
B-22457,517,280,5,Electronics,Electronic Games,COD
B-22458,1179,179,3,Furniture,Tables,EMI
B-22459,2739,1018,2,Furniture,Tables,UPI
B-22459,1891,-440,2,Clothing,T-shirt,Credit Card
B-22460,2000,922,5,Clothing,Kurti,COD
B-22461,5725,1852,2,Furniture,Furnishings,Credit Card
B-22462,925,105,4,Electronics,Printers,EMI
B-22463,520,-43,4,Clothing,Leggings,UPI
B-22464,4130,151,4,Furniture,Tables,COD
B-22464,744,183,1,Clothing,Saree,UPI
B-22465,2203,594,2,Electronics,Printers,UPI
B-22466,1502,178,5,Furniture,Chairs,EMI
B-22466,1451,546,3,Clothing,Trousers,COD
B-22467,693,324,2,Furniture,Bookcases,COD
B-22467,2171,1363,5,Electronics,Accessories,Debit Card
B-22468,1973,905,5,Clothing,Trousers,EMI
B-22468,1428,563,4,Clothing,Shirt,Credit Card
B-22469,2825,794,5,Furniture,Furnishings,Credit Card
B-22470,3062,1463,5,Furniture,Furnishings,Debit Card
B-22471,1179,515,1,Clothing,Stole,COD
B-22472,629,124,2,Clothing,Shirt,Credit Card
B-22473,1499,914,3,Electronics,Printers,COD
B-22474,4601,1735,2,Furniture,Tables,Debit Card
B-22474,1431,874,2,Clothing,Trousers,UPI
B-22475,1602,-421,2,Clothing,Stole,COD
B-22475,1874,947,5,Clothing,Leggings,COD
B-22476,3032,1347,1,Furniture,Furnishings,Debit Card
B-22477,604,298,3,Clothing,Leggings,Debit Card
B-22478,396,97,3,Clothing,Hankerchief,Debit Card
B-22478,4043,1215,1,Furniture,Bookcases,Credit Card
B-22479,2034,197,1,Furniture,Bookcases,UPI
B-22480,5907,656,5,Furniture,Tables,COD
B-22480,1273,65,1,Clothing,Skirt,Debit Card
B-22481,1155,140,5,Clothing,Kurti,COD
B-22481,640,350,3,Clothing,Trousers,COD
B-22482,1514,7,4,Clothing,Kurti,COD
B-22482,1514,753,5,Electronics,Accessories,UPI
B-22483,144,-50,1,Clothing,Hankerchief,COD
B-22483,15,8,1,Clothing,Saree,Debit Card
B-22483,5115,1286,1,Furniture,Tables,COD
B-22484,5064,1582,4,Electronics,Electronic Games,UPI
B-22484,5994,2490,1,Furniture,Furnishings,Debit Card
B-22485,415,-169,3,Clothing,Stole,COD
B-22486,1847,456,3,Furniture,Bookcases,Debit Card
B-22486,5773,1995,1,Furniture,Bookcases,Credit Card
B-22486,2106,272,2,Furniture,Bookcases,Debit Card
B-22487,1195,351,3,Clothing,Trousers,UPI
B-22488,4559,2135,3,Furniture,Chairs,UPI
B-22488,854,-417,1,Clothing,Kurti,EMI
B-22488,3641,463,1,Furniture,Furnishings,Debit Card
B-22489,4240,1158,3,Electronics,Phones,Credit Card
B-22490,767,52,2,Furniture,Furnishings,UPI
B-22491,1676,491,4,Furniture,Chairs,Credit Card
B-22491,2201,1004,3,Electronics,Printers,Credit Card
B-22492,5678,731,3,Electronics,Printers,Debit Card
B-22493,636,49,3,Furniture,Chairs,Debit Card
B-22494,784,381,3,Clothing,Stole,UPI
B-22495,1184,508,2,Electronics,Accessories,EMI
B-22496,1712,213,5,Electronics,Phones,EMI
B-22497,5145,168,1,Furniture,Bookcases,Credit Card
B-22497,4038,1915,1,Furniture,Furnishings,UPI
B-22497,5746,3268,5,Electronics,Accessories,Credit Card
B-22498,3948,2156,4,Electronics,Electronic Games,UPI
B-22498,238,-76,4,Clothing,Leggings,Debit Card
B-22499,5298,1265,4,Furniture,Tables,EMI
B-22499,4047,795,1,Furniture,Bookcases,COD
B-22500,2936,637,3,Furniture,Furnishings,Debit Card
B-22500,2883,1169,4,Furniture,Tables,EMI
B-22500,5772,2222,2,Electronics,Accessories,COD
B-22501,4691,650,2,Furniture,Furnishings,Debit Card
B-22502,4473,366,3,Furniture,Bookcases,COD
B-22502,863,342,2,Clothing,Skirt,Debit Card
B-22503,5512,479,3,Electronics,Accessories,UPI
B-22504,4023,1582,2,Electronics,Accessories,Debit Card
B-22504,301,110,1,Clothing,Trousers,COD
B-22505,4098,1593,1,Electronics,Accessories,UPI
B-22506,3252,1882,2,Electronics,Electronic Games,COD
B-22506,5169,1621,3,Furniture,Chairs,EMI
B-22507,4477,353,1,Furniture,Bookcases,COD
B-22507,2633,567,5,Electronics,Phones,COD
B-22507,2719,975,4,Furniture,Furnishings,COD
B-22508,1366,743,4,Clothing,Trousers,EMI
B-22508,1584,788,3,Furniture,Chairs,Debit Card
B-22509,4452,168,2,Furniture,Bookcases,UPI
B-22510,1483,283,4,Electronics,Phones,Credit Card
B-22511,720,16,5,Furniture,Chairs,EMI
B-22511,837,221,2,Clothing,Trousers,UPI
B-22512,4718,2047,1,Furniture,Bookcases,COD
B-22512,1941,532,2,Clothing,Skirt,Debit Card
B-22513,1766,40,4,Furniture,Furnishings,Debit Card
B-22513,5460,1904,4,Electronics,Electronic Games,COD
B-22514,2481,157,5,Furniture,Chairs,UPI
B-22515,2700,1215,4,Furniture,Chairs,COD
B-22516,1030,309,3,Furniture,Bookcases,Credit Card
B-22517,5649,2488,1,Electronics,Electronic Games,EMI
B-22518,1252,423,2,Clothing,T-shirt,Credit Card
B-22519,1885,-188,3,Clothing,Stole,Debit Card
B-22520,1300,843,1,Clothing,Stole,Credit Card
B-22521,505,95,2,Electronics,Accessories,COD
B-22521,3618,1595,1,Furniture,Chairs,Debit Card
B-22521,2510,1169,2,Furniture,Chairs,COD
B-22522,4675,320,2,Electronics,Printers,COD
B-22523,2686,1103,5,Furniture,Tables,COD
B-22523,3706,2209,3,Electronics,Phones,Debit Card
B-22524,3185,1556,5,Furniture,Chairs,COD
B-22524,5837,2221,4,Furniture,Tables,UPI
B-22525,5856,2068,5,Furniture,Furnishings,Debit Card
B-22526,1440,369,1,Electronics,Electronic Games,EMI
B-22527,1951,-629,5,Clothing,Hankerchief,Credit Card
B-22528,721,464,4,Electronics,Accessories,EMI
B-22528,769,377,1,Furniture,Tables,UPI
B-22529,4962,2465,5,Electronics,Electronic Games,Credit Card
B-22529,625,284,4,Clothing,Leggings,COD
B-22530,1172,250,4,Furniture,Chairs,COD
B-22531,3876,1933,3,Furniture,Tables,COD
B-22532,4411,2138,1,Electronics,Printers,COD
B-22532,370,222,5,Clothing,Skirt,Debit Card
B-22533,5300,1344,3,Furniture,Furnishings,Debit Card
B-22533,5272,1130,5,Electronics,Electronic Games,COD
B-22534,1863,-178,5,Clothing,Kurti,Debit Card
B-22535,1913,851,2,Clothing,Hankerchief,UPI
B-22535,1518,107,1,Furniture,Tables,Debit Card
B-22536,1073,110,5,Clothing,Stole,COD
B-22536,3701,1198,2,Furniture,Bookcases,EMI
B-22537,1588,-371,3,Clothing,Saree,Credit Card
B-22537,4695,249,5,Furniture,Furnishings,COD
B-22538,226,146,2,Clothing,Hankerchief,Credit Card
B-22539,1296,804,3,Electronics,Printers,Debit Card
B-22540,2846,967,5,Electronics,Phones,UPI
B-22540,531,289,5,Clothing,Trousers,UPI
B-22541,164,73,2,Clothing,Kurti,COD
B-22541,1694,-379,3,Clothing,Stole,Debit Card
B-22542,1856,217,3,Clothing,Hankerchief,UPI
B-22543,4688,1522,5,Electronics,Printers,Debit Card
B-22544,2697,1060,1,Electronics,Accessories,COD
B-22545,1963,455,1,Furniture,Tables,Debit Card
B-22545,1330,366,4,Furniture,Chairs,COD
B-22545,407,-131,5,Clothing,Shirt,COD
B-22546,1715,952,1,Electronics,Accessories,COD
B-22547,499,326,5,Clothing,T-shirt,COD
B-22548,935,83,1,Clothing,Trousers,Credit Card
B-22549,886,2,3,Clothing,Trousers,UPI
B-22549,744,417,2,Clothing,Leggings,COD
B-22550,3867,1777,4,Electronics,Printers,COD
B-22550,4046,1282,2,Electronics,Printers,UPI
B-22551,1801,-446,1,Clothing,Skirt,UPI
B-22551,196,98,5,Clothing,Leggings,Credit Card
B-22552,1339,726,5,Clothing,Hankerchief,EMI
B-22553,1918,-901,3,Clothing,Trousers,UPI
B-22554,3680,1944,5,Electronics,Phones,UPI
B-22555,1321,158,3,Electronics,Accessories,Credit Card
B-22556,4998,720,4,Electronics,Electronic Games,COD
B-22556,3790,660,4,Furniture,Furnishings,Debit Card
B-22557,992,-299,1,Clothing,Stole,COD
B-22557,4776,1437,3,Electronics,Printers,COD
B-22558,5813,1448,4,Furniture,Bookcases,COD
B-22559,819,516,3,Clothing,Trousers,UPI
B-22559,1260,590,1,Electronics,Printers,UPI
B-22560,361,90,5,Clothing,Saree,Credit Card
B-22561,1901,1225,1,Clothing,Shirt,COD
B-22561,1856,1075,5,Electronics,Electronic Games,COD
B-22561,964,432,1,Furniture,Chairs,COD
B-22562,5054,948,4,Electronics,Phones,UPI
B-22562,466,58,3,Clothing,Leggings,EMI
B-22562,3502,1324,1,Electronics,Phones,UPI
B-22563,22,-5,4,Clothing,Trousers,COD
B-22564,983,608,1,Clothing,Stole,Credit Card
B-22565,1930,727,4,Clothing,Trousers,Credit Card
B-22566,4612,742,1,Electronics,Accessories,COD
B-22566,816,-149,3,Clothing,Skirt,Debit Card
B-22567,130,73,2,Clothing,Saree,Debit Card
B-22568,638,330,2,Clothing,T-shirt,Credit Card
B-22568,2739,742,1,Furniture,Chairs,COD
B-22569,3621,930,5,Electronics,Electronic Games,UPI
B-22570,379,33,3,Electronics,Phones,Credit Card
B-22571,1769,933,5,Clothing,Shirt,UPI
B-22572,3011,1682,2,Electronics,Phones,Debit Card
B-22573,565,-262,2,Clothing,Hankerchief,COD
B-22574,283,-86,5,Clothing,Saree,COD
B-22574,1991,789,3,Clothing,Saree,Debit Card
B-22574,2322,912,1,Electronics,Printers,EMI
B-22575,130,71,3,Clothing,Trousers,COD
B-22576,5610,1819,1,Furniture,Tables,Credit Card
B-22577,4938,1343,1,Electronics,Phones,COD
B-22577,4198,146,2,Furniture,Furnishings,Debit Card
B-22577,1545,-4,5,Clothing,Saree,COD
B-22578,4295,939,5,Furniture,Furnishings,Debit Card
B-22579,1246,-310,1,Clothing,T-shirt,UPI
B-22580,4843,752,5,Electronics,Accessories,UPI
B-22581,955,204,5,Furniture,Chairs,UPI
B-22581,599,-171,4,Clothing,Leggings,Debit Card
B-22581,3470,570,3,Electronics,Accessories,Credit Card
B-22582,999,571,3,Electronics,Electronic Games,COD
B-22582,1154,-47,3,Clothing,Stole,EMI
B-22583,463,-164,2,Clothing,Skirt,Debit Card
B-22583,3463,334,4,Electronics,Phones,Credit Card
B-22584,5401,2573,3,Electronics,Printers,Debit Card
B-22585,3663,1273,4,Furniture,Tables,Debit Card
B-22586,1190,426,5,Electronics,Electronic Games,UPI
B-22587,1905,430,1,Clothing,T-shirt,Credit Card
B-22588,4315,1385,1,Electronics,Printers,COD
B-22589,415,136,2,Electronics,Phones,Debit Card
B-22589,2034,75,1,Furniture,Bookcases,UPI
B-22590,1723,-508,4,Clothing,Hankerchief,COD
B-22590,5760,2443,5,Furniture,Chairs,UPI
B-22591,1641,-614,1,Clothing,Saree,COD
B-22592,188,86,5,Clothing,Leggings,UPI
B-22593,5131,3199,4,Electronics,Accessories,UPI
B-22594,1918,407,4,Furniture,Furnishings,COD
B-22595,3834,1298,3,Furniture,Bookcases,Credit Card
B-22596,1409,703,2,Furniture,Bookcases,Credit Card
B-22597,1666,-124,5,Clothing,Saree,UPI
B-22597,1246,638,2,Clothing,Trousers,Credit Card
B-22598,2570,1240,5,Furniture,Bookcases,COD
B-22599,4556,1359,1,Electronics,Accessories,UPI
B-22599,576,101,5,Furniture,Tables,EMI
B-22600,3640,413,4,Electronics,Electronic Games,Credit Card
B-22600,4349,113,3,Furniture,Bookcases,COD
B-22600,938,75,3,Clothing,Shirt,Credit Card
B-22601,1559,990,4,Clothing,Hankerchief,Credit Card
B-22601,3228,1315,2,Electronics,Printers,COD
B-22602,1214,109,5,Clothing,Saree,COD
B-22602,1800,137,1,Furniture,Tables,COD
B-22602,140,97,5,Clothing,Leggings,UPI
B-22603,4425,1123,4,Furniture,Bookcases,UPI
B-22603,4521,1018,4,Furniture,Bookcases,COD
B-22604,1826,418,4,Furniture,Tables,UPI
B-22604,1212,176,2,Furniture,Chairs,UPI
B-22605,2260,496,4,Electronics,Phones,COD
B-22606,1575,584,4,Clothing,Hankerchief,Credit Card
B-22606,4774,1090,3,Furniture,Tables,EMI
B-22607,491,142,4,Electronics,Electronic Games,Debit Card
B-22607,5321,2506,4,Electronics,Printers,COD
B-22607,1957,1250,3,Electronics,Electronic Games,Debit Card
B-22608,5883,853,5,Furniture,Chairs,COD
B-22609,5433,1375,5,Electronics,Accessories,UPI
B-22610,5555,1608,2,Electronics,Printers,UPI
B-22611,4189,1019,3,Electronics,Printers,Debit Card
B-22612,1814,874,1,Electronics,Printers,Debit Card
B-22612,3687,1744,2,Furniture,Tables,COD
B-22613,423,271,3,Clothing,Shirt,Credit Card
B-22614,993,513,1,Clothing,Shirt,UPI
B-22614,4158,1800,1,Electronics,Electronic Games,COD
B-22614,639,316,4,Electronics,Phones,Credit Card
B-22615,4556,1426,2,Furniture,Furnishings,COD
B-22616,1315,225,3,Furniture,Tables,Debit Card
B-22617,2419,565,4,Electronics,Accessories,UPI
B-22618,2991,856,1,Furniture,Chairs,Credit Card
B-22618,805,454,2,Electronics,Phones,Credit Card
B-22619,3791,303,2,Electronics,Electronic Games,UPI
B-22620,1865,660,4,Clothing,Stole,Debit Card
B-22621,2976,387,3,Furniture,Bookcases,Debit Card
B-22621,1826,102,5,Clothing,Saree,Debit Card
B-22622,4700,1956,4,Electronics,Electronic Games,EMI
B-22623,215,-30,5,Clothing,Leggings,COD
B-22623,1421,-579,5,Clothing,Saree,COD
B-22624,4423,672,1,Furniture,Tables,COD
B-22624,3811,1301,3,Electronics,Accessories,COD
B-22625,796,141,1,Clothing,Shirt,COD
B-22625,79,11,5,Clothing,Skirt,Debit Card
B-22625,2900,1411,3,Electronics,Printers,UPI
B-22626,5106,922,1,Electronics,Electronic Games,Credit Card
B-22627,312,-30,5,Clothing,Saree,UPI
B-22627,2056,878,3,Electronics,Phones,COD
B-22628,5882,245,5,Furniture,Bookcases,Debit Card
B-22628,5525,119,2,Furniture,Chairs,Credit Card
B-22629,931,446,2,Electronics,Electronic Games,COD
B-22630,1036,587,3,Electronics,Accessories,EMI
B-22631,1902,626,1,Clothing,T-shirt,UPI
B-22631,2852,1712,2,Electronics,Electronic Games,Debit Card
B-22632,4653,2195,1,Furniture,Furnishings,UPI
B-22633,5412,2522,2,Electronics,Phones,EMI
B-22633,4411,2757,3,Electronics,Electronic Games,UPI
B-22634,999,-325,5,Clothing,Kurti,COD
B-22635,2447,942,4,Electronics,Phones,Debit Card
B-22636,5483,945,3,Furniture,Bookcases,Debit Card
B-22637,678,329,2,Clothing,T-shirt,Debit Card
B-22638,81,39,3,Clothing,T-shirt,Credit Card
B-22639,1496,632,1,Electronics,Printers,UPI
B-22640,3790,288,5,Electronics,Electronic Games,Debit Card
B-22640,4931,2388,4,Electronics,Printers,COD
B-22641,369,218,1,Electronics,Electronic Games,COD
B-22642,258,118,1,Clothing,Hankerchief,UPI
B-22643,78,-34,4,Clothing,Leggings,Credit Card
B-22643,1899,-737,3,Clothing,T-shirt,UPI
B-22643,1843,728,3,Electronics,Printers,Credit Card
B-22644,2810,1182,4,Furniture,Chairs,Credit Card
B-22645,1190,-114,5,Clothing,Trousers,UPI
B-22646,5186,2185,1,Electronics,Phones,EMI
B-22646,1349,382,4,Electronics,Printers,UPI
B-22646,1096,90,1,Electronics,Phones,EMI
B-22647,2456,316,2,Furniture,Chairs,COD
B-22648,5035,1677,4,Furniture,Furnishings,UPI
B-22649,4461,366,5,Electronics,Electronic Games,UPI
B-22650,5114,1609,4,Furniture,Bookcases,Credit Card
B-22651,697,-54,3,Clothing,Shirt,UPI
B-22652,419,287,5,Clothing,Skirt,COD
B-22653,732,139,3,Electronics,Electronic Games,UPI
B-22653,689,385,2,Clothing,Trousers,UPI
B-22654,1719,362,3,Clothing,Skirt,COD
B-22654,3570,172,2,Furniture,Furnishings,Credit Card
B-22654,2209,642,2,Furniture,Tables,Credit Card
B-22655,2562,1259,1,Furniture,Bookcases,Debit Card
B-22655,733,1,1,Clothing,Hankerchief,UPI
B-22656,2032,962,1,Electronics,Phones,EMI
B-22657,761,-289,5,Clothing,Leggings,COD
B-22658,1657,302,2,Furniture,Furnishings,Debit Card
B-22658,5061,2704,2,Electronics,Electronic Games,Debit Card
B-22659,191,13,1,Clothing,Saree,EMI
B-22660,2483,183,4,Furniture,Furnishings,UPI
B-22660,217,-19,1,Clothing,Saree,UPI
B-22661,4050,1530,2,Furniture,Bookcases,Credit Card
B-22661,823,202,5,Furniture,Furnishings,UPI
B-22662,2270,971,5,Electronics,Electronic Games,Credit Card
B-22663,2093,376,3,Furniture,Furnishings,COD
B-22663,3214,891,4,Electronics,Accessories,EMI
B-22664,77,17,3,Clothing,T-shirt,Debit Card
B-22665,1056,241,2,Furniture,Tables,COD
B-22666,618,-112,2,Clothing,Saree,Credit Card
B-22667,764,150,4,Electronics,Phones,UPI
B-22668,1799,257,3,Electronics,Phones,Credit Card
B-22669,5661,138,3,Furniture,Bookcases,COD
B-22669,1384,168,2,Clothing,Skirt,UPI
B-22670,1574,513,3,Furniture,Bookcases,EMI
B-22670,5187,1944,4,Furniture,Bookcases,Credit Card
B-22671,524,258,5,Electronics,Electronic Games,Credit Card
B-22672,843,43,2,Furniture,Furnishings,COD
B-22673,5594,2948,4,Electronics,Phones,Debit Card
B-22674,127,-15,2,Clothing,Trousers,UPI
B-22675,338,120,4,Clothing,Hankerchief,COD
B-22675,322,9,3,Clothing,Kurti,UPI
B-22675,1792,-822,2,Clothing,Stole,Credit Card
B-22676,5655,1232,5,Electronics,Accessories,Credit Card
B-22676,1539,860,2,Electronics,Printers,UPI
B-22677,1591,690,4,Electronics,Printers,COD
B-22678,1298,288,3,Electronics,Phones,UPI
B-22679,3308,429,3,Furniture,Tables,Debit Card
B-22680,5710,1565,1,Furniture,Chairs,COD
B-22681,2740,1034,5,Furniture,Tables,EMI
B-22682,5478,2104,1,Furniture,Bookcases,COD
B-22682,460,253,5,Clothing,Saree,UPI
B-22683,1845,-509,4,Clothing,Saree,COD
B-22684,863,-287,1,Clothing,T-shirt,UPI
B-22684,1318,430,2,Furniture,Bookcases,UPI
B-22684,1306,624,2,Clothing,Shirt,Debit Card
B-22685,5649,1979,1,Electronics,Printers,Debit Card
B-22686,918,541,3,Electronics,Accessories,COD
B-22686,2314,1327,5,Electronics,Phones,Debit Card
B-22686,3651,1081,5,Electronics,Accessories,Debit Card
B-22687,1952,1326,2,Clothing,Kurti,COD
B-22688,792,-133,4,Clothing,Kurti,Credit Card
B-22688,3830,2321,5,Electronics,Phones,Debit Card
B-22689,921,225,2,Furniture,Tables,COD
B-22690,5716,2492,1,Electronics,Printers,Debit Card
B-22691,3285,531,2,Electronics,Printers,COD
B-22691,859,-278,2,Clothing,Leggings,EMI
B-22692,605,34,5,Electronics,Printers,COD
B-22693,1052,-322,2,Clothing,Shirt,Credit Card
B-22694,1018,262,3,Furniture,Bookcases,Credit Card
B-22694,2181,329,3,Furniture,Furnishings,COD
B-22695,4098,978,1,Furniture,Furnishings,UPI
B-22696,909,162,4,Clothing,Kurti,Debit Card
B-22696,1704,-771,4,Clothing,Shirt,Credit Card
B-22697,1405,-21,3,Clothing,Skirt,UPI
B-22698,4257,1557,2,Electronics,Phones,COD
B-22699,1919,-875,5,Clothing,T-shirt,COD
B-22699,3380,454,3,Electronics,Printers,UPI
B-22700,4713,2650,4,Electronics,Phones,Credit Card
B-22701,1294,453,2,Electronics,Phones,EMI
B-22701,1113,218,5,Clothing,Trousers,Debit Card
B-22702,1204,496,2,Clothing,Trousers,COD
B-22703,4197,2303,3,Electronics,Electronic Games,Debit Card
B-22704,1234,812,2,Clothing,Kurti,UPI
B-22704,287,171,1,Clothing,Stole,Debit Card
B-22705,1941,1223,4,Electronics,Accessories,Debit Card
B-22705,4153,2607,4,Electronics,Printers,COD
B-22706,1813,815,3,Clothing,Hankerchief,Debit Card
B-22707,2005,148,5,Electronics,Accessories,COD
B-22708,4312,2110,2,Furniture,Furnishings,Debit Card
B-22708,4627,1613,5,Furniture,Tables,Credit Card
B-22709,3894,1905,3,Electronics,Electronic Games,COD
B-22710,4107,2612,1,Electronics,Phones,Credit Card
B-22710,5977,1237,5,Furniture,Chairs,UPI
B-22710,990,397,3,Electronics,Printers,COD
B-22711,918,-180,5,Clothing,Trousers,UPI
B-22712,2928,605,1,Furniture,Furnishings,COD
B-22712,1127,369,1,Clothing,T-shirt,COD
B-22713,968,9,3,Clothing,Saree,Debit Card
B-22714,2304,1032,1,Furniture,Bookcases,Credit Card
B-22714,2706,1149,3,Electronics,Electronic Games,Debit Card
B-22715,856,441,2,Clothing,Stole,COD
B-22716,229,-4,2,Clothing,Kurti,Credit Card
B-22717,5757,1472,1,Furniture,Tables,UPI
B-22718,1007,168,4,Electronics,Phones,COD
B-22719,1304,-639,3,Clothing,Trousers,UPI
B-22720,4217,1846,1,Electronics,Phones,Debit Card
B-22721,855,-179,1,Clothing,Hankerchief,Debit Card
B-22722,5632,1456,4,Furniture,Bookcases,UPI
B-22723,210,-68,3,Clothing,Leggings,UPI
B-22724,1733,578,2,Clothing,Saree,COD
B-22725,1695,-442,5,Clothing,Trousers,UPI
B-22725,828,-174,1,Clothing,Stole,Debit Card
B-22726,1072,278,1,Electronics,Printers,Debit Card
B-22727,332,16,4,Clothing,Trousers,COD
B-22727,1934,-731,5,Clothing,Shirt,Credit Card
B-22728,2401,318,2,Electronics,Phones,UPI
B-22729,1397,138,1,Clothing,T-shirt,Debit Card
B-22730,1611,539,3,Electronics,Phones,UPI
B-22731,872,-278,3,Clothing,T-shirt,Debit Card
B-22732,1393,-463,3,Clothing,Trousers,COD
B-22733,1499,643,1,Furniture,Chairs,Debit Card
B-22733,1966,-315,3,Clothing,Leggings,Debit Card
B-22733,4991,1012,1,Electronics,Electronic Games,UPI
B-22734,3374,364,5,Electronics,Electronic Games,EMI
B-22734,4307,91,2,Furniture,Bookcases,COD
B-22735,1999,639,2,Furniture,Bookcases,UPI
B-22736,904,458,5,Clothing,T-shirt,Credit Card
B-22736,1779,-253,2,Clothing,Kurti,EMI
B-22737,2074,847,3,Furniture,Chairs,Credit Card
B-22737,251,-13,3,Clothing,Hankerchief,Debit Card
B-22738,511,224,5,Furniture,Bookcases,Credit Card
B-22739,191,104,5,Clothing,Leggings,Debit Card
B-22740,216,74,2,Clothing,Saree,Debit Card
B-22741,708,286,1,Electronics,Electronic Games,Credit Card
B-22742,1489,276,4,Clothing,Hankerchief,Credit Card
B-22743,902,102,2,Clothing,T-shirt,COD
B-22743,896,411,5,Clothing,Saree,Debit Card
B-22743,1117,-242,3,Clothing,Skirt,Credit Card
B-22744,2955,1458,4,Furniture,Furnishings,COD
B-22745,2690,976,4,Electronics,Accessories,COD
B-22746,1206,-43,1,Clothing,Leggings,UPI
B-22747,315,126,2,Electronics,Accessories,UPI
B-22747,798,-205,2,Clothing,Hankerchief,COD
B-22747,459,246,5,Electronics,Printers,COD
B-22748,301,-125,2,Clothing,Stole,Credit Card
B-22749,492,192,2,Clothing,T-shirt,COD
B-22750,3098,1190,5,Electronics,Printers,UPI
B-22751,1575,111,2,Clothing,Leggings,UPI
B-22751,4960,1574,2,Electronics,Accessories,UPI
B-22751,5578,3174,3,Electronics,Phones,COD
B-22752,173,32,5,Clothing,Kurti,EMI
B-22753,5368,3388,5,Electronics,Accessories,Debit Card
B-22754,997,64,3,Furniture,Furnishings,UPI
B-22755,1940,569,4,Clothing,Hankerchief,COD
B-22755,770,54,2,Clothing,Stole,COD
B-22756,2219,663,5,Electronics,Phones,UPI
B-22756,1138,217,3,Clothing,Trousers,COD
B-22757,1728,265,1,Clothing,Kurti,COD
B-22757,4201,1487,2,Furniture,Furnishings,Debit Card
B-22757,1131,506,3,Furniture,Tables,COD
B-22758,1442,133,1,Clothing,Hankerchief,UPI
B-22759,923,449,4,Furniture,Bookcases,UPI
B-22760,2417,1509,3,Electronics,Printers,Credit Card
B-22760,4154,855,1,Electronics,Accessories,Credit Card
B-22761,3221,418,3,Electronics,Printers,UPI
B-22762,1940,-181,4,Clothing,T-shirt,Credit Card
B-22763,363,26,3,Electronics,Printers,Credit Card
B-22763,3133,1916,1,Electronics,Phones,UPI
B-22764,2131,684,5,Furniture,Tables,COD
B-22765,1761,-860,3,Clothing,T-shirt,UPI
B-22766,2843,285,5,Furniture,Bookcases,COD
B-22767,1413,-451,5,Clothing,Kurti,COD
B-22768,1949,666,1,Electronics,Accessories,UPI
B-22768,887,112,5,Clothing,Shirt,UPI
B-22769,2633,293,3,Furniture,Tables,Debit Card
B-22770,1713,291,1,Clothing,Hankerchief,UPI
B-22771,3315,1265,5,Electronics,Electronic Games,Credit Card
B-22771,4948,836,1,Electronics,Electronic Games,Credit Card
B-22772,2976,330,3,Electronics,Printers,COD
B-22773,2796,598,3,Electronics,Printers,Debit Card
B-22774,5029,1867,5,Furniture,Bookcases,COD
B-22774,916,288,4,Clothing,Kurti,COD
B-22775,2973,1633,5,Electronics,Electronic Games,COD
B-22775,1237,406,5,Clothing,Shirt,UPI
B-22776,28,-3,5,Clothing,Shirt,EMI
B-22777,3804,625,2,Furniture,Tables,Credit Card
B-22778,2900,702,3,Furniture,Furnishings,UPI
B-22779,4645,2776,1,Electronics,Printers,Debit Card
B-22780,5446,477,3,Furniture,Chairs,Debit Card
B-22780,2057,344,4,Electronics,Accessories,Credit Card
B-22780,1049,-500,3,Clothing,Kurti,UPI
B-22781,1931,1243,4,Electronics,Electronic Games,Debit Card
B-22781,1204,692,4,Clothing,Saree,Credit Card
B-22782,1190,683,4,Clothing,T-shirt,COD
B-22783,4297,2131,2,Electronics,Printers,Debit Card
B-22784,756,63,3,Clothing,Stole,COD
B-22785,1396,131,2,Electronics,Printers,UPI
B-22786,5045,1081,1,Furniture,Chairs,Debit Card
B-22787,1419,573,3,Clothing,Saree,Debit Card
B-22788,1896,-12,3,Clothing,Saree,UPI
B-22789,1433,651,4,Clothing,Stole,Credit Card
B-22789,5627,217,3,Furniture,Chairs,COD
B-22789,748,-174,4,Clothing,Trousers,UPI
B-22790,89,28,1,Clothing,Kurti,UPI
B-22791,557,-41,3,Clothing,Kurti,COD
B-22792,1978,595,4,Clothing,T-shirt,Credit Card
B-22793,1735,-348,2,Clothing,Stole,UPI
B-22794,906,494,1,Clothing,Saree,UPI
B-22795,2023,887,4,Furniture,Tables,COD
B-22795,1500,-499,4,Clothing,Hankerchief,COD
B-22795,1951,12,4,Clothing,Shirt,COD
B-22796,3078,1124,4,Electronics,Printers,Credit Card
B-22797,5774,2836,1,Furniture,Tables,COD
B-22798,754,-95,1,Clothing,Kurti,UPI
B-22799,973,235,4,Clothing,Stole,COD
B-22799,51,-21,4,Clothing,Skirt,Credit Card
B-22799,2307,137,3,Furniture,Tables,COD
B-22800,229,-110,4,Clothing,Saree,EMI
B-22801,760,316,2,Clothing,Leggings,COD
B-22802,871,126,4,Clothing,Trousers,UPI
B-22802,324,-142,2,Clothing,Kurti,UPI
B-22803,4108,2425,1,Electronics,Phones,COD
B-22803,4604,2261,1,Furniture,Tables,Debit Card
B-22804,3254,96,5,Furniture,Tables,COD
B-22805,653,374,5,Clothing,Shirt,UPI
B-22805,300,-126,5,Clothing,Stole,COD
B-22806,2810,510,1,Electronics,Accessories,COD
B-22807,59,10,4,Clothing,Hankerchief,UPI
B-22808,4338,513,4,Electronics,Phones,Debit Card
B-22808,30,3,5,Clothing,Hankerchief,COD
B-22808,5546,621,5,Furniture,Furnishings,COD
B-22809,2672,233,5,Furniture,Furnishings,UPI
B-22810,4318,1076,3,Furniture,Chairs,Credit Card
B-22811,3725,2163,5,Electronics,Electronic Games,COD
B-22812,614,209,5,Furniture,Tables,UPI
B-22813,454,79,1,Electronics,Electronic Games,Debit Card
B-22814,1497,-645,3,Clothing,T-shirt,Credit Card
B-22815,1794,1153,1,Clothing,Skirt,Credit Card
B-22816,1915,1017,2,Electronics,Electronic Games,COD
B-22817,1052,403,1,Electronics,Phones,Credit Card
B-22817,5101,2612,1,Electronics,Printers,UPI
B-22818,2200,1234,3,Electronics,Accessories,COD
B-22819,2389,952,3,Furniture,Furnishings,Debit Card
B-22820,865,449,2,Clothing,T-shirt,UPI
B-22820,4453,477,3,Electronics,Printers,Credit Card
B-22820,1620,443,5,Clothing,Hankerchief,EMI
B-22821,2448,976,5,Furniture,Tables,COD
B-22822,151,-41,5,Clothing,Skirt,UPI
B-22823,2558,356,5,Furniture,Tables,Credit Card
B-22823,1821,1067,2,Electronics,Electronic Games,Debit Card
B-22823,2224,1016,4,Electronics,Printers,Debit Card
B-22824,4603,1615,5,Electronics,Printers,UPI
B-22825,3853,262,3,Electronics,Printers,COD
B-22826,1549,780,3,Clothing,Trousers,COD
B-22827,974,315,4,Clothing,T-shirt,EMI
B-22828,1870,839,4,Electronics,Accessories,Credit Card
B-22828,301,-108,5,Clothing,Skirt,EMI
B-22829,332,175,5,Clothing,T-shirt,UPI
B-22829,1446,484,4,Clothing,Skirt,UPI
B-22829,2033,760,5,Furniture,Tables,Debit Card
B-22830,1238,692,5,Clothing,Leggings,Debit Card
B-22830,4387,718,3,Furniture,Chairs,UPI
B-22831,1019,542,1,Clothing,Kurti,COD
B-22831,1719,843,2,Electronics,Electronic Games,UPI
B-22832,1145,60,5,Furniture,Tables,COD
B-22832,2498,1184,5,Furniture,Chairs,COD
B-22833,1347,-256,1,Clothing,Leggings,UPI
B-22833,4190,235,5,Furniture,Tables,Credit Card
B-22834,1090,336,1,Furniture,Bookcases,COD
B-22835,2524,143,4,Electronics,Phones,UPI
B-22836,2306,1037,1,Furniture,Chairs,UPI
B-22837,4461,712,1,Furniture,Tables,UPI
B-22838,295,38,2,Clothing,Kurti,COD
B-22838,1699,196,3,Furniture,Furnishings,UPI
B-22839,1443,743,2,Clothing,Trousers,EMI
B-22840,254,141,3,Clothing,Kurti,UPI
B-22841,4568,1421,3,Electronics,Electronic Games,COD
B-22841,2250,672,5,Furniture,Furnishings,Credit Card
B-22842,5096,430,2,Electronics,Phones,UPI
B-22843,842,-197,3,Clothing,Hankerchief,COD
B-22844,449,250,3,Electronics,Electronic Games,EMI
B-22845,26,-10,2,Clothing,Leggings,UPI
B-22845,5015,1037,4,Furniture,Bookcases,EMI
B-22846,4525,513,3,Furniture,Chairs,UPI
B-22846,1707,-598,4,Clothing,T-shirt,COD
B-22847,3151,1343,2,Furniture,Tables,Credit Card
B-22848,2441,1420,3,Electronics,Electronic Games,UPI
B-22849,3532,935,4,Electronics,Accessories,Credit Card
B-22850,1073,-432,2,Clothing,Stole,COD
B-22850,953,596,4,Clothing,Skirt,UPI
B-22850,2399,504,5,Furniture,Bookcases,EMI
B-22851,1480,158,1,Furniture,Furnishings,UPI
B-22851,1021,437,4,Clothing,T-shirt,UPI
B-22852,521,126,1,Clothing,Trousers,EMI
B-22852,718,356,5,Clothing,Hankerchief,Debit Card
B-22853,3812,975,2,Electronics,Phones,UPI
B-22853,5462,894,2,Electronics,Electronic Games,COD
B-22853,4050,1016,5,Furniture,Tables,COD
B-22854,740,104,4,Electronics,Phones,Credit Card
B-22855,417,214,1,Clothing,Leggings,COD
B-22855,578,95,5,Electronics,Phones,Credit Card
B-22855,170,-23,1,Clothing,Stole,COD
B-22856,3452,1195,4,Electronics,Electronic Games,COD
B-22856,1932,666,4,Furniture,Tables,Debit Card
B-22857,3705,456,3,Electronics,Accessories,EMI
B-22857,1577,-427,3,Clothing,T-shirt,COD
B-22858,3220,1798,1,Electronics,Electronic Games,COD
B-22859,1485,-7,5,Clothing,Leggings,EMI
B-22860,1561,1088,3,Clothing,Leggings,EMI
B-22860,4033,751,1,Electronics,Printers,COD
B-22861,900,-18,2,Clothing,Skirt,COD
B-22862,2519,335,4,Furniture,Tables,COD
B-22863,4239,2223,3,Electronics,Printers,Credit Card
B-22864,1936,463,2,Furniture,Chairs,COD
B-22864,682,-206,3,Clothing,Kurti,COD
B-22865,1705,-119,3,Clothing,T-shirt,Debit Card
B-22866,25,-3,3,Clothing,Trousers,UPI
B-22867,275,122,5,Clothing,Saree,COD
B-22868,1117,677,1,Electronics,Phones,EMI
B-22869,372,136,1,Electronics,Electronic Games,COD
B-22870,1775,788,5,Clothing,Hankerchief,COD
B-22871,4468,1651,2,Electronics,Electronic Games,UPI
B-22871,179,39,4,Clothing,Skirt,COD
B-22872,542,14,4,Clothing,Skirt,UPI
B-22873,2536,255,1,Furniture,Bookcases,UPI
B-22873,4239,1268,5,Electronics,Phones,Debit Card
B-22874,2053,363,2,Furniture,Bookcases,UPI
B-22875,4846,1410,1,Electronics,Accessories,Credit Card
B-22876,5368,2740,3,Electronics,Accessories,Credit Card
B-22877,1819,604,2,Clothing,Leggings,Credit Card
B-22878,788,111,1,Clothing,Stole,UPI
B-22879,897,-72,1,Clothing,Leggings,Debit Card
B-22880,4606,1545,4,Electronics,Phones,UPI
B-22880,52,-18,3,Clothing,Shirt,Debit Card
B-22881,5918,2234,4,Furniture,Bookcases,Debit Card
B-22881,1585,218,1,Electronics,Electronic Games,EMI
B-22882,5709,1419,5,Furniture,Tables,Credit Card
B-22883,3383,1907,4,Electronics,Printers,COD
B-22883,373,11,1,Clothing,Shirt,Credit Card
B-22884,3299,2140,5,Electronics,Printers,COD
B-22884,1788,-28,1,Clothing,Hankerchief,COD
B-22885,5489,2207,4,Furniture,Chairs,UPI
B-22885,1488,-421,2,Clothing,Kurti,UPI
B-22885,3774,1336,3,Furniture,Bookcases,UPI
B-22886,2053,249,1,Electronics,Accessories,UPI
B-22886,4102,621,1,Electronics,Printers,EMI
B-22886,608,184,1,Clothing,T-shirt,UPI
B-22887,1356,54,2,Clothing,Hankerchief,Debit Card
B-22887,1245,441,5,Clothing,Trousers,EMI
B-22888,2544,1005,4,Furniture,Bookcases,UPI
B-22889,5063,2463,4,Electronics,Printers,Debit Card
B-22889,1214,-581,4,Clothing,Kurti,COD
B-22890,4610,2142,5,Furniture,Bookcases,COD
B-22890,376,60,2,Electronics,Electronic Games,UPI
B-22891,47,11,2,Clothing,Leggings,COD
B-22892,801,-292,2,Clothing,Kurti,Credit Card
B-22893,3112,2018,3,Electronics,Phones,UPI
B-22894,1683,-677,3,Clothing,Stole,COD
B-22894,1152,218,2,Clothing,Stole,EMI
B-22895,939,332,2,Clothing,Leggings,COD
B-22895,926,445,1,Clothing,Kurti,Credit Card
B-22895,495,-63,4,Clothing,Saree,EMI
B-22896,677,210,2,Clothing,Saree,COD
B-22896,463,234,2,Clothing,Shirt,UPI
B-22896,742,-336,5,Clothing,Leggings,COD
B-22897,5842,2321,5,Furniture,Tables,COD
B-22898,2322,1333,1,Electronics,Electronic Games,UPI
B-22899,1340,740,2,Clothing,Saree,COD
B-22900,3445,889,1,Electronics,Electronic Games,COD
B-22901,4366,378,4,Furniture,Tables,Credit Card
B-22901,3856,1440,4,Electronics,Electronic Games,Credit Card
B-22902,1126,1,5,Clothing,Kurti,Credit Card
B-22903,2005,1092,3,Electronics,Accessories,UPI
B-22904,4681,1472,2,Furniture,Chairs,COD
B-22905,1814,1002,2,Clothing,Hankerchief,UPI
B-22905,2502,1213,3,Furniture,Tables,COD
B-22905,678,-4,5,Clothing,Trousers,COD
B-22906,815,33,4,Clothing,Hankerchief,EMI
B-22907,1911,-938,2,Clothing,Shirt,UPI
B-22908,246,-120,1,Clothing,Leggings,Debit Card
B-22908,1695,643,1,Clothing,Trousers,COD
B-22908,326,25,5,Electronics,Phones,UPI
B-22909,1474,471,4,Electronics,Accessories,Debit Card
B-22910,3259,1284,3,Electronics,Electronic Games,UPI
B-22911,485,94,3,Clothing,Hankerchief,COD
B-22912,1335,-146,5,Clothing,Hankerchief,COD
B-22912,1262,717,4,Clothing,Stole,UPI
B-22913,3768,1728,3,Electronics,Phones,EMI
B-22914,542,285,2,Electronics,Accessories,UPI
B-22914,1210,703,5,Clothing,Shirt,Debit Card
B-22914,1361,480,4,Furniture,Tables,COD
B-22915,277,34,2,Clothing,Stole,Debit Card
B-22915,2258,150,2,Furniture,Bookcases,Debit Card
B-22916,3161,440,1,Electronics,Printers,UPI
B-22916,1281,-593,2,Clothing,Shirt,UPI
B-22917,4951,510,3,Furniture,Furnishings,COD
B-22918,1808,530,3,Clothing,T-shirt,UPI
B-22919,2341,282,2,Electronics,Electronic Games,Debit Card
B-22919,4059,1339,4,Furniture,Chairs,Credit Card
B-22920,1646,159,2,Furniture,Tables,Debit Card
B-22921,1897,895,3,Clothing,Shirt,EMI
B-22921,1046,341,3,Electronics,Electronic Games,EMI
B-22922,1676,-702,1,Clothing,T-shirt,Credit Card
B-22922,5572,2622,1,Electronics,Phones,EMI
B-22923,689,362,5,Clothing,Skirt,Debit Card
B-22924,313,-120,5,Clothing,Kurti,COD
B-22925,2971,1237,1,Furniture,Chairs,Debit Card
B-22926,4286,543,1,Electronics,Electronic Games,Credit Card
B-22927,148,0,3,Clothing,Stole,Debit Card
B-22928,2658,186,1,Electronics,Accessories,EMI
B-22928,1962,-288,1,Clothing,Skirt,UPI
B-22929,1604,1084,5,Clothing,T-shirt,COD
B-22930,1402,596,4,Furniture,Chairs,UPI
B-22931,336,102,5,Clothing,T-shirt,UPI
B-22932,4357,1002,5,Electronics,Phones,EMI
B-22932,1988,1190,3,Electronics,Printers,Credit Card
B-22933,4822,782,2,Electronics,Phones,Credit Card
B-22933,1215,350,3,Electronics,Accessories,EMI
B-22934,5246,2239,2,Electronics,Printers,EMI
B-22935,4370,373,4,Furniture,Chairs,UPI
B-22935,2054,132,3,Furniture,Chairs,Credit Card
B-22936,216,-51,4,Clothing,Hankerchief,UPI
B-22937,1918,-345,2,Clothing,Skirt,UPI
B-22938,3693,1136,5,Furniture,Furnishings,Credit Card
B-22939,5414,1197,5,Electronics,Electronic Games,Debit Card
B-22939,818,329,2,Clothing,Kurti,UPI
B-22939,65,44,3,Clothing,Leggings,Debit Card
B-22940,4560,1532,1,Furniture,Furnishings,Credit Card
B-22941,5355,1529,3,Electronics,Phones,COD
B-22941,933,449,1,Clothing,T-shirt,Debit Card
B-22941,3416,687,1,Electronics,Printers,EMI
B-22942,1228,-288,2,Clothing,Hankerchief,COD
B-22942,2060,729,1,Furniture,Furnishings,EMI
B-22943,2585,652,2,Electronics,Accessories,COD
B-22944,963,652,3,Clothing,Saree,Credit Card
B-22945,710,192,2,Clothing,Skirt,Credit Card
B-22946,1644,-800,3,Clothing,Shirt,UPI
B-22946,117,40,4,Clothing,Trousers,Debit Card
B-22946,1087,88,2,Clothing,Shirt,UPI
B-22947,5648,720,3,Electronics,Accessories,UPI
B-22948,2421,190,5,Electronics,Accessories,Credit Card
B-22948,3931,397,2,Electronics,Printers,UPI
B-22949,2304,284,5,Electronics,Accessories,Credit Card
B-22950,1960,1359,1,Clothing,Stole,Credit Card
B-22951,3703,2104,2,Electronics,Electronic Games,Debit Card
B-22951,4550,477,4,Electronics,Printers,Credit Card
B-22952,2925,1011,2,Furniture,Furnishings,UPI
B-22953,391,28,5,Clothing,Skirt,Credit Card
B-22954,2734,87,4,Furniture,Chairs,EMI
B-22955,4983,2157,2,Electronics,Electronic Games,COD
B-22956,5504,2480,3,Furniture,Tables,Credit Card
B-22956,3271,365,3,Furniture,Furnishings,COD
B-22957,372,53,3,Clothing,Kurti,EMI
B-22957,1384,261,2,Clothing,Shirt,COD
B-22958,1013,559,1,Electronics,Accessories,Credit Card
B-22958,4932,1039,2,Electronics,Electronic Games,COD
B-22958,4247,816,5,Furniture,Furnishings,UPI
B-22959,3425,913,3,Furniture,Bookcases,EMI
B-22960,1003,261,5,Clothing,Leggings,COD
B-22961,1541,-340,1,Clothing,Hankerchief,Debit Card
B-22962,1595,563,3,Clothing,T-shirt,Credit Card
B-22962,1822,-378,4,Clothing,Kurti,EMI
B-22963,1857,208,2,Clothing,Hankerchief,Credit Card
B-22964,1026,48,2,Clothing,T-shirt,COD
B-22964,1189,525,3,Clothing,Hankerchief,Debit Card
B-22964,819,266,2,Furniture,Furnishings,Credit Card
B-22965,3763,1958,4,Electronics,Phones,UPI
B-22966,2751,757,2,Electronics,Phones,COD
B-22967,1506,-435,2,Clothing,Saree,Credit Card
B-22967,1390,49,1,Clothing,Leggings,UPI
B-22968,5003,3126,4,Electronics,Phones,Debit Card
B-22969,1092,-112,5,Clothing,Saree,COD
B-22969,5619,997,3,Electronics,Printers,UPI
B-22970,4964,3036,1,Electronics,Electronic Games,COD
B-22970,130,83,5,Clothing,Hankerchief,UPI
B-22971,1507,548,4,Clothing,Stole,UPI
B-22971,3657,883,2,Electronics,Electronic Games,Credit Card
B-22972,3071,1171,3,Electronics,Accessories,Credit Card
B-22973,2660,1319,3,Electronics,Phones,COD
B-22974,2928,604,1,Electronics,Electronic Games,UPI
B-22975,201,8,4,Clothing,Hankerchief,COD
B-22976,5237,571,3,Furniture,Bookcases,UPI
B-22976,4918,808,4,Furniture,Chairs,COD
B-22977,2292,149,4,Electronics,Phones,EMI
B-22978,917,474,3,Clothing,Leggings,UPI
B-22978,1303,160,3,Clothing,Saree,Credit Card
B-22979,1203,262,3,Clothing,Leggings,COD
B-22979,4135,1989,2,Furniture,Chairs,COD
B-22980,518,158,4,Clothing,Shirt,EMI
B-22980,3143,876,2,Electronics,Electronic Games,UPI
B-22980,1094,-469,5,Clothing,Saree,Credit Card
B-22981,1297,660,4,Clothing,Skirt,COD
B-22982,1320,168,4,Clothing,Stole,COD
B-22982,714,263,3,Furniture,Chairs,COD
B-22982,692,299,2,Clothing,T-shirt,COD
B-22983,3854,990,3,Furniture,Furnishings,Debit Card
B-22984,592,212,1,Furniture,Bookcases,EMI
B-22985,1032,666,3,Clothing,Leggings,COD
B-22985,1804,1069,2,Clothing,Leggings,Debit Card
B-22986,2450,421,5,Furniture,Chairs,Debit Card
B-22987,4312,385,4,Furniture,Bookcases,UPI
B-22987,1237,599,4,Electronics,Phones,EMI
B-22988,79,-24,4,Clothing,Shirt,COD
B-22988,837,-348,4,Clothing,Skirt,Credit Card
B-22989,1808,756,1,Clothing,Leggings,Credit Card
B-22990,5922,2032,5,Furniture,Tables,COD
B-22991,1837,-477,2,Clothing,Leggings,COD
B-22992,1246,46,5,Clothing,Hankerchief,COD
B-22993,4279,601,1,Electronics,Phones,Debit Card
B-22993,4909,1809,4,Furniture,Bookcases,EMI
B-22993,3366,592,4,Electronics,Accessories,Debit Card
B-22994,4240,979,5,Electronics,Printers,COD
B-22994,5354,3333,3,Electronics,Printers,UPI
B-22994,413,157,2,Electronics,Printers,COD
B-22995,1857,-699,4,Clothing,Trousers,Debit Card
B-22996,159,-63,5,Clothing,Stole,UPI
B-22996,4498,203,2,Furniture,Bookcases,UPI
B-22997,488,-23,3,Clothing,Saree,Debit Card
B-22998,5582,1602,2,Electronics,Accessories,Credit Card
B-22999,4569,818,5,Furniture,Bookcases,UPI
B-23000,4503,1042,5,Furniture,Bookcases,EMI
B-23001,954,290,1,Clothing,Hankerchief,COD
B-23001,5850,1171,3,Furniture,Tables,UPI
B-23002,424,-86,1,Clothing,Leggings,Debit Card
B-23003,2914,352,4,Electronics,Printers,COD
B-23003,3910,666,5,Furniture,Chairs,UPI
B-23003,1969,1046,4,Electronics,Electronic Games,EMI
B-23004,4814,3036,4,Electronics,Printers,Credit Card
B-23005,2877,736,2,Electronics,Phones,UPI
B-23006,2729,892,4,Furniture,Tables,EMI
B-23006,5461,2395,2,Electronics,Accessories,UPI
B-23007,307,213,5,Clothing,Shirt,COD
B-23008,755,236,5,Clothing,Hankerchief,EMI
B-23008,568,114,1,Furniture,Tables,COD
B-23008,711,-68,4,Clothing,Leggings,EMI
B-23009,491,-54,3,Clothing,Trousers,Credit Card
B-23010,919,201,1,Furniture,Chairs,EMI
B-23010,987,286,2,Clothing,T-shirt,UPI
B-23011,4903,1968,2,Furniture,Chairs,Credit Card
B-23012,507,184,5,Clothing,Leggings,Debit Card
B-23012,2497,555,1,Furniture,Bookcases,COD
B-23012,1360,180,2,Clothing,T-shirt,UPI
B-23013,1921,868,5,Electronics,Accessories,Debit Card
B-23014,555,117,4,Electronics,Electronic Games,COD
B-23015,467,195,3,Electronics,Electronic Games,Credit Card
B-23016,2025,50,3,Furniture,Chairs,Debit Card
B-23016,33,9,1,Clothing,Stole,UPI
B-23017,966,321,2,Furniture,Chairs,Credit Card
B-23018,3210,827,3,Electronics,Printers,Debit Card
B-23018,2410,1001,2,Electronics,Printers,COD
B-23019,411,186,2,Clothing,Skirt,EMI
B-23019,508,168,2,Clothing,Kurti,EMI
B-23020,3761,1844,1,Electronics,Accessories,Debit Card
B-23021,1945,556,3,Clothing,T-shirt,Credit Card
B-23021,28,6,5,Clothing,Kurti,COD
B-23022,1866,500,5,Clothing,T-shirt,COD
B-23022,1003,3,4,Clothing,Shirt,Credit Card
B-23023,2677,1158,2,Electronics,Printers,UPI
B-23024,612,-145,1,Clothing,Shirt,UPI
B-23025,2131,244,4,Furniture,Chairs,Debit Card
B-23025,4238,2005,3,Electronics,Printers,COD
B-23026,3364,365,1,Electronics,Printers,EMI
B-23027,1143,463,3,Clothing,T-shirt,Debit Card
B-23027,5621,2689,4,Furniture,Furnishings,UPI
B-23028,30,-6,2,Clothing,Kurti,UPI
B-23029,2235,361,2,Electronics,Accessories,Credit Card
B-23029,1935,1065,2,Clothing,Hankerchief,UPI
B-23030,415,24,4,Electronics,Phones,EMI
B-23031,4957,952,3,Electronics,Printers,Debit Card
B-23031,3383,746,5,Furniture,Furnishings,Credit Card
B-23032,5467,2661,5,Furniture,Tables,UPI
B-23033,808,102,5,Furniture,Bookcases,COD
B-23033,1923,703,1,Furniture,Tables,COD
B-23034,1064,545,2,Electronics,Printers,UPI
B-23035,1503,905,5,Clothing,Skirt,EMI
B-23035,1357,553,1,Electronics,Electronic Games,Credit Card
B-23036,716,72,4,Furniture,Bookcases,EMI
B-23036,2967,784,5,Electronics,Printers,COD
B-23037,1827,231,1,Furniture,Furnishings,COD
B-23038,4342,2435,1,Electronics,Printers,EMI
B-23039,1936,165,2,Clothing,Hankerchief,COD
B-23039,786,328,2,Clothing,T-shirt,EMI
B-23039,5474,1265,4,Furniture,Bookcases,Credit Card
B-23040,2396,1138,1,Furniture,Chairs,COD
B-23040,1994,196,4,Clothing,Kurti,UPI
B-23041,147,73,1,Clothing,Kurti,COD
B-23042,1825,883,3,Furniture,Tables,COD
B-23043,215,25,5,Clothing,T-shirt,COD
B-23043,1101,620,1,Clothing,Hankerchief,UPI
B-23044,3871,1328,5,Furniture,Tables,COD
B-23044,308,-128,1,Clothing,Stole,COD
B-23045,4840,2824,3,Electronics,Phones,UPI
B-23046,2643,738,4,Furniture,Furnishings,UPI
B-23046,1291,465,1,Electronics,Printers,COD
B-23047,1648,863,3,Electronics,Phones,UPI
B-23048,847,161,1,Clothing,Saree,Debit Card
B-23049,1971,908,4,Electronics,Accessories,Debit Card
B-23050,1582,-442,4,Clothing,Leggings,EMI
B-23051,5880,1389,2,Furniture,Furnishings,EMI
B-23052,1382,451,5,Electronics,Accessories,COD
B-23053,91,51,5,Clothing,T-shirt,Credit Card
B-23053,777,-296,2,Clothing,Skirt,EMI
B-23053,4599,725,3,Furniture,Furnishings,Credit Card
B-23054,3017,67,1,Furniture,Furnishings,UPI
B-23054,5708,1503,1,Furniture,Bookcases,COD
B-23055,1381,44,3,Furniture,Chairs,Credit Card
B-23055,1594,-425,3,Clothing,Hankerchief,UPI
B-23055,1007,394,5,Furniture,Chairs,Debit Card
B-23056,4732,2041,3,Electronics,Phones,EMI
B-23056,540,-222,1,Clothing,Stole,COD
B-23056,1978,-646,4,Clothing,Hankerchief,Debit Card
B-23057,515,228,2,Clothing,Saree,UPI
B-23058,1689,-552,1,Clothing,Stole,Credit Card
B-23059,2235,901,5,Furniture,Bookcases,Credit Card
B-23060,1454,-79,3,Clothing,Leggings,UPI
B-23061,5555,2478,3,Electronics,Accessories,EMI
B-23062,1581,199,4,Clothing,Saree,UPI
B-23062,4643,2270,1,Electronics,Electronic Games,Debit Card
B-23063,2643,1258,2,Furniture,Furnishings,UPI
B-23064,1844,775,5,Furniture,Bookcases,COD
B-23064,5886,2185,2,Furniture,Tables,EMI
B-23065,98,33,2,Clothing,Hankerchief,Debit Card
B-23066,990,-129,5,Clothing,Trousers,Debit Card
B-23067,1521,780,1,Clothing,Hankerchief,UPI
B-23068,5214,3141,1,Electronics,Phones,UPI
B-23068,2639,1177,1,Electronics,Electronic Games,COD
B-23068,4564,634,3,Electronics,Phones,Debit Card
B-23069,518,-122,2,Clothing,Saree,Credit Card
B-23070,5249,3096,5,Electronics,Accessories,COD
B-23071,2357,1098,1,Electronics,Printers,EMI
B-23072,1474,1014,2,Clothing,Hankerchief,COD
B-23073,1609,373,4,Furniture,Tables,COD
B-23074,567,125,4,Clothing,Saree,EMI
B-23075,4536,2015,1,Furniture,Chairs,COD
B-23076,2157,473,4,Electronics,Printers,Debit Card
B-23076,1153,553,1,Furniture,Bookcases,Credit Card
B-23077,5392,1542,5,Electronics,Phones,COD
B-23078,4443,451,1,Furniture,Chairs,Credit Card
B-23079,914,393,5,Clothing,Hankerchief,COD
B-23080,1257,482,5,Furniture,Chairs,UPI
B-23080,255,16,5,Clothing,T-shirt,UPI
B-23080,1834,518,4,Clothing,Stole,UPI
B-23081,5049,1416,4,Furniture,Furnishings,COD
B-23082,1329,-636,3,Clothing,Stole,EMI
B-23082,1810,486,2,Furniture,Furnishings,EMI
B-23083,1683,-216,2,Clothing,T-shirt,Credit Card
B-23083,1967,1289,1,Clothing,Shirt,UPI
B-23084,482,-38,3,Clothing,Leggings,COD
B-23085,1055,492,4,Electronics,Electronic Games,UPI
B-23086,638,48,5,Clothing,Stole,UPI
B-23087,575,297,4,Clothing,Trousers,UPI
B-23088,2148,1175,5,Electronics,Printers,UPI
B-23089,1470,-732,5,Clothing,Stole,Credit Card
B-23090,582,300,5,Clothing,Skirt,COD
B-23091,905,9,1,Clothing,T-shirt,COD
B-23092,3709,113,3,Furniture,Bookcases,COD
B-23093,2600,189,5,Electronics,Accessories,Credit Card
B-23094,2475,564,1,Electronics,Phones,COD
B-23094,1721,-592,5,Clothing,Shirt,UPI
B-23095,707,-230,2,Clothing,Stole,Credit Card
B-23095,3440,1749,4,Electronics,Electronic Games,Credit Card
B-23096,2210,610,1,Furniture,Tables,Debit Card
B-23096,1181,60,5,Electronics,Printers,UPI
B-23097,3800,302,1,Furniture,Furnishings,UPI
B-23097,1424,617,4,Furniture,Furnishings,Credit Card
B-23098,1143,-370,1,Clothing,Kurti,COD
B-23099,1254,272,5,Electronics,Electronic Games,UPI
B-23100,685,202,5,Furniture,Tables,UPI
B-23101,1718,462,4,Clothing,Shirt,Debit Card
B-23102,5651,2819,1,Furniture,Chairs,COD
B-23103,4558,2215,2,Electronics,Printers,UPI
B-23104,378,-80,2,Clothing,Hankerchief,Credit Card
B-23105,4309,1517,3,Furniture,Bookcases,UPI
B-23106,4753,2671,5,Electronics,Electronic Games,Credit Card
B-23106,3248,1849,4,Electronics,Accessories,Credit Card
B-23107,1123,669,5,Clothing,T-shirt,Credit Card
B-23108,4417,779,4,Electronics,Phones,COD
B-23109,2242,184,3,Furniture,Furnishings,Credit Card
B-23109,3398,784,5,Furniture,Furnishings,Debit Card
B-23109,3782,920,1,Furniture,Bookcases,Credit Card
B-23110,1883,-132,1,Clothing,T-shirt,COD
B-23111,1331,-576,2,Clothing,Skirt,Debit Card
B-23112,874,228,1,Electronics,Printers,COD
B-23113,5991,666,5,Furniture,Tables,EMI
B-23114,3006,742,1,Electronics,Printers,COD
B-23114,1508,44,5,Clothing,Saree,EMI
B-23115,802,-373,5,Clothing,T-shirt,UPI
B-23115,4214,1928,5,Electronics,Phones,Debit Card
B-23116,5964,2279,3,Furniture,Tables,COD
B-23116,1561,768,2,Clothing,Leggings,UPI
B-23116,2005,355,5,Furniture,Tables,COD
B-23117,145,34,2,Clothing,Trousers,Debit Card
B-23117,1180,131,5,Clothing,Shirt,UPI
B-23118,3265,1135,3,Electronics,Phones,UPI
B-23119,5463,520,2,Electronics,Phones,Credit Card
B-23120,5460,1915,1,Electronics,Printers,Debit Card
B-23120,5026,2011,2,Furniture,Furnishings,COD
B-23121,692,149,1,Clothing,Kurti,COD
B-23122,50,13,3,Clothing,T-shirt,COD
B-23122,1047,-343,3,Clothing,Skirt,UPI
B-23123,5333,1304,5,Electronics,Phones,Credit Card
B-23123,1849,60,5,Clothing,Stole,UPI
B-23124,361,135,3,Electronics,Accessories,COD
B-23124,326,134,3,Clothing,Leggings,UPI
B-23125,2895,522,5,Electronics,Printers,UPI
B-23126,1237,629,4,Clothing,Leggings,Debit Card
B-23126,130,-26,4,Clothing,T-shirt,UPI
B-23126,1232,540,4,Clothing,Shirt,COD
B-23127,710,406,2,Clothing,Saree,Credit Card
B-23128,4742,2491,1,Electronics,Phones,COD
B-23129,3427,315,1,Furniture,Chairs,Credit Card
B-23130,800,448,2,Electronics,Electronic Games,EMI
B-23131,3154,1375,2,Furniture,Bookcases,Debit Card
B-23132,555,346,4,Electronics,Printers,UPI
B-23132,2769,208,3,Electronics,Phones,UPI
B-23132,301,159,1,Electronics,Phones,Credit Card
B-23133,1116,425,1,Clothing,T-shirt,UPI
B-23133,5614,2520,2,Furniture,Chairs,COD
B-23133,3192,1128,3,Electronics,Accessories,COD
B-23134,1669,633,4,Clothing,Saree,EMI
B-23135,1720,1083,2,Electronics,Printers,Debit Card
B-23136,726,-214,3,Clothing,Saree,Debit Card
B-23137,991,220,5,Clothing,T-shirt,UPI
B-23138,4118,1786,1,Electronics,Phones,COD
B-23139,661,63,4,Electronics,Phones,UPI
B-23139,4108,1895,5,Electronics,Electronic Games,UPI
B-23139,1931,1078,2,Electronics,Printers,Credit Card
B-23140,4271,259,1,Electronics,Phones,Credit Card
B-23141,3131,254,2,Furniture,Furnishings,Credit Card
B-23142,508,336,1,Clothing,Shirt,COD
B-23142,1770,-547,1,Clothing,Shirt,Credit Card
B-23143,1400,318,2,Furniture,Chairs,UPI
B-23144,3542,1469,4,Electronics,Electronic Games,COD
B-23144,2643,90,5,Furniture,Bookcases,UPI
B-23145,1498,258,1,Furniture,Bookcases,UPI
B-23145,5511,1238,5,Electronics,Accessories,COD
B-23146,1404,545,3,Clothing,Saree,COD
B-23146,3860,326,5,Furniture,Chairs,UPI
B-23147,1260,-124,4,Clothing,T-shirt,COD
B-23147,5174,848,2,Electronics,Electronic Games,UPI
B-23148,4780,771,2,Electronics,Accessories,COD
B-23149,582,-55,2,Clothing,Shirt,Credit Card
B-23150,4161,1939,2,Furniture,Tables,UPI
B-23151,1003,637,2,Electronics,Accessories,Credit Card
B-23151,1718,93,3,Electronics,Accessories,UPI
B-23151,3347,1760,3,Electronics,Printers,COD
B-23152,1913,597,2,Furniture,Furnishings,UPI
B-23153,4525,126,1,Furniture,Furnishings,COD
B-23153,891,234,3,Electronics,Printers,COD
B-23154,3571,1399,1,Electronics,Electronic Games,Credit Card
B-23154,3410,1406,3,Furniture,Furnishings,COD
B-23155,2464,1371,1,Electronics,Phones,Credit Card
B-23156,1525,758,5,Clothing,Shirt,COD
B-23157,796,365,4,Clothing,Shirt,COD
B-23158,770,428,4,Electronics,Accessories,COD
B-23158,1247,588,1,Clothing,Shirt,Credit Card
B-23159,1853,220,3,Electronics,Electronic Games,Credit Card
B-23160,384,-138,4,Clothing,Stole,COD
B-23161,1507,-246,3,Clothing,Skirt,Debit Card
B-23161,2947,689,5,Electronics,Accessories,Debit Card
B-23162,3342,1417,5,Electronics,Phones,Credit Card
B-23163,1770,-232,3,Clothing,Saree,Debit Card
B-23164,1688,162,2,Furniture,Tables,COD
B-23165,1526,-372,4,Clothing,T-shirt,COD
B-23166,1748,343,5,Electronics,Printers,COD
B-23167,544,219,4,Clothing,Trousers,Credit Card
B-23168,1874,110,4,Electronics,Phones,COD
B-23168,4031,103,1,Furniture,Furnishings,COD
B-23169,1343,-335,2,Clothing,Trousers,Debit Card
B-23170,591,351,3,Electronics,Accessories,UPI
B-23171,416,-163,3,Clothing,T-shirt,UPI
B-23172,1934,905,5,Furniture,Furnishings,UPI
B-23172,3818,505,1,Furniture,Bookcases,UPI
B-23173,119,-32,2,Clothing,Shirt,Credit Card
B-23173,326,-7,3,Clothing,Skirt,COD
B-23174,766,-316,4,Clothing,Stole,UPI
B-23175,1251,608,1,Clothing,Hankerchief,UPI
B-23176,5285,3338,5,Electronics,Electronic Games,Debit Card
B-23177,1182,605,5,Clothing,Saree,COD
B-23178,939,196,4,Clothing,Saree,Credit Card
B-23179,1676,-40,1,Clothing,T-shirt,COD
B-23180,2615,442,3,Furniture,Tables,UPI
B-23180,2255,1070,4,Furniture,Tables,Debit Card
B-23181,380,-56,5,Clothing,Shirt,COD
B-23182,4643,2240,1,Furniture,Chairs,Debit Card
B-23183,5968,906,4,Furniture,Tables,Debit Card
B-23183,2459,174,4,Electronics,Accessories,COD
B-23184,1919,219,3,Electronics,Electronic Games,Credit Card
B-23184,1024,-129,3,Clothing,Hankerchief,EMI
B-23185,850,365,5,Electronics,Printers,COD
B-23186,1112,157,5,Electronics,Phones,COD
B-23187,2335,265,1,Furniture,Furnishings,Debit Card
B-23188,1293,118,5,Electronics,Phones,Debit Card
B-23188,1394,654,2,Clothing,Saree,COD
B-23188,206,-16,3,Clothing,Leggings,UPI
B-23189,2724,1655,2,Electronics,Accessories,COD
B-23190,2277,232,4,Furniture,Chairs,EMI
B-23191,5403,1704,1,Electronics,Electronic Games,UPI
B-23192,2827,529,4,Electronics,Phones,COD
B-23192,1070,549,1,Clothing,Skirt,Credit Card
B-23193,1604,488,4,Furniture,Tables,COD
B-23194,5005,862,5,Furniture,Furnishings,COD
B-23194,4722,2540,4,Electronics,Phones,UPI
B-23195,333,96,1,Clothing,Skirt,UPI
B-23196,807,-285,2,Clothing,Saree,Credit Card
B-23197,4313,302,1,Electronics,Electronic Games,COD
B-23198,2385,592,5,Furniture,Furnishings,COD
B-23198,330,41,4,Electronics,Accessories,Debit Card
B-23199,5648,329,2,Furniture,Chairs,Debit Card
B-23200,924,386,4,Furniture,Chairs,Credit Card
B-23201,893,78,3,Clothing,T-shirt,COD
B-23202,833,-150,3,Clothing,Trousers,Debit Card
B-23203,1111,315,3,Clothing,Shirt,COD
B-23203,777,459,5,Electronics,Phones,UPI
B-23203,3400,430,4,Furniture,Tables,Credit Card
B-23204,1710,513,2,Electronics,Electronic Games,Credit Card
B-23204,2444,1161,3,Furniture,Furnishings,EMI
B-23204,1052,491,5,Electronics,Phones,Debit Card
B-23205,3411,2119,1,Electronics,Printers,Credit Card
B-23205,3701,455,3,Furniture,Chairs,Debit Card
B-23205,3913,1480,5,Furniture,Tables,Credit Card
B-23206,5647,3571,5,Electronics,Phones,Debit Card
B-23207,2435,402,3,Furniture,Furnishings,COD
B-23207,4845,2131,4,Furniture,Bookcases,COD
B-23208,2017,578,4,Electronics,Electronic Games,Debit Card
B-23209,1261,446,1,Electronics,Accessories,COD
B-23209,4408,1456,2,Electronics,Phones,Credit Card
B-23210,243,112,1,Clothing,T-shirt,UPI
B-23211,4025,1724,2,Electronics,Phones,Debit Card
B-23212,1079,127,5,Electronics,Accessories,UPI
B-23213,1260,420,4,Clothing,Hankerchief,UPI
B-23214,349,187,2,Clothing,Trousers,COD
B-23214,495,-57,5,Clothing,Hankerchief,UPI
B-23214,486,224,2,Clothing,Leggings,Debit Card
B-23215,3989,889,1,Electronics,Electronic Games,EMI
B-23215,1744,-612,3,Clothing,Shirt,EMI
B-23216,1545,521,3,Clothing,Leggings,Credit Card
B-23217,598,-166,2,Clothing,Trousers,EMI
B-23218,2139,293,3,Furniture,Bookcases,Credit Card
B-23219,2074,546,3,Furniture,Tables,Credit Card
B-23220,4004,1316,2,Electronics,Phones,Credit Card
B-23220,1050,-494,2,Clothing,Hankerchief,Credit Card
B-23221,4,2,3,Clothing,Skirt,UPI
B-23222,5227,1960,4,Electronics,Accessories,COD
B-23222,3986,1987,2,Electronics,Phones,COD
B-23222,3699,593,2,Furniture,Chairs,UPI
B-23223,1509,182,5,Clothing,Saree,COD
B-23223,520,133,3,Clothing,Stole,COD
B-23224,234,153,3,Clothing,Hankerchief,Credit Card
B-23224,2315,377,5,Electronics,Accessories,COD
B-23225,1708,393,4,Furniture,Tables,Debit Card
B-23225,960,58,4,Clothing,Saree,UPI
B-23225,2175,1293,4,Electronics,Phones,COD
B-23226,469,104,5,Clothing,Leggings,Credit Card
B-23227,1014,454,2,Furniture,Tables,Credit Card
B-23227,5185,242,3,Furniture,Furnishings,UPI
B-23228,3740,926,2,Furniture,Bookcases,Debit Card
B-23229,27,-3,4,Clothing,Skirt,Credit Card
B-23230,1664,639,4,Clothing,Kurti,COD
B-23231,4496,1344,3,Furniture,Chairs,COD
B-23231,1619,777,5,Clothing,T-shirt,EMI
B-23231,5368,1887,3,Furniture,Tables,UPI
B-23232,4661,2720,4,Electronics,Phones,Credit Card
B-23232,341,42,1,Electronics,Electronic Games,UPI
B-23232,3695,717,1,Furniture,Tables,UPI
B-23233,1162,3,4,Clothing,Stole,COD
B-23234,1552,585,2,Electronics,Electronic Games,COD
B-23234,51,-10,3,Clothing,T-shirt,COD
B-23235,770,56,2,Clothing,Shirt,Debit Card
B-23235,1846,780,4,Electronics,Electronic Games,Credit Card
B-23236,3506,1009,1,Electronics,Accessories,EMI
B-23236,4588,515,1,Electronics,Phones,Credit Card
B-23237,1729,916,4,Electronics,Electronic Games,EMI
B-23237,2010,317,4,Electronics,Phones,UPI
B-23238,224,56,1,Clothing,Shirt,Credit Card
B-23238,787,308,1,Furniture,Bookcases,UPI
B-23239,735,61,4,Electronics,Accessories,Credit Card
B-23239,697,294,1,Clothing,Kurti,Credit Card
B-23240,4685,394,4,Furniture,Bookcases,EMI
B-23240,4883,2514,3,Electronics,Phones,Debit Card
B-23241,234,-113,2,Clothing,Shirt,COD
B-23242,2121,970,5,Electronics,Accessories,COD
B-23243,1556,522,2,Clothing,Stole,Debit Card
B-23243,4301,860,1,Electronics,Accessories,Debit Card
B-23244,922,146,3,Clothing,Kurti,COD
B-23245,3935,1768,4,Furniture,Bookcases,UPI
B-23246,951,554,1,Electronics,Phones,COD
B-23246,5131,1022,2,Furniture,Bookcases,Credit Card
B-23246,2357,296,1,Furniture,Bookcases,Credit Card
B-23247,1944,742,5,Clothing,Leggings,COD
B-23248,2652,601,2,Electronics,Electronic Games,UPI
B-23249,5756,628,4,Electronics,Printers,COD
B-23250,620,346,4,Clothing,Hankerchief,EMI
B-23251,1991,360,4,Clothing,T-shirt,COD
B-23252,960,-417,3,Clothing,Kurti,UPI
B-23253,4941,2431,1,Furniture,Furnishings,Credit Card
B-23253,1320,316,4,Furniture,Tables,Debit Card
B-23254,1265,530,2,Clothing,Kurti,Credit Card
B-23255,4328,697,2,Electronics,Phones,COD
B-23256,2776,1038,1,Electronics,Electronic Games,COD
B-23256,1087,281,2,Clothing,Leggings,Debit Card
B-23257,503,-207,5,Clothing,Kurti,Credit Card
B-23257,1181,-398,3,Clothing,Skirt,UPI
B-23258,5274,886,1,Electronics,Phones,COD
B-23258,3559,576,5,Electronics,Accessories,Debit Card
B-23259,1794,-883,1,Clothing,Saree,Debit Card
B-23259,847,-144,1,Clothing,Saree,UPI
B-23260,1547,1031,4,Clothing,T-shirt,COD
B-23261,898,211,3,Clothing,Trousers,COD
B-23262,2990,988,2,Furniture,Chairs,COD
B-23262,351,-175,2,Clothing,Saree,UPI
B-23262,822,301,1,Electronics,Phones,COD
B-23263,1374,-556,1,Clothing,Skirt,UPI
B-23263,3204,657,1,Furniture,Furnishings,COD
B-23263,930,235,2,Electronics,Printers,UPI
B-23264,5252,685,5,Electronics,Printers,UPI
B-23264,755,260,4,Clothing,Kurti,COD
B-23265,4015,400,3,Furniture,Bookcases,UPI
B-23265,4983,531,3,Electronics,Printers,Debit Card
B-23266,1759,696,2,Clothing,T-shirt,COD
B-23267,383,72,3,Electronics,Phones,Credit Card
B-23268,5744,3580,3,Electronics,Printers,COD
B-23268,1374,837,4,Clothing,Leggings,EMI
B-23268,4266,2116,3,Electronics,Printers,UPI
B-23269,1964,847,3,Electronics,Printers,UPI
B-23270,5105,856,1,Electronics,Phones,COD
B-23271,1904,328,3,Clothing,Kurti,Debit Card
B-23271,1431,896,5,Electronics,Printers,COD
B-23272,3526,719,2,Furniture,Tables,COD
B-23273,779,9,3,Clothing,Trousers,Credit Card
B-23273,1587,371,1,Clothing,Skirt,Debit Card
B-23274,641,-6,3,Clothing,Skirt,COD
B-23274,5931,1763,2,Furniture,Furnishings,Debit Card
B-23274,4606,1621,3,Electronics,Printers,Credit Card
B-23275,1654,-238,3,Clothing,Skirt,UPI
B-23275,639,325,2,Clothing,T-shirt,UPI
B-23276,1907,909,5,Electronics,Electronic Games,UPI
B-23276,383,34,3,Electronics,Electronic Games,Credit Card
B-23277,4383,1344,2,Furniture,Furnishings,Debit Card
B-23277,1855,1099,4,Clothing,Skirt,EMI
B-23277,1242,675,5,Electronics,Printers,Credit Card
B-23278,1427,142,5,Clothing,Hankerchief,Credit Card
B-23278,1726,-255,3,Clothing,Kurti,UPI
B-23279,4180,523,2,Electronics,Phones,UPI
B-23279,573,152,4,Electronics,Accessories,Credit Card
B-23279,4245,734,1,Furniture,Tables,Debit Card
B-23280,635,32,1,Clothing,Skirt,COD
B-23281,5170,1833,3,Furniture,Furnishings,Credit Card
B-23281,1501,797,2,Electronics,Electronic Games,COD
B-23281,1748,475,1,Clothing,T-shirt,Credit Card
B-23282,1055,263,2,Furniture,Furnishings,UPI
B-23283,1366,-587,1,Clothing,Stole,UPI
B-23283,930,-208,2,Clothing,Stole,Debit Card
B-23284,1814,-826,4,Clothing,Leggings,Debit Card
B-23285,1868,91,5,Furniture,Bookcases,Credit Card
B-23286,2006,474,2,Electronics,Printers,UPI
B-23286,1476,2,5,Clothing,Trousers,COD
B-23287,298,7,3,Clothing,T-shirt,Credit Card
B-23288,1358,534,3,Clothing,Kurti,Credit Card
B-23289,3727,916,2,Furniture,Tables,UPI
B-23290,1300,254,4,Electronics,Printers,COD
B-23290,4479,653,2,Furniture,Bookcases,Debit Card
B-23291,2496,486,1,Electronics,Accessories,Credit Card
B-23292,1782,461,4,Clothing,Stole,UPI
B-23293,2000,-800,1,Clothing,Stole,COD
B-23293,3290,1026,2,Furniture,Tables,COD
B-23294,3844,1477,2,Furniture,Furnishings,Credit Card
B-23295,1127,-90,1,Clothing,Trousers,UPI
B-23296,3238,593,3,Electronics,Printers,EMI
B-23297,1983,50,3,Furniture,Furnishings,UPI
B-23297,2707,1515,1,Electronics,Accessories,UPI
B-23298,1660,-338,4,Clothing,T-shirt,Credit Card
B-23298,649,183,1,Electronics,Electronic Games,Debit Card
B-23299,5470,2933,2,Electronics,Printers,COD
B-23299,2346,616,3,Electronics,Printers,COD
B-23300,656,-164,4,Clothing,Skirt,UPI
B-23300,1426,405,3,Electronics,Electronic Games,Debit Card
B-23301,2106,1324,2,Electronics,Accessories,COD
B-23301,2028,203,2,Furniture,Furnishings,Debit Card
B-23302,2084,819,1,Electronics,Phones,Credit Card
B-23302,4257,1275,5,Furniture,Chairs,Debit Card
B-23303,1294,-599,4,Clothing,Stole,COD
B-23304,1699,-691,3,Clothing,Shirt,COD
B-23304,745,281,1,Clothing,Shirt,UPI
B-23305,807,386,2,Electronics,Printers,Credit Card
B-23305,561,-178,3,Clothing,Kurti,UPI
B-23306,1958,1290,5,Clothing,Stole,Debit Card
B-23307,1717,227,4,Clothing,Skirt,COD
B-23308,5325,1593,2,Furniture,Furnishings,COD
B-23308,1413,-255,2,Clothing,Leggings,Debit Card
B-23309,4669,117,2,Furniture,Furnishings,UPI
B-23309,943,34,3,Furniture,Bookcases,Credit Card
B-23309,2658,1118,3,Electronics,Printers,COD
B-23310,1841,216,2,Clothing,Saree,COD
B-23311,813,365,5,Clothing,Leggings,COD
B-23312,1587,656,2,Electronics,Accessories,COD
B-23312,5062,1058,1,Furniture,Chairs,COD
B-23313,3862,736,1,Furniture,Chairs,COD
B-23314,1365,-666,2,Clothing,Skirt,EMI
B-23315,12,3,5,Clothing,Leggings,Credit Card
B-23315,4210,1423,5,Electronics,Accessories,COD
B-23316,550,117,2,Electronics,Accessories,COD
B-23317,1480,-212,5,Clothing,Leggings,Credit Card
B-23318,2541,67,1,Furniture,Tables,UPI
B-23319,668,-138,3,Clothing,Saree,COD
B-23320,5794,2777,3,Furniture,Chairs,UPI
B-23321,137,55,2,Clothing,Hankerchief,UPI
B-23321,359,192,3,Clothing,Kurti,COD
B-23322,1723,1102,1,Clothing,Shirt,Debit Card
B-23322,4848,662,1,Furniture,Bookcases,Credit Card
B-23323,660,182,2,Clothing,Hankerchief,Credit Card
B-23323,1448,567,2,Electronics,Electronic Games,COD
B-23324,2195,661,2,Furniture,Chairs,UPI
B-23325,1642,-176,1,Clothing,Leggings,EMI
B-23326,764,342,1,Clothing,Shirt,COD
B-23326,3805,1359,1,Furniture,Furnishings,Credit Card
B-23326,368,153,4,Electronics,Printers,Credit Card
B-23327,1939,1070,1,Electronics,Accessories,Credit Card
B-23327,4785,2601,3,Electronics,Electronic Games,Debit Card
B-23328,2465,307,5,Furniture,Tables,UPI
B-23329,5660,3352,2,Electronics,Phones,Debit Card
B-23330,1395,352,2,Clothing,Skirt,Debit Card
B-23330,456,130,5,Electronics,Phones,UPI
B-23331,1615,394,3,Electronics,Electronic Games,Credit Card
B-23331,4177,2652,1,Electronics,Printers,UPI
B-23332,4821,1296,4,Electronics,Phones,UPI
B-23333,1059,229,4,Clothing,Leggings,UPI
B-23333,1402,127,1,Furniture,Tables,UPI
B-23334,118,-3,2,Clothing,Leggings,UPI
B-23335,1614,546,3,Clothing,Trousers,EMI
B-23335,1351,243,1,Furniture,Tables,UPI
B-23336,922,584,3,Electronics,Accessories,COD
B-23337,1573,834,5,Electronics,Printers,COD
B-23338,1193,540,5,Electronics,Electronic Games,COD
B-23338,2822,1382,5,Electronics,Phones,COD
B-23339,5614,2799,1,Electronics,Electronic Games,COD
B-23340,734,-277,4,Clothing,Stole,UPI
B-23340,2734,523,4,Furniture,Tables,EMI
B-23341,4864,640,3,Electronics,Accessories,Debit Card
B-23342,1589,145,3,Furniture,Furnishings,COD
B-23342,48,-22,2,Clothing,Leggings,Credit Card
B-23343,4254,1877,4,Furniture,Furnishings,UPI
B-23344,3591,713,4,Electronics,Accessories,EMI
B-23345,1279,673,2,Clothing,T-shirt,COD
B-23345,1747,-70,4,Clothing,Kurti,Credit Card
B-23346,2161,391,2,Furniture,Tables,Debit Card
B-23347,818,-245,5,Clothing,Shirt,UPI
B-23347,5895,2217,4,Furniture,Bookcases,EMI
B-23348,1303,-446,3,Clothing,T-shirt,Debit Card
B-23348,4560,2254,2,Electronics,Phones,Debit Card
B-23349,1175,698,4,Clothing,Shirt,UPI
B-23350,5714,1854,4,Furniture,Tables,Credit Card
B-23350,1263,-309,1,Clothing,Kurti,COD
B-23350,617,300,2,Clothing,Leggings,UPI
B-23351,4037,1871,1,Electronics,Accessories,EMI
B-23352,344,164,3,Electronics,Phones,UPI
B-23352,401,49,4,Electronics,Phones,COD
B-23353,1747,133,4,Clothing,Skirt,UPI
B-23354,1744,668,2,Electronics,Accessories,EMI
B-23354,4054,573,5,Furniture,Tables,Credit Card
B-23354,5378,1278,4,Electronics,Electronic Games,COD
B-23355,869,114,4,Clothing,Saree,COD
B-23355,1274,590,3,Electronics,Accessories,UPI
B-23356,5059,129,3,Furniture,Chairs,Debit Card
B-23356,3312,1211,1,Furniture,Bookcases,COD
B-23357,1622,988,4,Clothing,Trousers,UPI
B-23358,1557,1004,2,Clothing,Skirt,COD
B-23359,579,-228,2,Clothing,Kurti,Credit Card
B-23359,1520,-604,2,Clothing,Hankerchief,Credit Card
B-23360,497,222,5,Clothing,Skirt,COD
B-23361,1010,554,3,Clothing,Shirt,UPI
B-23361,1375,607,2,Furniture,Tables,UPI
B-23362,1299,712,4,Clothing,Leggings,COD
B-23363,4777,1402,3,Furniture,Chairs,COD
B-23363,2711,1007,4,Electronics,Printers,Credit Card
B-23364,1540,267,3,Clothing,Hankerchief,Debit Card
B-23364,716,325,2,Clothing,Leggings,COD
B-23365,1736,223,2,Clothing,Skirt,COD
B-23366,1246,355,1,Electronics,Accessories,UPI
B-23366,940,-299,5,Clothing,Leggings,COD
B-23366,1964,-265,5,Clothing,Skirt,EMI
B-23367,1999,703,2,Electronics,Electronic Games,UPI
B-23368,2321,618,4,Electronics,Accessories,EMI
B-23368,2948,1149,4,Furniture,Tables,Credit Card
B-23369,1451,401,3,Clothing,Kurti,UPI
B-23370,937,-449,2,Clothing,Kurti,COD
B-23370,1488,371,3,Furniture,Furnishings,COD
B-23371,4237,617,2,Electronics,Electronic Games,EMI
B-23371,4834,2589,5,Electronics,Phones,EMI
B-23372,5309,560,1,Electronics,Electronic Games,COD
B-23373,30,9,1,Clothing,Trousers,UPI
B-23374,1152,469,2,Clothing,Skirt,EMI
B-23375,1390,-693,4,Clothing,Leggings,UPI
B-23375,1922,922,2,Clothing,Shirt,UPI
B-23376,2875,238,3,Electronics,Phones,Credit Card
B-23377,1366,-611,3,Clothing,Hankerchief,COD
B-23377,5644,2359,2,Furniture,Tables,UPI
B-23378,373,-119,4,Clothing,Skirt,Credit Card
B-23378,457,-223,2,Clothing,Shirt,COD
B-23379,2465,248,2,Furniture,Bookcases,UPI
B-23380,1128,485,5,Clothing,Kurti,UPI
B-23381,2522,466,1,Furniture,Bookcases,COD
B-23382,2616,900,3,Electronics,Electronic Games,EMI
B-23382,2524,483,2,Furniture,Bookcases,Debit Card
B-23383,603,330,4,Clothing,Skirt,Credit Card
B-23383,3051,870,3,Electronics,Printers,Credit Card
B-23383,1136,309,1,Clothing,Leggings,COD
B-23384,4965,1856,5,Furniture,Chairs,EMI
B-23384,3267,1979,1,Electronics,Accessories,COD
B-23385,615,255,4,Clothing,Saree,Credit Card
B-23386,1459,1006,3,Clothing,Saree,EMI
B-23386,1866,588,5,Electronics,Electronic Games,COD
B-23387,1438,284,2,Clothing,T-shirt,UPI
B-23388,3914,1243,3,Electronics,Electronic Games,Debit Card
B-23388,5493,2224,5,Furniture,Tables,COD
B-23389,1464,577,4,Furniture,Bookcases,Credit Card
B-23389,1638,-704,2,Clothing,Leggings,Debit Card
B-23390,1520,449,4,Electronics,Accessories,UPI
B-23390,683,192,1,Clothing,Saree,COD
B-23391,2978,1902,5,Electronics,Printers,COD
B-23392,1060,505,1,Furniture,Furnishings,UPI
B-23392,1407,79,4,Clothing,Trousers,COD
B-23393,73,7,4,Clothing,Trousers,Debit Card
B-23394,2615,719,2,Electronics,Accessories,UPI
B-23395,940,21,1,Clothing,Skirt,Credit Card
B-23396,1521,-365,3,Clothing,Shirt,Credit Card
B-23396,4453,2315,5,Electronics,Accessories,Credit Card
B-23397,3461,872,1,Furniture,Bookcases,COD
B-23398,1875,414,5,Electronics,Electronic Games,UPI
B-23399,416,244,1,Clothing,T-shirt,UPI
B-23400,3458,177,2,Electronics,Accessories,Credit Card
B-23400,3695,352,3,Electronics,Printers,COD
B-23401,824,183,1,Clothing,Stole,COD
B-23401,2943,849,1,Furniture,Bookcases,COD
B-23402,1578,298,1,Clothing,Kurti,UPI
B-23403,3850,1028,5,Electronics,Electronic Games,Credit Card
B-23404,1593,1087,5,Clothing,T-shirt,UPI
B-23405,5955,2916,5,Furniture,Furnishings,EMI
B-23405,1246,-405,5,Clothing,T-shirt,COD
B-23405,1375,212,3,Clothing,Leggings,Credit Card
B-23406,1259,114,2,Clothing,Hankerchief,COD
B-23407,675,-297,3,Clothing,Hankerchief,UPI
B-23407,1066,604,1,Electronics,Printers,Debit Card
B-23408,4905,1334,2,Furniture,Bookcases,Credit Card
B-23409,658,287,3,Electronics,Accessories,Debit Card
B-23410,1064,151,5,Electronics,Printers,UPI
B-23411,292,173,3,Clothing,Kurti,COD
B-23411,1724,147,4,Electronics,Printers,Credit Card
B-23412,3006,1455,1,Electronics,Electronic Games,UPI
B-23412,931,351,1,Furniture,Tables,Credit Card
B-23413,3592,1440,3,Electronics,Printers,COD
B-23413,448,51,1,Clothing,T-shirt,EMI
B-23413,1291,-316,4,Clothing,Skirt,Credit Card
B-23414,2657,1556,1,Electronics,Phones,Debit Card
B-23414,3940,851,3,Electronics,Electronic Games,Credit Card
B-23415,1486,400,1,Furniture,Chairs,UPI
B-23415,343,98,3,Electronics,Electronic Games,COD
B-23416,1803,495,5,Clothing,Hankerchief,Debit Card
B-23417,1568,985,1,Clothing,Kurti,Credit Card
B-23418,4127,887,3,Furniture,Furnishings,Debit Card
B-23419,802,190,5,Furniture,Tables,UPI
B-23420,770,-63,2,Clothing,T-shirt,UPI
B-23420,2007,933,3,Electronics,Printers,UPI
B-23421,4962,264,1,Electronics,Printers,UPI
B-23422,1262,-273,1,Clothing,Skirt,UPI
B-23422,1639,98,2,Furniture,Bookcases,Debit Card
B-23423,857,244,1,Furniture,Chairs,UPI
B-23423,903,186,3,Furniture,Tables,UPI
B-23424,1069,509,1,Electronics,Accessories,COD
B-23424,1387,-110,5,Clothing,Skirt,EMI
B-23425,4460,1670,3,Furniture,Chairs,Credit Card
B-23426,1917,166,5,Furniture,Tables,Debit Card
B-23427,1190,37,2,Clothing,Shirt,Credit Card
B-23428,4959,1107,4,Electronics,Accessories,EMI
B-23429,3153,396,5,Electronics,Electronic Games,EMI
B-23430,2932,213,4,Furniture,Tables,Credit Card
B-23430,459,-215,3,Clothing,Stole,EMI
B-23431,1324,257,1,Clothing,Stole,Credit Card
B-23432,5742,942,2,Furniture,Bookcases,Debit Card
B-23432,1035,591,2,Electronics,Phones,Debit Card
B-23433,3641,322,5,Furniture,Chairs,Credit Card
B-23434,879,262,1,Clothing,Stole,EMI
B-23435,1698,749,1,Furniture,Bookcases,Credit Card
B-23436,2192,1066,5,Furniture,Furnishings,COD
B-23436,1789,699,4,Furniture,Chairs,UPI
B-23437,1467,-6,5,Clothing,T-shirt,COD
B-23438,48,-16,1,Clothing,Saree,Credit Card
B-23439,3737,933,1,Electronics,Printers,COD
B-23439,135,31,5,Clothing,Kurti,EMI
B-23440,652,83,2,Clothing,Hankerchief,COD
B-23441,262,122,4,Clothing,Stole,Credit Card
B-23442,372,-28,4,Clothing,Trousers,Debit Card
B-23442,1235,517,4,Furniture,Chairs,Debit Card
B-23443,1754,52,2,Clothing,Hankerchief,UPI
B-23444,1549,83,4,Clothing,T-shirt,COD
B-23445,1073,-71,2,Clothing,Trousers,Credit Card
B-23445,3897,539,1,Electronics,Printers,EMI
B-23445,5570,2536,4,Furniture,Bookcases,Credit Card
B-23446,218,104,5,Clothing,Skirt,Credit Card
B-23447,2655,267,5,Furniture,Chairs,Credit Card
B-23447,674,313,5,Clothing,Hankerchief,EMI
B-23448,1297,766,3,Electronics,Phones,COD
B-23449,4392,1007,4,Furniture,Chairs,Credit Card
B-23450,3246,1108,3,Electronics,Printers,EMI
B-23451,3257,1348,5,Electronics,Accessories,COD
B-23452,472,-146,5,Clothing,Stole,Credit Card
B-23453,2336,182,5,Electronics,Phones,UPI
B-23453,2654,745,2,Furniture,Tables,UPI
B-23454,5447,380,3,Furniture,Chairs,COD
B-23455,5611,1368,3,Furniture,Furnishings,UPI
B-23455,1329,557,4,Furniture,Furnishings,UPI
B-23455,618,325,1,Clothing,Hankerchief,UPI
B-23456,2519,841,5,Furniture,Chairs,COD
B-23456,1366,406,3,Clothing,Skirt,UPI
B-23457,825,308,3,Electronics,Phones,UPI
B-23458,400,-196,4,Clothing,Trousers,Debit Card
B-23459,2453,939,2,Furniture,Tables,UPI
B-23459,3141,1148,3,Furniture,Chairs,Credit Card
B-23460,602,292,3,Clothing,Kurti,Credit Card
B-23460,1115,392,1,Clothing,Kurti,COD
B-23460,910,114,1,Clothing,Trousers,COD
B-23461,576,-242,5,Clothing,Saree,COD
B-23461,4034,1422,4,Furniture,Chairs,Credit Card
B-23462,1272,37,4,Clothing,T-shirt,COD
B-23462,1027,-488,3,Clothing,Leggings,Debit Card
B-23462,4,0,1,Clothing,Hankerchief,Credit Card
B-23463,1086,309,4,Clothing,Saree,Debit Card
B-23463,131,84,1,Clothing,Hankerchief,UPI
B-23464,538,204,5,Furniture,Furnishings,COD
B-23465,1526,947,4,Electronics,Printers,COD
B-23466,792,257,3,Furniture,Tables,UPI
B-23467,1706,561,5,Furniture,Tables,COD
B-23467,2165,919,3,Electronics,Electronic Games,UPI
B-23468,1953,619,2,Clothing,Skirt,EMI
B-23469,5778,1529,2,Furniture,Chairs,UPI
B-23470,4019,2230,4,Electronics,Phones,EMI
B-23471,1746,133,3,Furniture,Furnishings,UPI
B-23472,1684,570,3,Clothing,Shirt,Credit Card
B-23473,866,568,1,Clothing,Kurti,Credit Card
B-23474,5714,1210,1,Furniture,Bookcases,Debit Card
B-23475,2990,1331,1,Electronics,Phones,UPI
B-23476,2809,965,1,Furniture,Chairs,Credit Card
B-23477,5099,3149,1,Electronics,Phones,UPI
B-23478,2373,183,5,Furniture,Chairs,Credit Card
B-23479,1040,314,1,Electronics,Electronic Games,Credit Card
B-23479,1688,317,2,Clothing,Stole,EMI
B-23480,489,19,5,Clothing,Stole,EMI
B-23481,1281,633,5,Clothing,Stole,Debit Card
B-23482,329,124,1,Electronics,Phones,UPI
B-23482,5862,1982,2,Furniture,Bookcases,UPI
B-23483,391,269,5,Clothing,Leggings,COD
B-23483,983,-330,3,Clothing,T-shirt,COD
B-23484,5093,2435,5,Furniture,Bookcases,EMI
B-23485,777,82,4,Furniture,Chairs,COD
B-23486,3515,567,5,Furniture,Bookcases,UPI
B-23487,2878,556,5,Furniture,Tables,Credit Card
B-23488,547,212,4,Electronics,Phones,COD
B-23489,1853,1102,3,Clothing,Stole,Debit Card
B-23490,4632,648,2,Electronics,Accessories,Credit Card
B-23490,3583,973,1,Furniture,Furnishings,Credit Card
B-23490,871,367,1,Furniture,Chairs,UPI
B-23491,5261,2202,2,Furniture,Bookcases,COD
B-23492,2671,512,4,Furniture,Bookcases,COD
B-23492,5855,1171,5,Furniture,Bookcases,EMI
B-23493,1166,632,3,Electronics,Electronic Games,UPI
B-23493,2330,1047,4,Furniture,Furnishings,Debit Card
B-23494,2970,505,1,Furniture,Furnishings,EMI
B-23495,1520,41,1,Clothing,Shirt,UPI
B-23496,309,182,2,Electronics,Printers,EMI
B-23497,1992,-761,2,Clothing,Stole,Credit Card
B-23498,4811,1661,5,Electronics,Phones,Debit Card
B-23499,841,378,5,Furniture,Chairs,Credit Card
B-23499,1325,-92,5,Clothing,Stole,COD
B-23500,5453,601,2,Electronics,Accessories,UPI
B-23501,2017,723,4,Electronics,Electronic Games,UPI
B-23502,4934,679,1,Furniture,Bookcases,Credit Card
B-23503,1542,647,3,Clothing,Shirt,Credit Card
B-23504,929,-248,2,Clothing,Saree,COD
B-23505,4097,2608,4,Electronics,Electronic Games,COD
B-23506,3650,1072,2,Furniture,Tables,Credit Card
B-23507,1961,672,3,Clothing,Skirt,COD
B-23508,38,-11,1,Clothing,Stole,UPI
B-23508,88,15,2,Clothing,Stole,UPI
B-23508,716,-309,4,Clothing,Skirt,UPI
B-23509,1869,811,2,Clothing,Leggings,EMI
B-23510,876,-366,3,Clothing,Hankerchief,COD
B-23510,1075,658,2,Clothing,Saree,Debit Card
B-23510,562,46,1,Electronics,Accessories,Debit Card
B-23511,1238,240,2,Clothing,Kurti,COD
B-23512,2794,1370,3,Furniture,Furnishings,EMI
B-23512,303,18,1,Clothing,Hankerchief,Debit Card
B-23512,862,13,4,Clothing,Shirt,Debit Card
B-23513,328,196,1,Electronics,Printers,Credit Card
B-23514,1385,259,2,Clothing,Stole,UPI
B-23515,1257,129,4,Electronics,Phones,UPI
B-23515,715,-126,2,Clothing,Trousers,Debit Card
B-23515,776,462,3,Clothing,Hankerchief,UPI
B-23516,3739,795,4,Furniture,Tables,EMI
B-23517,3997,951,1,Electronics,Phones,Credit Card
B-23517,3054,659,2,Electronics,Printers,UPI
B-23518,1523,610,1,Clothing,Stole,COD
B-23518,3989,1853,3,Electronics,Phones,Debit Card
B-23519,1882,1219,3,Clothing,Leggings,COD
B-23519,619,176,2,Clothing,Stole,UPI
B-23520,866,-430,5,Clothing,Hankerchief,Credit Card
B-23521,1590,275,3,Clothing,Skirt,Credit Card
B-23521,5982,2475,2,Furniture,Furnishings,UPI
B-23522,3532,2008,1,Electronics,Accessories,COD
B-23523,2140,1061,2,Furniture,Furnishings,UPI
B-23523,873,476,3,Clothing,Leggings,COD
B-23524,1130,563,5,Clothing,Saree,UPI
B-23524,5571,2507,4,Furniture,Furnishings,COD
B-23524,4862,1806,2,Electronics,Accessories,Credit Card
B-23525,1133,76,5,Electronics,Phones,COD
B-23525,3889,745,5,Electronics,Accessories,UPI
B-23526,4631,487,4,Electronics,Electronic Games,UPI
B-23526,2574,793,1,Electronics,Accessories,COD
B-23526,3864,2332,4,Electronics,Phones,COD
B-23527,57,21,5,Clothing,Saree,COD
B-23527,5475,1809,2,Furniture,Furnishings,Debit Card
B-23528,1710,855,1,Clothing,Kurti,Debit Card
B-23528,2643,910,4,Electronics,Electronic Games,Credit Card
B-23529,1213,506,5,Furniture,Furnishings,COD
B-23530,5675,2998,4,Electronics,Accessories,UPI
B-23531,871,142,4,Electronics,Electronic Games,Debit Card
B-23531,896,387,4,Electronics,Printers,UPI
B-23532,702,240,5,Clothing,Kurti,UPI
B-23532,4209,1325,1,Electronics,Accessories,Credit Card
B-23533,3485,2206,3,Electronics,Electronic Games,Credit Card
B-23533,3245,686,5,Electronics,Phones,UPI
B-23533,4411,2437,2,Electronics,Electronic Games,Credit Card
B-23534,1174,334,5,Electronics,Accessories,Credit Card
B-23535,5787,1385,1,Electronics,Accessories,EMI
B-23535,1874,1290,4,Clothing,Trousers,COD
B-23536,3820,722,4,Furniture,Tables,EMI
B-23536,741,498,4,Clothing,Trousers,COD
B-23537,3043,1396,3,Furniture,Tables,EMI
B-23537,1474,255,4,Furniture,Chairs,UPI
B-23538,4937,2363,2,Electronics,Accessories,EMI
B-23539,4821,2426,4,Electronics,Accessories,Credit Card
B-23539,1846,-37,3,Clothing,Leggings,Credit Card
B-23539,2420,633,2,Electronics,Phones,COD
B-23540,2391,1300,4,Electronics,Electronic Games,COD
B-23541,3248,1692,4,Electronics,Electronic Games,EMI
B-23541,4251,2619,4,Electronics,Printers,UPI
B-23541,3872,1372,5,Electronics,Electronic Games,COD
B-23542,4591,2637,1,Electronics,Electronic Games,COD
B-23542,593,122,4,Furniture,Chairs,Credit Card
B-23543,262,-46,5,Clothing,Leggings,Debit Card
B-23543,5683,2642,1,Furniture,Bookcases,UPI
B-23544,1554,598,5,Electronics,Phones,UPI
B-23545,3778,1304,2,Furniture,Bookcases,COD
B-23545,917,486,4,Electronics,Accessories,Credit Card
B-23546,496,224,2,Clothing,Stole,UPI
B-23546,5869,1792,2,Furniture,Furnishings,EMI
B-23547,2464,775,4,Furniture,Tables,Credit Card
B-23547,2000,594,1,Electronics,Printers,Credit Card
B-23548,584,26,2,Furniture,Bookcases,COD
B-23549,2934,1120,4,Electronics,Electronic Games,Credit Card
B-23550,4768,435,5,Furniture,Tables,Credit Card
B-23550,1513,-377,2,Clothing,Shirt,Debit Card
B-23550,5796,2440,2,Electronics,Printers,Debit Card
B-23551,1669,441,2,Clothing,Kurti,Debit Card
B-23552,1882,-715,4,Clothing,Leggings,UPI
B-23553,4370,576,1,Furniture,Tables,Debit Card
B-23554,980,428,5,Furniture,Bookcases,UPI
B-23554,2048,286,2,Furniture,Chairs,Credit Card
B-23555,983,435,1,Clothing,Stole,COD
B-23555,4370,314,4,Furniture,Furnishings,EMI
B-23556,343,104,4,Clothing,Trousers,Debit Card
B-23556,2172,188,4,Furniture,Chairs,UPI
B-23557,4059,829,5,Furniture,Furnishings,COD
B-23557,2608,235,2,Electronics,Accessories,Credit Card
B-23558,5879,1364,4,Furniture,Chairs,Credit Card
B-23559,1367,637,1,Electronics,Printers,UPI
B-23559,480,51,2,Electronics,Printers,COD
B-23560,1971,220,5,Clothing,Skirt,COD
B-23560,5549,3018,3,Electronics,Printers,Credit Card
B-23561,5786,1749,1,Furniture,Chairs,COD
B-23562,961,-280,2,Clothing,Hankerchief,COD
B-23563,5537,179,1,Furniture,Chairs,EMI
B-23564,5925,1654,5,Furniture,Tables,Credit Card
B-23564,3636,1351,4,Electronics,Electronic Games,Credit Card
B-23564,2455,787,5,Furniture,Tables,COD
B-23565,5121,1855,2,Electronics,Phones,Debit Card
B-23565,1793,-605,5,Clothing,Trousers,UPI
B-23566,3517,1567,3,Furniture,Furnishings,COD
B-23567,2489,851,2,Furniture,Bookcases,Debit Card
B-23568,901,221,3,Clothing,Skirt,UPI
B-23569,449,-95,1,Clothing,Trousers,COD
B-23569,1337,232,2,Furniture,Chairs,Credit Card
B-23569,81,20,4,Clothing,Stole,COD
B-23570,1799,599,3,Clothing,Stole,Credit Card
B-23571,1847,-407,2,Clothing,Leggings,UPI
B-23571,5281,1086,3,Electronics,Electronic Games,UPI
B-23572,2090,1194,5,Electronics,Phones,Credit Card
B-23572,2504,547,1,Furniture,Bookcases,Credit Card
B-23572,1468,753,4,Clothing,T-shirt,UPI
B-23573,4681,2277,1,Electronics,Accessories,Credit Card
B-23574,5662,2271,5,Electronics,Accessories,Debit Card
B-23574,748,185,3,Electronics,Electronic Games,EMI
B-23575,3990,2140,2,Electronics,Printers,COD
B-23575,1801,866,5,Clothing,T-shirt,Debit Card
B-23576,5987,301,4,Furniture,Furnishings,UPI
B-23577,5063,2464,4,Furniture,Tables,UPI
B-23577,3682,794,5,Electronics,Printers,Credit Card
B-23578,3078,1386,5,Furniture,Furnishings,Debit Card
B-23579,606,29,2,Furniture,Furnishings,EMI
B-23579,1907,-561,1,Clothing,Shirt,Debit Card
B-23580,2346,449,3,Electronics,Phones,COD
B-23581,355,-103,1,Clothing,Trousers,COD
B-23581,503,215,5,Electronics,Accessories,Debit Card
B-23582,4256,88,5,Furniture,Bookcases,UPI
B-23583,505,-106,5,Clothing,Leggings,COD
B-23583,1850,941,2,Clothing,Trousers,UPI
B-23584,249,-82,1,Clothing,Hankerchief,COD
B-23585,4258,2663,5,Electronics,Electronic Games,Credit Card
B-23585,5149,2371,5,Electronics,Phones,UPI
B-23586,1306,700,2,Clothing,Trousers,Credit Card
B-23587,5099,2418,5,Electronics,Accessories,COD
B-23587,1842,-224,5,Clothing,Skirt,COD
B-23588,1482,811,5,Clothing,Leggings,COD
B-23588,1820,792,3,Furniture,Furnishings,COD
B-23589,597,-71,4,Clothing,T-shirt,COD
B-23590,5322,381,5,Electronics,Phones,EMI
B-23591,3669,1921,3,Electronics,Electronic Games,Debit Card
B-23592,2459,887,5,Electronics,Printers,Debit Card
B-23592,5286,421,3,Electronics,Accessories,Debit Card
B-23592,694,28,3,Clothing,Skirt,UPI
B-23593,1411,268,4,Electronics,Printers,Debit Card
B-23593,3313,527,1,Electronics,Printers,Debit Card
B-23594,1227,371,2,Clothing,Saree,UPI
B-23594,5339,1225,2,Electronics,Phones,UPI
B-23595,302,86,1,Clothing,Skirt,EMI
B-23596,5783,1369,4,Furniture,Chairs,UPI
B-23597,1581,111,4,Clothing,Shirt,COD
B-23598,598,215,1,Clothing,Stole,UPI
B-23598,21,7,4,Clothing,Hankerchief,UPI
B-23599,5292,1019,2,Furniture,Furnishings,Credit Card
B-23600,4306,289,2,Electronics,Phones,Credit Card
B-23600,1067,561,1,Clothing,Kurti,COD
B-23600,1207,-586,1,Clothing,Kurti,COD
B-23601,4880,2838,1,Electronics,Printers,UPI
B-23602,4491,507,1,Electronics,Accessories,Debit Card
B-23602,3785,1022,1,Electronics,Printers,UPI
B-23602,364,139,2,Clothing,Leggings,Credit Card
B-23603,1880,-439,4,Clothing,Stole,COD
B-23603,3099,1048,2,Furniture,Chairs,Debit Card
B-23603,3245,1231,2,Electronics,Electronic Games,Debit Card
B-23604,3370,2059,4,Electronics,Electronic Games,EMI
B-23604,2056,326,2,Electronics,Accessories,Debit Card
B-23605,3056,773,5,Furniture,Chairs,COD
B-23605,494,272,1,Electronics,Printers,COD
B-23605,1605,1095,1,Clothing,Kurti,Debit Card
B-23606,511,251,4,Electronics,Accessories,UPI
B-23607,2536,293,5,Electronics,Printers,COD
B-23608,3539,523,2,Furniture,Chairs,COD
B-23609,3416,266,5,Furniture,Chairs,UPI
B-23609,1540,-336,3,Clothing,Saree,Debit Card
B-23610,745,-297,3,Clothing,Saree,Credit Card
B-23610,671,-155,5,Clothing,Trousers,Debit Card
B-23611,3331,1119,3,Furniture,Chairs,UPI
B-23611,3469,1318,1,Electronics,Accessories,Credit Card
B-23612,3477,413,2,Electronics,Printers,Debit Card
B-23613,5735,694,1,Electronics,Phones,Credit Card
B-23614,1160,-261,5,Clothing,Stole,EMI
B-23614,3044,1482,3,Electronics,Electronic Games,UPI
B-23614,1210,345,4,Furniture,Bookcases,COD
B-23615,1592,779,2,Clothing,Leggings,Credit Card
B-23615,1722,-772,3,Clothing,Saree,COD
B-23616,1989,181,5,Clothing,T-shirt,UPI
B-23617,4764,1041,3,Furniture,Bookcases,COD
B-23617,1572,380,5,Electronics,Phones,Credit Card
B-23617,1624,428,3,Electronics,Accessories,Debit Card
B-23618,1426,565,2,Furniture,Bookcases,UPI
B-23619,904,160,2,Electronics,Printers,COD
B-23620,3074,293,3,Electronics,Accessories,COD
B-23620,1246,609,4,Clothing,Saree,COD
B-23621,218,-30,4,Clothing,Kurti,COD
B-23621,385,-42,5,Clothing,Skirt,UPI
B-23621,1682,-604,3,Clothing,Trousers,Debit Card
B-23622,304,113,1,Electronics,Accessories,Credit Card
B-23622,730,-98,5,Clothing,Hankerchief,Debit Card
B-23623,89,54,3,Clothing,Stole,EMI
B-23624,1886,-902,2,Clothing,Shirt,COD
B-23625,1066,92,3,Electronics,Accessories,Credit Card
B-23625,2530,811,1,Furniture,Chairs,COD
B-23626,1313,-445,4,Clothing,Skirt,COD
B-23627,4031,1855,1,Furniture,Furnishings,Credit Card
B-23628,1272,163,1,Clothing,T-shirt,UPI
B-23629,881,584,1,Clothing,Stole,EMI
B-23630,5621,3624,5,Electronics,Phones,Credit Card
B-23630,2481,392,3,Electronics,Printers,UPI
B-23631,3058,514,4,Electronics,Electronic Games,COD
B-23631,784,-237,1,Clothing,Saree,Debit Card
B-23632,3174,1636,2,Electronics,Phones,Debit Card
B-23632,1961,465,5,Electronics,Printers,EMI
B-23633,1499,663,2,Clothing,Shirt,COD
B-23634,4558,983,3,Furniture,Furnishings,Debit Card
B-23635,1220,699,1,Electronics,Printers,Credit Card
B-23636,5424,632,5,Electronics,Printers,Debit Card
B-23637,1506,-746,2,Clothing,Leggings,COD
B-23638,330,82,1,Clothing,Trousers,EMI
B-23638,1548,548,5,Electronics,Phones,UPI
B-23639,3047,1231,1,Electronics,Electronic Games,Debit Card
B-23640,1836,-583,2,Clothing,Skirt,EMI
B-23641,2227,1427,2,Electronics,Accessories,UPI
B-23641,1347,133,2,Furniture,Furnishings,COD
B-23642,1698,-175,3,Clothing,Stole,COD
B-23642,3387,1624,5,Electronics,Printers,Debit Card
B-23643,2060,137,4,Electronics,Electronic Games,EMI
B-23644,44,16,5,Clothing,Kurti,COD
B-23644,3120,1022,4,Furniture,Furnishings,UPI
B-23645,2419,357,5,Furniture,Chairs,COD
B-23645,2513,480,1,Electronics,Phones,UPI
B-23645,1909,482,1,Furniture,Tables,EMI
B-23646,2635,1389,3,Electronics,Phones,Credit Card
B-23646,1261,550,1,Electronics,Accessories,COD
B-23647,5557,577,5,Electronics,Accessories,EMI
B-23648,5504,1604,5,Electronics,Printers,Credit Card
B-23649,980,-322,4,Clothing,T-shirt,Debit Card
B-23650,5420,137,5,Furniture,Tables,COD
B-23650,622,77,3,Furniture,Chairs,EMI
B-23651,2611,1597,5,Electronics,Accessories,UPI
B-23652,5591,1639,1,Electronics,Accessories,Debit Card
B-23652,1055,346,2,Furniture,Chairs,Credit Card
B-23653,3938,399,3,Furniture,Chairs,EMI
B-23653,480,260,1,Electronics,Printers,Credit Card
B-23654,1687,487,3,Furniture,Chairs,UPI
B-23655,1040,-495,5,Clothing,Skirt,UPI
B-23656,1681,1001,5,Clothing,Trousers,COD
B-23657,249,-41,3,Clothing,Hankerchief,COD
B-23658,933,-355,5,Clothing,Hankerchief,Credit Card
B-23658,3528,1411,2,Electronics,Accessories,Credit Card
B-23659,1563,109,1,Clothing,Skirt,Credit Card
B-23660,5370,2514,5,Furniture,Furnishings,UPI
B-23661,674,139,2,Electronics,Printers,UPI
B-23662,619,318,4,Clothing,T-shirt,COD
B-23663,1275,861,4,Clothing,Stole,Debit Card
B-23663,1913,-297,4,Clothing,T-shirt,Debit Card
B-23664,672,469,1,Clothing,Kurti,UPI
B-23665,1365,-337,1,Clothing,Kurti,Credit Card
B-23666,1407,-158,1,Clothing,Shirt,Debit Card
B-23666,1775,-51,4,Clothing,Kurti,COD
B-23667,845,253,5,Furniture,Chairs,UPI
B-23668,1075,388,3,Electronics,Printers,COD
B-23668,1260,110,2,Clothing,Saree,COD
B-23669,1222,291,4,Furniture,Furnishings,EMI
B-23669,4469,1456,3,Furniture,Chairs,Debit Card
B-23670,58,-8,4,Clothing,Shirt,Credit Card
B-23671,1603,571,1,Clothing,Trousers,UPI
B-23671,1623,541,3,Clothing,Shirt,Credit Card
B-23672,5239,2332,1,Furniture,Chairs,COD
B-23672,4296,356,3,Electronics,Electronic Games,Credit Card
B-23673,1373,669,3,Furniture,Furnishings,Debit Card
B-23674,1802,201,2,Clothing,Kurti,EMI
B-23675,3362,2093,5,Electronics,Printers,UPI
B-23676,1298,381,3,Clothing,Trousers,UPI
B-23676,2832,369,1,Electronics,Electronic Games,COD
B-23677,3728,1859,3,Electronics,Electronic Games,COD
B-23677,54,-14,3,Clothing,Skirt,COD
B-23677,4048,1064,5,Furniture,Chairs,UPI
B-23678,648,20,5,Furniture,Chairs,EMI
B-23679,3218,637,3,Furniture,Chairs,UPI
B-23679,3643,1709,2,Electronics,Printers,Debit Card
B-23680,1457,693,1,Electronics,Accessories,Debit Card
B-23681,1354,869,3,Electronics,Phones,COD
B-23682,5813,2412,4,Furniture,Bookcases,COD
B-23683,5182,1823,3,Furniture,Tables,Debit Card
B-23683,1464,174,5,Clothing,Saree,Credit Card
B-23684,5792,1175,3,Furniture,Bookcases,COD
B-23685,755,302,2,Furniture,Chairs,Credit Card
B-23685,54,-12,5,Clothing,T-shirt,Debit Card
B-23686,557,-199,4,Clothing,Kurti,COD
B-23687,809,57,5,Clothing,T-shirt,COD
B-23688,5413,1038,1,Furniture,Chairs,Credit Card
B-23689,2830,724,4,Furniture,Bookcases,COD
B-23690,1906,810,2,Electronics,Accessories,EMI
B-23691,183,-52,1,Clothing,Trousers,Debit Card
B-23692,1492,761,4,Electronics,Phones,COD
B-23693,1659,139,4,Electronics,Accessories,EMI
B-23694,1537,5,5,Clothing,Hankerchief,COD
B-23695,4974,3203,4,Electronics,Electronic Games,COD
B-23696,3812,1478,4,Electronics,Electronic Games,Debit Card
B-23697,4453,1513,5,Electronics,Printers,UPI
B-23697,1407,930,4,Clothing,Saree,COD
B-23698,1147,448,1,Clothing,Hankerchief,EMI
B-23698,890,191,5,Clothing,Kurti,COD
B-23698,692,73,5,Furniture,Chairs,UPI
B-23699,456,-191,3,Clothing,Skirt,EMI
B-23699,133,-1,5,Clothing,Stole,Credit Card
B-23700,1036,240,5,Clothing,Hankerchief,Credit Card
B-23700,87,-4,3,Clothing,Saree,COD
B-23701,158,64,1,Clothing,Saree,UPI
B-23701,374,181,5,Electronics,Accessories,Credit Card
B-23702,1469,-527,5,Clothing,Saree,COD
B-23702,549,-117,3,Clothing,Saree,Debit Card
B-23702,3077,1659,3,Electronics,Electronic Games,COD
B-23703,407,252,5,Clothing,Kurti,Debit Card
B-23703,128,71,4,Clothing,Trousers,COD
B-23704,1400,683,4,Electronics,Accessories,Debit Card
B-23705,4889,2160,1,Furniture,Furnishings,COD
B-23706,5308,2408,5,Electronics,Electronic Games,COD
B-23707,3536,488,5,Furniture,Tables,EMI
B-23707,1130,-340,1,Clothing,Leggings,UPI
B-23708,3014,231,5,Furniture,Chairs,UPI
B-23708,842,112,3,Furniture,Bookcases,COD
B-23709,820,29,5,Furniture,Furnishings,Debit Card
B-23709,4850,2781,3,Electronics,Printers,UPI
B-23709,17,11,5,Clothing,Saree,UPI
B-23710,1596,-655,4,Clothing,Kurti,COD
B-23710,2540,899,1,Furniture,Bookcases,Debit Card
B-23710,5404,1208,3,Electronics,Electronic Games,UPI
B-23711,2543,88,2,Furniture,Chairs,COD
B-23712,3377,574,3,Electronics,Electronic Games,Credit Card
B-23713,279,118,2,Clothing,Trousers,Debit Card
B-23714,4041,2539,2,Electronics,Accessories,Credit Card
B-23714,1092,386,2,Clothing,Stole,Debit Card
B-23715,1857,1098,5,Electronics,Accessories,EMI
B-23716,2742,1001,2,Electronics,Printers,COD
B-23717,3969,1105,2,Electronics,Phones,UPI
B-23717,2242,887,4,Electronics,Printers,UPI
B-23717,1641,-816,3,Clothing,Stole,Credit Card
B-23718,1934,1043,3,Clothing,Stole,UPI
B-23718,4511,2784,1,Electronics,Accessories,Credit Card
B-23719,720,377,4,Clothing,Kurti,UPI
B-23720,854,342,3,Furniture,Bookcases,COD
B-23720,4978,524,1,Furniture,Bookcases,COD
B-23721,230,58,5,Clothing,Kurti,EMI
B-23722,994,393,5,Furniture,Chairs,COD
B-23722,1652,893,1,Clothing,Saree,Debit Card
B-23723,349,-113,1,Clothing,Saree,UPI
B-23723,4523,1756,2,Furniture,Tables,Credit Card
B-23724,4648,1366,2,Furniture,Tables,UPI
B-23724,1552,155,1,Furniture,Chairs,Credit Card
B-23725,1450,422,1,Clothing,T-shirt,COD
B-23726,2793,1459,3,Electronics,Electronic Games,UPI
B-23726,1384,785,1,Electronics,Phones,UPI
B-23727,3612,439,1,Electronics,Printers,UPI
B-23728,1527,465,1,Clothing,T-shirt,UPI
B-23728,1935,439,3,Electronics,Phones,COD
B-23729,1912,192,5,Clothing,Leggings,EMI
B-23730,934,433,3,Clothing,Stole,UPI
B-23730,3088,610,5,Furniture,Bookcases,UPI
B-23731,10,0,3,Clothing,Stole,Debit Card
B-23732,5564,3169,3,Electronics,Accessories,EMI
B-23733,357,86,2,Clothing,Hankerchief,COD
B-23733,1807,354,3,Furniture,Furnishings,Credit Card
B-23734,934,-257,2,Clothing,Stole,EMI
B-23735,1356,-665,2,Clothing,Stole,COD
B-23735,1932,-598,4,Clothing,T-shirt,UPI
B-23736,816,-37,5,Clothing,Shirt,Credit Card
B-23736,1281,-602,1,Clothing,Stole,Credit Card
B-23737,1638,-263,1,Clothing,Kurti,Debit Card
B-23738,220,96,2,Clothing,Trousers,COD
B-23738,2300,306,2,Electronics,Electronic Games,COD
B-23739,5349,1154,4,Furniture,Tables,Credit Card
B-23740,1509,172,3,Clothing,Skirt,UPI
B-23741,378,-112,1,Clothing,Saree,Credit Card
B-23741,565,337,4,Electronics,Accessories,Credit Card
B-23741,3683,1927,3,Electronics,Printers,UPI
B-23742,1545,370,3,Clothing,Leggings,COD
B-23743,3929,229,5,Electronics,Accessories,UPI
B-23744,2178,332,1,Electronics,Electronic Games,Debit Card
B-23744,1140,79,1,Electronics,Accessories,UPI
B-23744,2443,1236,4,Electronics,Accessories,COD
B-23745,4738,796,1,Furniture,Bookcases,Debit Card
B-23746,1174,-522,3,Clothing,T-shirt,UPI
B-23746,671,72,3,Clothing,Kurti,Debit Card
B-23747,1156,412,2,Electronics,Printers,Debit Card
B-23747,812,314,4,Furniture,Tables,UPI
B-23747,1340,242,5,Furniture,Bookcases,UPI
B-23748,492,233,4,Electronics,Phones,UPI
B-23748,1900,1162,1,Clothing,Shirt,UPI
B-23749,1456,264,2,Clothing,Shirt,UPI
B-23749,2272,1315,2,Electronics,Electronic Games,Credit Card
B-23750,219,94,1,Clothing,Shirt,UPI
B-23750,944,-445,5,Clothing,Saree,UPI
B-23751,873,326,2,Electronics,Accessories,COD
B-23752,896,-321,4,Clothing,Trousers,Credit Card
B-23753,2243,492,1,Furniture,Tables,COD
B-23753,3744,1640,4,Furniture,Furnishings,Credit Card
B-23754,1359,455,1,Electronics,Electronic Games,Credit Card
B-23755,1107,315,4,Clothing,Leggings,Credit Card
B-23756,1354,475,3,Electronics,Phones,COD
B-23756,1646,14,2,Clothing,Shirt,COD
B-23757,263,77,4,Clothing,Stole,Credit Card
B-23758,3132,1415,3,Furniture,Chairs,Debit Card
B-23758,3768,1693,4,Electronics,Electronic Games,Credit Card
B-23759,594,-282,3,Clothing,Kurti,COD
B-23760,5920,2801,4,Furniture,Furnishings,Credit Card
B-23761,5541,2201,1,Furniture,Furnishings,COD
B-23761,4622,1880,1,Furniture,Bookcases,Credit Card
B-23762,4363,1763,4,Electronics,Printers,COD
B-23762,649,114,2,Electronics,Accessories,EMI
B-23762,1126,105,3,Electronics,Electronic Games,Credit Card
B-23763,4912,622,4,Furniture,Chairs,Credit Card
B-23763,1036,-293,3,Clothing,Trousers,Debit Card
B-23764,1888,-420,2,Clothing,Skirt,COD
B-23765,1620,791,2,Clothing,Hankerchief,COD
B-23765,1334,-110,1,Clothing,Kurti,COD
B-23765,2124,822,3,Furniture,Bookcases,Debit Card
B-23766,4822,453,1,Electronics,Accessories,Credit Card
B-23767,1315,653,4,Clothing,Stole,COD
B-23767,3138,1052,3,Furniture,Chairs,Debit Card
B-23767,4050,201,4,Furniture,Furnishings,Credit Card
B-23768,2669,1303,4,Electronics,Printers,UPI
B-23769,2725,1105,3,Electronics,Phones,COD
B-23769,5183,1886,1,Electronics,Accessories,COD
B-23770,5553,2224,2,Electronics,Accessories,Credit Card
B-23770,982,52,5,Furniture,Bookcases,Credit Card
B-23771,1263,-121,2,Clothing,Trousers,Credit Card
B-23772,371,52,5,Clothing,Kurti,UPI
B-23772,2644,456,1,Furniture,Bookcases,Credit Card
B-23772,1694,-66,1,Clothing,Trousers,EMI
B-23773,1850,405,5,Furniture,Bookcases,UPI
B-23774,2548,1227,5,Electronics,Printers,Debit Card
B-23775,572,276,3,Electronics,Printers,Credit Card
B-23776,4123,1892,1,Electronics,Accessories,UPI
B-23777,3404,889,5,Furniture,Chairs,COD
B-23777,4516,2577,4,Electronics,Phones,Debit Card
B-23778,1304,78,1,Clothing,Saree,Debit Card
B-23779,3469,492,5,Furniture,Chairs,UPI
B-23780,219,131,4,Clothing,Leggings,COD
B-23780,850,-104,2,Clothing,Kurti,COD
B-23780,3257,1033,5,Electronics,Printers,COD
B-23781,1750,561,3,Clothing,Hankerchief,Credit Card
B-23782,1948,797,2,Furniture,Tables,COD
B-23782,653,-163,3,Clothing,Shirt,UPI
B-23783,1075,465,5,Electronics,Electronic Games,COD
B-23783,2404,509,2,Furniture,Furnishings,EMI
B-23784,1046,79,3,Electronics,Printers,UPI
B-23784,2684,650,1,Electronics,Electronic Games,COD
B-23785,2716,866,3,Electronics,Electronic Games,UPI
B-23786,1393,665,3,Furniture,Furnishings,Credit Card
B-23787,849,415,1,Clothing,Skirt,Credit Card
B-23788,1678,397,5,Furniture,Chairs,Debit Card
B-23789,1003,414,5,Electronics,Phones,UPI
B-23790,2216,391,4,Electronics,Printers,EMI
B-23791,1583,-37,2,Clothing,T-shirt,EMI
B-23791,337,157,2,Electronics,Printers,Debit Card
B-23791,1274,26,4,Clothing,T-shirt,Credit Card
B-23792,4673,362,3,Electronics,Printers,UPI
B-23792,1419,-593,2,Clothing,Stole,UPI
B-23793,2315,829,1,Furniture,Bookcases,COD
B-23794,3469,572,3,Furniture,Bookcases,COD
B-23795,671,252,4,Furniture,Tables,COD
B-23796,1422,820,1,Electronics,Printers,COD
B-23797,5014,458,4,Electronics,Electronic Games,UPI
B-23798,2327,1380,4,Electronics,Accessories,COD
B-23799,677,-328,2,Clothing,Hankerchief,Credit Card
B-23799,1065,135,3,Electronics,Printers,Credit Card
B-23800,4983,1041,5,Electronics,Electronic Games,COD
B-23801,862,128,2,Furniture,Bookcases,EMI
B-23802,2029,476,1,Furniture,Furnishings,UPI
B-23802,1695,598,1,Clothing,Hankerchief,UPI
B-23802,5740,2322,5,Electronics,Printers,COD
B-23803,5785,1388,2,Furniture,Tables,UPI
B-23804,5697,1754,1,Electronics,Electronic Games,Debit Card
B-23805,2440,915,4,Furniture,Furnishings,EMI
B-23806,962,279,5,Clothing,T-shirt,Debit Card
B-23807,1975,533,5,Clothing,Stole,Debit Card
B-23807,3737,247,4,Electronics,Phones,UPI
B-23808,1040,111,2,Electronics,Printers,EMI
B-23808,1050,517,2,Clothing,Stole,EMI
B-23809,4056,2076,2,Electronics,Electronic Games,COD
B-23810,1347,497,3,Clothing,Stole,UPI
B-23810,1814,81,3,Clothing,Leggings,Credit Card
B-23811,626,-170,2,Clothing,Skirt,Debit Card
B-23811,1897,791,2,Furniture,Furnishings,COD
B-23812,550,126,5,Electronics,Printers,COD
B-23812,563,-41,3,Clothing,Trousers,COD
B-23813,1027,672,5,Clothing,Hankerchief,UPI
B-23814,1943,296,2,Furniture,Furnishings,COD
B-23815,2475,1405,5,Electronics,Electronic Games,UPI
B-23816,3441,2050,2,Electronics,Accessories,UPI
B-23817,4979,2053,5,Electronics,Phones,COD
B-23817,3161,1253,3,Electronics,Accessories,EMI
B-23818,1371,662,1,Furniture,Tables,COD
B-23819,195,-85,2,Clothing,T-shirt,COD
B-23819,811,143,1,Clothing,Saree,Credit Card
B-23820,3467,1574,5,Electronics,Phones,EMI
B-23820,1379,409,3,Clothing,Leggings,Credit Card
B-23821,4347,1329,2,Electronics,Electronic Games,COD
B-23822,788,314,1,Electronics,Printers,Debit Card
B-23822,2696,1277,3,Electronics,Printers,UPI
B-23823,1283,-181,5,Clothing,Skirt,COD
B-23823,2924,1331,5,Electronics,Accessories,UPI
B-23824,969,535,3,Clothing,Stole,COD
B-23825,2816,599,1,Electronics,Accessories,EMI
B-23826,850,420,3,Electronics,Phones,UPI
B-23827,4718,287,4,Furniture,Furnishings,UPI
B-23828,1248,-454,5,Clothing,Shirt,COD
B-23829,3540,861,5,Furniture,Chairs,UPI
B-23830,5025,383,1,Electronics,Accessories,Debit Card
B-23831,299,-91,5,Clothing,Shirt,COD
B-23832,639,-218,4,Clothing,Kurti,COD
B-23832,609,29,2,Clothing,Shirt,COD
B-23833,3090,664,3,Furniture,Chairs,UPI
B-23833,1444,585,3,Electronics,Accessories,UPI
B-23834,74,-12,1,Clothing,Hankerchief,COD
B-23834,3693,2084,4,Electronics,Printers,EMI
B-23835,1418,547,5,Clothing,T-shirt,Debit Card
B-23836,1045,490,3,Clothing,Stole,Credit Card
B-23837,4351,846,5,Furniture,Tables,Credit Card
B-23837,1676,306,1,Clothing,Hankerchief,Credit Card
B-23837,1277,-249,3,Clothing,Saree,COD
B-23838,1713,682,1,Electronics,Phones,UPI
B-23838,3456,935,3,Furniture,Bookcases,Credit Card
B-23838,3457,1860,2,Electronics,Accessories,UPI
B-23839,3564,228,3,Electronics,Printers,COD
B-23840,4421,967,4,Electronics,Printers,COD
B-23840,3868,1116,3,Furniture,Bookcases,Credit Card
B-23841,2777,370,2,Electronics,Printers,COD
B-23842,631,434,1,Clothing,Skirt,EMI
B-23842,1968,-859,4,Clothing,Saree,COD
B-23843,10,-3,1,Clothing,Hankerchief,Debit Card
B-23844,4477,2756,5,Electronics,Phones,Debit Card
B-23845,302,39,2,Electronics,Accessories,EMI
B-23845,258,-96,5,Clothing,Trousers,Credit Card
B-23846,1644,440,2,Furniture,Furnishings,Credit Card
B-23847,1558,310,2,Furniture,Chairs,UPI
B-23848,518,-230,4,Clothing,Trousers,COD
B-23849,1627,-585,1,Clothing,Trousers,Credit Card
B-23849,304,-27,3,Clothing,Stole,COD
B-23850,1373,783,1,Clothing,Stole,UPI
B-23851,2771,1049,4,Furniture,Bookcases,EMI
B-23851,910,97,5,Clothing,Skirt,Debit Card
B-23852,1182,253,1,Furniture,Chairs,Credit Card
B-23852,786,-22,2,Clothing,Leggings,COD
B-23853,1054,159,5,Clothing,Saree,Debit Card
B-23854,786,119,2,Clothing,T-shirt,COD
B-23855,1006,288,2,Electronics,Phones,Debit Card
B-23856,2727,1269,3,Electronics,Phones,EMI
B-23857,1612,-588,5,Clothing,Skirt,COD
B-23858,238,72,3,Clothing,Hankerchief,Credit Card
B-23859,1777,-482,4,Clothing,Trousers,COD
B-23859,2583,142,4,Electronics,Phones,Debit Card
B-23860,2348,432,1,Electronics,Printers,Debit Card
B-23860,1217,312,1,Clothing,Shirt,UPI
B-23860,5787,840,2,Furniture,Chairs,EMI
B-23861,1393,541,4,Clothing,Saree,UPI
B-23861,3013,964,5,Furniture,Bookcases,EMI
B-23862,5286,3400,5,Electronics,Printers,COD
B-23862,1908,-611,1,Clothing,Saree,COD
B-23863,1053,-99,5,Clothing,Leggings,UPI
B-23863,932,460,4,Electronics,Printers,Debit Card
B-23863,1721,-825,2,Clothing,Shirt,Credit Card
B-23864,5252,329,2,Electronics,Printers,COD
B-23864,3384,1183,1,Electronics,Electronic Games,COD
B-23865,4328,1152,2,Furniture,Chairs,COD
B-23866,3372,1162,2,Furniture,Bookcases,COD
B-23867,5282,656,4,Furniture,Tables,UPI
B-23868,5382,561,3,Electronics,Printers,Debit Card
B-23868,1761,-690,1,Clothing,Skirt,Credit Card
B-23869,2724,281,5,Furniture,Furnishings,COD
B-23869,709,13,1,Clothing,T-shirt,COD
B-23869,237,-15,4,Clothing,Saree,UPI
B-23870,1859,396,1,Clothing,Skirt,UPI
B-23870,4976,1423,3,Furniture,Chairs,Credit Card
B-23871,1806,494,1,Electronics,Accessories,Debit Card
B-23872,927,-204,2,Clothing,Kurti,Debit Card
B-23873,2586,279,2,Electronics,Accessories,UPI
B-23874,4388,1099,5,Furniture,Bookcases,UPI
B-23874,323,-37,2,Clothing,Skirt,Debit Card
B-23875,4341,1423,4,Electronics,Printers,Debit Card
B-23876,1369,160,4,Clothing,T-shirt,UPI
B-23877,3679,674,1,Furniture,Bookcases,Debit Card
B-23878,768,418,5,Clothing,Kurti,Debit Card
B-23879,3108,401,4,Furniture,Bookcases,Credit Card
B-23879,1704,671,5,Furniture,Bookcases,EMI
B-23879,3098,780,3,Electronics,Electronic Games,COD
B-23880,1924,-718,5,Clothing,Kurti,UPI
B-23881,3225,1510,5,Electronics,Electronic Games,UPI
B-23881,4944,1678,2,Electronics,Accessories,COD
B-23882,4871,2272,4,Electronics,Electronic Games,COD
B-23882,897,35,1,Furniture,Tables,COD
B-23882,1330,501,2,Furniture,Chairs,COD
B-23883,738,82,4,Furniture,Furnishings,COD
B-23884,827,163,1,Clothing,Hankerchief,Credit Card
B-23884,127,77,5,Clothing,Shirt,COD
B-23884,3819,1578,5,Electronics,Phones,COD
B-23885,949,376,2,Electronics,Printers,Credit Card
B-23886,1894,908,3,Clothing,Shirt,COD
B-23886,4545,2238,1,Furniture,Chairs,Debit Card
B-23887,3206,1017,2,Furniture,Bookcases,COD
B-23887,5967,2386,1,Furniture,Bookcases,UPI
B-23887,1088,573,3,Clothing,T-shirt,EMI
B-23888,2095,109,1,Electronics,Phones,Debit Card
B-23889,3327,1479,2,Furniture,Chairs,UPI
B-23889,2309,1424,2,Electronics,Phones,EMI
B-23890,2316,708,2,Electronics,Printers,Debit Card
B-23890,4861,715,1,Furniture,Tables,COD
B-23891,2003,333,1,Furniture,Tables,COD
B-23892,238,25,3,Clothing,Leggings,UPI
B-23893,524,198,2,Clothing,Stole,UPI
B-23894,1332,-641,4,Clothing,Kurti,COD
B-23894,5273,713,2,Electronics,Accessories,EMI
B-23894,139,68,1,Clothing,Saree,Credit Card
B-23895,2193,196,1,Furniture,Bookcases,Debit Card
B-23896,2893,508,1,Electronics,Accessories,COD
B-23897,3409,801,1,Furniture,Tables,UPI
B-23898,303,127,4,Clothing,Trousers,Credit Card
B-23899,1378,156,3,Clothing,Saree,UPI
B-23899,1458,703,2,Electronics,Phones,COD
B-23900,2479,245,5,Electronics,Phones,UPI
B-23901,1244,410,4,Clothing,T-shirt,EMI
B-23902,2015,1274,2,Electronics,Printers,COD
B-23903,5477,1803,1,Electronics,Printers,Debit Card
B-23904,3320,367,2,Electronics,Phones,UPI
B-23904,5520,292,1,Furniture,Bookcases,UPI
B-23905,2784,824,4,Furniture,Bookcases,COD
B-23905,520,81,5,Clothing,Leggings,COD
B-23905,1724,843,4,Furniture,Tables,EMI
B-23906,567,78,2,Clothing,Leggings,Debit Card
B-23907,1844,-218,1,Clothing,Saree,COD
B-23907,4489,2186,3,Furniture,Chairs,UPI
B-23907,4055,817,1,Electronics,Accessories,UPI
B-23908,4065,574,5,Electronics,Printers,UPI
B-23908,5946,1539,2,Furniture,Tables,UPI
B-23908,1168,569,4,Furniture,Tables,UPI
B-23909,1514,-73,5,Clothing,Stole,Debit Card
B-23910,570,392,3,Clothing,Stole,Credit Card
B-23911,1149,716,2,Clothing,Hankerchief,COD
B-23912,4614,1622,2,Electronics,Accessories,Debit Card
B-23912,2184,1229,2,Electronics,Phones,COD
B-23913,862,523,4,Clothing,Shirt,UPI
B-23914,3185,932,5,Furniture,Bookcases,UPI
B-23914,1254,240,2,Clothing,Trousers,Debit Card
B-23915,5576,1468,5,Furniture,Tables,COD
B-23916,1115,454,1,Electronics,Electronic Games,UPI
B-23917,1389,354,3,Furniture,Chairs,UPI
B-23918,942,187,4,Furniture,Tables,COD
B-23918,3918,2114,5,Electronics,Electronic Games,COD
B-23919,3627,946,3,Furniture,Chairs,Credit Card
B-23920,1048,186,4,Furniture,Bookcases,Debit Card
B-23921,1473,-41,3,Clothing,Leggings,Credit Card
B-23922,1409,308,1,Clothing,T-shirt,UPI
B-23923,817,-7,1,Clothing,Skirt,UPI
B-23923,1399,-424,4,Clothing,Stole,UPI
B-23923,1660,-232,1,Clothing,Hankerchief,COD
B-23924,3534,744,1,Electronics,Electronic Games,Debit Card
B-23924,1273,351,4,Clothing,Saree,UPI
B-23925,3103,504,5,Furniture,Bookcases,UPI
B-23925,1775,-543,1,Clothing,Trousers,UPI
B-23926,2874,683,5,Electronics,Electronic Games,COD
B-23927,2200,903,5,Electronics,Printers,Debit Card
B-23928,403,-47,2,Clothing,Shirt,COD
B-23929,5090,928,5,Electronics,Electronic Games,Credit Card
B-23930,1809,-607,4,Clothing,Stole,Credit Card
B-23930,716,442,2,Clothing,T-shirt,Credit Card
B-23931,1890,664,5,Clothing,T-shirt,Credit Card
B-23932,1120,688,1,Electronics,Printers,UPI
B-23933,854,111,5,Clothing,Saree,Debit Card
B-23933,3396,613,3,Electronics,Printers,UPI
B-23934,671,225,4,Clothing,Trousers,EMI
B-23935,1156,265,3,Clothing,Skirt,UPI
B-23935,841,400,1,Electronics,Electronic Games,Debit Card
B-23936,5778,580,5,Furniture,Furnishings,UPI
B-23937,924,-354,4,Clothing,Skirt,COD
B-23938,3986,1932,3,Furniture,Furnishings,UPI
B-23939,149,41,2,Clothing,Shirt,UPI
B-23939,1190,-212,2,Clothing,Kurti,UPI
B-23940,2591,1096,4,Electronics,Phones,COD
B-23940,5131,1648,4,Furniture,Tables,Credit Card
B-23941,4666,1368,3,Electronics,Printers,UPI
B-23942,2259,1144,5,Electronics,Accessories,Debit Card
B-23943,4200,1549,2,Electronics,Phones,Debit Card
B-23944,383,212,2,Clothing,Saree,UPI
B-23945,1140,517,4,Clothing,Hankerchief,UPI
B-23946,809,162,4,Furniture,Tables,UPI
B-23946,575,116,3,Electronics,Accessories,Credit Card
B-23947,1441,-390,1,Clothing,T-shirt,UPI
B-23947,5759,1588,5,Furniture,Tables,COD
B-23948,737,-327,1,Clothing,Trousers,UPI
B-23949,801,-77,4,Clothing,Kurti,UPI
B-23950,3326,487,2,Furniture,Tables,COD
B-23950,369,110,5,Electronics,Accessories,COD
B-23951,5246,1836,2,Furniture,Furnishings,COD
B-23951,1363,537,5,Electronics,Phones,EMI
B-23952,5430,386,5,Electronics,Accessories,Credit Card
B-23952,1510,533,5,Clothing,Shirt,Credit Card
B-23953,1895,595,3,Clothing,Trousers,COD
B-23954,288,-40,2,Clothing,T-shirt,COD
B-23955,334,134,3,Electronics,Phones,COD
B-23955,2522,824,4,Furniture,Tables,Debit Card
B-23956,3025,713,4,Electronics,Electronic Games,COD
B-23957,2342,890,1,Furniture,Chairs,Credit Card
B-23957,4361,346,1,Furniture,Chairs,UPI
B-23957,5698,2521,4,Electronics,Printers,Credit Card
B-23958,640,415,4,Clothing,Skirt,Credit Card
B-23959,4581,268,1,Furniture,Chairs,Debit Card
B-23960,2330,1464,1,Electronics,Electronic Games,Credit Card
B-23961,261,147,5,Clothing,Kurti,Debit Card
B-23962,5215,1306,3,Electronics,Electronic Games,Debit Card
B-23963,521,127,1,Clothing,T-shirt,COD
B-23964,4257,1899,2,Furniture,Tables,EMI
B-23965,1943,-563,4,Clothing,Trousers,UPI
B-23966,1283,-223,5,Clothing,Trousers,UPI
B-23967,1716,467,2,Furniture,Chairs,UPI
B-23967,2083,516,2,Furniture,Tables,Debit Card
B-23968,4845,3067,3,Electronics,Electronic Games,Debit Card
B-23969,573,362,5,Electronics,Printers,UPI
B-23969,2419,847,4,Electronics,Electronic Games,UPI
B-23970,737,375,1,Electronics,Printers,COD
B-23970,680,-306,4,Clothing,Hankerchief,UPI
B-23971,368,-155,3,Clothing,Kurti,UPI
B-23972,5665,1631,4,Furniture,Furnishings,Debit Card
B-23972,4844,2716,1,Electronics,Accessories,COD
B-23973,3276,401,4,Electronics,Electronic Games,Credit Card
B-23973,1003,372,1,Electronics,Printers,UPI
B-23974,1349,171,5,Clothing,Skirt,COD
B-23974,1232,306,4,Clothing,Shirt,COD
B-23974,679,201,2,Furniture,Bookcases,UPI
B-23975,1290,556,1,Electronics,Printers,COD
B-23975,1907,-609,3,Clothing,Stole,UPI
B-23975,4249,1533,1,Furniture,Chairs,Credit Card
B-23976,920,640,4,Clothing,Stole,Credit Card
B-23977,3008,217,4,Furniture,Furnishings,UPI
B-23978,403,234,1,Electronics,Accessories,UPI
B-23979,81,40,4,Clothing,T-shirt,Debit Card
B-23980,769,52,4,Clothing,Skirt,UPI
B-23980,1390,-336,3,Clothing,Leggings,COD
B-23980,5295,3259,5,Electronics,Electronic Games,UPI
B-23981,5093,1170,4,Electronics,Printers,UPI
B-23982,105,-8,4,Clothing,Trousers,Credit Card
B-23983,2221,454,3,Furniture,Furnishings,Credit Card
B-23984,589,233,5,Electronics,Electronic Games,UPI
B-23985,1098,340,5,Clothing,Skirt,COD
B-23986,4332,765,4,Electronics,Phones,UPI
B-23987,3421,1299,4,Furniture,Bookcases,COD
B-23988,5052,2613,3,Electronics,Electronic Games,EMI
B-23988,1060,-210,3,Clothing,Shirt,UPI
B-23989,359,80,4,Electronics,Accessories,UPI
B-23989,1282,-474,2,Clothing,Trousers,COD
B-23990,1627,497,5,Furniture,Furnishings,Credit Card
B-23990,3232,612,2,Electronics,Phones,Debit Card
B-23991,4740,1292,5,Electronics,Phones,Debit Card
B-23991,4062,1188,5,Electronics,Phones,UPI
B-23992,1768,329,1,Furniture,Furnishings,Credit Card
B-23993,1691,638,5,Electronics,Accessories,EMI
B-23994,5653,1392,5,Electronics,Phones,UPI
B-23995,1678,292,5,Electronics,Phones,UPI
B-23996,931,559,1,Electronics,Electronic Games,COD
B-23997,4956,2463,3,Electronics,Accessories,COD
B-23997,1619,-273,2,Clothing,Kurti,COD
B-23998,1044,248,5,Clothing,Hankerchief,UPI
B-23999,3678,896,3,Electronics,Phones,EMI
B-24000,719,-10,1,Clothing,Kurti,UPI
B-24000,2436,215,4,Electronics,Accessories,UPI
B-24001,4261,1361,5,Electronics,Electronic Games,COD
B-24001,708,116,3,Electronics,Electronic Games,Debit Card
B-24002,754,79,4,Furniture,Furnishings,UPI
B-24002,60,10,2,Clothing,T-shirt,Debit Card
B-24003,1398,649,4,Furniture,Furnishings,COD
B-24003,4159,1715,1,Electronics,Printers,COD
B-24004,1300,871,1,Clothing,Hankerchief,UPI
B-24004,1494,461,1,Electronics,Printers,COD
B-24004,3943,543,4,Furniture,Bookcases,UPI
B-24005,4721,2334,1,Electronics,Electronic Games,COD
B-24006,2758,1502,1,Electronics,Printers,Credit Card
B-24007,5367,3295,5,Electronics,Accessories,Credit Card
B-24008,407,105,4,Clothing,Hankerchief,Debit Card
B-24009,4634,1139,3,Furniture,Tables,COD
B-24010,1089,699,4,Electronics,Printers,EMI
B-24011,3607,219,4,Furniture,Chairs,EMI
B-24012,3777,1604,4,Electronics,Accessories,COD
B-24013,1265,296,3,Clothing,Skirt,EMI
B-24013,3204,865,4,Electronics,Printers,EMI
B-24014,647,-20,3,Clothing,Stole,Debit Card
B-24014,416,50,5,Clothing,Kurti,UPI
B-24015,2364,845,1,Furniture,Chairs,Credit Card
B-24016,5168,693,5,Electronics,Printers,EMI
B-24016,1879,1102,5,Electronics,Electronic Games,COD
B-24016,956,-378,1,Clothing,Leggings,EMI
B-24017,1504,-57,1,Clothing,Shirt,Debit Card
B-24017,34,3,5,Clothing,Trousers,COD
B-24018,196,100,1,Clothing,Saree,UPI
B-24018,1976,533,4,Clothing,Hankerchief,UPI
B-24019,4330,824,3,Electronics,Printers,UPI
B-24019,791,-58,5,Clothing,Shirt,Credit Card
B-24020,1380,-594,3,Clothing,Hankerchief,Credit Card
B-24020,3022,1797,1,Electronics,Phones,Debit Card
B-24020,1628,-351,1,Clothing,Leggings,Credit Card
B-24021,5165,2565,5,Electronics,Phones,EMI
B-24021,152,-51,2,Clothing,Stole,UPI
B-24022,5561,2234,5,Electronics,Accessories,EMI
B-24023,1380,-258,1,Clothing,Hankerchief,UPI
B-24024,1354,49,1,Clothing,Trousers,COD
B-24024,861,-201,5,Clothing,Stole,COD
B-24025,716,244,4,Clothing,T-shirt,Debit Card
B-24025,1275,-325,2,Clothing,Skirt,COD
B-24026,5751,3469,3,Electronics,Electronic Games,COD
B-24027,1229,480,1,Furniture,Bookcases,EMI
B-24028,3935,1144,3,Furniture,Chairs,COD
B-24028,287,-116,2,Clothing,T-shirt,Credit Card
B-24029,1515,-81,2,Clothing,Saree,UPI
B-24029,5123,1587,5,Electronics,Phones,COD
B-24030,3921,1208,1,Furniture,Chairs,Credit Card
B-24030,1034,202,1,Electronics,Phones,Credit Card
B-24031,552,40,1,Electronics,Printers,Debit Card
B-24032,224,117,3,Clothing,Saree,UPI
B-24033,2356,931,3,Electronics,Printers,COD
B-24033,1310,217,3,Electronics,Accessories,Debit Card
B-24034,4113,467,5,Furniture,Chairs,Credit Card
B-24034,1491,626,5,Furniture,Furnishings,COD
B-24035,5608,2404,5,Electronics,Phones,COD
B-24036,1424,890,3,Electronics,Accessories,UPI
B-24036,727,-337,5,Clothing,T-shirt,Credit Card
B-24037,3940,816,3,Electronics,Electronic Games,UPI
B-24037,850,-240,4,Clothing,Stole,EMI
B-24038,5030,1935,2,Furniture,Furnishings,COD
B-24039,931,526,2,Clothing,Leggings,UPI
B-24039,3838,1766,2,Electronics,Phones,Credit Card
B-24040,832,442,3,Electronics,Phones,EMI
B-24040,675,-281,5,Clothing,Saree,UPI
B-24041,737,119,3,Electronics,Phones,COD
B-24042,2100,982,4,Electronics,Printers,COD
B-24043,2901,415,2,Furniture,Bookcases,UPI
B-24044,1688,805,2,Furniture,Bookcases,COD
B-24045,330,175,4,Electronics,Electronic Games,Debit Card
B-24045,2632,1478,3,Electronics,Printers,COD
B-24046,1131,190,4,Electronics,Phones,Debit Card
B-24047,3430,624,5,Furniture,Chairs,COD
B-24047,3195,1237,5,Furniture,Bookcases,UPI
B-24048,1950,362,5,Clothing,Trousers,Credit Card
B-24049,1019,264,2,Electronics,Printers,Credit Card
B-24050,502,-159,1,Clothing,Kurti,COD
B-24050,3572,366,3,Furniture,Chairs,EMI
B-24051,4249,1148,2,Furniture,Chairs,UPI
B-24052,4283,1844,1,Electronics,Phones,EMI
B-24052,4298,890,5,Electronics,Printers,COD
B-24052,1714,683,2,Clothing,Trousers,Credit Card
B-24053,1814,-105,4,Clothing,Stole,UPI
B-24054,1318,772,4,Clothing,T-shirt,Debit Card
B-24055,4193,972,4,Furniture,Tables,COD
B-24055,3385,1914,1,Electronics,Printers,Credit Card
B-24055,3436,1075,1,Electronics,Electronic Games,COD
B-24056,96,53,1,Clothing,Stole,COD
B-24056,1148,356,2,Electronics,Printers,COD
B-24057,1351,541,5,Furniture,Bookcases,Credit Card
B-24058,175,-46,2,Clothing,T-shirt,COD
B-24059,3380,1708,4,Electronics,Electronic Games,Debit Card
B-24060,3716,1962,1,Electronics,Printers,UPI
B-24060,1919,950,3,Clothing,Saree,Credit Card
B-24060,4591,1940,4,Furniture,Furnishings,COD
B-24061,5296,722,2,Furniture,Chairs,UPI
B-24062,5438,1570,2,Electronics,Accessories,EMI
B-24062,3662,1134,4,Furniture,Chairs,Debit Card
B-24063,3625,2344,1,Electronics,Electronic Games,EMI
B-24064,38,22,2,Clothing,Saree,UPI
B-24064,3181,1512,1,Furniture,Furnishings,UPI
B-24065,4510,1076,5,Furniture,Bookcases,UPI
B-24066,148,50,5,Clothing,Kurti,Debit Card
B-24067,2832,929,3,Furniture,Furnishings,Credit Card
B-24067,2368,791,3,Furniture,Furnishings,Credit Card
B-24068,1569,981,2,Electronics,Accessories,COD
B-24068,1504,610,5,Electronics,Phones,UPI
B-24069,4409,2780,4,Electronics,Accessories,COD
B-24069,4308,1156,4,Electronics,Printers,COD
B-24069,776,156,5,Furniture,Bookcases,Debit Card
B-24070,1548,553,1,Electronics,Phones,Credit Card
B-24070,2867,856,1,Furniture,Tables,COD
B-24071,4595,2711,1,Electronics,Printers,COD
B-24071,1838,-351,3,Clothing,Hankerchief,Credit Card
B-24071,1690,664,2,Electronics,Electronic Games,UPI
B-24072,4313,2153,1,Electronics,Printers,Debit Card
B-24072,892,169,5,Electronics,Printers,COD
B-24073,844,285,5,Clothing,Trousers,COD
B-24073,2909,305,4,Electronics,Electronic Games,COD
B-24074,310,58,5,Electronics,Printers,EMI
B-24075,392,211,2,Clothing,Saree,UPI
B-24076,351,53,5,Clothing,Hankerchief,EMI
B-24077,2872,367,3,Furniture,Bookcases,Debit Card
B-24077,35,12,3,Clothing,Stole,UPI
B-24077,3248,865,5,Electronics,Phones,Credit Card
B-24078,1747,-137,3,Clothing,Leggings,COD
B-24079,2962,725,4,Furniture,Bookcases,EMI
B-24079,1567,524,2,Electronics,Printers,COD
B-24080,948,145,2,Furniture,Furnishings,COD
B-24081,1559,190,4,Electronics,Electronic Games,UPI
B-24081,4181,1648,3,Electronics,Printers,COD
B-24082,4085,2499,3,Electronics,Printers,Debit Card
B-24082,633,130,5,Clothing,T-shirt,UPI
B-24082,4467,972,5,Furniture,Bookcases,COD
B-24083,592,-192,4,Clothing,Leggings,COD
B-24084,5996,1444,4,Furniture,Chairs,Credit Card
B-24085,752,-269,5,Clothing,Hankerchief,COD
B-24085,4880,1546,1,Electronics,Accessories,Credit Card
B-24085,536,159,4,Clothing,T-shirt,EMI
B-24086,5738,3507,4,Electronics,Printers,UPI
B-24087,722,-288,3,Clothing,Stole,COD
B-24088,3861,539,4,Electronics,Printers,EMI
B-24088,1645,-21,1,Clothing,Leggings,COD
B-24089,2658,1427,3,Electronics,Electronic Games,COD
B-24089,1657,630,3,Clothing,Saree,EMI
B-24089,5188,1761,5,Furniture,Bookcases,COD
B-24090,5731,1273,4,Furniture,Tables,Debit Card
B-24090,1992,-32,2,Clothing,Stole,COD
B-24090,2933,631,3,Electronics,Phones,COD
B-24091,1198,-274,3,Clothing,Skirt,Debit Card
B-24092,5061,1328,4,Furniture,Chairs,UPI
B-24092,1111,175,2,Clothing,Leggings,Credit Card
B-24093,1724,341,4,Clothing,Skirt,Credit Card
B-24093,3884,1830,4,Electronics,Phones,UPI
B-24093,1212,-166,1,Clothing,Shirt,EMI
B-24094,4602,1392,4,Electronics,Electronic Games,UPI
B-24095,5205,2398,4,Furniture,Chairs,UPI
B-24096,1725,149,1,Electronics,Accessories,COD
B-24097,1241,-553,1,Clothing,Kurti,COD
B-24097,2891,198,4,Electronics,Phones,COD
B-24098,4,2,1,Clothing,Skirt,UPI
B-24098,1364,316,2,Electronics,Printers,EMI
B-24098,113,-8,5,Clothing,Kurti,Credit Card
B-24099,1326,193,5,Clothing,Stole,COD
B-24099,537,155,5,Electronics,Electronic Games,UPI
B-24100,5046,2983,3,Electronics,Printers,EMI
B-24100,1487,423,5,Electronics,Printers,COD
B-24101,1443,-715,1,Clothing,T-shirt,UPI
B-24101,1038,-466,3,Clothing,Trousers,Debit Card
B-24102,731,-289,3,Clothing,Trousers,Credit Card
B-24103,3555,935,1,Furniture,Bookcases,Debit Card
B-24104,4127,611,5,Electronics,Printers,Debit Card
B-24104,221,3,5,Clothing,Skirt,EMI
B-24105,2052,898,2,Furniture,Furnishings,COD
B-24105,3370,448,4,Electronics,Phones,COD
B-24106,4335,329,5,Furniture,Furnishings,Debit Card
B-24107,1151,-369,4,Clothing,Leggings,Credit Card
B-24108,704,182,5,Furniture,Furnishings,EMI
B-24108,3110,1840,2,Electronics,Electronic Games,Credit Card
B-24109,4917,1009,5,Furniture,Chairs,COD
B-24109,5335,2133,5,Furniture,Furnishings,COD
B-24110,2651,1138,5,Electronics,Printers,UPI
B-24110,1526,807,1,Clothing,Shirt,UPI
B-24111,4543,133,1,Furniture,Tables,COD
B-24112,1329,248,4,Electronics,Phones,Debit Card
B-24113,1266,632,2,Clothing,Saree,UPI
B-24114,1389,418,4,Clothing,Trousers,EMI
B-24115,4899,1939,4,Furniture,Furnishings,Debit Card
B-24116,584,-267,4,Clothing,Hankerchief,UPI
B-24116,1784,-66,2,Clothing,Hankerchief,UPI
B-24116,1045,-225,3,Clothing,Skirt,COD
B-24117,98,53,2,Clothing,Skirt,Debit Card
B-24118,4192,530,1,Furniture,Tables,UPI
B-24119,275,-45,2,Clothing,Stole,COD
B-24120,1821,-234,1,Clothing,Saree,Debit Card
B-24121,5170,2490,3,Electronics,Phones,Credit Card
B-24122,214,-49,3,Clothing,Trousers,Credit Card
B-24122,1866,999,3,Clothing,Leggings,Credit Card
B-24122,1070,596,1,Clothing,Skirt,UPI
B-24123,1763,495,2,Furniture,Bookcases,EMI
B-24123,1664,212,2,Furniture,Bookcases,Debit Card
B-24124,1224,304,3,Clothing,Stole,COD
B-24124,1452,830,1,Clothing,Skirt,EMI
B-24125,1544,761,1,Clothing,Skirt,UPI
B-24125,5194,1146,1,Electronics,Accessories,Credit Card
B-24126,1696,503,1,Clothing,Trousers,COD
B-24127,4777,524,1,Furniture,Bookcases,UPI
B-24128,5364,1929,1,Furniture,Chairs,UPI
B-24129,578,216,5,Furniture,Furnishings,Credit Card
B-24129,1964,-277,2,Clothing,Trousers,COD
B-24130,849,-356,2,Clothing,Stole,COD
B-24131,3357,1542,3,Furniture,Furnishings,Debit Card
B-24131,4108,1134,2,Furniture,Chairs,EMI
B-24132,2729,649,3,Furniture,Tables,COD
B-24132,1387,86,4,Electronics,Electronic Games,UPI
B-24132,544,162,1,Furniture,Tables,Credit Card
B-24133,3309,1413,5,Electronics,Electronic Games,EMI
B-24134,2416,295,1,Electronics,Phones,UPI
B-24135,1482,1034,1,Clothing,Hankerchief,COD
B-24135,256,166,4,Clothing,Trousers,UPI
B-24135,544,167,1,Furniture,Furnishings,Credit Card
B-24136,22,-7,4,Clothing,Skirt,COD
B-24137,4796,3055,4,Electronics,Accessories,Credit Card
B-24137,328,62,1,Clothing,Stole,COD
B-24138,3771,1546,4,Electronics,Electronic Games,Credit Card
B-24138,1463,941,5,Electronics,Printers,Credit Card
B-24139,1125,-301,3,Clothing,Trousers,COD
B-24139,1741,109,3,Clothing,Saree,Credit Card
B-24139,2340,1325,5,Electronics,Electronic Games,COD
B-24140,3655,383,2,Electronics,Printers,COD
B-24141,1730,317,3,Clothing,Skirt,Credit Card
B-24142,4442,1925,3,Furniture,Bookcases,Credit Card
B-24143,890,-250,3,Clothing,Skirt,UPI
B-24144,4818,1916,2,Furniture,Furnishings,Debit Card
B-24145,778,62,5,Clothing,Trousers,COD
B-24146,1904,211,2,Furniture,Tables,Credit Card
B-24147,1802,2,4,Clothing,Shirt,UPI
B-24148,1142,107,5,Clothing,Hankerchief,UPI
B-24148,1107,387,2,Clothing,Hankerchief,UPI
B-24149,4947,2061,1,Electronics,Accessories,COD
B-24149,3147,1783,2,Electronics,Phones,EMI
B-24150,1428,-208,4,Clothing,Leggings,Credit Card
B-24151,4229,1875,3,Furniture,Tables,Debit Card
B-24151,1044,465,4,Electronics,Phones,COD
B-24152,2888,567,3,Electronics,Electronic Games,Credit Card
B-24152,815,151,2,Electronics,Printers,EMI
B-24152,2673,1164,4,Electronics,Printers,Debit Card
B-24153,160,44,1,Clothing,T-shirt,EMI
B-24154,1439,-694,2,Clothing,Kurti,COD
B-24155,2785,1571,4,Electronics,Electronic Games,COD
B-24155,575,237,1,Electronics,Accessories,COD
B-24156,5757,2798,2,Furniture,Tables,Credit Card
B-24157,4379,2313,1,Electronics,Phones,UPI
B-24158,512,-151,3,Clothing,Leggings,UPI
B-24158,1440,922,3,Clothing,Skirt,Credit Card
B-24159,5155,1591,3,Furniture,Furnishings,Credit Card
B-24160,952,615,1,Electronics,Accessories,Credit Card
B-24161,2771,1113,4,Furniture,Chairs,COD
B-24162,3935,1141,1,Furniture,Chairs,Credit Card
B-24163,402,-154,1,Clothing,Saree,UPI
B-24163,1625,197,3,Clothing,Shirt,Credit Card
B-24164,1337,503,1,Furniture,Tables,COD
B-24165,1249,120,2,Electronics,Accessories,EMI
B-24165,610,243,4,Electronics,Printers,Debit Card
B-24166,1743,504,1,Furniture,Bookcases,COD
B-24167,4848,286,4,Furniture,Tables,Debit Card
B-24167,1214,544,5,Furniture,Furnishings,UPI
B-24168,4798,1833,5,Electronics,Electronic Games,Debit Card
B-24168,354,180,2,Clothing,Saree,UPI
B-24169,449,167,4,Clothing,T-shirt,UPI
B-24170,850,55,3,Clothing,Stole,Credit Card
B-24171,68,14,3,Clothing,Hankerchief,Credit Card
B-24172,361,212,3,Electronics,Phones,COD
B-24172,925,-425,4,Clothing,Leggings,UPI
B-24172,1034,362,3,Clothing,Shirt,Debit Card
B-24173,834,576,3,Clothing,Saree,Credit Card
B-24174,2598,582,4,Electronics,Electronic Games,Credit Card
B-24174,713,-201,4,Clothing,Trousers,COD
B-24174,1947,844,1,Clothing,Shirt,COD
B-24175,2632,392,5,Furniture,Bookcases,UPI
B-24176,2904,1655,3,Electronics,Electronic Games,COD
B-24176,1917,892,2,Electronics,Phones,COD
B-24177,4411,1446,3,Electronics,Phones,COD
B-24177,256,-111,4,Clothing,Trousers,UPI
B-24177,1704,635,3,Furniture,Chairs,Debit Card
B-24178,1288,-391,1,Clothing,T-shirt,EMI
B-24179,2916,905,2,Furniture,Furnishings,COD
B-24180,2404,385,1,Electronics,Accessories,Debit Card
B-24181,1662,-384,5,Clothing,Hankerchief,UPI
B-24181,4736,1131,5,Furniture,Tables,COD
B-24182,1705,251,5,Furniture,Tables,Debit Card
B-24183,3802,1447,4,Electronics,Phones,UPI
B-24183,2574,1087,1,Furniture,Chairs,Debit Card
B-24183,2031,558,4,Electronics,Phones,Credit Card
B-24184,850,89,4,Clothing,Hankerchief,EMI
B-24185,1989,862,3,Clothing,Shirt,COD
B-24185,2190,963,4,Electronics,Phones,COD
B-24185,5235,334,5,Electronics,Accessories,Credit Card
B-24186,1092,745,2,Clothing,T-shirt,Debit Card
B-24187,3667,1972,3,Electronics,Phones,COD
B-24188,969,-125,4,Clothing,Stole,COD
B-24188,3641,927,4,Electronics,Accessories,COD
B-24189,733,-230,5,Clothing,Stole,Credit Card
B-24189,1831,180,4,Clothing,Saree,Credit Card
B-24190,1766,25,4,Clothing,Leggings,UPI
B-24190,5462,926,1,Electronics,Accessories,UPI
B-24191,703,321,5,Clothing,Hankerchief,Credit Card
B-24192,777,312,1,Furniture,Chairs,COD
B-24192,2258,743,4,Electronics,Electronic Games,UPI
B-24193,644,111,4,Clothing,Stole,UPI
B-24193,1368,270,1,Electronics,Phones,COD
B-24193,1236,289,1,Clothing,Saree,Credit Card
B-24194,941,366,3,Clothing,T-shirt,COD
B-24195,1670,355,1,Clothing,Skirt,Debit Card
B-24196,4252,2422,4,Electronics,Printers,Credit Card
B-24197,220,50,1,Clothing,Hankerchief,UPI
B-24197,1464,567,4,Clothing,T-shirt,COD
B-24198,4170,1287,5,Furniture,Tables,UPI
B-24199,4298,2067,5,Furniture,Bookcases,COD
B-24200,1937,477,5,Furniture,Tables,Credit Card
B-24201,549,236,3,Electronics,Printers,EMI
B-24201,5345,2431,1,Electronics,Accessories,Debit Card
B-24201,194,-6,2,Clothing,T-shirt,Credit Card
B-24202,1099,70,4,Electronics,Electronic Games,COD
B-24202,4540,1211,3,Furniture,Bookcases,UPI
B-24202,321,87,2,Electronics,Electronic Games,UPI
B-24203,4104,1548,5,Electronics,Accessories,UPI
B-24203,4198,1702,5,Electronics,Accessories,COD
B-24204,1328,337,5,Electronics,Accessories,Credit Card
B-24205,407,-54,4,Clothing,Kurti,Debit Card
B-24206,4525,1125,1,Furniture,Chairs,Debit Card
B-24207,4677,1452,1,Electronics,Accessories,Debit Card
B-24207,4208,629,1,Furniture,Tables,Credit Card
B-24208,4723,664,4,Furniture,Furnishings,Debit Card
B-24209,2511,713,5,Electronics,Printers,Credit Card
B-24210,1045,456,2,Furniture,Tables,COD
B-24210,2248,130,2,Furniture,Furnishings,UPI
B-24211,2583,1426,4,Electronics,Electronic Games,UPI
B-24211,1219,603,1,Clothing,Hankerchief,UPI
B-24212,1241,845,3,Clothing,Kurti,EMI
B-24212,697,234,5,Clothing,Shirt,Debit Card
B-24213,4375,1849,1,Electronics,Electronic Games,UPI
B-24214,919,-301,3,Clothing,Shirt,Debit Card
B-24214,484,312,1,Clothing,Skirt,UPI
B-24215,1035,217,4,Furniture,Tables,COD
B-24215,2055,974,5,Electronics,Electronic Games,UPI
B-24216,1093,85,5,Clothing,Shirt,UPI
B-24217,1696,154,3,Clothing,Kurti,UPI
B-24217,893,348,3,Clothing,Kurti,COD
B-24218,2480,1236,1,Furniture,Furnishings,COD
B-24218,1399,247,4,Clothing,Shirt,COD
B-24219,1604,-429,1,Clothing,Saree,Credit Card
B-24219,931,368,2,Electronics,Accessories,EMI
B-24220,925,393,1,Clothing,T-shirt,Credit Card
B-24221,645,348,4,Clothing,Skirt,UPI
B-24222,4953,1933,4,Electronics,Printers,COD
B-24222,1300,696,2,Electronics,Printers,COD
B-24223,5121,1307,5,Furniture,Bookcases,UPI
B-24223,884,114,4,Electronics,Electronic Games,Debit Card
B-24223,101,66,5,Clothing,Saree,COD
B-24224,1585,639,4,Electronics,Electronic Games,Debit Card
B-24224,2589,473,4,Furniture,Tables,UPI
B-24225,3630,1266,3,Furniture,Furnishings,COD
B-24225,3868,1127,4,Electronics,Accessories,Credit Card
B-24226,3813,1154,1,Electronics,Electronic Games,COD
B-24226,4656,1378,5,Electronics,Accessories,COD
B-24227,3809,1886,3,Electronics,Printers,UPI
B-24227,4952,458,2,Furniture,Tables,UPI
B-24227,3897,821,3,Furniture,Chairs,Credit Card
B-24228,59,6,2,Clothing,Saree,UPI
B-24228,5572,451,3,Furniture,Bookcases,Credit Card
B-24228,1716,123,3,Furniture,Furnishings,Debit Card
B-24229,3265,296,5,Furniture,Bookcases,UPI
B-24229,5806,2774,2,Furniture,Tables,Debit Card
B-24230,297,148,5,Clothing,Trousers,COD
B-24230,5367,3027,1,Electronics,Phones,Credit Card
B-24230,2362,276,2,Furniture,Chairs,UPI
B-24231,11,2,2,Clothing,Shirt,UPI
B-24232,701,134,3,Clothing,Leggings,EMI
B-24233,317,31,4,Electronics,Accessories,COD
B-24233,2235,1100,5,Furniture,Tables,UPI
B-24234,540,198,3,Clothing,T-shirt,UPI
B-24234,2685,209,5,Furniture,Furnishings,COD
B-24234,1447,417,1,Furniture,Chairs,COD
B-24235,2015,744,1,Furniture,Chairs,COD
B-24235,3585,747,1,Furniture,Bookcases,Debit Card
B-24236,1812,888,2,Electronics,Printers,COD
B-24237,3237,513,1,Electronics,Phones,Debit Card
B-24237,2073,520,2,Electronics,Electronic Games,Credit Card
B-24238,4943,1842,3,Furniture,Bookcases,UPI
B-24239,1154,549,4,Clothing,T-shirt,UPI
B-24239,330,206,3,Clothing,Trousers,Credit Card
B-24240,7,-3,1,Clothing,Leggings,COD
B-24240,418,-28,2,Clothing,Shirt,UPI
B-24240,1323,-122,4,Clothing,Saree,Credit Card
B-24241,1520,-392,4,Clothing,Kurti,COD
B-24242,684,265,5,Electronics,Phones,Credit Card
B-24243,1304,245,4,Furniture,Tables,Debit Card
B-24243,4263,919,1,Electronics,Printers,COD
B-24244,1922,2,2,Clothing,T-shirt,COD
B-24245,3682,1273,5,Electronics,Accessories,COD
B-24245,933,138,2,Clothing,Skirt,COD
B-24246,3136,1182,1,Electronics,Printers,UPI
B-24246,5304,1979,4,Furniture,Bookcases,COD
B-24247,1326,-51,4,Clothing,Kurti,COD
B-24247,239,107,2,Clothing,Saree,UPI
B-24248,1033,504,1,Clothing,Hankerchief,COD
B-24248,321,-97,5,Clothing,Trousers,Credit Card
B-24248,1534,176,3,Clothing,Stole,Credit Card
B-24249,2673,159,2,Electronics,Printers,Credit Card
B-24249,2263,1239,1,Electronics,Printers,COD
B-24250,1527,-747,3,Clothing,T-shirt,UPI
B-24251,1073,-61,2,Clothing,Hankerchief,COD
B-24251,2050,313,1,Electronics,Printers,COD
B-24252,1079,277,2,Furniture,Chairs,UPI
B-24252,2124,1142,1,Electronics,Accessories,UPI
B-24253,5524,415,4,Electronics,Electronic Games,COD
B-24254,3991,963,2,Furniture,Tables,COD
B-24255,4378,2772,2,Electronics,Accessories,Debit Card
B-24255,1346,863,4,Electronics,Electronic Games,Credit Card
B-24256,5310,1054,5,Furniture,Bookcases,UPI
B-24257,1428,-70,4,Clothing,Shirt,COD
B-24258,3265,990,5,Furniture,Chairs,UPI
B-24259,314,-68,1,Clothing,Shirt,Credit Card
B-24259,4039,1520,5,Furniture,Bookcases,UPI
B-24260,2429,696,1,Electronics,Phones,Credit Card
B-24260,976,600,3,Clothing,Stole,Credit Card
B-24261,4448,1969,4,Electronics,Accessories,UPI
B-24261,5836,2772,3,Furniture,Furnishings,Debit Card
B-24262,2218,614,2,Furniture,Furnishings,COD
B-24263,5731,3594,4,Electronics,Electronic Games,Credit Card
B-24264,1244,712,3,Clothing,Skirt,Credit Card
B-24265,1780,1038,5,Electronics,Accessories,COD
B-24266,4820,490,5,Electronics,Accessories,COD
B-24267,1258,761,4,Electronics,Phones,Credit Card
B-24268,1969,649,4,Electronics,Printers,Debit Card
B-24269,516,-144,3,Clothing,Trousers,UPI
B-24269,1519,1036,3,Clothing,Hankerchief,UPI
B-24269,2527,1000,3,Electronics,Accessories,Credit Card
B-24270,5124,1049,3,Furniture,Bookcases,Debit Card
B-24270,4503,596,1,Electronics,Electronic Games,UPI
B-24271,560,355,1,Electronics,Phones,Debit Card
B-24272,2575,866,3,Furniture,Bookcases,COD
B-24273,1152,-329,4,Clothing,Shirt,UPI
B-24273,1341,-443,5,Clothing,Hankerchief,Debit Card
B-24274,5430,2824,5,Electronics,Electronic Games,Debit Card
B-24275,1396,-394,5,Clothing,Hankerchief,UPI
B-24276,1224,660,1,Clothing,Shirt,UPI
B-24276,2338,228,4,Furniture,Tables,UPI
B-24277,2221,1024,1,Furniture,Chairs,Debit Card
B-24278,296,-38,4,Clothing,Leggings,Credit Card
B-24279,697,379,2,Clothing,Trousers,COD
B-24279,3412,1593,3,Furniture,Furnishings,COD
B-24280,4966,1911,3,Electronics,Phones,EMI
B-24281,282,-68,1,Clothing,Leggings,Credit Card
B-24282,216,106,4,Clothing,Trousers,COD
B-24283,836,-341,1,Clothing,Saree,Debit Card
B-24283,1580,-450,2,Clothing,T-shirt,COD
B-24284,3241,1898,3,Electronics,Phones,Credit Card
B-24284,886,-349,2,Clothing,Hankerchief,COD
B-24284,1317,492,3,Furniture,Tables,Debit Card
B-24285,848,389,4,Electronics,Accessories,Debit Card
B-24286,1899,804,1,Clothing,Stole,Credit Card
B-24287,1398,635,5,Electronics,Phones,COD
B-24288,3095,1181,4,Electronics,Accessories,EMI
B-24289,991,344,5,Clothing,Kurti,UPI
B-24289,5791,542,3,Furniture,Tables,Debit Card
B-24290,3530,1033,1,Furniture,Bookcases,Debit Card
B-24291,4410,2256,5,Electronics,Electronic Games,UPI
B-24292,4522,1015,4,Furniture,Tables,UPI
B-24292,1571,229,5,Furniture,Furnishings,Credit Card
B-24293,375,-137,4,Clothing,Hankerchief,Debit Card
B-24294,1014,-69,2,Clothing,Kurti,Credit Card
B-24295,5227,2599,3,Electronics,Accessories,COD
B-24296,2884,132,1,Furniture,Bookcases,UPI
B-24296,351,186,5,Clothing,Saree,EMI
B-24297,2603,838,5,Furniture,Bookcases,UPI
B-24298,1206,556,4,Clothing,Saree,UPI
B-24299,1136,461,5,Clothing,Hankerchief,COD
B-24299,2639,1112,3,Electronics,Phones,UPI
B-24300,445,231,2,Clothing,T-shirt,UPI
B-24301,849,307,2,Electronics,Accessories,UPI
B-24302,410,54,2,Electronics,Electronic Games,Credit Card
B-24302,5567,2678,5,Furniture,Bookcases,UPI
B-24302,3119,196,4,Electronics,Accessories,EMI
B-24303,830,407,2,Clothing,Skirt,Debit Card
B-24303,1190,259,1,Electronics,Accessories,Credit Card
B-24303,2809,714,4,Electronics,Accessories,Credit Card
B-24304,1570,521,1,Clothing,Leggings,Credit Card
B-24305,1199,-296,1,Clothing,Leggings,COD
B-24306,405,133,5,Clothing,Shirt,Debit Card
B-24306,1166,-111,4,Clothing,Kurti,COD
B-24307,674,322,3,Electronics,Printers,COD
B-24308,1423,775,3,Electronics,Phones,COD
B-24309,5284,111,1,Furniture,Bookcases,Debit Card
B-24310,1425,-169,5,Clothing,Leggings,COD
B-24311,218,28,3,Clothing,Leggings,UPI
B-24311,5047,2389,3,Electronics,Accessories,Credit Card
B-24311,5614,2312,2,Electronics,Accessories,UPI
B-24312,3129,241,4,Furniture,Tables,COD
B-24312,935,482,2,Clothing,Stole,Credit Card
B-24313,1225,287,4,Electronics,Printers,COD
B-24314,1412,-230,5,Clothing,Hankerchief,COD
B-24315,1787,631,5,Clothing,Trousers,COD
B-24315,4134,774,2,Furniture,Chairs,Credit Card
B-24316,4708,1521,4,Furniture,Bookcases,UPI
B-24316,5088,1429,2,Furniture,Tables,Credit Card
B-24316,3641,866,2,Furniture,Furnishings,Debit Card
B-24317,1664,-782,5,Clothing,Stole,UPI
B-24318,4719,392,1,Electronics,Phones,EMI
B-24319,2251,985,2,Electronics,Printers,UPI
B-24320,907,332,2,Electronics,Electronic Games,COD
B-24320,1080,114,5,Electronics,Electronic Games,COD
B-24320,1481,197,4,Clothing,Kurti,EMI
B-24321,3613,1592,3,Electronics,Accessories,UPI
B-24322,1585,184,1,Furniture,Tables,EMI
B-24323,2482,1202,2,Furniture,Furnishings,COD
B-24324,1562,965,2,Clothing,Trousers,COD
B-24325,3392,1644,3,Furniture,Tables,UPI
B-24326,345,119,2,Clothing,Stole,COD
B-24326,1796,546,4,Clothing,Shirt,Debit Card
B-24326,293,-142,5,Clothing,Hankerchief,EMI
B-24327,4147,2140,3,Electronics,Accessories,Debit Card
B-24328,4272,2665,2,Electronics,Printers,Debit Card
B-24328,5134,2093,3,Furniture,Bookcases,COD
B-24329,4719,578,4,Electronics,Electronic Games,UPI
B-24330,679,291,4,Clothing,Stole,UPI
B-24330,5622,2389,3,Furniture,Furnishings,COD
B-24331,2481,966,4,Furniture,Chairs,Debit Card
B-24331,5443,632,2,Electronics,Accessories,UPI
B-24332,1793,-393,4,Clothing,Hankerchief,Debit Card
B-24332,4074,1568,2,Electronics,Phones,UPI
B-24333,591,-95,4,Clothing,Shirt,EMI
B-24333,1900,321,1,Electronics,Electronic Games,EMI
B-24334,220,134,5,Clothing,T-shirt,UPI
B-24334,4327,506,4,Electronics,Electronic Games,UPI
B-24335,122,-46,3,Clothing,Saree,UPI
B-24336,1215,552,5,Electronics,Printers,COD
B-24337,3251,1294,3,Furniture,Furnishings,COD
B-24338,1006,17,2,Clothing,Hankerchief,COD
B-24339,4951,811,1,Electronics,Printers,Credit Card
B-24339,1548,-606,1,Clothing,Stole,COD
B-24340,5790,2540,1,Furniture,Furnishings,Credit Card
B-24341,1981,1079,4,Clothing,Trousers,UPI
B-24341,1834,448,3,Electronics,Printers,EMI
B-24342,1991,-750,2,Clothing,Kurti,Credit Card
B-24342,3170,1385,3,Electronics,Electronic Games,Credit Card
B-24343,386,36,3,Electronics,Printers,Credit Card
B-24343,1233,388,3,Electronics,Phones,COD
B-24343,1753,356,1,Clothing,Kurti,Credit Card
B-24344,141,-17,2,Clothing,Kurti,COD
B-24345,1406,386,4,Clothing,Kurti,UPI
B-24346,1736,334,1,Clothing,Saree,Debit Card
B-24347,1075,-119,4,Clothing,Stole,COD
B-24348,2649,718,4,Furniture,Chairs,EMI
B-24348,5677,935,5,Electronics,Printers,COD
B-24348,2749,1330,2,Electronics,Electronic Games,COD
B-24349,1420,381,2,Electronics,Electronic Games,Credit Card
B-24350,3621,1179,2,Electronics,Phones,COD
B-24351,791,-80,3,Clothing,Leggings,Credit Card
B-24352,1963,445,3,Electronics,Phones,COD
B-24353,4263,421,2,Electronics,Accessories,UPI
B-24354,356,80,3,Electronics,Phones,Credit Card
B-24354,850,65,5,Electronics,Electronic Games,UPI
B-24355,5011,2303,5,Electronics,Accessories,COD
B-24356,843,-52,4,Clothing,Shirt,COD
B-24356,1730,677,5,Clothing,Leggings,Credit Card
B-24356,1370,-454,2,Clothing,Saree,UPI
B-24357,1830,1059,1,Electronics,Printers,Debit Card
B-24357,404,198,1,Clothing,Leggings,UPI
B-24357,2640,1639,1,Electronics,Printers,Debit Card
B-24358,4965,1067,3,Electronics,Phones,COD
B-24359,678,-152,2,Clothing,Saree,Credit Card
B-24359,5985,212,2,Furniture,Chairs,Credit Card
B-24360,569,263,3,Clothing,Kurti,UPI
B-24361,3030,1100,3,Furniture,Furnishings,UPI
B-24361,1787,814,2,Furniture,Bookcases,UPI
B-24362,3548,1140,5,Electronics,Phones,Debit Card
B-24362,1330,166,4,Electronics,Printers,EMI
B-24363,4523,1539,3,Electronics,Electronic Games,UPI
B-24364,1059,-139,4,Clothing,T-shirt,EMI
B-24364,2359,476,2,Furniture,Tables,COD
B-24365,156,85,2,Clothing,Saree,COD
B-24366,5806,1371,4,Furniture,Bookcases,COD
B-24366,1480,-201,2,Clothing,Kurti,Debit Card
B-24367,1058,250,2,Clothing,T-shirt,COD
B-24367,1298,272,4,Clothing,Kurti,UPI
B-24367,5481,430,4,Furniture,Furnishings,Credit Card
B-24368,2483,620,5,Electronics,Accessories,UPI
B-24368,1060,448,3,Electronics,Printers,COD
B-24369,3601,2214,2,Electronics,Electronic Games,COD
B-24370,163,26,5,Clothing,Trousers,COD
B-24371,719,-307,2,Clothing,Trousers,EMI
B-24372,2812,622,5,Electronics,Electronic Games,Credit Card
B-24373,5560,768,4,Furniture,Tables,UPI
B-24373,3395,593,2,Furniture,Tables,UPI
B-24373,1124,400,3,Clothing,Trousers,Debit Card
B-24374,892,-193,5,Clothing,Shirt,Credit Card
B-24375,585,167,1,Electronics,Phones,Debit Card
B-24376,1999,475,5,Clothing,Trousers,EMI
B-24376,364,208,4,Clothing,Stole,Credit Card
B-24377,1453,718,1,Clothing,Shirt,COD
B-24377,1880,148,2,Clothing,Hankerchief,COD
B-24378,1828,-326,3,Clothing,Hankerchief,UPI
B-24378,231,128,3,Clothing,Shirt,Credit Card
B-24379,409,-164,3,Clothing,Shirt,Credit Card
B-24380,575,33,4,Clothing,Kurti,COD
B-24380,913,-241,4,Clothing,T-shirt,COD
B-24380,1057,362,1,Furniture,Furnishings,Credit Card
B-24381,1460,-129,4,Clothing,Hankerchief,UPI
B-24382,3108,1353,4,Electronics,Printers,Credit Card
B-24383,1031,-314,3,Clothing,T-shirt,Credit Card
B-24384,3147,1487,3,Furniture,Tables,COD
B-24384,355,-57,2,Clothing,T-shirt,COD
B-24385,5480,2392,5,Electronics,Accessories,EMI
B-24386,4452,1642,4,Furniture,Chairs,COD
B-24387,4750,2256,2,Electronics,Phones,COD
B-24388,819,-268,3,Clothing,Stole,EMI
B-24389,1868,387,4,Electronics,Phones,Credit Card
B-24390,473,51,2,Clothing,T-shirt,UPI
B-24391,4491,472,1,Electronics,Printers,COD
B-24392,1740,1063,5,Clothing,Kurti,UPI
B-24392,427,127,3,Electronics,Printers,Credit Card
B-24393,2502,172,5,Electronics,Phones,Credit Card
B-24393,3987,2195,4,Electronics,Electronic Games,COD
B-24394,271,142,2,Clothing,T-shirt,Credit Card
B-24395,1212,404,2,Electronics,Electronic Games,Credit Card
B-24395,671,-239,5,Clothing,T-shirt,UPI
B-24396,1564,63,3,Clothing,Shirt,Credit Card
B-24396,4816,1400,5,Furniture,Bookcases,Debit Card
B-24397,219,50,4,Clothing,Leggings,Debit Card
B-24398,1479,-30,4,Clothing,Saree,UPI
B-24398,1950,855,1,Clothing,Skirt,COD
B-24398,3546,532,4,Electronics,Accessories,UPI
B-24399,5301,560,1,Electronics,Accessories,Credit Card
B-24400,1437,874,4,Clothing,Hankerchief,Debit Card
B-24401,5134,2745,1,Electronics,Electronic Games,UPI
B-24401,1002,-229,1,Clothing,Stole,COD
B-24401,5125,563,3,Electronics,Electronic Games,UPI
B-24402,2675,791,4,Electronics,Accessories,UPI
B-24402,1694,83,5,Furniture,Tables,Credit Card
B-24403,1968,956,4,Clothing,Stole,COD
B-24404,631,-112,2,Clothing,Saree,COD
B-24405,5465,568,4,Electronics,Electronic Games,COD
B-24406,5365,993,2,Electronics,Electronic Games,Credit Card
B-24406,2923,76,5,Furniture,Bookcases,EMI
B-24407,4760,1765,2,Furniture,Bookcases,EMI
B-24407,824,-230,3,Clothing,Skirt,Credit Card
B-24407,141,43,4,Clothing,Hankerchief,COD
B-24408,1616,549,4,Clothing,Shirt,UPI
B-24409,1589,65,1,Clothing,T-shirt,UPI
B-24409,5720,3600,2,Electronics,Printers,Debit Card
B-24410,1043,472,2,Clothing,Stole,Debit Card
B-24411,5592,392,3,Furniture,Tables,EMI
B-24412,395,152,4,Clothing,Stole,COD
B-24413,197,109,3,Clothing,Saree,COD
B-24414,3896,934,3,Electronics,Accessories,COD
B-24414,1715,757,2,Furniture,Chairs,UPI
B-24415,2693,1099,2,Furniture,Furnishings,COD
B-24416,1185,394,1,Clothing,Kurti,UPI
B-24417,4820,1939,5,Furniture,Chairs,EMI
B-24417,888,-180,1,Clothing,Trousers,EMI
B-24418,1307,630,3,Clothing,Saree,UPI
B-24418,111,43,5,Clothing,Kurti,Credit Card
B-24419,1017,137,1,Electronics,Phones,COD
B-24419,560,-241,4,Clothing,Shirt,Credit Card
B-24420,602,112,1,Clothing,Trousers,Credit Card
B-24421,1889,549,1,Electronics,Printers,Debit Card
B-24421,1932,168,2,Electronics,Accessories,EMI
B-24422,1622,258,2,Clothing,Leggings,UPI
B-24422,4542,1945,3,Electronics,Printers,UPI
B-24423,2648,1599,3,Electronics,Accessories,COD
B-24423,948,173,5,Clothing,Leggings,Credit Card
B-24423,2196,287,2,Furniture,Tables,EMI
B-24424,5019,156,4,Furniture,Chairs,UPI
B-24425,2824,223,1,Furniture,Bookcases,UPI
B-24425,1592,928,3,Clothing,Trousers,COD
B-24426,903,-218,2,Clothing,Kurti,EMI
B-24426,1576,-763,4,Clothing,Hankerchief,UPI
B-24427,1604,-548,4,Clothing,Shirt,Credit Card
B-24427,4302,1188,1,Electronics,Accessories,COD
B-24428,5014,1415,4,Furniture,Tables,Credit Card
B-24429,1450,590,2,Clothing,T-shirt,Credit Card
B-24429,773,-45,4,Clothing,Skirt,Debit Card
B-24430,2538,1026,2,Electronics,Printers,Debit Card
B-24430,1840,360,4,Furniture,Chairs,UPI
B-24430,2777,1713,1,Electronics,Accessories,Credit Card
B-24431,1244,592,1,Electronics,Electronic Games,UPI
B-24432,2110,205,1,Furniture,Bookcases,UPI
B-24432,1445,865,3,Clothing,T-shirt,Credit Card
B-24432,1287,663,2,Clothing,T-shirt,UPI
B-24433,2537,959,1,Furniture,Chairs,COD
B-24434,3132,497,5,Electronics,Printers,EMI
B-24435,2018,872,2,Furniture,Bookcases,Debit Card
B-24436,1375,-111,1,Clothing,Trousers,Credit Card
B-24436,2486,844,5,Electronics,Electronic Games,UPI
B-24436,1800,706,3,Furniture,Chairs,COD
B-24437,922,181,2,Furniture,Furnishings,COD
B-24437,852,48,1,Clothing,Leggings,COD
B-24438,1117,-424,3,Clothing,Saree,Credit Card
B-24439,1009,207,4,Electronics,Printers,UPI
B-24440,268,-2,4,Clothing,Stole,EMI
B-24441,4206,1640,5,Furniture,Furnishings,Debit Card
B-24442,3020,794,4,Electronics,Accessories,Credit Card
B-24443,1588,525,4,Electronics,Phones,Debit Card
B-24444,1337,-165,4,Clothing,Stole,Credit Card
B-24445,1021,416,3,Furniture,Chairs,Credit Card
B-24446,2132,579,4,Electronics,Electronic Games,UPI
B-24447,755,181,4,Electronics,Phones,COD
B-24448,1919,-523,5,Clothing,Stole,EMI
B-24449,257,168,2,Clothing,Shirt,COD
B-24449,1273,617,1,Clothing,Trousers,UPI
B-24449,4479,428,2,Electronics,Accessories,Credit Card
B-24450,1115,503,4,Electronics,Accessories,COD
B-24451,2550,817,1,Furniture,Bookcases,UPI
B-24452,349,200,1,Electronics,Phones,UPI
B-24453,4661,365,5,Electronics,Printers,Debit Card
B-24454,4984,3168,2,Electronics,Accessories,Debit Card
B-24454,1845,70,2,Clothing,Saree,Debit Card
B-24455,2570,741,3,Furniture,Tables,COD
B-24455,1334,117,1,Electronics,Electronic Games,UPI
B-24456,3989,1409,3,Electronics,Electronic Games,Debit Card
B-24456,2526,258,4,Furniture,Furnishings,EMI
B-24457,974,-112,2,Clothing,Shirt,Debit Card
B-24458,1108,474,5,Clothing,T-shirt,Credit Card
B-24458,4573,2533,4,Electronics,Printers,Debit Card
B-24459,1294,-405,2,Clothing,Skirt,COD
B-24460,1997,-159,5,Clothing,T-shirt,UPI
B-24461,745,-176,2,Clothing,T-shirt,Debit Card
B-24461,1874,153,3,Clothing,Hankerchief,Credit Card
B-24461,5151,444,3,Electronics,Accessories,Credit Card
B-24462,4343,1909,4,Furniture,Chairs,COD
B-24463,3255,1823,1,Electronics,Phones,Debit Card
B-24463,1303,569,2,Clothing,Shirt,UPI
B-24464,255,35,3,Clothing,Kurti,UPI
B-24464,2042,126,1,Furniture,Tables,Debit Card
B-24465,4474,1914,4,Furniture,Furnishings,Debit Card
B-24466,5209,1645,2,Furniture,Furnishings,UPI
B-24466,4876,498,2,Furniture,Chairs,UPI
B-24467,2477,451,4,Electronics,Phones,UPI
B-24467,555,-244,5,Clothing,Trousers,COD
B-24468,3862,1847,1,Electronics,Accessories,UPI
B-24468,521,-232,4,Clothing,Leggings,COD
B-24469,3834,447,1,Furniture,Furnishings,COD
B-24470,3308,1219,4,Electronics,Accessories,Credit Card
B-24471,5945,1123,2,Furniture,Furnishings,Debit Card
B-24472,299,61,5,Clothing,Saree,EMI
B-24473,4801,1633,2,Furniture,Tables,Credit Card
B-24474,259,142,1,Clothing,Leggings,Debit Card
B-24475,2648,223,3,Electronics,Printers,Debit Card
B-24476,3157,1494,3,Furniture,Bookcases,UPI
B-24476,4358,2423,5,Electronics,Electronic Games,Credit Card
B-24477,1551,243,4,Clothing,Hankerchief,UPI
B-24478,515,177,3,Furniture,Chairs,Debit Card
B-24479,277,-31,1,Clothing,Stole,COD
B-24480,400,-158,1,Clothing,Leggings,UPI
B-24480,2291,386,1,Electronics,Accessories,Debit Card
B-24480,5575,713,4,Furniture,Tables,COD
B-24481,2016,728,1,Electronics,Electronic Games,EMI
B-24481,1029,425,4,Clothing,Stole,COD
B-24482,5702,1234,1,Electronics,Phones,Debit Card
B-24483,4664,714,2,Electronics,Phones,Debit Card
B-24484,1278,308,3,Electronics,Phones,Debit Card
B-24485,2826,813,5,Furniture,Tables,Debit Card
B-24486,1228,391,4,Furniture,Chairs,UPI
B-24486,262,-94,2,Clothing,Trousers,Credit Card
B-24487,1302,729,1,Clothing,Saree,Debit Card
B-24488,1160,-153,5,Clothing,Kurti,Credit Card
B-24488,1119,152,1,Electronics,Accessories,COD
B-24489,4578,717,1,Furniture,Bookcases,UPI
B-24490,483,-121,4,Clothing,Skirt,COD
B-24491,3574,551,5,Electronics,Electronic Games,Debit Card
B-24491,1250,-554,1,Clothing,Kurti,COD
B-24492,803,-177,1,Clothing,Trousers,COD
B-24492,418,-199,5,Clothing,T-shirt,COD
B-24493,3067,888,3,Furniture,Chairs,COD
B-24494,518,-15,1,Clothing,T-shirt,UPI
B-24495,5590,2590,4,Electronics,Printers,COD
B-24495,1860,1144,1,Electronics,Electronic Games,UPI
B-24496,2376,290,2,Electronics,Phones,Credit Card
B-24496,1789,337,4,Electronics,Accessories,Debit Card
B-24496,1638,906,4,Electronics,Accessories,COD
B-24497,685,309,2,Clothing,Kurti,Credit Card
B-24498,996,10,4,Clothing,Trousers,Debit Card
B-24499,2915,1678,3,Electronics,Accessories,UPI
B-24499,1308,723,3,Clothing,Hankerchief,COD
B-24500,931,650,3,Clothing,Saree,COD
B-24501,4434,599,3,Furniture,Bookcases,Credit Card
B-24502,156,-76,1,Clothing,Leggings,UPI
B-24502,4707,2588,4,Electronics,Phones,Debit Card
B-24502,1803,295,1,Clothing,Trousers,Debit Card
B-24503,1861,1231,3,Clothing,Hankerchief,Credit Card
B-24504,1068,-330,4,Clothing,Trousers,COD
B-24505,1083,628,2,Clothing,Hankerchief,Credit Card
B-24505,809,297,3,Furniture,Furnishings,UPI
B-24505,2501,795,5,Furniture,Tables,UPI
B-24506,5845,2861,4,Furniture,Chairs,Debit Card
B-24507,2740,629,3,Electronics,Electronic Games,UPI
B-24508,1791,1105,4,Electronics,Accessories,UPI
B-24509,1952,-608,4,Clothing,Shirt,UPI
B-24510,2147,724,3,Electronics,Phones,Credit Card
B-24511,594,337,3,Clothing,Trousers,UPI
B-24511,4690,2717,2,Electronics,Phones,Credit Card
B-24511,882,-397,3,Clothing,Shirt,Debit Card
B-24512,5813,1563,1,Furniture,Furnishings,UPI
B-24513,4477,1673,2,Electronics,Accessories,Credit Card
B-24514,5466,2423,1,Furniture,Chairs,Credit Card
B-24514,2999,1895,2,Electronics,Printers,Credit Card
B-24514,5187,2367,1,Furniture,Furnishings,Debit Card
B-24515,5981,2744,4,Furniture,Chairs,UPI
B-24515,895,246,5,Furniture,Chairs,COD
B-24515,3089,1941,3,Electronics,Accessories,COD
B-24516,1579,151,2,Electronics,Accessories,Credit Card
B-24517,744,-296,2,Clothing,Leggings,UPI
B-24518,1309,319,5,Clothing,Hankerchief,UPI
B-24519,3009,522,5,Electronics,Phones,EMI
B-24520,1487,973,5,Clothing,T-shirt,Debit Card
B-24521,1956,489,4,Electronics,Accessories,COD
B-24521,4750,940,2,Furniture,Bookcases,UPI
B-24522,1952,453,1,Clothing,Saree,COD
B-24523,4735,2102,4,Electronics,Accessories,COD
B-24523,4497,2242,1,Furniture,Furnishings,UPI
B-24523,1190,768,2,Electronics,Accessories,EMI
B-24524,1724,-729,1,Clothing,Kurti,Credit Card
B-24524,1196,147,3,Electronics,Electronic Games,COD
B-24525,1398,387,5,Clothing,Skirt,Credit Card
B-24525,2732,265,2,Electronics,Electronic Games,EMI
B-24525,995,104,3,Clothing,Stole,Debit Card
B-24526,590,44,3,Clothing,T-shirt,EMI
B-24527,4584,940,1,Furniture,Tables,EMI
B-24527,625,351,3,Clothing,Kurti,Credit Card
B-24527,2425,280,1,Furniture,Furnishings,Credit Card
B-24528,514,-218,3,Clothing,Stole,UPI
B-24528,4380,930,4,Electronics,Electronic Games,Debit Card
B-24529,5040,1496,2,Electronics,Printers,UPI
B-24530,1882,797,4,Clothing,Shirt,UPI
B-24531,909,273,1,Clothing,Trousers,COD
B-24531,4931,2137,3,Electronics,Electronic Games,UPI
B-24532,4356,1022,3,Electronics,Electronic Games,COD
B-24532,1411,975,5,Clothing,Saree,EMI
B-24533,4255,2517,1,Electronics,Phones,Credit Card
B-24533,3788,560,4,Furniture,Chairs,Credit Card
B-24534,2581,1206,5,Furniture,Tables,Credit Card
B-24534,1769,-707,1,Clothing,Hankerchief,Credit Card
B-24535,1830,-340,3,Clothing,T-shirt,Debit Card
B-24535,1808,1196,1,Clothing,Skirt,Credit Card
B-24536,2217,1351,5,Electronics,Electronic Games,UPI
B-24536,226,131,1,Clothing,Stole,COD
B-24536,4389,565,5,Furniture,Furnishings,EMI
B-24537,1967,252,2,Furniture,Furnishings,COD
B-24537,498,234,1,Clothing,Saree,COD
B-24537,1136,196,4,Electronics,Accessories,COD
B-24538,245,30,3,Clothing,Skirt,COD
B-24539,557,90,4,Clothing,Leggings,COD
B-24539,3074,211,5,Furniture,Furnishings,COD
B-24540,3471,309,4,Furniture,Bookcases,UPI
B-24541,3410,843,1,Electronics,Phones,UPI
B-24541,4049,1744,1,Electronics,Accessories,EMI
B-24542,1960,575,2,Furniture,Furnishings,COD
B-24543,1602,-643,2,Clothing,Shirt,COD
B-24544,2203,907,3,Furniture,Furnishings,UPI
B-24544,1606,1103,3,Clothing,Hankerchief,Credit Card
B-24545,34,19,2,Clothing,T-shirt,COD
B-24545,2395,1272,3,Electronics,Phones,COD
B-24545,5890,1193,5,Furniture,Chairs,UPI
B-24546,740,184,1,Furniture,Bookcases,COD
B-24547,3198,658,2,Electronics,Phones,COD
B-24548,2606,657,2,Furniture,Bookcases,Credit Card
B-24549,248,117,2,Clothing,T-shirt,UPI
B-24550,1060,242,2,Furniture,Bookcases,UPI
B-24551,894,565,4,Electronics,Phones,EMI
B-24551,1955,213,4,Clothing,Kurti,Credit Card
B-24552,3621,359,4,Furniture,Chairs,UPI
B-24553,1991,366,5,Electronics,Printers,COD
B-24554,3727,1815,4,Electronics,Phones,UPI
B-24554,1670,42,5,Clothing,Kurti,Credit Card
B-24555,627,220,2,Clothing,Shirt,Credit Card
B-24556,5488,1104,5,Furniture,Tables,Debit Card
B-24557,1680,371,3,Electronics,Electronic Games,COD
B-24558,1836,259,2,Electronics,Electronic Games,Credit Card
B-24558,4585,2070,3,Electronics,Printers,COD
B-24558,5776,2838,4,Electronics,Phones,Credit Card
B-24559,130,66,4,Clothing,Skirt,Debit Card
B-24559,4058,1687,2,Furniture,Tables,Credit Card
B-24560,3682,1102,1,Electronics,Printers,Credit Card
B-24560,3427,329,4,Furniture,Chairs,COD
B-24561,4044,1959,2,Furniture,Tables,UPI
B-24562,3055,905,4,Electronics,Printers,COD
B-24562,5315,1834,5,Electronics,Accessories,EMI
B-24563,5399,1607,2,Electronics,Accessories,Credit Card
B-24564,3833,299,4,Furniture,Furnishings,UPI
B-24565,5123,2311,2,Furniture,Chairs,Credit Card
B-24566,4497,1455,5,Furniture,Chairs,COD
B-24567,4490,1699,5,Electronics,Phones,COD
B-24568,4375,1920,3,Furniture,Tables,UPI
B-24569,500,-202,4,Clothing,Leggings,Credit Card
B-24569,340,36,5,Electronics,Accessories,COD
B-24570,569,370,4,Clothing,Shirt,COD
B-24570,131,-54,3,Clothing,T-shirt,COD
B-24571,1876,-926,4,Clothing,Shirt,UPI
B-24572,756,-89,2,Clothing,Stole,EMI
B-24573,3185,1397,3,Furniture,Chairs,Credit Card
B-24574,5557,248,4,Furniture,Chairs,UPI
B-24574,3340,1086,4,Furniture,Tables,COD
B-24575,4604,2145,3,Electronics,Electronic Games,UPI
B-24575,822,359,5,Clothing,Stole,COD
B-24576,5648,815,1,Electronics,Printers,Debit Card
B-24577,3291,201,4,Furniture,Chairs,Credit Card
B-24577,1717,1173,5,Clothing,T-shirt,Credit Card
B-24578,842,324,2,Clothing,Kurti,UPI
B-24579,1371,447,4,Furniture,Bookcases,EMI
B-24580,303,18,2,Clothing,Kurti,Credit Card
B-24581,1479,540,1,Clothing,Skirt,UPI
B-24581,4570,403,5,Electronics,Accessories,Credit Card
B-24582,821,228,2,Furniture,Bookcases,COD
B-24583,1600,749,4,Furniture,Tables,COD
B-24584,4082,1926,3,Electronics,Phones,Credit Card
B-24584,1016,267,1,Furniture,Bookcases,Credit Card
B-24585,806,82,5,Furniture,Furnishings,UPI
B-24585,4837,2186,4,Electronics,Accessories,COD
B-24586,3166,1748,4,Electronics,Accessories,Debit Card
B-24587,1091,302,5,Electronics,Phones,UPI
B-24588,5532,1777,5,Electronics,Printers,UPI
B-24589,196,-28,1,Clothing,Shirt,Credit Card
B-24589,3130,275,3,Furniture,Furnishings,Credit Card
B-24590,913,146,2,Clothing,Trousers,COD
B-24590,1475,766,5,Clothing,Skirt,UPI
B-24591,985,-242,1,Clothing,Shirt,EMI
B-24591,141,8,5,Clothing,T-shirt,UPI
B-24592,828,-215,2,Clothing,Skirt,COD
B-24593,749,402,5,Clothing,Hankerchief,COD
B-24594,291,-29,4,Clothing,Shirt,Debit Card
B-24594,1099,-440,4,Clothing,Hankerchief,Credit Card
B-24594,1522,463,5,Clothing,Hankerchief,Debit Card
B-24595,148,71,1,Clothing,Skirt,COD
B-24595,2724,1274,2,Furniture,Tables,COD
B-24596,490,174,4,Electronics,Electronic Games,Debit Card
B-24597,3274,1483,4,Furniture,Chairs,Credit Card
B-24597,659,432,5,Clothing,Shirt,Debit Card
B-24597,1109,-162,3,Clothing,Hankerchief,COD
B-24598,4136,1288,5,Electronics,Accessories,Credit Card
B-24599,439,-141,2,Clothing,Trousers,Debit Card
B-24600,620,18,1,Furniture,Tables,UPI
B-24601,5387,2193,3,Furniture,Furnishings,COD
B-24601,1933,893,5,Furniture,Bookcases,Credit Card
B-24602,5143,1267,2,Electronics,Phones,COD
B-24603,2132,501,4,Furniture,Tables,UPI
B-24604,4687,1889,2,Electronics,Accessories,Credit Card
B-24605,291,158,2,Clothing,T-shirt,UPI
B-24606,5453,2569,1,Furniture,Bookcases,UPI
B-24607,5462,926,4,Furniture,Furnishings,UPI
B-24608,1517,96,4,Clothing,Stole,COD
B-24608,1283,-433,2,Clothing,Trousers,UPI
B-24608,2177,873,1,Electronics,Electronic Games,Credit Card
B-24609,704,193,3,Clothing,Hankerchief,COD
B-24610,910,562,1,Clothing,Skirt,COD
B-24610,4256,1590,2,Electronics,Accessories,Credit Card
B-24610,3489,1448,1,Furniture,Tables,Debit Card
B-24611,579,94,3,Furniture,Bookcases,COD
B-24611,567,1,3,Clothing,Hankerchief,COD
B-24612,89,57,2,Clothing,Shirt,UPI
B-24613,770,-113,2,Clothing,Shirt,UPI
B-24614,5539,845,5,Electronics,Accessories,EMI
B-24615,1106,478,3,Clothing,Kurti,Debit Card
B-24616,1429,438,5,Clothing,T-shirt,EMI
B-24617,1916,746,3,Furniture,Chairs,COD
B-24617,223,130,3,Clothing,Saree,COD
B-24618,4608,1650,2,Electronics,Phones,Debit Card
B-24618,4331,2295,5,Electronics,Electronic Games,UPI
B-24619,691,186,5,Electronics,Phones,UPI
B-24620,1931,719,1,Clothing,Leggings,Debit Card
B-24621,5143,1361,4,Furniture,Bookcases,UPI
B-24622,4942,752,4,Electronics,Printers,UPI
B-24623,1415,196,4,Clothing,Trousers,COD
B-24623,1568,-528,5,Clothing,Stole,Credit Card
B-24623,1913,353,4,Furniture,Tables,COD
B-24624,1194,410,2,Furniture,Chairs,Debit Card
B-24625,1192,346,2,Electronics,Electronic Games,Credit Card
B-24626,886,485,2,Clothing,T-shirt,UPI
B-24626,362,-139,3,Clothing,Trousers,UPI
B-24626,4652,1939,2,Electronics,Printers,Debit Card
B-24627,1108,-193,2,Clothing,Stole,Credit Card
B-24628,1779,-854,2,Clothing,Shirt,UPI
B-24629,906,-86,3,Clothing,Hankerchief,Credit Card
B-24630,310,165,2,Clothing,Stole,COD
B-24631,1428,-282,3,Clothing,Saree,Credit Card
B-24632,5249,2156,5,Furniture,Chairs,Credit Card
B-24633,3483,1824,5,Electronics,Phones,UPI
B-24633,1307,149,2,Electronics,Electronic Games,Credit Card
B-24634,1790,-583,5,Clothing,Skirt,COD
B-24635,929,301,2,Clothing,Saree,UPI
B-24635,37,-8,1,Clothing,Leggings,Credit Card
B-24636,220,27,4,Clothing,T-shirt,COD
B-24637,1108,141,3,Furniture,Bookcases,Credit Card
B-24638,456,157,5,Clothing,Trousers,UPI
B-24639,4494,1067,1,Electronics,Electronic Games,EMI
B-24639,566,78,5,Clothing,Saree,UPI
B-24640,380,-175,1,Clothing,Kurti,COD
B-24641,3220,1154,1,Electronics,Phones,Debit Card
B-24642,1618,578,5,Electronics,Electronic Games,Credit Card
B-24643,78,-15,4,Clothing,Skirt,COD
B-24644,1110,381,5,Clothing,Trousers,UPI
B-24645,4813,1458,5,Electronics,Electronic Games,COD
B-24645,802,484,4,Clothing,Leggings,EMI
B-24646,3613,2089,3,Electronics,Phones,EMI
B-24646,4539,2647,1,Electronics,Printers,UPI
B-24647,3554,850,3,Electronics,Phones,COD
B-24647,5344,1820,2,Electronics,Accessories,Credit Card
B-24648,1707,-688,2,Clothing,Shirt,COD
B-24648,1574,1075,3,Clothing,Kurti,EMI
B-24649,4474,674,4,Furniture,Bookcases,UPI
B-24649,1371,-514,4,Clothing,Hankerchief,Credit Card
B-24650,3721,198,5,Electronics,Accessories,Credit Card
B-24650,931,-32,5,Clothing,Saree,COD
B-24650,72,43,2,Clothing,Skirt,COD
B-24651,3805,568,3,Furniture,Chairs,Credit Card
B-24652,478,-185,5,Clothing,Leggings,Debit Card
B-24652,5628,1546,4,Furniture,Chairs,Credit Card
B-24653,394,223,1,Clothing,Hankerchief,Credit Card
B-24654,4445,1258,1,Electronics,Phones,EMI
B-24654,729,76,3,Clothing,Stole,UPI
B-24654,1773,191,1,Furniture,Chairs,EMI
B-24655,3449,962,5,Furniture,Chairs,COD
B-24656,798,162,1,Electronics,Electronic Games,Debit Card
B-24657,5313,610,4,Furniture,Bookcases,Debit Card
B-24657,562,269,1,Electronics,Phones,UPI
B-24658,424,283,2,Clothing,T-shirt,EMI
B-24659,365,52,2,Clothing,Shirt,UPI
B-24660,3807,842,3,Furniture,Tables,UPI
B-24661,5676,1577,4,Electronics,Printers,UPI
B-24662,5558,3169,5,Electronics,Electronic Games,UPI
B-24663,5018,1715,3,Furniture,Tables,COD
B-24663,1174,267,2,Furniture,Chairs,UPI
B-24664,2310,1409,2,Electronics,Accessories,COD
B-24664,827,92,2,Clothing,Shirt,UPI
B-24665,1681,-463,1,Clothing,Skirt,Credit Card
B-24666,722,159,5,Furniture,Bookcases,Debit Card
B-24667,5215,1804,1,Electronics,Phones,EMI
B-24668,3737,727,3,Furniture,Bookcases,Debit Card
B-24668,2453,392,5,Furniture,Tables,COD
B-24668,2312,522,5,Electronics,Electronic Games,COD
B-24669,4600,2043,2,Furniture,Bookcases,Credit Card
B-24670,666,-147,5,Clothing,Kurti,COD
B-24671,903,295,3,Electronics,Accessories,EMI
B-24672,5623,878,5,Electronics,Accessories,EMI
B-24673,1204,359,4,Electronics,Electronic Games,Credit Card
B-24673,964,173,4,Furniture,Chairs,Debit Card
B-24673,585,203,2,Clothing,T-shirt,Credit Card
B-24674,5561,125,3,Furniture,Chairs,COD
B-24675,753,295,5,Clothing,Saree,UPI
B-24675,1616,113,3,Clothing,Shirt,Credit Card
B-24676,2045,1042,4,Electronics,Printers,Credit Card
B-24676,97,-35,1,Clothing,Kurti,Debit Card
B-24677,3884,599,4,Furniture,Chairs,Debit Card
B-24677,5933,2170,3,Furniture,Chairs,UPI
B-24678,2456,999,1,Furniture,Furnishings,Credit Card
B-24678,1481,387,1,Furniture,Bookcases,UPI
B-24678,2760,733,2,Electronics,Accessories,EMI
B-24679,1962,21,5,Clothing,Shirt,EMI
B-24680,1456,-485,4,Clothing,T-shirt,Credit Card
B-24681,3126,1886,5,Electronics,Phones,UPI
B-24682,1630,393,4,Electronics,Printers,EMI
B-24683,1757,528,5,Clothing,Shirt,Credit Card
B-24683,853,142,2,Furniture,Furnishings,UPI
B-24683,3040,1361,5,Electronics,Phones,COD
B-24684,1588,-729,2,Clothing,T-shirt,Debit Card
B-24684,2427,1545,1,Electronics,Printers,Debit Card
B-24685,5326,2481,2,Furniture,Tables,Debit Card
B-24686,1146,648,4,Clothing,Leggings,UPI
B-24687,1814,32,4,Clothing,Saree,Credit Card
B-24688,5666,2485,5,Electronics,Phones,Credit Card
B-24688,5503,612,3,Electronics,Electronic Games,Debit Card
B-24689,573,-273,1,Clothing,Leggings,Credit Card
B-24690,5499,377,4,Furniture,Chairs,EMI
B-24691,1873,-56,1,Clothing,Skirt,UPI
B-24692,1839,821,4,Clothing,Saree,UPI
B-24692,3046,1394,1,Furniture,Furnishings,COD
B-24693,1550,395,5,Electronics,Printers,Debit Card
B-24694,1464,202,5,Clothing,Hankerchief,EMI
B-24695,3063,1015,3,Electronics,Electronic Games,EMI
B-24695,811,128,3,Clothing,Shirt,UPI
B-24696,53,12,3,Clothing,Stole,COD
B-24697,150,7,4,Clothing,Hankerchief,Credit Card
B-24698,3194,987,2,Furniture,Furnishings,COD
B-24698,250,65,4,Clothing,Leggings,Credit Card
B-24699,3321,1911,1,Electronics,Phones,UPI
B-24699,1588,1003,2,Clothing,T-shirt,COD
B-24700,460,310,2,Clothing,T-shirt,UPI
B-24701,1965,1114,1,Electronics,Phones,COD
B-24702,2637,417,2,Electronics,Accessories,Debit Card
B-24702,2980,408,1,Electronics,Printers,COD
B-24702,656,49,3,Furniture,Tables,Debit Card
B-24703,2501,920,1,Electronics,Phones,COD
B-24704,4182,2031,5,Furniture,Bookcases,EMI
B-24705,1556,-185,5,Clothing,Hankerchief,UPI
B-24705,284,-49,1,Clothing,Skirt,EMI
B-24706,525,-144,1,Clothing,Saree,UPI
B-24707,4576,2201,4,Electronics,Printers,Debit Card
B-24708,1998,-259,3,Clothing,Shirt,Credit Card
B-24708,3079,1634,4,Electronics,Accessories,COD
B-24709,561,156,1,Clothing,Stole,UPI
B-24710,693,478,2,Clothing,Trousers,EMI
B-24710,1719,-247,5,Clothing,T-shirt,UPI
B-24710,144,-44,1,Clothing,T-shirt,Credit Card
B-24711,3520,856,2,Furniture,Bookcases,Credit Card
B-24711,5648,816,2,Furniture,Bookcases,Debit Card
B-24711,2896,549,2,Furniture,Bookcases,COD
B-24712,2984,1463,2,Electronics,Printers,UPI
B-24713,5099,1197,2,Furniture,Bookcases,Debit Card
B-24714,574,108,3,Furniture,Bookcases,UPI
B-24715,3664,763,4,Furniture,Tables,COD
B-24715,1021,86,3,Furniture,Bookcases,COD
B-24715,3549,910,4,Electronics,Printers,COD
B-24716,1098,-65,2,Clothing,T-shirt,Debit Card
B-24716,498,-103,3,Clothing,Hankerchief,UPI
B-24716,1283,297,2,Clothing,Skirt,COD
B-24717,244,55,2,Clothing,Trousers,UPI
B-24718,3333,1547,1,Electronics,Accessories,UPI
B-24718,3751,2209,2,Electronics,Accessories,UPI
B-24719,1887,-767,2,Clothing,Stole,Debit Card
B-24720,3331,368,1,Electronics,Phones,UPI
B-24721,1985,-465,4,Clothing,Skirt,EMI
B-24721,402,-27,5,Clothing,Saree,Debit Card
B-24721,1133,-194,4,Clothing,Shirt,Debit Card
B-24722,5458,2218,3,Electronics,Printers,UPI
B-24722,1551,791,1,Clothing,Shirt,UPI
B-24723,4982,1249,1,Electronics,Electronic Games,EMI
B-24724,1482,772,5,Clothing,Kurti,COD
B-24725,4645,2157,4,Furniture,Chairs,Credit Card
B-24726,2734,688,2,Electronics,Accessories,COD
B-24727,346,133,5,Clothing,T-shirt,COD
B-24727,608,183,2,Electronics,Printers,Credit Card
B-24728,1565,222,4,Electronics,Electronic Games,UPI
B-24728,972,159,2,Clothing,Saree,UPI
B-24728,970,373,1,Furniture,Chairs,UPI
B-24729,350,-26,3,Clothing,Kurti,COD
B-24730,445,295,5,Clothing,Shirt,COD
B-24731,3838,523,4,Electronics,Phones,Debit Card
B-24731,577,290,1,Electronics,Electronic Games,UPI
B-24732,2606,1210,4,Electronics,Electronic Games,COD
B-24733,3575,1199,1,Electronics,Printers,Credit Card
B-24734,40,12,5,Clothing,Shirt,UPI
B-24735,1620,695,3,Furniture,Tables,Debit Card
B-24736,4579,1913,4,Furniture,Tables,Debit Card
B-24737,3942,1002,4,Electronics,Printers,Credit Card
B-24737,4926,1237,4,Furniture,Furnishings,Credit Card
B-24738,5372,428,3,Electronics,Phones,UPI
B-24738,3607,647,4,Furniture,Furnishings,Debit Card
B-24738,2263,99,2,Furniture,Furnishings,UPI
B-24739,4226,1372,1,Furniture,Tables,UPI
B-24740,1925,181,2,Electronics,Electronic Games,COD
B-24741,4297,945,4,Electronics,Printers,Debit Card
B-24742,1993,-603,3,Clothing,Hankerchief,COD
B-24742,5569,1187,2,Furniture,Bookcases,UPI
B-24743,780,-5,1,Clothing,Hankerchief,UPI
B-24743,2113,1023,1,Furniture,Furnishings,COD
B-24744,2513,1014,4,Electronics,Phones,UPI
B-24745,930,-346,4,Clothing,Skirt,Credit Card
B-24746,4680,908,4,Furniture,Tables,EMI
B-24746,1624,1093,1,Clothing,Kurti,Credit Card
B-24747,5007,295,3,Furniture,Chairs,COD
B-24748,2063,920,3,Electronics,Printers,UPI
B-24749,5766,246,3,Furniture,Tables,UPI
B-24749,1241,202,5,Furniture,Tables,EMI
B-24750,1153,-437,1,Clothing,Hankerchief,UPI
B-24751,668,-222,4,Clothing,Trousers,COD
B-24752,5383,1391,4,Furniture,Chairs,UPI
B-24753,4795,506,3,Electronics,Phones,UPI
B-24753,1820,884,1,Clothing,Stole,EMI
B-24754,815,499,1,Clothing,Trousers,EMI
B-24754,372,-73,1,Clothing,Trousers,Debit Card
B-24755,443,-20,4,Clothing,Stole,COD
B-24755,1146,-125,4,Clothing,Kurti,UPI
B-24756,3131,933,4,Electronics,Printers,EMI
B-24757,1193,623,1,Electronics,Electronic Games,Credit Card
B-24758,1359,639,4,Furniture,Bookcases,Credit Card
B-24758,566,162,3,Electronics,Accessories,COD
B-24759,988,441,1,Clothing,Trousers,COD
B-24760,1117,429,4,Clothing,Stole,COD
B-24761,974,-73,2,Clothing,Shirt,UPI
B-24762,3538,1171,1,Electronics,Phones,UPI
B-24762,1364,-343,3,Clothing,Skirt,COD
B-24763,4159,2412,1,Electronics,Electronic Games,COD
B-24764,4774,1567,4,Electronics,Accessories,UPI
B-24765,522,331,5,Clothing,T-shirt,Credit Card
B-24766,5272,1595,5,Electronics,Phones,COD
B-24766,2035,164,4,Electronics,Accessories,COD
B-24766,1825,69,1,Clothing,Kurti,Debit Card
B-24767,4452,798,3,Furniture,Furnishings,Debit Card
B-24768,5994,1821,3,Furniture,Chairs,Credit Card
B-24768,3964,2091,2,Electronics,Phones,Credit Card
B-24769,2063,770,4,Furniture,Tables,EMI
B-24770,2740,1520,5,Electronics,Printers,COD
B-24770,5686,406,4,Furniture,Chairs,UPI
B-24771,1802,935,5,Electronics,Electronic Games,Debit Card
B-24772,2235,783,2,Furniture,Chairs,COD
B-24772,1849,685,3,Clothing,Hankerchief,Credit Card
B-24772,1750,415,3,Electronics,Accessories,Credit Card
B-24773,1469,-488,2,Clothing,Hankerchief,COD
B-24774,4688,2400,1,Electronics,Accessories,Debit Card
B-24774,4783,1264,5,Electronics,Electronic Games,UPI
B-24774,4786,1475,5,Electronics,Phones,Debit Card
B-24775,2237,266,2,Electronics,Accessories,Credit Card
B-24775,2816,505,5,Electronics,Electronic Games,COD
B-24776,3605,619,5,Electronics,Phones,EMI
B-24777,255,23,5,Clothing,Trousers,UPI
B-24778,615,160,4,Electronics,Accessories,Credit Card
B-24778,1276,80,2,Clothing,Hankerchief,COD
B-24779,3996,667,2,Electronics,Phones,Credit Card
B-24779,1727,641,5,Furniture,Chairs,UPI
B-24780,382,245,5,Clothing,Stole,EMI
B-24781,467,46,3,Clothing,Kurti,Credit Card
B-24782,904,223,2,Furniture,Furnishings,UPI
B-24783,2276,393,2,Electronics,Accessories,Credit Card
B-24784,3426,166,5,Furniture,Furnishings,COD
B-24785,3349,967,5,Furniture,Tables,UPI
B-24786,819,284,3,Clothing,Skirt,Debit Card
B-24786,3100,1843,2,Electronics,Accessories,UPI
B-24787,1004,52,2,Furniture,Furnishings,Debit Card
B-24787,5386,2170,4,Electronics,Printers,UPI
B-24788,1231,191,5,Furniture,Furnishings,Debit Card
B-24788,5684,649,2,Furniture,Furnishings,Debit Card
B-24789,1782,-189,3,Clothing,Trousers,Debit Card
B-24790,2645,1228,3,Furniture,Bookcases,COD
B-24790,5035,1545,3,Furniture,Bookcases,EMI
B-24790,4253,1656,2,Electronics,Phones,Credit Card
B-24791,3606,1309,5,Electronics,Printers,Debit Card
B-24792,4888,2782,3,Electronics,Phones,COD
B-24793,1731,368,4,Clothing,Hankerchief,UPI
B-24794,646,267,5,Furniture,Tables,EMI
B-24794,1846,-51,2,Clothing,Stole,COD
B-24794,790,29,5,Furniture,Chairs,Debit Card
B-24795,1854,-682,4,Clothing,Skirt,UPI
B-24796,112,-25,2,Clothing,Saree,Credit Card
B-24797,1658,469,3,Clothing,Skirt,UPI
B-24798,367,-4,5,Clothing,Hankerchief,EMI
B-24799,2326,749,5,Furniture,Furnishings,Credit Card
B-24800,2873,1469,4,Electronics,Phones,COD
B-24801,114,-6,1,Clothing,Shirt,Credit Card
B-24801,1270,270,4,Clothing,Shirt,Credit Card
B-24802,1677,99,3,Furniture,Furnishings,Debit Card
B-24803,2924,1325,2,Electronics,Phones,UPI
B-24804,1686,772,3,Electronics,Phones,COD
B-24805,1817,835,3,Electronics,Electronic Games,UPI
B-24806,356,175,1,Electronics,Electronic Games,Debit Card
B-24807,1106,595,4,Electronics,Electronic Games,COD
B-24808,809,298,4,Clothing,Skirt,UPI
B-24809,339,141,5,Clothing,Stole,UPI
B-24809,1093,637,2,Clothing,Trousers,Debit Card
B-24810,1661,769,3,Clothing,Saree,COD
B-24811,5485,2524,5,Furniture,Furnishings,COD
B-24812,1224,193,1,Clothing,Saree,Credit Card
B-24813,1963,1209,5,Clothing,Saree,COD
B-24813,4168,100,4,Furniture,Furnishings,COD
B-24814,972,246,5,Clothing,Skirt,Debit Card
B-24815,1386,520,5,Clothing,T-shirt,UPI
B-24816,3392,736,3,Furniture,Chairs,UPI
B-24817,277,-45,4,Clothing,Trousers,EMI
B-24817,1533,894,5,Clothing,Shirt,UPI
B-24818,2644,1678,1,Electronics,Printers,UPI
B-24819,5733,2476,5,Electronics,Printers,Debit Card
B-24819,364,96,5,Clothing,Kurti,COD
B-24819,1773,293,4,Clothing,T-shirt,Credit Card
B-24820,3567,2090,2,Electronics,Phones,COD
B-24821,3127,1257,2,Furniture,Tables,COD
B-24822,1002,-50,3,Clothing,Shirt,COD
B-24823,1610,344,3,Clothing,Skirt,Credit Card
B-24824,853,326,4,Furniture,Chairs,Credit Card
B-24825,1698,761,3,Clothing,Saree,COD
B-24826,379,36,3,Electronics,Accessories,COD
B-24827,3349,1322,1,Furniture,Chairs,Debit Card
B-24827,4349,2047,5,Furniture,Tables,UPI
B-24828,5578,2567,4,Electronics,Phones,EMI
B-24829,175,96,4,Clothing,Saree,COD
B-24830,3560,393,5,Furniture,Bookcases,Credit Card
B-24831,5652,1811,1,Furniture,Chairs,UPI
B-24832,4818,213,2,Furniture,Furnishings,COD
B-24832,476,-181,3,Clothing,Hankerchief,Credit Card
B-24833,4543,170,5,Furniture,Chairs,UPI
B-24834,1627,-629,3,Clothing,T-shirt,Debit Card
B-24835,4511,1507,3,Electronics,Phones,COD
B-24836,1943,363,2,Clothing,Kurti,COD
B-24836,1674,973,1,Clothing,Kurti,EMI
B-24837,3045,1135,4,Furniture,Chairs,UPI
B-24838,914,551,4,Clothing,Trousers,COD
B-24838,827,420,1,Clothing,Hankerchief,COD
B-24838,5491,764,3,Electronics,Printers,Debit Card
B-24839,2268,856,1,Electronics,Phones,COD
B-24840,2866,459,4,Electronics,Accessories,COD
B-24840,2706,1013,2,Furniture,Tables,COD
B-24841,1279,-10,2,Clothing,Trousers,Credit Card
B-24842,1248,515,2,Clothing,Saree,Debit Card
B-24843,2850,1485,2,Electronics,Electronic Games,UPI
B-24844,2398,116,3,Furniture,Bookcases,COD
B-24844,4743,634,4,Electronics,Accessories,Credit Card
B-24845,5494,1208,3,Electronics,Printers,COD
B-24846,1271,277,5,Clothing,Skirt,COD
B-24847,1277,281,4,Clothing,Saree,Credit Card
B-24847,3622,211,2,Electronics,Accessories,EMI
B-24848,2844,491,3,Furniture,Bookcases,COD
B-24849,1261,-62,4,Clothing,Kurti,Debit Card
B-24850,4682,1436,3,Furniture,Tables,COD
B-24851,5241,1175,5,Furniture,Tables,Credit Card
B-24852,3093,629,5,Furniture,Tables,UPI
B-24852,1530,772,3,Clothing,Saree,UPI
B-24852,3431,1970,3,Electronics,Electronic Games,EMI
B-24853,306,127,5,Electronics,Electronic Games,UPI
B-24854,396,18,4,Clothing,Leggings,COD
B-24855,1089,198,5,Clothing,T-shirt,Debit Card
B-24855,1203,749,2,Clothing,Saree,COD
B-24856,1114,720,2,Electronics,Electronic Games,Debit Card
B-24857,2542,1472,3,Electronics,Electronic Games,UPI
B-24858,1227,522,1,Furniture,Bookcases,Debit Card
B-24859,4204,1820,3,Furniture,Furnishings,Credit Card
B-24860,495,-221,5,Clothing,Stole,COD
B-24861,1190,-118,4,Clothing,Kurti,Debit Card
B-24862,4537,1655,4,Furniture,Furnishings,COD
B-24863,741,-270,3,Clothing,Leggings,UPI
B-24864,18,-7,5,Clothing,Saree,Credit Card
B-24865,1052,702,2,Clothing,Saree,Credit Card
B-24866,3792,387,2,Electronics,Accessories,UPI
B-24866,2535,683,5,Electronics,Accessories,UPI
B-24867,544,19,2,Clothing,Kurti,COD
B-24867,3625,292,2,Electronics,Electronic Games,COD
B-24867,1200,81,4,Clothing,Stole,COD
B-24868,756,-58,5,Clothing,Stole,EMI
B-24869,336,92,4,Clothing,Hankerchief,Credit Card
B-24870,1292,435,1,Electronics,Electronic Games,UPI
B-24870,1169,710,3,Clothing,Leggings,Credit Card
B-24871,4779,2452,3,Electronics,Accessories,Credit Card
B-24871,3196,300,1,Electronics,Printers,COD
B-24872,2887,1025,5,Electronics,Electronic Games,EMI
B-24872,892,588,3,Clothing,Stole,UPI
B-24873,5649,809,2,Furniture,Furnishings,COD
B-24873,1139,273,3,Furniture,Chairs,EMI
B-24874,134,-40,3,Clothing,Stole,COD
B-24875,3167,1374,4,Electronics,Phones,Credit Card
B-24876,3007,157,2,Furniture,Tables,COD
B-24876,1941,141,5,Clothing,Trousers,UPI
B-24876,1965,1223,2,Electronics,Phones,UPI
B-24877,1770,956,4,Clothing,Shirt,Credit Card
B-24878,3378,1173,3,Electronics,Accessories,UPI
B-24879,4231,1532,2,Electronics,Accessories,Credit Card
B-24880,1709,553,4,Furniture,Tables,UPI
B-24880,4190,1982,1,Electronics,Electronic Games,UPI
B-24880,1781,160,2,Furniture,Bookcases,Credit Card
B-24881,431,197,1,Electronics,Printers,COD
B-24882,1482,-731,2,Clothing,Skirt,Credit Card
B-24883,5042,1297,2,Electronics,Printers,UPI
B-24884,1487,457,3,Electronics,Printers,UPI
B-24884,1067,-362,1,Clothing,Trousers,Credit Card
B-24885,1532,-571,2,Clothing,Shirt,COD
B-24886,1345,299,1,Electronics,Electronic Games,UPI
B-24887,4723,635,5,Electronics,Electronic Games,COD
B-24888,4794,733,5,Furniture,Tables,Credit Card
B-24888,1073,546,1,Clothing,Hankerchief,UPI
B-24889,4496,1781,2,Electronics,Printers,EMI
B-24889,2165,421,3,Electronics,Electronic Games,Credit Card
B-24890,654,86,5,Furniture,Tables,EMI
B-24891,1656,939,5,Clothing,Skirt,EMI
B-24891,942,276,2,Electronics,Electronic Games,COD
B-24892,1153,482,5,Electronics,Printers,UPI
B-24893,625,215,2,Electronics,Accessories,COD
B-24893,1089,521,2,Furniture,Furnishings,COD
B-24893,594,84,5,Electronics,Phones,Credit Card
B-24894,5838,936,2,Furniture,Bookcases,COD
B-24895,660,-229,2,Clothing,Saree,COD
B-24896,188,86,3,Clothing,Skirt,UPI
B-24897,3379,892,3,Electronics,Accessories,UPI
B-24897,512,208,3,Clothing,Stole,COD
B-24898,3226,1266,4,Electronics,Accessories,EMI
B-24898,5168,2640,5,Electronics,Printers,UPI
B-24899,3186,318,5,Furniture,Furnishings,UPI
B-24899,256,8,2,Clothing,Shirt,Debit Card
B-24900,1351,188,3,Electronics,Phones,UPI
B-24901,1572,70,2,Furniture,Furnishings,UPI
B-24902,1220,414,5,Furniture,Furnishings,Credit Card
B-24903,5488,318,3,Furniture,Tables,COD
B-24903,1283,648,2,Clothing,Leggings,EMI
B-24904,5889,547,4,Furniture,Furnishings,Debit Card
B-24905,4843,981,5,Electronics,Printers,UPI
B-24906,712,273,1,Clothing,Shirt,EMI
B-24907,1140,734,3,Clothing,Kurti,UPI
B-24907,3359,1400,2,Furniture,Furnishings,Credit Card
B-24908,4964,2683,4,Electronics,Phones,UPI
B-24909,1134,545,4,Electronics,Printers,UPI
B-24910,3297,1620,1,Electronics,Accessories,Debit Card
B-24911,968,441,5,Furniture,Furnishings,Credit Card
B-24911,649,417,1,Electronics,Phones,Debit Card
B-24912,1776,452,3,Clothing,Skirt,UPI
B-24913,977,457,1,Furniture,Bookcases,Credit Card
B-24914,1531,-34,5,Clothing,Stole,UPI
B-24915,721,310,2,Clothing,Trousers,Credit Card
B-24915,2504,755,1,Electronics,Printers,Debit Card
B-24916,1992,130,1,Electronics,Electronic Games,UPI
B-24916,5568,1193,2,Electronics,Phones,COD
B-24916,1562,189,5,Clothing,Skirt,COD
B-24917,1560,1086,5,Clothing,Leggings,Credit Card
B-24918,5444,2610,4,Electronics,Accessories,EMI
B-24918,517,-1,1,Clothing,T-shirt,COD
B-24919,1847,784,5,Electronics,Phones,COD
B-24920,730,88,3,Clothing,Kurti,COD
B-24921,649,-166,1,Clothing,Hankerchief,UPI
B-24922,1320,-211,2,Clothing,Shirt,UPI
B-24922,4969,1335,3,Electronics,Electronic Games,COD
B-24922,604,389,3,Clothing,T-shirt,COD
B-24923,2871,1706,2,Electronics,Printers,UPI
B-24923,1859,455,1,Electronics,Electronic Games,Debit Card
B-24923,1614,475,1,Clothing,Leggings,COD
B-24924,3175,771,5,Electronics,Accessories,UPI
B-24925,3716,1288,4,Furniture,Chairs,UPI
B-24926,4730,1196,1,Furniture,Bookcases,COD
B-24927,3689,363,1,Furniture,Bookcases,Credit Card
B-24927,4253,1926,3,Furniture,Furnishings,EMI
B-24928,973,293,1,Electronics,Electronic Games,Credit Card
B-24928,600,-171,1,Clothing,T-shirt,Credit Card
B-24929,308,139,4,Electronics,Phones,COD
B-24930,1559,675,2,Electronics,Electronic Games,UPI
B-24930,3283,244,4,Electronics,Printers,COD
B-24930,476,247,4,Clothing,Trousers,COD
B-24931,1605,604,3,Electronics,Printers,Debit Card
B-24932,1733,-577,5,Clothing,Shirt,COD
B-24932,1696,894,3,Electronics,Printers,UPI
B-24933,1310,-573,2,Clothing,Trousers,COD
B-24933,3709,685,3,Electronics,Electronic Games,EMI
B-24933,379,101,1,Clothing,Skirt,EMI
B-24934,149,34,2,Clothing,Saree,COD
B-24935,114,45,3,Clothing,Kurti,COD
B-24935,2567,366,1,Furniture,Bookcases,Credit Card
B-24935,2761,486,1,Electronics,Electronic Games,Credit Card
B-24936,794,142,3,Furniture,Tables,UPI
B-24936,2793,584,2,Electronics,Accessories,Credit Card
B-24936,4390,434,2,Furniture,Chairs,COD
B-24937,1258,-480,4,Clothing,Saree,COD
B-24937,2745,763,3,Furniture,Tables,Debit Card
B-24938,2751,1050,1,Electronics,Electronic Games,Credit Card
B-24939,1360,258,2,Electronics,Accessories,COD
B-24940,5360,2013,1,Furniture,Chairs,COD
B-24940,3477,1942,4,Electronics,Electronic Games,COD
B-24941,491,241,1,Electronics,Electronic Games,UPI
B-24941,628,-260,1,Clothing,Skirt,Credit Card
B-24942,493,318,5,Electronics,Printers,UPI
B-24942,3822,877,5,Furniture,Furnishings,Credit Card
B-24943,3333,882,3,Furniture,Bookcases,COD
B-24944,1563,-137,2,Clothing,Leggings,Credit Card
B-24944,5243,939,3,Electronics,Electronic Games,UPI
B-24945,790,480,5,Electronics,Electronic Games,UPI
B-24946,3635,873,2,Electronics,Phones,EMI
B-24946,274,3,2,Clothing,Shirt,COD
B-24947,2096,264,2,Electronics,Accessories,Credit Card
B-24948,405,-23,3,Clothing,Trousers,UPI
B-24949,2711,873,5,Electronics,Phones,EMI
B-24949,550,41,1,Furniture,Tables,Credit Card
B-24950,1941,-811,2,Clothing,Saree,COD
B-24951,3287,659,5,Electronics,Accessories,COD
B-24952,5519,1919,2,Furniture,Bookcases,UPI
B-24952,975,288,1,Clothing,Saree,Credit Card
B-24953,1070,114,1,Electronics,Electronic Games,UPI
B-24954,1176,282,3,Clothing,Shirt,Credit Card
B-24954,1956,-189,4,Clothing,Shirt,COD
B-24954,1024,248,1,Clothing,Trousers,Credit Card
B-24955,5600,613,1,Electronics,Printers,Credit Card
B-24955,5721,487,4,Electronics,Phones,EMI
B-24956,2104,1078,2,Electronics,Printers,Credit Card
B-24957,2646,865,5,Furniture,Tables,UPI
B-24958,2824,1242,5,Electronics,Accessories,EMI
B-24959,4375,2483,3,Electronics,Electronic Games,UPI
B-24960,601,351,5,Clothing,Leggings,Debit Card
B-24960,1312,-618,4,Clothing,T-shirt,UPI
B-24961,1243,635,3,Electronics,Electronic Games,Debit Card
B-24962,710,277,3,Electronics,Accessories,Credit Card
B-24963,1441,167,4,Electronics,Accessories,UPI
B-24963,4083,2107,1,Electronics,Accessories,EMI
B-24964,720,-77,1,Clothing,Kurti,Debit Card
B-24965,1289,-619,1,Clothing,Kurti,Debit Card
B-24966,1539,-83,2,Clothing,Skirt,Credit Card
B-24967,3029,982,3,Furniture,Bookcases,UPI
B-24967,170,-21,2,Clothing,Trousers,Credit Card
B-24968,3382,1420,4,Electronics,Printers,UPI
B-24969,1269,631,4,Clothing,Shirt,EMI
B-24969,3872,523,4,Furniture,Tables,COD
B-24970,5283,1626,5,Electronics,Accessories,Credit Card
B-24971,1810,974,4,Clothing,Saree,EMI
B-24971,644,245,1,Furniture,Chairs,COD
B-24971,48,-15,2,Clothing,Trousers,COD
B-24972,35,8,2,Clothing,Trousers,UPI
B-24972,2250,382,4,Furniture,Bookcases,EMI
B-24973,920,-446,5,Clothing,Skirt,COD
B-24973,3642,652,5,Furniture,Bookcases,UPI
B-24974,133,-22,4,Clothing,T-shirt,Credit Card
B-24975,5227,2543,3,Furniture,Tables,COD
B-24975,3116,1186,1,Furniture,Bookcases,Debit Card
B-24975,1771,-453,4,Clothing,Kurti,Credit Card
B-24976,1854,800,2,Furniture,Bookcases,EMI
B-24977,1698,797,5,Furniture,Furnishings,UPI
B-24978,5074,2860,2,Electronics,Accessories,UPI
B-24979,2310,919,5,Electronics,Accessories,COD
B-24979,2020,690,5,Electronics,Phones,EMI
B-24980,2057,479,1,Electronics,Electronic Games,COD
B-24981,5956,689,4,Furniture,Furnishings,Credit Card
B-24981,3487,327,5,Electronics,Electronic Games,COD
B-24981,5387,223,2,Furniture,Tables,Debit Card
B-24982,1863,698,1,Electronics,Printers,COD
B-24983,868,558,2,Clothing,Saree,COD
B-24984,5520,624,3,Furniture,Bookcases,Credit Card
B-24985,761,378,2,Clothing,Skirt,EMI
B-24985,355,-82,4,Clothing,Skirt,COD
B-24986,2593,1640,2,Electronics,Printers,COD
B-24987,3699,1716,4,Furniture,Tables,Credit Card
B-24987,2471,780,1,Furniture,Chairs,COD
B-24988,2694,327,4,Furniture,Tables,EMI
B-24988,1995,532,1,Clothing,Shirt,UPI
B-24989,1241,-40,4,Clothing,Trousers,Debit Card
B-24990,2860,1308,5,Electronics,Printers,Debit Card
B-24991,2946,705,5,Furniture,Bookcases,EMI
B-24992,823,60,4,Electronics,Accessories,COD
B-24993,4427,2618,3,Electronics,Printers,EMI
B-24993,2927,674,5,Electronics,Accessories,COD
B-24994,3291,987,5,Electronics,Accessories,Credit Card
B-24995,506,63,2,Clothing,T-shirt,COD
B-24995,2022,1100,2,Electronics,Printers,UPI
B-24995,251,142,3,Clothing,Kurti,COD
B-24996,693,410,4,Clothing,Trousers,UPI
B-24996,1677,-418,3,Clothing,Hankerchief,UPI
B-24996,3389,860,4,Electronics,Phones,COD
B-24997,142,0,3,Clothing,Shirt,UPI
B-24997,1827,386,2,Electronics,Accessories,UPI
B-24998,894,-431,3,Clothing,Stole,COD
B-24999,5196,2107,3,Furniture,Tables,UPI
B-24999,5237,1128,5,Electronics,Electronic Games,COD
B-24999,2039,440,1,Electronics,Phones,UPI
B-25000,4808,132,3,Furniture,Tables,COD
B-25001,2240,283,3,Furniture,Tables,UPI
B-25002,635,139,4,Furniture,Furnishings,Debit Card
B-25003,2016,288,3,Furniture,Chairs,COD
B-25004,1521,743,5,Clothing,Hankerchief,UPI
B-25005,863,205,2,Electronics,Printers,Debit Card
B-25005,4870,1852,4,Electronics,Phones,UPI
B-25006,1040,-194,1,Clothing,Leggings,COD
B-25007,3049,856,5,Electronics,Accessories,UPI
B-25008,1587,719,4,Clothing,Stole,UPI
B-25008,107,69,5,Clothing,Hankerchief,Debit Card
B-25009,3388,1827,4,Electronics,Accessories,UPI
B-25009,4366,541,1,Furniture,Furnishings,EMI
B-25010,958,-364,3,Clothing,Saree,UPI
B-25010,1969,332,1,Clothing,Leggings,Credit Card
B-25011,3758,1358,1,Furniture,Furnishings,EMI
B-25011,1758,760,3,Clothing,Trousers,COD
B-25012,842,-391,4,Clothing,Shirt,Debit Card
B-25013,2442,247,2,Electronics,Accessories,EMI
B-25014,5878,1481,1,Furniture,Bookcases,COD
B-25014,1208,371,5,Furniture,Bookcases,COD
B-25015,3901,1088,3,Electronics,Electronic Games,Credit Card
B-25015,3143,1263,3,Electronics,Electronic Games,COD
B-25015,556,-113,1,Clothing,T-shirt,COD
B-25016,40,0,2,Clothing,Hankerchief,Debit Card
B-25016,1884,239,5,Furniture,Bookcases,Credit Card
B-25017,1129,198,4,Electronics,Printers,Credit Card
B-25018,523,-71,3,Clothing,Saree,UPI
B-25019,5093,713,4,Furniture,Bookcases,Credit Card
B-25020,1809,838,5,Furniture,Furnishings,COD
B-25021,1048,596,2,Clothing,Shirt,UPI
B-25021,588,104,5,Clothing,Skirt,COD
B-25021,1715,205,2,Clothing,Stole,COD
B-25022,935,-221,5,Clothing,Leggings,Credit Card
B-25022,4813,1061,1,Furniture,Chairs,UPI
B-25023,2091,365,4,Electronics,Electronic Games,COD
B-25024,1953,537,1,Clothing,Stole,UPI
B-25025,5990,1289,4,Furniture,Bookcases,UPI
B-25025,1184,-565,5,Clothing,Kurti,Credit Card
B-25026,2411,342,1,Electronics,Phones,COD
B-25026,4247,702,3,Electronics,Printers,COD
B-25027,718,210,4,Electronics,Accessories,UPI
B-25028,550,202,2,Clothing,Skirt,COD
B-25029,4824,2806,3,Electronics,Electronic Games,COD
B-25030,885,401,5,Furniture,Chairs,Debit Card
B-25031,768,-369,2,Clothing,Shirt,UPI
B-25032,1322,83,2,Electronics,Phones,Credit Card
B-25033,1989,379,3,Furniture,Bookcases,EMI
B-25034,1078,-487,2,Clothing,Skirt,Debit Card
B-25035,1054,-476,2,Clothing,Leggings,COD
B-25035,3867,1802,4,Furniture,Bookcases,Debit Card
B-25036,88,-32,5,Clothing,Leggings,UPI
B-25036,1749,1085,3,Clothing,Shirt,EMI
B-25036,405,132,5,Electronics,Accessories,COD
B-25037,2924,858,3,Furniture,Chairs,COD
B-25037,4929,2517,3,Electronics,Phones,UPI
B-25038,5793,433,4,Electronics,Accessories,UPI
B-25039,5369,441,1,Electronics,Phones,UPI
B-25040,3313,255,1,Electronics,Printers,EMI
B-25040,1085,-172,5,Clothing,Skirt,UPI
B-25041,5100,1527,5,Furniture,Tables,COD
B-25041,5265,174,1,Furniture,Chairs,Credit Card
B-25041,1751,852,5,Electronics,Electronic Games,COD
B-25042,1392,468,1,Electronics,Printers,UPI
B-25042,2743,978,2,Electronics,Electronic Games,Credit Card
B-25043,3778,2264,4,Electronics,Phones,COD
B-25043,1918,-182,5,Clothing,Stole,COD
B-25044,4689,1758,1,Electronics,Electronic Games,COD
B-25044,2205,761,5,Furniture,Tables,EMI
B-25045,797,27,5,Clothing,Skirt,EMI
B-25046,4579,1396,5,Furniture,Furnishings,EMI
B-25047,1196,-324,4,Clothing,T-shirt,EMI
B-25048,4882,1832,3,Electronics,Printers,UPI
B-25048,829,67,3,Furniture,Chairs,UPI
B-25048,1499,189,3,Electronics,Electronic Games,Debit Card
B-25049,1839,-339,5,Clothing,Shirt,EMI
B-25050,5074,1454,4,Electronics,Phones,Debit Card
B-25051,1099,-208,5,Clothing,T-shirt,Debit Card
B-25051,4849,1294,2,Furniture,Furnishings,COD
B-25052,3744,981,4,Electronics,Printers,UPI
B-25053,531,168,5,Clothing,Skirt,COD
B-25053,2637,281,3,Furniture,Tables,Credit Card
B-25054,1382,56,3,Clothing,Skirt,UPI
B-25054,1376,659,3,Clothing,T-shirt,EMI
B-25055,1268,391,5,Clothing,T-shirt,EMI
B-25056,269,-21,2,Clothing,Leggings,UPI
B-25057,4012,1241,3,Furniture,Chairs,COD
B-25057,5199,1995,5,Electronics,Phones,Debit Card
B-25057,996,119,4,Clothing,Stole,COD
B-25058,2863,1640,2,Electronics,Phones,Debit Card
B-25058,1976,1116,2,Clothing,Trousers,UPI
B-25059,698,82,4,Furniture,Bookcases,COD
B-25059,852,466,3,Clothing,Stole,UPI
B-25060,5698,501,3,Furniture,Tables,Credit Card
B-25060,1920,1323,1,Clothing,Hankerchief,Credit Card
B-25061,3816,726,4,Electronics,Accessories,COD
B-25061,1581,666,4,Clothing,Leggings,UPI
B-25062,1547,763,2,Electronics,Printers,UPI
B-25063,1524,488,5,Furniture,Tables,COD
B-25064,5014,1910,3,Electronics,Accessories,Credit Card
B-25065,4262,1258,1,Electronics,Electronic Games,Debit Card
B-25066,482,-52,1,Clothing,Trousers,COD
B-25067,1496,875,5,Clothing,Skirt,COD
B-25067,252,145,4,Clothing,Saree,Credit Card
B-25068,2208,118,2,Furniture,Furnishings,COD
B-25068,990,447,1,Clothing,Saree,COD
B-25069,3225,1196,5,Furniture,Bookcases,Credit Card
B-25070,1128,580,1,Clothing,Leggings,Credit Card
B-25071,1661,1036,5,Clothing,Hankerchief,COD
B-25072,5792,554,3,Electronics,Accessories,EMI
B-25073,4803,581,4,Furniture,Bookcases,Debit Card
B-25073,1919,-516,3,Clothing,Hankerchief,EMI
B-25074,1506,-181,1,Clothing,Saree,Credit Card
B-25074,2801,183,1,Furniture,Tables,Credit Card
B-25074,4741,2239,5,Furniture,Tables,UPI
B-25075,4660,376,1,Electronics,Phones,Credit Card
B-25076,4431,2625,1,Electronics,Accessories,COD
B-25076,3190,959,3,Furniture,Bookcases,COD
B-25077,607,-205,2,Clothing,Skirt,COD
B-25078,1762,256,1,Clothing,Skirt,Credit Card
B-25079,5312,1036,3,Furniture,Furnishings,COD
B-25080,3814,150,3,Furniture,Furnishings,UPI
B-25081,1477,1023,5,Clothing,Leggings,COD
B-25082,600,339,3,Electronics,Printers,COD
B-25082,1732,852,5,Furniture,Chairs,COD
B-25082,1984,-528,1,Clothing,Shirt,UPI
B-25083,645,195,4,Furniture,Tables,Credit Card
B-25084,2771,977,4,Furniture,Furnishings,UPI
B-25085,3480,337,2,Furniture,Bookcases,Credit Card
B-25085,1834,144,2,Furniture,Chairs,Debit Card
B-25086,1959,-743,2,Clothing,Saree,UPI
B-25086,3945,760,2,Electronics,Phones,Credit Card
B-25087,1107,463,5,Furniture,Chairs,COD
B-25087,5208,1176,4,Furniture,Chairs,UPI
B-25087,464,-165,3,Clothing,Trousers,UPI
B-25088,5148,1890,1,Electronics,Electronic Games,Debit Card
B-25088,1349,-360,4,Clothing,Kurti,Debit Card
B-25089,1572,576,4,Electronics,Electronic Games,UPI
B-25089,976,262,2,Electronics,Printers,COD
B-25090,1725,-162,1,Clothing,Skirt,UPI
B-25091,4208,1515,5,Electronics,Electronic Games,UPI
B-25091,4163,1096,3,Electronics,Phones,Credit Card
B-25092,2824,876,2,Furniture,Furnishings,Credit Card
B-25092,1681,-28,5,Clothing,Leggings,COD
B-25092,20,-9,4,Clothing,Kurti,UPI
B-25093,3532,1637,2,Electronics,Printers,UPI
B-25093,4744,696,5,Electronics,Printers,COD
B-25094,1558,788,2,Clothing,Leggings,UPI
B-25095,165,80,4,Clothing,Hankerchief,COD
B-25096,1178,-156,1,Clothing,Skirt,UPI
B-25097,4493,1524,4,Furniture,Furnishings,UPI
B-25097,5196,1091,1,Furniture,Furnishings,Credit Card
B-25098,755,-134,2,Clothing,Kurti,Credit Card
B-25098,5431,658,4,Furniture,Bookcases,Debit Card
B-25099,1365,714,2,Electronics,Accessories,UPI
B-25099,885,174,1,Clothing,Leggings,Credit Card
B-25100,5057,628,4,Electronics,Phones,COD
B-25101,732,166,1,Clothing,Trousers,EMI
B-25102,2323,579,5,Electronics,Electronic Games,UPI
B-25102,640,143,1,Electronics,Accessories,COD
B-25103,340,97,5,Clothing,Hankerchief,UPI
B-25104,26,0,3,Clothing,Trousers,EMI
B-25105,5189,1669,2,Electronics,Electronic Games,Credit Card
B-25106,5734,2960,2,Electronics,Printers,Credit Card
B-25107,3666,279,2,Electronics,Accessories,Credit Card
B-25108,1662,1053,3,Electronics,Phones,UPI
B-25108,2694,1297,1,Electronics,Phones,COD
B-25109,3313,2064,4,Electronics,Printers,Credit Card
B-25110,1341,909,5,Clothing,Stole,UPI
B-25111,5422,3351,1,Electronics,Phones,UPI
B-25112,3625,1625,2,Furniture,Bookcases,COD
B-25112,3402,863,1,Electronics,Accessories,COD
B-25112,183,-60,1,Clothing,Leggings,EMI
B-25113,1987,1142,2,Electronics,Electronic Games,COD
B-25114,900,61,1,Furniture,Chairs,COD
B-25114,4872,3025,4,Electronics,Accessories,Debit Card
B-25115,3802,1887,2,Furniture,Bookcases,COD
B-25115,1296,372,5,Furniture,Furnishings,UPI
B-25116,408,-31,5,Clothing,Leggings,UPI
B-25117,15,-2,2,Clothing,T-shirt,COD
B-25118,271,71,3,Clothing,Trousers,COD
B-25119,193,-35,4,Clothing,Hankerchief,COD
B-25120,586,-254,2,Clothing,Stole,UPI
B-25120,853,-169,1,Clothing,Trousers,EMI
B-25121,2095,251,2,Furniture,Furnishings,COD
B-25121,3859,1380,5,Electronics,Printers,Credit Card
B-25122,5132,922,5,Furniture,Tables,UPI
B-25123,182,115,1,Clothing,Leggings,UPI
B-25124,3798,641,3,Furniture,Chairs,EMI
B-25124,401,93,4,Clothing,Saree,COD
B-25125,934,-213,1,Clothing,Skirt,UPI
B-25126,537,-245,1,Clothing,Shirt,COD
B-25127,1322,523,3,Clothing,Shirt,Credit Card
B-25127,1055,-400,1,Clothing,Trousers,Credit Card
B-25128,1363,845,1,Electronics,Printers,UPI
B-25129,3826,1543,1,Furniture,Bookcases,EMI
B-25129,1260,-284,2,Clothing,Skirt,COD
B-25129,3612,1316,3,Electronics,Accessories,UPI
B-25130,474,-71,4,Clothing,Shirt,UPI
B-25131,1077,654,3,Clothing,Saree,EMI
B-25131,1425,-436,2,Clothing,Trousers,Credit Card
B-25132,2531,476,2,Electronics,Phones,UPI
B-25133,370,158,3,Clothing,Stole,Credit Card
B-25133,1182,-564,4,Clothing,Kurti,Debit Card
B-25134,668,-198,3,Clothing,Hankerchief,UPI
B-25135,2262,1017,1,Electronics,Printers,UPI
B-25135,4258,749,2,Electronics,Accessories,COD
B-25136,1780,316,4,Clothing,T-shirt,COD
B-25137,1323,-237,2,Clothing,Shirt,UPI
B-25137,4995,2381,5,Electronics,Phones,Credit Card
B-25138,644,-87,4,Clothing,Stole,UPI
B-25138,3667,2146,1,Electronics,Electronic Games,Credit Card
B-25139,1958,881,1,Furniture,Bookcases,EMI
B-25140,3812,1713,5,Electronics,Accessories,Credit Card
B-25141,3796,1813,3,Furniture,Furnishings,UPI
B-25141,1163,550,2,Clothing,T-shirt,Credit Card
B-25142,412,-34,3,Clothing,Leggings,UPI
B-25143,5394,2070,3,Electronics,Electronic Games,EMI
B-25143,1121,-545,4,Clothing,Leggings,Credit Card
B-25144,3960,1042,5,Furniture,Bookcases,UPI
B-25144,172,-12,1,Clothing,Stole,Credit Card
B-25144,5729,2894,1,Electronics,Accessories,Credit Card
B-25145,1780,739,1,Clothing,Hankerchief,COD
B-25145,3006,594,3,Electronics,Electronic Games,Debit Card
B-25146,4010,1830,5,Furniture,Bookcases,Debit Card
B-25147,1966,977,3,Clothing,Trousers,Credit Card
B-25148,3991,898,3,Electronics,Phones,Debit Card
B-25149,5148,2304,3,Electronics,Accessories,UPI
B-25150,2960,159,3,Furniture,Chairs,UPI
B-25151,723,33,1,Clothing,Leggings,COD
B-25152,1450,580,3,Clothing,Shirt,COD
B-25153,2087,417,3,Furniture,Chairs,COD
B-25154,530,136,4,Furniture,Furnishings,UPI
B-25155,2157,249,1,Electronics,Electronic Games,EMI
B-25155,1837,708,2,Clothing,Stole,Debit Card
B-25156,4775,157,2,Furniture,Tables,EMI
B-25156,5302,1163,5,Furniture,Furnishings,COD
B-25157,4243,632,5,Furniture,Tables,COD
B-25158,2549,556,3,Furniture,Bookcases,Credit Card
B-25158,3017,408,2,Electronics,Printers,COD
B-25159,4808,1124,2,Electronics,Accessories,Credit Card
B-25160,1613,748,2,Clothing,Saree,UPI
B-25161,72,27,1,Clothing,Skirt,Credit Card
B-25162,3259,853,5,Furniture,Chairs,Debit Card
B-25162,172,-36,5,Clothing,Stole,COD
B-25163,1159,446,2,Electronics,Accessories,COD
B-25163,1050,674,2,Clothing,Trousers,Credit Card
B-25164,1804,29,4,Clothing,Hankerchief,COD
B-25164,570,243,5,Clothing,Saree,COD
B-25165,2546,1168,5,Electronics,Phones,COD
B-25166,552,293,1,Clothing,Trousers,Debit Card
B-25166,5519,852,5,Furniture,Furnishings,Credit Card
B-25167,3171,1337,2,Electronics,Accessories,Debit Card
B-25167,1419,113,3,Clothing,Stole,COD
B-25168,2266,147,2,Furniture,Chairs,COD
B-25169,1696,372,2,Electronics,Printers,Debit Card
B-25170,1917,1258,4,Clothing,Hankerchief,UPI
B-25170,4621,958,5,Electronics,Phones,COD
B-25171,648,-320,5,Clothing,Kurti,Debit Card
B-25172,3870,1412,4,Electronics,Phones,Credit Card
B-25172,3710,2118,5,Electronics,Printers,Credit Card
B-25173,134,4,1,Clothing,Leggings,COD
B-25174,1524,282,1,Clothing,Stole,COD
B-25175,1622,212,3,Clothing,Skirt,COD
B-25175,983,396,1,Clothing,Leggings,COD
B-25176,3517,966,4,Furniture,Furnishings,UPI
B-25176,824,62,2,Clothing,Skirt,Debit Card
B-25177,384,151,1,Clothing,Stole,Credit Card
B-25177,3450,1426,1,Furniture,Tables,Credit Card
B-25178,840,-137,4,Clothing,Trousers,UPI
B-25178,2577,742,5,Electronics,Printers,EMI
B-25179,3447,188,5,Furniture,Chairs,EMI
B-25179,4520,1428,4,Electronics,Phones,UPI
B-25180,2139,200,1,Electronics,Phones,Debit Card
B-25181,4166,2274,4,Electronics,Printers,Credit Card
B-25181,1196,279,2,Furniture,Tables,Debit Card
B-25182,2293,699,5,Electronics,Printers,UPI
B-25183,1527,248,1,Furniture,Chairs,UPI
B-25183,3139,1291,4,Electronics,Phones,Debit Card
B-25184,1070,495,1,Clothing,Saree,Debit Card
B-25185,1748,-89,1,Clothing,Hankerchief,COD
B-25185,4167,2178,2,Electronics,Printers,COD
B-25186,852,-403,4,Clothing,Shirt,COD
B-25187,2818,1008,3,Electronics,Phones,Debit Card
B-25188,1515,1051,1,Clothing,Trousers,Credit Card
B-25189,5150,1546,4,Electronics,Electronic Games,EMI
B-25189,884,332,4,Electronics,Phones,EMI
B-25190,1979,117,1,Clothing,Trousers,EMI
B-25191,3294,1075,5,Electronics,Electronic Games,Credit Card
B-25192,945,-285,2,Clothing,Skirt,Debit Card
B-25192,1179,431,4,Furniture,Furnishings,Credit Card
B-25193,3953,1643,3,Electronics,Printers,UPI
B-25194,886,96,4,Electronics,Accessories,COD
B-25194,1943,1175,1,Clothing,Shirt,COD
B-25195,3408,336,5,Electronics,Phones,UPI
B-25196,191,70,1,Clothing,Trousers,COD
B-25197,1467,-191,5,Clothing,Stole,Debit Card
B-25198,4405,2178,2,Furniture,Furnishings,COD
B-25199,851,120,2,Furniture,Tables,COD
B-25200,992,88,4,Furniture,Furnishings,UPI
B-25201,1525,98,5,Electronics,Accessories,EMI
B-25201,4843,1348,5,Electronics,Accessories,UPI
B-25202,515,113,4,Clothing,Skirt,UPI
B-25203,1963,377,5,Clothing,Trousers,EMI
B-25203,740,363,2,Furniture,Chairs,COD
B-25204,368,-26,3,Clothing,Trousers,Debit Card
B-25205,5292,2167,2,Furniture,Chairs,Debit Card
B-25206,1929,-679,3,Clothing,Trousers,EMI
B-25206,1690,499,3,Electronics,Accessories,Credit Card
B-25207,5440,2518,5,Furniture,Bookcases,EMI
B-25208,5231,776,3,Furniture,Chairs,Credit Card
B-25209,4981,396,3,Electronics,Phones,Credit Card
B-25209,836,-236,2,Clothing,Trousers,COD
B-25209,1752,334,2,Clothing,Kurti,Credit Card
B-25210,988,-342,4,Clothing,Shirt,Credit Card
B-25210,2760,195,1,Electronics,Electronic Games,UPI
B-25211,244,62,4,Clothing,Kurti,UPI
B-25211,4305,1259,4,Electronics,Accessories,Debit Card
B-25212,1573,-649,3,Clothing,T-shirt,UPI
B-25213,1456,-32,2,Clothing,Trousers,Credit Card
B-25214,2142,130,4,Furniture,Bookcases,COD
B-25214,546,15,5,Clothing,Saree,Credit Card
B-25215,2977,1576,4,Electronics,Electronic Games,COD
B-25216,1258,-219,3,Clothing,Leggings,Credit Card
B-25217,180,-37,3,Clothing,Leggings,UPI
B-25218,5183,924,1,Furniture,Chairs,COD
B-25218,1245,640,2,Electronics,Electronic Games,Credit Card
B-25219,1512,848,4,Electronics,Printers,Credit Card
B-25219,1034,-71,1,Clothing,Leggings,Credit Card
B-25219,98,-37,3,Clothing,Skirt,UPI
B-25220,1500,886,5,Clothing,Skirt,COD
B-25221,2786,894,1,Furniture,Furnishings,COD
B-25222,2345,292,3,Electronics,Printers,Credit Card
B-25223,1651,991,3,Electronics,Phones,Credit Card
B-25223,1322,-509,4,Clothing,T-shirt,COD
B-25224,1114,230,4,Furniture,Tables,COD
B-25225,622,-140,1,Clothing,Hankerchief,UPI
B-25225,5593,908,3,Electronics,Accessories,Debit Card
B-25225,1407,-514,1,Clothing,Kurti,EMI
B-25226,4990,2975,5,Electronics,Printers,Credit Card
B-25226,5313,1689,4,Furniture,Bookcases,COD
B-25227,4542,1569,1,Electronics,Electronic Games,UPI
B-25227,281,121,3,Clothing,Stole,COD
B-25228,1157,789,4,Clothing,Trousers,COD
B-25228,5020,1412,5,Furniture,Bookcases,Debit Card
B-25229,2259,548,5,Electronics,Phones,COD
B-25229,4467,1088,1,Furniture,Bookcases,COD
B-25229,5234,814,5,Furniture,Chairs,COD
B-25230,2671,484,5,Furniture,Furnishings,Debit Card
B-25231,1953,-43,3,Clothing,Skirt,Credit Card
B-25231,2508,370,3,Furniture,Furnishings,Debit Card
B-25232,1253,355,4,Clothing,Trousers,COD
B-25233,430,-121,4,Clothing,Shirt,COD
B-25233,1018,-405,3,Clothing,Skirt,UPI
B-25234,1360,-628,1,Clothing,Skirt,Credit Card
B-25234,3904,1302,3,Furniture,Furnishings,Credit Card
B-25235,1980,955,2,Clothing,Trousers,Credit Card
B-25235,1539,494,2,Clothing,T-shirt,COD
B-25236,47,18,5,Clothing,Trousers,Debit Card
B-25237,675,388,5,Clothing,Leggings,COD
B-25238,4500,1106,4,Electronics,Accessories,COD
B-25239,5375,606,5,Electronics,Accessories,Credit Card
B-25240,5995,1248,2,Furniture,Tables,Debit Card
B-25241,812,-323,5,Clothing,Saree,Credit Card
B-25242,2769,234,4,Furniture,Bookcases,UPI
B-25243,779,216,1,Furniture,Chairs,COD
B-25243,2275,1411,4,Electronics,Phones,Debit Card
B-25244,337,22,5,Clothing,Hankerchief,UPI
B-25244,346,-10,3,Clothing,Leggings,COD
B-25244,4033,1517,5,Electronics,Printers,EMI
B-25245,1692,-71,2,Clothing,Hankerchief,Credit Card
B-25246,1598,186,4,Furniture,Chairs,COD
B-25247,3544,658,1,Furniture,Furnishings,Credit Card
B-25248,1319,-602,3,Clothing,Hankerchief,UPI
B-25248,5667,1871,5,Electronics,Accessories,Credit Card
B-25249,2626,1173,2,Furniture,Tables,COD
B-25249,140,-23,4,Clothing,Saree,Debit Card
B-25249,5131,2501,4,Electronics,Electronic Games,EMI
B-25250,1937,412,4,Furniture,Bookcases,COD
B-25250,1212,717,4,Clothing,Leggings,Debit Card
B-25250,4539,2683,4,Electronics,Phones,EMI
B-25251,274,-68,1,Clothing,Hankerchief,COD
B-25252,4795,2805,5,Electronics,Printers,Credit Card
B-25252,4476,1014,1,Furniture,Furnishings,COD
B-25253,2294,450,2,Electronics,Printers,COD
B-25254,385,148,5,Electronics,Electronic Games,Debit Card
B-25254,2137,357,3,Furniture,Chairs,Credit Card
B-25255,1855,126,5,Clothing,T-shirt,Debit Card
B-25255,3158,515,3,Electronics,Phones,Debit Card
B-25255,4818,2346,4,Electronics,Accessories,UPI
B-25256,3351,137,2,Furniture,Chairs,Debit Card
B-25256,844,379,4,Clothing,Leggings,EMI
B-25257,5144,622,2,Furniture,Chairs,Credit Card
B-25258,1295,488,4,Clothing,Trousers,UPI
B-25258,2496,1022,5,Electronics,Printers,UPI
B-25259,1321,-270,2,Clothing,Kurti,Credit Card
B-25260,5017,2407,3,Furniture,Bookcases,COD
B-25260,1213,279,4,Furniture,Tables,Debit Card
B-25261,4905,1315,3,Furniture,Tables,Credit Card
B-25262,3196,1492,4,Furniture,Furnishings,COD
B-25262,3422,338,3,Furniture,Chairs,Credit Card
B-25263,673,185,3,Electronics,Accessories,Credit Card
B-25263,3401,343,3,Electronics,Accessories,EMI
B-25264,1300,377,4,Clothing,Hankerchief,COD
B-25265,148,92,4,Clothing,Stole,Credit Card
B-25266,1927,-53,2,Clothing,Hankerchief,Debit Card
B-25267,8,0,1,Clothing,T-shirt,UPI
B-25268,3847,829,2,Furniture,Furnishings,COD
B-25268,2159,187,5,Furniture,Bookcases,COD
B-25269,4345,282,5,Furniture,Bookcases,COD
B-25270,3587,185,3,Electronics,Electronic Games,COD
B-25271,2176,724,1,Furniture,Bookcases,COD
B-25272,3753,1017,3,Electronics,Printers,COD
B-25273,1137,482,2,Clothing,T-shirt,Debit Card
B-25274,4208,463,4,Electronics,Phones,COD
B-25275,682,335,3,Clothing,Kurti,UPI
B-25276,5381,1148,1,Furniture,Chairs,COD
B-25277,4821,1734,2,Furniture,Bookcases,Credit Card
B-25278,1405,674,2,Furniture,Chairs,COD
B-25279,3176,1514,5,Electronics,Accessories,Debit Card
B-25279,1763,70,2,Clothing,Hankerchief,Credit Card
B-25280,732,-166,4,Clothing,Skirt,Credit Card
B-25281,1227,591,4,Furniture,Chairs,EMI
B-25282,166,-63,4,Clothing,T-shirt,COD
B-25283,3303,758,1,Electronics,Accessories,Credit Card
B-25283,645,-5,3,Clothing,T-shirt,Debit Card
B-25284,3922,2365,2,Electronics,Accessories,COD
B-25285,2465,340,5,Electronics,Phones,Credit Card
B-25286,1037,-198,5,Clothing,T-shirt,COD
B-25286,2988,284,5,Furniture,Bookcases,Debit Card
B-25287,328,65,2,Clothing,Leggings,Credit Card
B-25288,3961,1358,4,Electronics,Accessories,COD
B-25288,1805,-873,3,Clothing,Stole,Debit Card
B-25289,519,333,2,Electronics,Phones,Debit Card
B-25290,467,-232,3,Clothing,Leggings,Debit Card
B-25291,3612,697,5,Electronics,Accessories,COD
B-25292,2486,850,1,Furniture,Bookcases,COD
B-25293,638,408,4,Electronics,Accessories,EMI
B-25293,4142,292,5,Electronics,Accessories,COD
B-25294,411,127,1,Electronics,Printers,UPI
B-25295,550,199,4,Clothing,Leggings,Credit Card
B-25296,1157,-413,2,Clothing,Leggings,Debit Card
B-25297,5917,527,2,Furniture,Bookcases,COD
B-25298,1651,183,1,Clothing,Kurti,Credit Card
B-25299,1305,-11,5,Clothing,Leggings,COD
B-25300,1760,512,4,Electronics,Printers,EMI
B-25301,971,277,3,Clothing,Kurti,Credit Card
B-25302,1014,310,2,Clothing,Shirt,COD
B-25302,1455,359,2,Clothing,Shirt,UPI
B-25303,236,163,3,Clothing,Hankerchief,Debit Card
B-25304,4781,1444,2,Electronics,Printers,Credit Card
B-25305,4854,1317,3,Electronics,Printers,Credit Card
B-25305,5337,2396,3,Electronics,Phones,UPI
B-25306,1541,1043,3,Clothing,Stole,EMI
B-25307,58,27,3,Clothing,Shirt,Debit Card
B-25308,4616,1397,1,Furniture,Chairs,COD
B-25308,4666,468,3,Electronics,Electronic Games,COD
B-25309,1136,690,2,Clothing,Skirt,COD
B-25309,4305,1949,3,Electronics,Electronic Games,UPI
B-25310,4432,619,2,Furniture,Furnishings,Credit Card
B-25310,1699,58,3,Clothing,Shirt,Debit Card
B-25310,1089,330,3,Furniture,Furnishings,COD
B-25311,1758,-818,2,Clothing,Hankerchief,Debit Card
B-25311,82,12,1,Clothing,Skirt,COD
B-25312,899,348,1,Clothing,T-shirt,UPI
B-25312,1719,723,2,Clothing,Saree,Credit Card
B-25313,485,150,5,Electronics,Printers,UPI
B-25314,2164,1027,4,Electronics,Phones,COD
B-25314,3929,1113,2,Electronics,Phones,EMI
B-25315,1230,375,4,Clothing,Hankerchief,Credit Card
B-25316,110,55,4,Clothing,Skirt,UPI
B-25317,1813,-535,1,Clothing,Kurti,Credit Card
B-25318,1068,277,5,Clothing,Saree,COD
B-25319,4341,536,4,Electronics,Phones,UPI
B-25320,848,146,2,Clothing,Kurti,Credit Card
B-25321,521,89,1,Furniture,Chairs,EMI
B-25321,879,461,2,Electronics,Printers,UPI
B-25322,790,-153,4,Clothing,Hankerchief,EMI
B-25323,2309,132,5,Electronics,Electronic Games,EMI
B-25323,2044,70,3,Furniture,Furnishings,EMI
B-25324,2667,326,4,Furniture,Chairs,Credit Card
B-25324,849,206,1,Electronics,Accessories,UPI
B-25325,607,-89,2,Clothing,Skirt,Credit Card
B-25326,1800,-242,4,Clothing,T-shirt,UPI
B-25327,2760,1124,3,Electronics,Accessories,UPI
B-25327,4016,2352,3,Electronics,Electronic Games,Credit Card
B-25328,2255,482,2,Electronics,Electronic Games,UPI
B-25328,1751,44,1,Furniture,Bookcases,Credit Card
B-25328,3652,668,4,Furniture,Bookcases,EMI
B-25329,443,252,5,Clothing,Trousers,COD
B-25329,333,-103,4,Clothing,T-shirt,COD
B-25330,3990,639,4,Electronics,Electronic Games,UPI
B-25330,1937,1270,2,Clothing,Hankerchief,EMI
B-25331,539,28,1,Clothing,Leggings,Credit Card
B-25332,2358,736,5,Electronics,Printers,UPI
B-25333,813,472,1,Electronics,Accessories,Debit Card
B-25333,4463,1071,1,Furniture,Chairs,UPI
B-25334,2011,637,2,Electronics,Printers,UPI
B-25335,1576,776,3,Electronics,Phones,UPI
B-25336,1803,400,5,Electronics,Printers,UPI
B-25336,1113,345,2,Electronics,Printers,Debit Card
B-25336,4379,1709,5,Furniture,Bookcases,Credit Card
B-25337,1498,-456,2,Clothing,Trousers,Credit Card
B-25337,870,251,2,Furniture,Furnishings,UPI
B-25338,1307,409,4,Clothing,Skirt,COD
B-25339,1110,-396,5,Clothing,Shirt,UPI
B-25340,1683,1045,2,Electronics,Phones,UPI
B-25341,4890,3091,3,Electronics,Electronic Games,Credit Card
B-25341,688,196,2,Furniture,Chairs,Credit Card
B-25342,5254,264,5,Electronics,Electronic Games,EMI
B-25343,1535,653,2,Clothing,Leggings,EMI
B-25344,2897,1148,2,Electronics,Electronic Games,EMI
B-25345,1319,731,4,Clothing,Stole,COD
B-25345,4788,357,4,Electronics,Accessories,Debit Card
B-25345,1319,759,4,Electronics,Phones,COD
B-25346,2224,907,2,Furniture,Bookcases,UPI
B-25346,320,201,3,Electronics,Electronic Games,Credit Card
B-25347,1960,-236,2,Clothing,Skirt,Debit Card
B-25347,2378,94,5,Furniture,Furnishings,COD
B-25348,3429,561,1,Electronics,Printers,COD
B-25348,999,267,2,Electronics,Accessories,UPI
B-25349,4372,1043,4,Electronics,Accessories,Credit Card
B-25350,125,53,2,Clothing,Shirt,UPI
B-25351,452,192,1,Electronics,Electronic Games,Debit Card
B-25351,1428,830,2,Clothing,Saree,COD
B-25352,2457,913,5,Furniture,Furnishings,Credit Card
B-25353,4566,2444,5,Electronics,Phones,COD
B-25354,845,-38,4,Clothing,Hankerchief,UPI
B-25355,3648,2127,5,Electronics,Printers,COD
B-25356,530,-237,3,Clothing,Trousers,COD
B-25357,686,328,3,Electronics,Phones,Debit Card
B-25358,4407,1943,4,Furniture,Tables,COD
B-25358,4768,1269,5,Furniture,Bookcases,EMI
B-25359,4164,1702,4,Electronics,Phones,Credit Card
B-25360,669,-19,3,Clothing,Kurti,Debit Card
B-25360,1632,-367,3,Clothing,Saree,Credit Card
B-25360,2185,465,4,Electronics,Phones,Debit Card
B-25361,4239,221,3,Furniture,Bookcases,COD
B-25362,5638,2788,4,Electronics,Electronic Games,COD
B-25362,295,194,4,Clothing,T-shirt,COD
B-25363,5156,2710,4,Electronics,Accessories,UPI
B-25363,4275,787,3,Electronics,Accessories,COD
B-25364,1390,-273,1,Clothing,Saree,Credit Card
B-25364,17,0,2,Clothing,Trousers,UPI
B-25365,5731,659,2,Electronics,Printers,COD
B-25366,230,-71,5,Clothing,Leggings,Credit Card
B-25367,3526,1595,2,Electronics,Phones,COD
B-25368,4625,2631,2,Electronics,Accessories,COD
B-25368,161,54,5,Clothing,Skirt,Credit Card
B-25369,3835,866,1,Electronics,Printers,COD
B-25370,990,313,5,Furniture,Tables,UPI
B-25370,683,442,3,Clothing,T-shirt,EMI
B-25371,603,52,4,Clothing,Trousers,COD
B-25372,3361,293,3,Furniture,Furnishings,Debit Card
B-25373,2576,439,3,Electronics,Electronic Games,COD
B-25374,3525,999,2,Electronics,Accessories,COD
B-25375,1369,416,4,Furniture,Chairs,Credit Card
B-25376,574,-187,2,Clothing,Shirt,COD
B-25377,4909,3130,2,Electronics,Accessories,Debit Card
B-25378,605,179,5,Clothing,Stole,COD
B-25378,4940,538,3,Furniture,Tables,COD
B-25379,1777,-227,2,Clothing,Hankerchief,Credit Card
B-25380,2825,447,5,Electronics,Phones,EMI
B-25380,1051,693,1,Clothing,Stole,UPI
B-25381,2744,936,5,Electronics,Phones,Debit Card
B-25382,5664,1252,4,Electronics,Accessories,UPI
B-25383,360,120,5,Clothing,Saree,UPI
B-25384,3431,983,3,Electronics,Printers,EMI
B-25385,240,61,1,Clothing,Trousers,COD
B-25385,2360,1480,5,Electronics,Accessories,Debit Card
B-25386,3900,1470,4,Electronics,Accessories,Debit Card
B-25387,4791,157,3,Furniture,Chairs,Debit Card
B-25387,2287,735,1,Furniture,Bookcases,EMI
B-25388,1947,1246,2,Electronics,Accessories,EMI
B-25388,704,459,2,Clothing,Saree,COD
B-25389,5732,1018,3,Furniture,Bookcases,COD
B-25390,337,7,4,Clothing,Hankerchief,EMI
B-25390,1538,966,2,Clothing,Hankerchief,Debit Card
B-25391,2835,1377,5,Furniture,Tables,COD
B-25391,3279,774,1,Furniture,Tables,Credit Card
B-25391,1977,658,5,Electronics,Printers,UPI
B-25392,316,-92,5,Clothing,Hankerchief,EMI
B-25392,1332,23,4,Clothing,Stole,COD
B-25393,2894,181,1,Furniture,Chairs,UPI
B-25393,783,84,4,Clothing,Shirt,EMI
B-25394,5751,1984,5,Electronics,Phones,Credit Card
B-25395,1170,354,4,Furniture,Bookcases,UPI
B-25396,1993,916,4,Clothing,Saree,COD
B-25397,2151,54,1,Furniture,Furnishings,COD
B-25397,5809,1499,5,Furniture,Chairs,EMI
B-25398,3285,1168,4,Furniture,Furnishings,COD
B-25399,5042,2959,5,Electronics,Accessories,UPI
B-25399,1043,434,5,Electronics,Accessories,COD
B-25399,4496,880,4,Electronics,Printers,UPI
B-25400,372,196,4,Electronics,Printers,Credit Card
B-25400,5604,2499,2,Furniture,Chairs,COD
B-25401,608,-137,5,Clothing,Shirt,Credit Card
B-25402,483,94,4,Electronics,Phones,Debit Card
B-25402,508,-84,1,Clothing,Hankerchief,Debit Card
B-25403,449,242,2,Electronics,Electronic Games,UPI
B-25404,433,2,4,Clothing,Hankerchief,UPI
B-25404,2820,642,3,Furniture,Chairs,Credit Card
B-25405,878,441,3,Clothing,Hankerchief,COD
B-25406,797,52,5,Furniture,Tables,UPI
B-25407,196,117,5,Clothing,T-shirt,COD
B-25408,3888,2400,1,Electronics,Electronic Games,UPI
B-25409,4950,1402,5,Electronics,Electronic Games,EMI
B-25409,5200,1476,5,Electronics,Accessories,COD
B-25409,4876,2181,1,Electronics,Phones,Debit Card
B-25410,808,-326,5,Clothing,Stole,UPI
B-25411,1466,109,3,Clothing,Trousers,UPI
B-25412,1743,-115,3,Clothing,Saree,COD
B-25412,3206,1270,4,Electronics,Electronic Games,COD
B-25413,1538,987,4,Clothing,Stole,COD
B-25413,5063,1390,3,Electronics,Printers,Debit Card
B-25414,1145,26,5,Furniture,Furnishings,COD
B-25414,81,-12,5,Clothing,Stole,COD
B-25415,553,91,3,Furniture,Tables,COD
B-25415,242,157,1,Clothing,Stole,COD
B-25416,690,277,2,Clothing,Leggings,COD
B-25416,2291,706,3,Electronics,Phones,UPI
B-25417,1683,720,3,Furniture,Tables,COD
B-25418,1457,563,3,Clothing,Kurti,COD
B-25419,5906,2157,2,Furniture,Chairs,Credit Card
B-25419,4497,562,5,Furniture,Chairs,UPI
B-25420,1817,285,1,Clothing,Saree,Debit Card
B-25421,3334,400,1,Electronics,Electronic Games,Credit Card
B-25421,177,71,3,Clothing,Kurti,EMI
B-25422,4436,2095,2,Electronics,Phones,Credit Card
B-25423,571,57,5,Furniture,Furnishings,UPI
B-25424,1251,525,3,Clothing,Saree,Credit Card
B-25424,4478,2482,4,Electronics,Printers,COD
B-25424,2285,1137,4,Electronics,Electronic Games,Credit Card
B-25425,923,291,4,Furniture,Chairs,COD
B-25426,1839,-202,1,Clothing,Stole,Debit Card
B-25426,218,115,3,Clothing,Hankerchief,Credit Card
B-25426,5699,1178,1,Electronics,Phones,COD
B-25427,4473,1983,4,Furniture,Tables,EMI
B-25427,5588,426,2,Furniture,Furnishings,UPI
B-25428,1369,30,5,Furniture,Furnishings,Debit Card
B-25428,3091,1147,3,Furniture,Furnishings,UPI
B-25429,4661,2564,2,Electronics,Electronic Games,COD
B-25430,443,-14,3,Clothing,Hankerchief,COD
B-25430,1939,36,5,Clothing,Shirt,Credit Card
B-25430,340,129,1,Electronics,Accessories,Credit Card
B-25431,1926,682,2,Clothing,Leggings,COD
B-25432,3437,472,2,Electronics,Phones,COD
B-25433,2458,817,2,Electronics,Accessories,UPI
B-25433,1095,68,1,Clothing,Stole,UPI
B-25433,1525,987,1,Clothing,Hankerchief,COD
B-25434,1364,-539,3,Clothing,T-shirt,COD
B-25435,985,567,3,Clothing,Kurti,COD
B-25435,891,598,2,Clothing,Shirt,Credit Card
B-25436,1874,663,4,Electronics,Printers,COD
B-25437,2725,103,3,Furniture,Bookcases,COD
B-25438,5926,604,3,Furniture,Chairs,UPI
B-25439,5136,2424,4,Furniture,Chairs,COD
B-25440,1909,728,1,Electronics,Accessories,Credit Card
B-25440,419,223,1,Electronics,Printers,COD
B-25441,1059,614,1,Clothing,Hankerchief,COD
B-25441,1255,659,3,Clothing,Kurti,Credit Card
B-25442,895,305,3,Clothing,Stole,Debit Card
B-25442,1006,342,1,Clothing,Skirt,COD
B-25442,1475,885,4,Electronics,Accessories,COD
B-25443,1176,17,1,Clothing,Skirt,UPI
B-25444,1538,-258,5,Clothing,Leggings,COD
B-25444,3554,1260,2,Electronics,Electronic Games,Debit Card
B-25445,1746,-636,1,Clothing,Shirt,UPI
B-25445,366,31,4,Clothing,Stole,UPI
B-25446,595,272,1,Electronics,Accessories,COD
B-25446,4809,1490,1,Electronics,Phones,COD
B-25447,1012,117,5,Furniture,Bookcases,UPI
B-25447,1927,361,1,Electronics,Accessories,Credit Card
B-25448,2246,379,3,Furniture,Tables,Credit Card
B-25448,27,-8,1,Clothing,Skirt,EMI
B-25448,1425,-574,1,Clothing,Skirt,COD
B-25449,3229,1239,5,Furniture,Bookcases,UPI
B-25449,987,331,1,Furniture,Chairs,Debit Card
B-25449,1835,-298,2,Clothing,Saree,COD
B-25450,1616,204,4,Furniture,Chairs,Credit Card
B-25451,1907,206,4,Electronics,Printers,UPI
B-25451,3735,393,4,Furniture,Chairs,Debit Card
B-25452,4183,1696,5,Furniture,Furnishings,EMI
B-25453,827,574,3,Clothing,Saree,UPI
B-25454,1687,540,3,Clothing,T-shirt,EMI
B-25455,1938,500,4,Clothing,Saree,Debit Card
B-25455,2000,178,1,Clothing,Saree,EMI
B-25456,1967,469,3,Furniture,Furnishings,COD
B-25457,741,334,3,Electronics,Phones,Credit Card
B-25457,26,-8,1,Clothing,Saree,COD
B-25458,1699,790,3,Clothing,Leggings,COD
B-25459,1259,-205,1,Clothing,Skirt,UPI
B-25460,4271,735,5,Furniture,Chairs,COD
B-25461,491,43,2,Electronics,Electronic Games,UPI
B-25461,443,123,1,Clothing,Shirt,COD
B-25462,296,179,5,Clothing,Trousers,UPI
B-25462,267,176,1,Clothing,Leggings,COD
B-25463,933,44,3,Furniture,Tables,COD
B-25463,654,85,4,Clothing,Leggings,UPI
B-25464,1567,141,2,Furniture,Chairs,Debit Card
B-25465,50,10,3,Clothing,Hankerchief,UPI
B-25466,288,69,2,Clothing,Saree,COD
B-25467,1327,651,4,Furniture,Furnishings,UPI
B-25468,4868,623,1,Electronics,Accessories,COD
B-25468,1509,-245,4,Clothing,T-shirt,Debit Card
B-25468,1303,804,3,Electronics,Accessories,Credit Card
B-25469,1513,768,3,Clothing,Saree,Debit Card
B-25470,5905,670,4,Furniture,Chairs,Debit Card
B-25471,4306,1808,3,Furniture,Furnishings,Debit Card
B-25472,2282,529,4,Furniture,Furnishings,UPI
B-25473,1760,-620,5,Clothing,Saree,UPI
B-25474,5191,796,2,Electronics,Accessories,UPI
B-25475,5792,923,3,Electronics,Electronic Games,Credit Card
B-25476,4528,2421,5,Electronics,Electronic Games,COD
B-25477,4606,1490,4,Electronics,Electronic Games,Credit Card
B-25478,637,279,3,Clothing,Skirt,Debit Card
B-25479,4245,1492,3,Electronics,Electronic Games,COD
B-25480,3253,791,4,Furniture,Chairs,EMI
B-25481,2201,344,4,Furniture,Bookcases,COD
B-25482,1528,424,2,Furniture,Tables,COD
B-25483,1836,-900,3,Clothing,Kurti,Debit Card
B-25484,337,128,3,Clothing,Saree,Debit Card
B-25485,1628,-774,5,Clothing,Stole,EMI
B-25486,3183,463,1,Electronics,Printers,COD
B-25487,5465,3541,1,Electronics,Accessories,COD
B-25487,458,87,2,Clothing,Leggings,UPI
B-25488,607,93,2,Clothing,Hankerchief,COD
B-25489,2338,464,2,Furniture,Chairs,Credit Card
B-25490,643,182,1,Furniture,Chairs,Debit Card
B-25490,5217,3179,4,Electronics,Electronic Games,EMI
B-25491,607,98,5,Electronics,Phones,Credit Card
B-25492,5666,305,4,Electronics,Accessories,Debit Card
B-25493,4509,1124,3,Electronics,Printers,UPI
B-25493,4301,2106,4,Furniture,Tables,EMI
B-25494,1888,-493,3,Clothing,Leggings,Credit Card
B-25494,2944,311,3,Furniture,Tables,COD
B-25494,2938,464,1,Furniture,Tables,Debit Card
B-25495,861,407,2,Electronics,Phones,COD
B-25496,3844,1233,5,Electronics,Accessories,UPI
B-25496,4468,1047,4,Electronics,Electronic Games,UPI
B-25497,4424,580,3,Electronics,Electronic Games,UPI
B-25498,1512,-694,4,Clothing,Skirt,Debit Card
B-25498,609,-273,5,Clothing,Kurti,Debit Card
B-25499,1364,304,5,Furniture,Bookcases,UPI
B-25500,2464,545,1,Electronics,Accessories,UPI
B-25501,2337,698,2,Furniture,Bookcases,Credit Card
B-25502,1015,-479,3,Clothing,Shirt,UPI
B-25502,2417,813,1,Furniture,Tables,EMI
B-25502,4230,1302,3,Furniture,Chairs,Credit Card
B-25503,1967,438,2,Clothing,Kurti,Credit Card
B-25504,4517,1294,3,Electronics,Electronic Games,COD
B-25504,1900,1227,2,Clothing,Stole,Debit Card
B-25505,148,18,3,Clothing,Shirt,Credit Card
B-25506,5779,1123,2,Furniture,Tables,UPI
B-25506,5116,1697,3,Electronics,Phones,UPI
B-25507,2532,234,5,Electronics,Printers,COD
B-25508,1912,1310,3,Clothing,Saree,Debit Card
B-25508,724,289,2,Furniture,Tables,Debit Card
B-25509,1728,814,2,Furniture,Chairs,COD
B-25510,3024,1027,5,Furniture,Furnishings,Debit Card
B-25511,1605,122,1,Furniture,Furnishings,Debit Card
B-25512,4214,506,4,Electronics,Electronic Games,Debit Card
B-25512,3367,1333,3,Electronics,Accessories,Debit Card
B-25513,1956,955,3,Furniture,Bookcases,UPI
B-25514,1037,473,4,Clothing,Kurti,COD
B-25515,830,270,5,Electronics,Phones,Debit Card
B-25516,5782,1864,4,Furniture,Chairs,Debit Card
B-25516,2101,437,3,Electronics,Phones,COD
B-25516,1559,-285,1,Clothing,Shirt,Credit Card
B-25517,591,210,4,Clothing,Hankerchief,Credit Card
B-25518,5749,3213,1,Electronics,Electronic Games,Credit Card
B-25518,397,-42,2,Clothing,Stole,COD
B-25518,1199,379,3,Clothing,Hankerchief,UPI
B-25519,5719,2823,1,Furniture,Furnishings,COD
B-25519,117,-28,2,Clothing,Trousers,UPI
B-25519,759,-27,3,Clothing,Hankerchief,Debit Card
B-25520,664,-269,4,Clothing,T-shirt,UPI
B-25521,924,320,2,Electronics,Printers,COD
B-25521,2785,1363,3,Electronics,Printers,COD
B-25521,1049,362,4,Furniture,Furnishings,Credit Card
B-25522,120,40,2,Clothing,Skirt,UPI
B-25523,3632,1021,2,Electronics,Accessories,EMI
B-25523,3002,1139,5,Electronics,Phones,UPI
B-25524,1795,-798,3,Clothing,Saree,UPI
B-25525,4565,1470,4,Furniture,Furnishings,Debit Card
B-25526,2566,662,3,Furniture,Chairs,Debit Card
B-25527,2327,1275,3,Electronics,Electronic Games,UPI
B-25528,1638,-321,2,Clothing,Trousers,UPI
B-25529,3946,1059,5,Furniture,Tables,UPI
B-25530,3167,719,2,Furniture,Furnishings,COD
B-25531,1205,122,3,Clothing,Stole,COD
B-25532,2985,1404,3,Electronics,Accessories,Credit Card
B-25532,1677,272,3,Clothing,Kurti,COD
B-25533,382,79,4,Clothing,Stole,UPI
B-25534,2919,1162,3,Furniture,Bookcases,Credit Card
B-25535,910,483,3,Electronics,Accessories,COD
B-25536,1055,236,3,Electronics,Electronic Games,COD
B-25537,4828,1743,4,Electronics,Printers,Credit Card
B-25537,1794,293,2,Furniture,Bookcases,Credit Card
B-25538,5483,794,2,Electronics,Phones,COD
B-25539,820,102,2,Electronics,Phones,COD
B-25539,1263,592,1,Clothing,T-shirt,COD
B-25540,4084,1591,2,Electronics,Printers,COD
B-25541,1810,-301,5,Clothing,Hankerchief,COD
B-25542,1925,152,5,Clothing,Skirt,UPI
B-25543,733,-245,3,Clothing,Saree,Credit Card
B-25543,1921,180,3,Electronics,Electronic Games,Debit Card
B-25544,1152,269,5,Furniture,Chairs,COD
B-25545,5289,2773,1,Electronics,Phones,UPI
B-25546,5070,1611,3,Electronics,Printers,UPI
B-25547,1506,754,5,Electronics,Accessories,COD
B-25548,3675,640,1,Electronics,Accessories,UPI
B-25548,1683,1055,3,Electronics,Electronic Games,COD
B-25549,574,-196,4,Clothing,Shirt,Credit Card
B-25550,1344,430,2,Electronics,Electronic Games,Credit Card
B-25551,1491,316,5,Furniture,Tables,Credit Card
B-25552,4787,96,5,Furniture,Chairs,Debit Card
B-25552,5510,539,1,Electronics,Printers,UPI
B-25553,875,-267,4,Clothing,Trousers,COD
B-25553,1097,106,5,Furniture,Tables,COD
B-25554,2180,326,2,Electronics,Printers,COD
B-25555,1247,448,4,Furniture,Chairs,Credit Card
B-25555,485,-125,2,Clothing,Saree,UPI
B-25555,3901,1425,2,Furniture,Bookcases,UPI
B-25556,1815,-500,1,Clothing,Shirt,COD
B-25557,1590,296,2,Clothing,Kurti,Debit Card
B-25558,2919,1079,2,Furniture,Bookcases,UPI
B-25559,1674,526,3,Electronics,Printers,Debit Card
B-25560,2817,372,4,Furniture,Chairs,EMI
B-25561,5230,1734,2,Electronics,Accessories,COD
B-25561,2698,1042,4,Furniture,Chairs,Debit Card
B-25562,4933,1603,4,Furniture,Tables,UPI
B-25563,4761,2017,3,Electronics,Electronic Games,Debit Card
B-25564,1861,-882,3,Clothing,Saree,Credit Card
B-25565,321,2,1,Clothing,Shirt,Credit Card
B-25566,2222,1192,2,Electronics,Accessories,COD
B-25567,733,237,2,Clothing,Leggings,Debit Card
B-25567,356,60,4,Clothing,Shirt,Debit Card
B-25567,4479,676,4,Electronics,Phones,COD
B-25568,1140,585,1,Clothing,Leggings,COD
B-25568,3625,826,1,Furniture,Chairs,Credit Card
B-25569,1884,430,4,Electronics,Electronic Games,UPI
B-25570,973,-117,2,Clothing,T-shirt,COD
B-25571,5397,3490,5,Electronics,Accessories,Debit Card
B-25572,746,320,1,Clothing,Stole,Credit Card
B-25573,2470,703,1,Furniture,Chairs,UPI
B-25574,2244,833,2,Electronics,Phones,Credit Card
B-25575,4714,1270,3,Electronics,Accessories,UPI
B-25576,1585,-193,4,Clothing,Saree,UPI
B-25577,4437,2365,4,Electronics,Phones,COD
B-25577,2794,1006,5,Furniture,Bookcases,Debit Card
B-25578,182,30,1,Clothing,Kurti,EMI
B-25579,4766,2753,3,Electronics,Accessories,UPI
B-25579,1981,652,5,Clothing,Shirt,COD
B-25580,2468,855,3,Electronics,Printers,Debit Card
B-25581,5137,1297,2,Furniture,Furnishings,Credit Card
B-25581,609,-68,5,Clothing,Hankerchief,COD
B-25582,5538,1746,3,Electronics,Electronic Games,Credit Card
B-25582,5587,642,3,Furniture,Bookcases,COD
B-25583,660,-170,4,Clothing,Kurti,COD
B-25583,959,-106,4,Clothing,T-shirt,COD
B-25584,1924,693,3,Furniture,Bookcases,EMI
B-25584,2603,1244,5,Furniture,Chairs,EMI
B-25585,331,-86,1,Clothing,Leggings,COD
B-25586,2599,892,1,Furniture,Bookcases,UPI
B-25587,1085,280,1,Furniture,Furnishings,COD
B-25587,1889,921,4,Furniture,Tables,COD
B-25588,141,-32,3,Clothing,Trousers,UPI
B-25589,3651,579,5,Furniture,Tables,COD
B-25590,1183,376,4,Electronics,Electronic Games,Debit Card
B-25591,343,65,5,Electronics,Electronic Games,UPI
B-25591,1213,289,5,Electronics,Electronic Games,Credit Card
B-25592,1082,65,5,Electronics,Phones,EMI
B-25593,444,110,3,Electronics,Printers,Credit Card
B-25594,908,397,4,Clothing,Shirt,Credit Card
B-25594,4926,959,2,Electronics,Electronic Games,Credit Card
B-25595,4255,531,1,Furniture,Bookcases,Debit Card
B-25595,330,89,5,Clothing,Shirt,Credit Card
B-25596,229,-2,5,Clothing,Skirt,COD
B-25597,13,1,2,Clothing,T-shirt,COD
B-25597,3200,917,5,Furniture,Furnishings,COD
B-25597,1447,-232,4,Clothing,T-shirt,COD
B-25598,1722,-329,1,Clothing,Saree,UPI
B-25598,303,178,5,Clothing,Hankerchief,COD
B-25599,1584,214,5,Clothing,T-shirt,Credit Card
B-25600,1086,283,1,Clothing,Kurti,UPI
B-25601,364,-77,3,Clothing,Leggings,Debit Card
B-25602,158,-7,4,Clothing,Hankerchief,UPI
B-25603,2762,1193,2,Furniture,Bookcases,UPI
B-25603,2972,818,2,Furniture,Bookcases,UPI
B-25603,2154,278,4,Electronics,Phones,UPI
B-25604,1999,1171,3,Electronics,Printers,UPI
B-25604,5025,373,5,Furniture,Tables,COD
B-25604,1428,820,1,Clothing,Stole,EMI
B-25605,578,-279,1,Clothing,Saree,UPI
B-25606,717,-10,2,Clothing,Trousers,Credit Card
B-25606,2801,751,2,Electronics,Electronic Games,UPI
B-25607,3697,1731,4,Furniture,Tables,Credit Card
B-25607,2339,532,3,Electronics,Printers,Credit Card
B-25607,5350,1586,1,Electronics,Accessories,Credit Card
B-25608,661,-289,2,Clothing,Stole,Credit Card
B-25608,1355,632,3,Clothing,Leggings,UPI
B-25609,2368,1181,5,Furniture,Chairs,COD
B-25610,5178,364,1,Furniture,Furnishings,Debit Card
B-25611,3497,910,4,Furniture,Bookcases,Credit Card
B-25611,4074,225,5,Furniture,Chairs,Credit Card
B-25612,3350,1879,2,Electronics,Electronic Games,Credit Card
B-25613,977,236,1,Electronics,Phones,EMI
B-25614,297,206,4,Clothing,Stole,Debit Card
B-25614,2517,1360,1,Electronics,Printers,Debit Card
B-25614,1437,701,3,Clothing,Saree,Credit Card
B-25615,3080,1671,5,Electronics,Phones,Debit Card
B-25615,3945,1529,4,Furniture,Tables,COD
B-25616,1564,-557,5,Clothing,Saree,Debit Card
B-25617,1740,-205,1,Clothing,Trousers,COD
B-25617,285,-139,1,Clothing,Hankerchief,Debit Card
B-25618,1885,1023,4,Clothing,T-shirt,UPI
B-25619,1413,-392,1,Clothing,Skirt,COD
B-25620,824,386,2,Electronics,Printers,UPI
B-25621,4502,1361,3,Electronics,Phones,EMI
B-25621,3074,445,4,Furniture,Furnishings,Debit Card
B-25622,2868,145,2,Furniture,Tables,Debit Card
B-25623,1529,-617,1,Clothing,Saree,UPI
B-25623,1197,577,2,Clothing,Leggings,Debit Card
B-25624,5757,2578,1,Furniture,Chairs,COD
B-25625,3005,480,5,Electronics,Accessories,COD
B-25625,724,124,5,Furniture,Furnishings,COD
B-25625,1928,940,3,Clothing,Trousers,Credit Card
B-25626,2500,544,5,Furniture,Chairs,Debit Card
B-25627,3113,1953,4,Electronics,Accessories,EMI
B-25628,23,-6,3,Clothing,Shirt,COD
B-25629,3975,1199,5,Electronics,Accessories,Credit Card
B-25630,1493,-34,4,Clothing,Skirt,COD
B-25630,1874,-227,1,Clothing,Hankerchief,COD
B-25630,4630,210,4,Furniture,Bookcases,UPI
B-25631,3803,401,3,Furniture,Furnishings,Debit Card
B-25632,1925,527,1,Clothing,Kurti,COD
B-25633,1285,700,4,Clothing,Stole,COD
B-25633,3435,408,4,Furniture,Tables,UPI
B-25634,1480,581,4,Furniture,Bookcases,Credit Card
B-25635,5885,192,5,Furniture,Furnishings,COD
B-25635,723,410,1,Clothing,Hankerchief,Debit Card
B-25636,4402,453,4,Furniture,Furnishings,Debit Card
B-25637,1055,213,5,Furniture,Tables,EMI
B-25638,993,316,4,Clothing,Stole,COD
B-25638,4030,357,5,Furniture,Chairs,COD
B-25639,1220,140,5,Electronics,Phones,UPI
B-25640,1023,652,2,Electronics,Phones,UPI
B-25640,4010,316,2,Furniture,Bookcases,Credit Card
B-25640,88,2,5,Clothing,Skirt,COD
B-25641,1871,1171,1,Electronics,Accessories,EMI
B-25641,5305,807,3,Electronics,Accessories,Debit Card
B-25642,1109,74,2,Furniture,Bookcases,Debit Card
B-25643,1809,755,4,Furniture,Chairs,COD
B-25643,1207,580,3,Electronics,Accessories,Debit Card
B-25644,1031,713,4,Clothing,Skirt,COD
B-25644,4663,2402,5,Electronics,Electronic Games,Credit Card
B-25645,2225,810,5,Furniture,Chairs,UPI
B-25646,4376,1358,3,Electronics,Phones,COD
B-25647,573,-95,1,Clothing,T-shirt,COD
B-25647,1289,-212,1,Clothing,Kurti,Debit Card
B-25648,703,38,3,Clothing,Trousers,COD
B-25649,1891,-752,3,Clothing,Hankerchief,COD
B-25650,2617,1032,5,Furniture,Furnishings,COD
B-25651,1870,1146,2,Clothing,Trousers,Debit Card
B-25652,591,93,4,Clothing,Saree,COD
B-25653,3696,404,1,Furniture,Tables,COD
B-25654,3723,1628,5,Furniture,Bookcases,UPI
B-25655,1500,405,2,Furniture,Furnishings,COD
B-25656,3663,1294,3,Electronics,Printers,COD
B-25657,875,469,1,Clothing,Leggings,COD
B-25657,998,403,3,Clothing,Shirt,Debit Card
B-25658,1775,-128,2,Clothing,Skirt,COD
B-25659,1991,579,5,Electronics,Electronic Games,Debit Card
B-25660,254,61,5,Clothing,Skirt,COD
B-25661,2505,198,5,Furniture,Furnishings,Credit Card
B-25661,1116,78,2,Furniture,Chairs,COD
B-25661,5643,1606,2,Furniture,Tables,COD
B-25662,1349,378,3,Electronics,Electronic Games,COD
B-25662,1399,-62,1,Clothing,Hankerchief,COD
B-25662,1380,548,3,Clothing,Leggings,Debit Card
B-25663,1683,1013,3,Clothing,T-shirt,Credit Card
B-25663,884,202,3,Clothing,Trousers,COD
B-25664,136,42,3,Clothing,Kurti,COD
B-25665,555,314,4,Electronics,Phones,Credit Card
B-25666,5088,3054,3,Electronics,Phones,Debit Card
B-25666,2643,958,1,Furniture,Chairs,UPI
B-25667,1010,-26,1,Clothing,Kurti,Debit Card
B-25668,440,-216,4,Clothing,Kurti,EMI
B-25669,193,-63,1,Clothing,Hankerchief,COD
B-25670,1577,917,3,Electronics,Printers,Credit Card
B-25671,949,-445,1,Clothing,Stole,UPI
B-25671,5035,2859,4,Electronics,Accessories,Debit Card
B-25672,1249,597,3,Furniture,Furnishings,Credit Card
B-25673,345,41,3,Electronics,Accessories,Credit Card
B-25673,2090,116,3,Furniture,Tables,UPI
B-25674,1769,882,1,Clothing,Saree,COD
B-25674,4831,910,2,Furniture,Bookcases,Credit Card
B-25674,4973,538,5,Furniture,Bookcases,Credit Card
B-25675,3018,323,2,Electronics,Phones,UPI
B-25675,2615,1085,5,Electronics,Phones,UPI
B-25676,579,-8,4,Clothing,Kurti,COD
B-25677,1431,518,5,Clothing,Skirt,COD
B-25677,5746,1127,4,Electronics,Accessories,COD
B-25678,1673,-301,4,Clothing,Trousers,Credit Card
B-25679,387,226,5,Clothing,Saree,COD
B-25679,3457,1214,5,Electronics,Electronic Games,COD
B-25680,1443,503,5,Furniture,Chairs,EMI
B-25680,4232,402,1,Furniture,Tables,Credit Card
B-25681,1553,-690,1,Clothing,Hankerchief,COD
B-25682,2923,646,4,Electronics,Printers,COD
B-25682,2266,1424,5,Electronics,Printers,UPI
B-25683,4944,2510,1,Electronics,Electronic Games,Credit Card
B-25683,3994,986,5,Furniture,Furnishings,Credit Card
B-25684,4569,1920,2,Furniture,Tables,EMI
B-25685,1885,125,1,Clothing,Kurti,UPI
B-25685,2886,486,4,Electronics,Accessories,Credit Card
B-25686,5072,834,1,Furniture,Bookcases,EMI
B-25687,4420,2562,2,Electronics,Printers,Credit Card
B-25688,4569,498,5,Furniture,Tables,Credit Card
B-25689,5709,664,5,Electronics,Accessories,UPI
B-25690,4057,389,3,Furniture,Chairs,Debit Card
B-25690,1078,333,2,Clothing,Kurti,UPI
B-25691,642,401,1,Clothing,Saree,COD
B-25691,1380,621,4,Furniture,Furnishings,COD
B-25692,883,318,4,Clothing,Leggings,COD
B-25693,700,-337,4,Clothing,Leggings,Credit Card
B-25694,3880,316,4,Electronics,Phones,COD
B-25695,2804,1074,1,Electronics,Accessories,UPI
B-25696,4440,260,3,Furniture,Furnishings,UPI
B-25697,1171,139,5,Electronics,Phones,COD
B-25697,557,301,5,Clothing,Hankerchief,EMI
B-25698,1776,1023,4,Electronics,Phones,COD
B-25699,1298,627,4,Electronics,Phones,Credit Card
B-25700,3250,313,3,Electronics,Phones,COD
B-25700,2320,437,5,Furniture,Bookcases,Credit Card
B-25700,5302,2713,4,Electronics,Electronic Games,UPI
B-25701,1014,340,3,Furniture,Tables,COD
B-25701,1966,524,5,Furniture,Tables,EMI
B-25701,672,219,5,Furniture,Furnishings,UPI
B-25702,1184,-230,2,Clothing,T-shirt,Credit Card
B-25703,2553,355,2,Electronics,Accessories,COD
B-25703,4666,2852,4,Electronics,Electronic Games,COD
B-25704,2052,763,4,Furniture,Chairs,COD
B-25704,1991,243,4,Furniture,Furnishings,UPI
B-25705,4320,743,5,Furniture,Chairs,COD
B-25706,3806,495,1,Electronics,Accessories,UPI
B-25707,827,378,4,Clothing,Kurti,Debit Card
B-25707,3090,1269,3,Electronics,Accessories,Debit Card
B-25708,1655,-548,2,Clothing,Skirt,UPI
B-25708,1192,629,1,Clothing,T-shirt,UPI
B-25709,3866,1582,4,Electronics,Electronic Games,Debit Card
B-25709,310,-76,4,Clothing,T-shirt,Debit Card
B-25710,413,-183,3,Clothing,Shirt,COD
B-25711,3584,586,5,Electronics,Electronic Games,Credit Card
B-25711,3340,1453,2,Furniture,Chairs,COD
B-25711,4250,1063,3,Electronics,Accessories,UPI
B-25712,179,107,4,Clothing,Skirt,COD
B-25713,789,-31,1,Clothing,Shirt,Credit Card
B-25713,5303,2955,3,Electronics,Phones,COD
B-25714,508,70,3,Clothing,Trousers,Credit Card
B-25715,3573,1630,1,Electronics,Phones,UPI
B-25716,2002,393,4,Electronics,Phones,COD
B-25716,1683,312,4,Clothing,T-shirt,EMI
B-25717,3509,942,1,Electronics,Accessories,Credit Card
B-25718,4724,520,5,Furniture,Bookcases,Credit Card
B-25718,4396,903,1,Electronics,Electronic Games,Debit Card
B-25719,707,114,2,Furniture,Chairs,UPI
B-25720,5565,1109,3,Furniture,Furnishings,COD
B-25720,115,6,3,Clothing,Saree,EMI
B-25721,46,7,3,Clothing,Hankerchief,COD
B-25722,5051,1074,3,Furniture,Chairs,COD
B-25722,5111,3295,1,Electronics,Phones,EMI
B-25723,1586,519,2,Clothing,Leggings,EMI
B-25724,2846,1149,2,Furniture,Tables,Debit Card
B-25725,1427,133,2,Furniture,Furnishings,Debit Card
B-25725,1570,2,4,Clothing,Hankerchief,COD
B-25726,553,196,5,Electronics,Phones,UPI
B-25727,4820,2698,2,Electronics,Electronic Games,Credit Card
B-25727,2725,1480,1,Electronics,Phones,COD
B-25727,3012,403,3,Electronics,Electronic Games,Debit Card
B-25728,3563,1524,3,Electronics,Electronic Games,Debit Card
B-25728,1023,530,1,Clothing,Saree,UPI
B-25729,3115,1596,4,Electronics,Phones,Credit Card
B-25730,1086,-434,1,Clothing,Leggings,Debit Card
B-25731,3999,2356,5,Electronics,Electronic Games,COD
B-25732,726,463,1,Clothing,Kurti,COD
B-25733,4560,2504,5,Electronics,Electronic Games,Debit Card
B-25733,827,148,5,Electronics,Printers,Credit Card
B-25734,5843,1792,3,Furniture,Furnishings,COD
B-25735,1523,481,2,Electronics,Printers,COD
B-25736,3307,1378,2,Furniture,Bookcases,UPI
B-25737,1656,462,2,Furniture,Tables,UPI
B-25737,2340,1041,2,Electronics,Electronic Games,UPI
B-25737,5464,1134,4,Electronics,Electronic Games,Credit Card
B-25738,1376,484,2,Clothing,Skirt,COD
B-25739,149,-67,3,Clothing,T-shirt,COD
B-25740,4953,770,5,Furniture,Bookcases,Debit Card
B-25741,1245,-530,4,Clothing,Stole,UPI
B-25741,1914,106,3,Furniture,Bookcases,COD
B-25742,3728,771,4,Electronics,Accessories,Debit Card
B-25743,4455,1893,4,Electronics,Electronic Games,Credit Card
B-25744,5034,1329,3,Furniture,Chairs,COD
B-25744,1479,337,2,Electronics,Phones,Debit Card
B-25744,1157,294,1,Furniture,Chairs,Credit Card
B-25745,1546,-756,3,Clothing,T-shirt,UPI
B-25746,1236,610,3,Electronics,Printers,Credit Card
B-25747,1263,-71,4,Clothing,Leggings,COD
B-25748,405,-151,3,Clothing,Hankerchief,UPI
B-25749,737,103,2,Electronics,Electronic Games,EMI
B-25750,1211,155,2,Furniture,Tables,Credit Card
B-25751,1712,1028,3,Electronics,Printers,Credit Card
B-25752,5613,1384,4,Electronics,Electronic Games,UPI
B-25753,454,220,4,Clothing,Skirt,Debit Card
B-25754,969,-129,2,Clothing,Hankerchief,COD
B-25755,1433,160,2,Electronics,Accessories,UPI
B-25756,180,26,3,Clothing,Shirt,EMI
B-25756,3539,834,1,Furniture,Tables,UPI
B-25756,1263,543,2,Furniture,Furnishings,Debit Card
B-25757,4518,1875,1,Furniture,Bookcases,Credit Card
B-25758,43,-3,3,Clothing,T-shirt,UPI
B-25759,1635,-370,5,Clothing,Leggings,Debit Card
B-25760,1310,396,3,Furniture,Tables,UPI
B-25760,2140,263,3,Electronics,Electronic Games,COD
B-25761,2474,961,5,Furniture,Tables,UPI
B-25762,1618,282,4,Electronics,Printers,UPI
B-25763,1279,404,1,Clothing,Kurti,COD
B-25764,468,143,1,Clothing,Hankerchief,Credit Card
B-25764,2610,936,4,Electronics,Phones,COD
B-25765,5583,1176,3,Furniture,Chairs,COD
B-25766,485,300,2,Electronics,Electronic Games,Credit Card
B-25767,2674,196,2,Furniture,Chairs,Debit Card
B-25767,55,-7,5,Clothing,T-shirt,COD
B-25768,1836,-503,2,Clothing,Trousers,UPI
B-25769,4473,2470,5,Electronics,Printers,Credit Card
B-25770,801,487,4,Clothing,Stole,COD
B-25771,882,481,2,Electronics,Printers,Debit Card
B-25772,5599,1410,3,Furniture,Bookcases,Debit Card
B-25772,2829,718,1,Furniture,Furnishings,UPI
B-25773,2595,1306,5,Electronics,Accessories,UPI
B-25773,1586,806,1,Clothing,T-shirt,COD
B-25774,2144,1100,4,Electronics,Phones,Credit Card
B-25774,1099,218,4,Clothing,Skirt,UPI
B-25775,224,84,2,Clothing,Kurti,Credit Card
B-25776,1453,782,3,Electronics,Electronic Games,Debit Card
B-25777,867,-180,3,Clothing,Stole,COD
B-25777,3766,2258,5,Electronics,Electronic Games,COD
B-25777,5059,2278,4,Electronics,Printers,Debit Card
B-25778,1816,-46,5,Clothing,Trousers,UPI
B-25778,467,28,4,Electronics,Accessories,EMI
B-25778,1768,1044,3,Electronics,Accessories,UPI
B-25779,1643,434,5,Electronics,Phones,COD
B-25780,1806,1194,5,Clothing,Stole,COD
B-25781,178,38,2,Clothing,Kurti,COD
B-25782,3413,959,5,Electronics,Phones,Debit Card
B-25782,1400,792,5,Electronics,Printers,Debit Card
B-25783,2903,1850,1,Electronics,Electronic Games,Credit Card
B-25783,658,279,5,Furniture,Bookcases,Credit Card
B-25783,1231,286,4,Electronics,Printers,EMI
B-25784,1456,784,5,Clothing,Shirt,COD
B-25785,1619,136,2,Electronics,Accessories,Debit Card
B-25786,1028,144,3,Electronics,Phones,Debit Card
B-25786,3914,623,3,Furniture,Furnishings,Credit Card
B-25787,3360,203,5,Electronics,Electronic Games,COD
B-25788,317,32,2,Clothing,Skirt,COD
B-25789,1587,141,2,Furniture,Bookcases,Credit Card
B-25790,3732,1076,4,Electronics,Accessories,UPI
B-25791,3119,1948,5,Electronics,Phones,UPI
B-25792,3245,1920,5,Electronics,Electronic Games,UPI
B-25792,5161,2574,3,Furniture,Chairs,Debit Card
B-25793,4553,2929,5,Electronics,Accessories,COD
B-25794,1421,-28,4,Clothing,Leggings,UPI
B-25794,4592,1623,2,Electronics,Printers,Debit Card
B-25794,1959,406,2,Electronics,Printers,EMI
B-25795,4384,947,5,Furniture,Bookcases,COD
B-25795,30,12,5,Clothing,Stole,Credit Card
B-25796,1665,366,5,Clothing,Hankerchief,COD
B-25797,4871,220,4,Furniture,Bookcases,UPI
B-25798,4121,672,5,Furniture,Furnishings,Debit Card
B-25799,4944,561,1,Electronics,Accessories,UPI
B-25799,5432,1039,1,Electronics,Electronic Games,UPI
B-25800,667,41,4,Electronics,Electronic Games,Debit Card
B-25801,4275,1389,2,Furniture,Bookcases,EMI
B-25801,2549,881,3,Furniture,Tables,COD
B-25802,5264,805,1,Furniture,Tables,Debit Card
B-25803,1573,243,3,Clothing,Hankerchief,UPI
B-25804,1894,-321,5,Clothing,T-shirt,UPI
B-25805,807,30,5,Clothing,Trousers,COD
B-25806,5278,1484,5,Electronics,Printers,Credit Card
B-25806,1302,135,2,Furniture,Furnishings,Credit Card
B-25807,432,114,4,Clothing,Trousers,Debit Card
B-25808,1644,602,1,Clothing,Stole,COD
B-25809,5125,193,2,Furniture,Furnishings,UPI
B-25810,1817,872,1,Furniture,Chairs,EMI
B-25811,1318,692,5,Electronics,Electronic Games,Debit Card
B-25811,1734,-166,1,Clothing,Leggings,COD
B-25811,745,-32,2,Clothing,Saree,Debit Card
B-25812,1663,492,2,Clothing,Saree,EMI
B-25813,4533,2266,3,Furniture,Bookcases,EMI
B-25814,3859,1394,2,Electronics,Printers,Credit Card
B-25815,2695,81,5,Furniture,Chairs,COD
B-25816,230,-75,3,Clothing,Saree,COD
B-25816,4327,2292,3,Electronics,Phones,UPI
B-25817,4039,1142,2,Electronics,Printers,Debit Card
B-25817,118,17,3,Clothing,Saree,Credit Card
B-25817,4343,1248,3,Electronics,Electronic Games,UPI
B-25818,3901,1059,2,Electronics,Accessories,COD
B-25818,2709,652,1,Furniture,Furnishings,UPI
B-25819,4784,366,3,Electronics,Accessories,Credit Card
B-25820,3628,1706,1,Furniture,Tables,EMI
B-25821,693,240,3,Clothing,Kurti,UPI
B-25821,2863,470,5,Electronics,Electronic Games,Credit Card
B-25822,2276,1127,5,Furniture,Tables,UPI
B-25822,5795,1348,5,Electronics,Electronic Games,Credit Card
B-25822,3598,1850,2,Electronics,Printers,Credit Card
B-25823,1209,623,3,Clothing,Leggings,UPI
B-25823,1001,-198,2,Clothing,Kurti,EMI
B-25824,1738,-303,1,Clothing,Shirt,UPI
B-25825,1297,-88,2,Clothing,Kurti,COD
B-25826,2218,386,4,Furniture,Bookcases,EMI
B-25827,3516,2074,4,Electronics,Accessories,COD
B-25828,4960,1777,4,Furniture,Furnishings,Credit Card
B-25829,1953,-729,2,Clothing,T-shirt,COD
B-25829,478,204,2,Clothing,Hankerchief,Debit Card
B-25830,1922,187,4,Furniture,Furnishings,Debit Card
B-25830,2056,1150,5,Electronics,Printers,UPI
B-25831,4834,368,5,Furniture,Furnishings,UPI
B-25831,4361,1020,3,Furniture,Tables,Credit Card
B-25832,1345,295,2,Furniture,Chairs,Debit Card
B-25832,790,322,2,Electronics,Printers,COD
B-25833,2821,1194,5,Electronics,Electronic Games,Credit Card
B-25833,1073,202,4,Clothing,Trousers,UPI
B-25833,1833,181,1,Furniture,Bookcases,COD
B-25834,4978,1297,3,Electronics,Accessories,COD
B-25835,5691,1170,1,Electronics,Accessories,COD
B-25835,3203,386,4,Electronics,Phones,COD
B-25836,1794,494,3,Clothing,Shirt,Credit Card
B-25837,1813,-419,4,Clothing,Shirt,Credit Card
B-25838,1733,-3,1,Clothing,Saree,UPI
B-25839,4438,1946,5,Furniture,Furnishings,Debit Card
B-25839,1034,475,1,Furniture,Tables,Debit Card
B-25840,2500,1246,5,Electronics,Electronic Games,COD
B-25841,1291,-144,2,Clothing,Trousers,Credit Card
B-25841,762,448,3,Electronics,Electronic Games,COD
B-25842,3765,2327,2,Electronics,Accessories,EMI
B-25842,4354,2027,1,Furniture,Bookcases,COD
B-25843,2227,991,2,Furniture,Bookcases,Debit Card
B-25844,834,-216,1,Clothing,Trousers,Credit Card
B-25844,5615,2614,2,Furniture,Furnishings,Credit Card
B-25845,5733,2249,3,Furniture,Bookcases,COD
B-25845,2201,884,4,Electronics,Accessories,Debit Card
B-25846,1045,545,5,Clothing,Shirt,UPI
B-25846,1584,395,5,Furniture,Tables,COD
B-25847,2468,1346,4,Electronics,Phones,Credit Card
B-25847,584,256,3,Clothing,Saree,UPI
B-25847,2957,1311,3,Electronics,Printers,EMI
B-25848,2241,380,5,Electronics,Phones,Debit Card
B-25849,768,128,3,Clothing,T-shirt,COD
B-25850,4906,862,2,Electronics,Phones,EMI
B-25851,907,337,2,Clothing,Kurti,Debit Card
B-25852,4967,1311,4,Electronics,Phones,UPI
B-25852,4626,1823,3,Furniture,Furnishings,COD
B-25852,3346,1124,5,Electronics,Electronic Games,Credit Card
B-25853,319,209,5,Clothing,Skirt,UPI
B-25853,1262,-5,4,Clothing,Skirt,COD
B-25854,1743,289,5,Electronics,Electronic Games,COD
B-25855,460,-56,3,Clothing,Kurti,COD
B-25856,1432,579,5,Clothing,Stole,UPI
B-25857,143,34,2,Clothing,Saree,UPI
B-25858,917,422,3,Clothing,Kurti,Credit Card
B-25859,4721,2985,2,Electronics,Accessories,UPI
B-25860,1654,-138,3,Clothing,Kurti,UPI
B-25860,1273,-430,4,Clothing,Hankerchief,Credit Card
B-25861,147,84,2,Clothing,Shirt,UPI
B-25862,2349,357,3,Electronics,Electronic Games,UPI
B-25863,3820,1399,5,Electronics,Accessories,COD
B-25863,3378,1532,1,Electronics,Electronic Games,UPI
B-25863,5292,3264,4,Electronics,Printers,Credit Card
B-25864,1422,702,3,Clothing,Saree,EMI
B-25864,663,-184,5,Clothing,Hankerchief,COD
B-25865,2979,1126,3,Furniture,Furnishings,COD
B-25865,4714,2982,3,Electronics,Printers,COD
B-25866,3414,214,2,Furniture,Furnishings,UPI
B-25866,373,58,3,Clothing,Leggings,Debit Card
B-25866,878,92,1,Furniture,Bookcases,Credit Card
B-25867,2992,1333,4,Furniture,Chairs,Credit Card
B-25868,1250,-542,5,Clothing,Kurti,COD
B-25868,1527,-250,2,Clothing,Skirt,UPI
B-25869,5422,1236,1,Electronics,Printers,COD
B-25869,687,150,4,Clothing,Stole,COD
B-25870,1756,-584,2,Clothing,T-shirt,UPI
B-25871,2135,389,4,Electronics,Electronic Games,Credit Card
B-25872,3676,810,1,Furniture,Chairs,COD
B-25873,1396,448,5,Furniture,Chairs,COD
B-25873,1545,586,2,Electronics,Printers,COD
B-25874,2911,487,4,Furniture,Tables,Credit Card
B-25875,936,80,2,Electronics,Phones,COD
B-25876,5412,1207,4,Furniture,Furnishings,COD
B-25877,2625,603,1,Electronics,Phones,Debit Card
B-25878,4850,1540,1,Furniture,Furnishings,Credit Card
B-25879,2669,379,5,Furniture,Chairs,Credit Card
B-25880,5597,719,1,Furniture,Furnishings,COD
B-25881,127,-12,4,Clothing,Saree,COD
B-25881,465,82,1,Clothing,Skirt,UPI
B-25882,4895,1522,4,Electronics,Accessories,COD
B-25882,4176,2072,3,Furniture,Tables,Credit Card
B-25883,1077,96,3,Clothing,Saree,UPI
B-25883,2892,987,2,Electronics,Accessories,UPI
B-25884,4229,1090,1,Furniture,Bookcases,UPI
B-25885,3999,288,5,Furniture,Furnishings,UPI
B-25886,1517,691,2,Furniture,Tables,COD
B-25887,3241,260,2,Electronics,Electronic Games,COD
B-25887,994,295,3,Clothing,T-shirt,Debit Card
B-25887,1962,1171,4,Clothing,Skirt,Credit Card
B-25888,668,16,2,Furniture,Furnishings,UPI
B-25889,1120,457,4,Furniture,Bookcases,UPI
B-25890,1548,974,5,Electronics,Printers,COD
B-25891,3423,1037,1,Electronics,Electronic Games,UPI
B-25891,1225,610,5,Clothing,Hankerchief,UPI
B-25892,2841,504,3,Furniture,Bookcases,EMI
B-25892,609,297,2,Clothing,Kurti,UPI
B-25893,533,296,3,Clothing,Kurti,UPI
B-25894,1490,917,5,Electronics,Accessories,Debit Card
B-25895,1690,-644,5,Clothing,Trousers,COD
B-25895,975,458,4,Clothing,Shirt,UPI
B-25895,955,-258,2,Clothing,Skirt,COD
B-25896,5793,984,2,Electronics,Accessories,Debit Card
B-25896,579,-216,2,Clothing,Kurti,UPI
B-25897,719,464,3,Clothing,Stole,COD
B-25897,1974,165,4,Electronics,Phones,UPI
B-25898,543,83,5,Electronics,Electronic Games,COD
B-25898,500,37,4,Clothing,T-shirt,EMI
B-25899,1501,787,4,Clothing,Skirt,UPI
B-25900,822,183,5,Clothing,Kurti,EMI
B-25901,5551,873,5,Electronics,Electronic Games,Debit Card
B-25901,5694,172,5,Furniture,Bookcases,Debit Card
B-25902,2545,1201,1,Electronics,Accessories,UPI
B-25903,4123,1215,2,Furniture,Bookcases,UPI
B-25904,3186,604,4,Furniture,Tables,Credit Card
B-25904,1617,582,1,Clothing,Saree,Credit Card
B-25904,667,228,1,Furniture,Tables,UPI
B-25905,1907,-878,5,Clothing,Hankerchief,UPI
B-25906,4968,2297,5,Furniture,Furnishings,UPI
B-25906,1654,-107,2,Clothing,Shirt,EMI
B-25907,597,291,5,Electronics,Printers,Debit Card
B-25907,1809,1015,2,Electronics,Accessories,UPI
B-25908,3051,806,5,Electronics,Printers,EMI
B-25909,1709,410,2,Clothing,Shirt,COD
B-25910,2789,191,5,Electronics,Printers,Credit Card
B-25910,942,-255,2,Clothing,Stole,UPI
B-25911,2105,273,4,Electronics,Phones,EMI
B-25911,4546,922,1,Furniture,Furnishings,Debit Card
B-25912,5139,1855,3,Furniture,Furnishings,COD
B-25913,4509,1465,3,Electronics,Accessories,UPI
B-25913,289,57,2,Clothing,Saree,COD
B-25914,569,328,1,Electronics,Printers,Debit Card
B-25915,749,455,1,Clothing,Stole,COD
B-25915,286,-31,4,Clothing,Hankerchief,Credit Card
B-25916,2475,349,3,Electronics,Accessories,UPI
B-25916,1618,763,1,Clothing,Shirt,EMI
B-25916,808,99,3,Clothing,Trousers,Credit Card
B-25917,1681,557,5,Clothing,Leggings,UPI
B-25917,5531,2225,3,Electronics,Phones,UPI
B-25918,2470,227,3,Furniture,Bookcases,Credit Card
B-25919,261,67,4,Clothing,Leggings,Credit Card
B-25920,4051,1777,3,Electronics,Electronic Games,Credit Card
B-25920,1883,1207,1,Electronics,Phones,COD
B-25921,5038,2013,4,Furniture,Bookcases,COD
B-25922,1166,391,4,Clothing,Trousers,COD
B-25923,1971,947,4,Clothing,Shirt,Debit Card
B-25923,1668,527,5,Furniture,Chairs,COD
B-25924,1670,356,5,Clothing,Shirt,Credit Card
B-25925,696,481,3,Clothing,Saree,UPI
B-25926,1257,-352,5,Clothing,Saree,COD
B-25927,995,416,5,Electronics,Accessories,UPI
B-25928,5075,423,4,Furniture,Tables,COD
B-25928,423,-123,1,Clothing,Hankerchief,COD
B-25929,252,82,3,Clothing,Kurti,UPI
B-25930,764,377,1,Electronics,Electronic Games,UPI
B-25930,324,186,2,Electronics,Electronic Games,UPI
B-25931,1372,-57,1,Clothing,Shirt,UPI
B-25932,1060,-257,2,Clothing,Shirt,UPI
B-25933,1557,134,4,Clothing,Kurti,COD
B-25933,737,236,1,Electronics,Accessories,Debit Card
B-25933,3150,1129,4,Furniture,Furnishings,COD
B-25934,1017,-68,4,Clothing,Leggings,EMI
B-25935,2137,843,3,Furniture,Furnishings,Debit Card
B-25935,1566,599,1,Clothing,Hankerchief,COD
B-25936,570,272,3,Furniture,Chairs,Credit Card
B-25937,785,473,3,Clothing,Shirt,UPI
B-25937,3088,1446,2,Furniture,Bookcases,EMI
B-25938,4069,1171,4,Electronics,Electronic Games,Credit Card
B-25938,1044,-200,4,Clothing,Leggings,EMI
B-25939,1593,-46,2,Clothing,Leggings,COD
B-25939,1792,1157,4,Electronics,Accessories,Credit Card
B-25939,4765,1692,1,Furniture,Chairs,EMI
B-25940,1190,-487,3,Clothing,Trousers,UPI
B-25941,3739,881,1,Electronics,Accessories,COD
B-25941,1420,387,1,Furniture,Tables,UPI
B-25942,1696,-825,5,Clothing,Trousers,Debit Card
B-25943,5410,1253,5,Furniture,Furnishings,UPI
B-25943,928,578,1,Clothing,Stole,UPI
B-25943,207,113,2,Clothing,Trousers,Debit Card
B-25944,4232,1251,4,Electronics,Phones,UPI
B-25945,1319,742,4,Electronics,Accessories,COD
B-25945,1279,116,2,Clothing,Trousers,UPI
B-25946,343,62,2,Clothing,Trousers,UPI
B-25947,1638,700,5,Clothing,Hankerchief,COD
B-25948,4099,783,2,Electronics,Accessories,Debit Card
B-25948,405,220,4,Electronics,Electronic Games,COD
B-25949,1553,229,3,Clothing,Skirt,Credit Card
B-25950,1340,881,3,Clothing,Saree,EMI
B-25950,5709,2363,4,Furniture,Bookcases,EMI
B-25951,5034,2530,2,Electronics,Accessories,UPI
B-25952,369,55,1,Clothing,Shirt,COD
B-25953,1293,-28,2,Clothing,Saree,Credit Card
B-25954,5279,2383,3,Furniture,Tables,UPI
B-25954,5314,1934,4,Electronics,Printers,Credit Card
B-25955,5242,2381,2,Electronics,Printers,COD
B-25956,5131,215,4,Furniture,Tables,COD
B-25956,147,0,3,Clothing,T-shirt,EMI
B-25957,4431,2048,1,Furniture,Tables,EMI
B-25958,4498,284,5,Electronics,Phones,UPI
B-25959,1131,78,5,Electronics,Printers,UPI
B-25959,689,96,4,Electronics,Accessories,Debit Card
B-25960,3292,1126,4,Electronics,Electronic Games,EMI
B-25961,1416,-355,3,Clothing,Saree,UPI
B-25961,1510,-277,5,Clothing,Hankerchief,Debit Card
B-25961,3802,2394,5,Electronics,Phones,UPI
B-25962,1569,544,3,Clothing,Leggings,UPI
B-25962,4650,651,2,Furniture,Tables,EMI
B-25963,1887,1191,5,Clothing,Skirt,UPI
B-25963,1304,-427,2,Clothing,Shirt,Debit Card
B-25964,731,240,5,Clothing,T-shirt,COD
B-25964,325,-97,4,Clothing,Leggings,COD
B-25965,5611,1926,2,Electronics,Electronic Games,UPI
B-25966,3848,1608,1,Electronics,Phones,Debit Card
B-25966,1158,335,3,Electronics,Accessories,EMI
B-25967,3056,282,2,Electronics,Printers,UPI
B-25968,1325,-220,4,Clothing,Shirt,EMI
B-25968,992,670,2,Clothing,Hankerchief,UPI
B-25969,2534,1188,5,Furniture,Bookcases,UPI
B-25970,750,298,2,Electronics,Printers,COD
B-25971,341,109,1,Clothing,T-shirt,COD
B-25972,2890,953,4,Furniture,Tables,COD
B-25973,668,-59,3,Clothing,Skirt,UPI
B-25974,1567,1023,2,Clothing,Trousers,UPI
B-25975,729,174,5,Furniture,Bookcases,EMI
B-25976,605,172,1,Electronics,Printers,UPI
B-25976,5263,781,4,Electronics,Electronic Games,COD
B-25977,3275,116,1,Furniture,Tables,Debit Card
B-25978,4948,1653,5,Electronics,Phones,Credit Card
B-25979,1958,-314,5,Clothing,Leggings,COD
B-25979,876,195,3,Electronics,Accessories,COD
B-25980,4610,2812,3,Electronics,Electronic Games,Debit Card
B-25981,4930,1611,1,Furniture,Tables,UPI
B-25982,3928,839,2,Electronics,Printers,EMI
B-25983,3296,106,5,Furniture,Bookcases,Credit Card
B-25984,679,51,1,Clothing,Stole,UPI
B-25984,1869,879,4,Clothing,T-shirt,Credit Card
B-25984,4603,1331,2,Electronics,Printers,UPI
B-25985,4221,2256,4,Electronics,Phones,COD
B-25985,2456,448,2,Electronics,Printers,COD
B-25986,5873,909,3,Furniture,Furnishings,Credit Card
B-25987,922,-155,1,Clothing,Saree,UPI
B-25988,1258,818,5,Clothing,Hankerchief,COD
B-25988,3267,565,1,Electronics,Accessories,Credit Card
B-25988,1186,410,4,Electronics,Electronic Games,UPI
B-25989,1239,619,4,Clothing,Skirt,EMI
B-25990,5250,708,3,Electronics,Phones,Credit Card
B-25991,736,218,5,Furniture,Tables,UPI
B-25992,568,151,4,Clothing,Leggings,UPI
B-25992,4527,1075,3,Electronics,Phones,Debit Card
B-25992,3674,442,5,Electronics,Electronic Games,UPI
B-25993,3998,1656,3,Electronics,Electronic Games,EMI
B-25994,494,-95,2,Clothing,Shirt,Credit Card
B-25995,722,-214,2,Clothing,Trousers,EMI
B-25996,692,413,2,Electronics,Electronic Games,Debit Card
B-25997,1736,1119,4,Electronics,Accessories,Debit Card
B-25998,946,151,5,Clothing,T-shirt,EMI
B-25999,157,-11,1,Clothing,Trousers,UPI
B-26000,604,21,5,Clothing,Trousers,UPI
B-26000,429,240,3,Electronics,Electronic Games,COD
B-26001,1890,-49,2,Clothing,Kurti,EMI
B-26001,574,30,1,Clothing,Shirt,EMI
B-26002,5760,872,5,Electronics,Electronic Games,COD
B-26002,4722,1025,2,Electronics,Printers,Credit Card
B-26003,5099,2499,1,Furniture,Bookcases,UPI
B-26004,1209,822,4,Clothing,Skirt,COD
B-26005,1998,-885,2,Clothing,T-shirt,COD
B-26006,4797,326,5,Electronics,Phones,UPI
B-26006,800,313,4,Clothing,Hankerchief,Credit Card
B-26007,1772,-280,2,Clothing,Trousers,Credit Card
B-26008,2341,535,1,Furniture,Tables,Credit Card
B-26009,470,56,3,Clothing,T-shirt,COD
B-26010,1733,1182,1,Clothing,Saree,UPI
B-26011,221,25,2,Clothing,T-shirt,COD
B-26011,72,-26,2,Clothing,Saree,Credit Card
B-26012,120,36,5,Clothing,Skirt,EMI
B-26013,2020,122,3,Furniture,Furnishings,COD
B-26013,1761,741,4,Clothing,Skirt,UPI
B-26014,220,33,4,Clothing,Leggings,UPI
B-26014,3653,2239,3,Electronics,Accessories,COD
B-26014,577,239,1,Clothing,Shirt,Credit Card
B-26015,4715,246,2,Furniture,Bookcases,COD
B-26015,1217,503,3,Furniture,Bookcases,COD
B-26016,1089,-336,5,Clothing,T-shirt,Debit Card
B-26017,3623,873,2,Electronics,Accessories,Debit Card
B-26017,1077,745,4,Clothing,Skirt,UPI
B-26018,5135,2221,5,Electronics,Printers,UPI
B-26019,1121,313,4,Furniture,Bookcases,COD
B-26020,1168,-367,2,Clothing,Skirt,COD
B-26020,5693,2442,4,Electronics,Phones,Debit Card
B-26021,1203,-237,3,Clothing,Hankerchief,UPI
B-26022,5211,3189,5,Electronics,Electronic Games,COD
B-26022,1540,-198,4,Clothing,Shirt,Debit Card
B-26022,1451,93,4,Clothing,Trousers,COD
B-26023,3609,1741,1,Electronics,Phones,COD
B-26024,3612,913,5,Electronics,Accessories,COD
B-26025,5654,1351,1,Electronics,Electronic Games,Credit Card
B-26026,5130,2779,1,Electronics,Accessories,COD
B-26027,464,-51,4,Clothing,Skirt,Debit Card
B-26027,1473,-515,2,Clothing,Trousers,EMI
B-26028,1411,633,1,Electronics,Accessories,UPI
B-26029,5812,720,2,Furniture,Chairs,Credit Card
B-26030,5068,1294,2,Furniture,Chairs,COD
B-26031,1757,-773,1,Clothing,Saree,Debit Card
B-26032,1707,365,2,Clothing,Trousers,Debit Card
B-26032,4964,512,4,Furniture,Tables,UPI
B-26033,3477,675,4,Electronics,Phones,COD
B-26033,525,225,2,Clothing,Saree,EMI
B-26034,477,-209,2,Clothing,Kurti,Credit Card
B-26034,1401,693,3,Electronics,Electronic Games,Credit Card
B-26034,793,-306,3,Clothing,Leggings,Debit Card
B-26035,804,-295,2,Clothing,Stole,Debit Card
B-26035,5781,2142,1,Furniture,Furnishings,Debit Card
B-26036,1482,-725,2,Clothing,Hankerchief,UPI
B-26037,5326,1140,1,Furniture,Bookcases,Debit Card
B-26038,1339,510,1,Electronics,Phones,Debit Card
B-26039,635,350,2,Clothing,Shirt,Credit Card
B-26039,32,-11,4,Clothing,Hankerchief,COD
B-26040,3890,611,5,Furniture,Chairs,Credit Card
B-26040,1395,318,2,Clothing,Shirt,COD
B-26041,67,31,3,Clothing,Hankerchief,COD
B-26042,650,260,3,Clothing,Leggings,COD
B-26043,1689,867,4,Clothing,Leggings,COD
B-26043,4688,2686,1,Electronics,Accessories,UPI
B-26044,4914,1772,1,Electronics,Accessories,UPI
B-26045,3512,1605,5,Furniture,Tables,Credit Card
B-26045,705,442,1,Clothing,T-shirt,UPI
B-26046,840,217,3,Clothing,Stole,Credit Card
B-26047,1209,-296,3,Clothing,Saree,COD
B-26048,1155,152,3,Furniture,Furnishings,COD
B-26049,5606,3088,4,Electronics,Printers,EMI
B-26050,2800,675,3,Electronics,Accessories,COD
B-26051,5534,2374,2,Electronics,Electronic Games,UPI
B-26052,18,-5,3,Clothing,Leggings,COD
B-26053,1418,484,1,Furniture,Chairs,UPI
B-26054,2142,267,1,Electronics,Accessories,UPI
B-26054,1161,562,5,Furniture,Bookcases,Debit Card
B-26055,5303,905,1,Furniture,Bookcases,COD
B-26056,1218,-348,1,Clothing,Trousers,Credit Card
B-26056,131,39,5,Clothing,Trousers,COD
B-26057,1103,446,2,Furniture,Bookcases,Debit Card
B-26057,952,546,2,Clothing,Skirt,Debit Card
B-26058,5659,3491,1,Electronics,Printers,UPI
B-26059,3278,1478,1,Electronics,Printers,UPI
B-26060,3604,907,3,Electronics,Phones,EMI
B-26061,1692,-272,4,Clothing,Hankerchief,COD
B-26061,2307,727,3,Electronics,Electronic Games,COD
B-26062,609,160,3,Clothing,Trousers,COD
B-26063,552,118,4,Clothing,Leggings,Debit Card
B-26063,1831,571,2,Clothing,Skirt,Credit Card
B-26063,788,235,2,Furniture,Chairs,EMI
B-26064,4665,2494,5,Electronics,Printers,UPI
B-26065,5720,2729,2,Electronics,Electronic Games,COD
B-26065,769,64,5,Clothing,Saree,COD
B-26066,3966,1138,4,Furniture,Bookcases,UPI
B-26066,1349,74,1,Furniture,Furnishings,Credit Card
B-26067,5558,623,1,Electronics,Printers,COD
B-26068,1197,-372,4,Clothing,Leggings,UPI
B-26069,2278,168,4,Furniture,Tables,EMI
B-26070,5787,822,4,Electronics,Phones,UPI
B-26071,886,201,4,Clothing,Shirt,Debit Card
B-26072,1551,-195,4,Clothing,Kurti,COD
B-26072,3545,1301,2,Electronics,Electronic Games,COD
B-26073,2542,310,2,Furniture,Tables,Credit Card
B-26073,71,14,2,Clothing,Skirt,Debit Card
B-26074,3278,1778,2,Electronics,Printers,COD
B-26074,2754,173,1,Furniture,Furnishings,EMI
B-26075,4001,298,5,Electronics,Printers,Debit Card
B-26076,1225,-493,1,Clothing,Shirt,Credit Card
B-26076,2607,1031,5,Furniture,Bookcases,Credit Card
B-26077,415,154,5,Clothing,Leggings,UPI
B-26077,5399,2341,2,Furniture,Bookcases,UPI
B-26078,1261,156,4,Electronics,Phones,UPI
B-26078,1607,-624,4,Clothing,Kurti,UPI
B-26079,897,479,5,Electronics,Accessories,Credit Card
B-26080,663,-280,4,Clothing,Leggings,UPI
B-26080,5339,2776,4,Electronics,Electronic Games,COD
B-26081,1521,353,4,Clothing,Skirt,COD
B-26081,5086,895,1,Electronics,Phones,UPI
B-26081,119,30,1,Clothing,Leggings,Credit Card
B-26082,5859,1425,5,Furniture,Tables,EMI
B-26082,77,24,4,Clothing,Trousers,Credit Card
B-26083,1248,-116,4,Clothing,Kurti,UPI
B-26084,201,87,4,Clothing,Shirt,UPI
B-26085,1413,680,5,Furniture,Chairs,Debit Card
B-26085,1842,-602,4,Clothing,T-shirt,EMI
B-26086,3448,504,2,Electronics,Accessories,Credit Card
B-26087,959,-27,2,Clothing,Shirt,COD
B-26088,1587,-650,2,Clothing,Hankerchief,COD
B-26088,1210,434,1,Clothing,Stole,COD
B-26088,1703,294,2,Furniture,Chairs,UPI
B-26089,5095,2562,1,Electronics,Phones,COD
B-26089,1525,-35,3,Clothing,Hankerchief,COD
B-26089,1939,881,5,Electronics,Printers,EMI
B-26090,1011,121,4,Clothing,Stole,UPI
B-26090,1617,641,1,Electronics,Printers,COD
B-26090,1087,7,5,Clothing,Leggings,Debit Card
B-26091,1161,-150,5,Clothing,Trousers,Debit Card
B-26091,888,99,1,Clothing,Saree,UPI
B-26092,1610,1032,4,Electronics,Printers,COD
B-26093,3388,1518,2,Furniture,Tables,Debit Card
B-26094,2101,1101,5,Electronics,Electronic Games,COD
B-26095,2629,1252,2,Furniture,Tables,UPI
B-26095,1825,420,4,Electronics,Phones,UPI
B-26095,1851,-314,3,Clothing,Shirt,COD
B-26096,145,41,3,Clothing,T-shirt,EMI
B-26097,176,-67,3,Clothing,Shirt,Credit Card
B-26097,2242,1145,5,Electronics,Phones,Debit Card
B-26097,4167,359,4,Electronics,Accessories,Credit Card
B-26098,1288,-236,2,Clothing,Stole,COD
B-26099,3744,840,3,Electronics,Printers,COD
B-26099,3846,980,3,Furniture,Tables,UPI
B-26100,1967,83,2,Furniture,Chairs,Debit Card
B-26101,4984,1768,4,Electronics,Printers,UPI
B-26102,5428,826,3,Electronics,Phones,EMI
B-26103,1877,579,2,Electronics,Electronic Games,Credit Card
B-26104,5209,216,3,Furniture,Furnishings,Debit Card
B-26105,1252,392,3,Electronics,Printers,UPI
B-26106,1404,-14,2,Clothing,Kurti,Credit Card
B-26107,2097,188,3,Electronics,Accessories,UPI
B-26107,3896,891,2,Electronics,Phones,Credit Card
B-26108,5469,2404,2,Electronics,Accessories,UPI
B-26109,431,260,1,Clothing,Trousers,Credit Card
B-26110,5549,2486,3,Electronics,Accessories,COD
B-26111,4065,2424,3,Electronics,Printers,UPI
B-26111,248,145,5,Clothing,Trousers,COD
B-26111,1536,154,1,Clothing,Saree,UPI
B-26112,5701,297,2,Furniture,Chairs,Debit Card
B-26112,4202,627,1,Furniture,Tables,Debit Card
B-26113,2150,1368,1,Electronics,Accessories,COD
B-26114,1212,470,5,Clothing,Hankerchief,Debit Card
B-26115,1132,130,2,Clothing,Hankerchief,COD
B-26116,3534,1477,5,Electronics,Phones,Credit Card
B-26116,1562,366,3,Clothing,Stole,EMI
B-26116,1864,170,4,Furniture,Bookcases,UPI
B-26117,3411,534,4,Electronics,Electronic Games,COD
B-26118,2228,494,4,Electronics,Electronic Games,COD
B-26119,2304,525,3,Furniture,Tables,Debit Card
B-26120,1746,507,5,Electronics,Electronic Games,COD
B-26120,5500,3510,4,Electronics,Electronic Games,UPI
B-26121,5091,1239,2,Furniture,Chairs,COD
B-26121,217,15,5,Clothing,Stole,COD
B-26122,161,110,2,Clothing,Kurti,COD
B-26123,1237,204,4,Clothing,Saree,Debit Card
B-26123,1076,-345,2,Clothing,Stole,COD
B-26124,5415,1751,5,Furniture,Bookcases,UPI
B-26124,3083,618,1,Furniture,Chairs,COD
B-26125,1075,-532,2,Clothing,Saree,EMI
B-26125,1212,216,3,Furniture,Bookcases,COD
B-26126,1740,-125,4,Clothing,Kurti,Debit Card
B-26126,4195,248,2,Furniture,Chairs,Credit Card
B-26127,1005,-343,4,Clothing,Leggings,Credit Card
B-26128,2937,1855,2,Electronics,Printers,UPI
B-26128,1575,64,5,Clothing,Shirt,COD
B-26128,3418,1347,2,Furniture,Bookcases,UPI
B-26129,659,233,3,Electronics,Electronic Games,COD
B-26130,5350,1112,2,Furniture,Chairs,UPI
B-26131,723,314,2,Clothing,Leggings,UPI
B-26131,949,33,2,Clothing,T-shirt,UPI
B-26132,5425,1411,2,Electronics,Printers,Credit Card
B-26133,532,20,3,Clothing,Leggings,Debit Card
B-26134,423,70,3,Clothing,T-shirt,COD
B-26135,1636,-79,2,Clothing,Kurti,UPI
B-26136,1226,701,5,Clothing,Shirt,Debit Card
B-26136,1995,1177,3,Clothing,Stole,COD
B-26137,3742,1364,2,Furniture,Chairs,COD
B-26138,1268,615,1,Clothing,T-shirt,COD
B-26139,4283,1799,5,Electronics,Phones,Credit Card
B-26140,3585,498,5,Electronics,Electronic Games,COD
B-26140,2189,590,5,Electronics,Electronic Games,Credit Card
B-26141,1308,547,2,Electronics,Printers,UPI
B-26142,539,-19,4,Clothing,Leggings,COD
B-26142,1224,-244,2,Clothing,Shirt,UPI
B-26143,752,27,5,Clothing,Kurti,UPI
B-26144,1422,282,3,Furniture,Furnishings,COD
B-26144,1333,-102,3,Clothing,Trousers,UPI
B-26145,619,141,3,Electronics,Printers,UPI
B-26145,3871,1170,3,Electronics,Phones,UPI
B-26146,3201,1623,2,Electronics,Printers,EMI
B-26146,5181,2220,2,Furniture,Tables,UPI
B-26147,188,-93,3,Clothing,Shirt,Credit Card
B-26148,23,-3,5,Clothing,Trousers,Credit Card
B-26148,2752,160,5,Furniture,Bookcases,EMI
B-26149,1891,-339,2,Clothing,Skirt,UPI
B-26150,2348,1354,3,Electronics,Printers,UPI
B-26151,2704,790,5,Furniture,Furnishings,UPI
B-26152,3765,1823,5,Furniture,Chairs,UPI
B-26153,1720,540,3,Clothing,Skirt,UPI
B-26154,4984,1649,5,Furniture,Tables,UPI
B-26154,1838,-825,1,Clothing,Saree,Debit Card
B-26155,479,310,4,Clothing,Kurti,Credit Card
B-26155,4814,2358,5,Electronics,Printers,UPI
B-26156,1763,330,1,Clothing,T-shirt,UPI
B-26157,1799,-607,1,Clothing,Shirt,Credit Card
B-26157,1815,994,2,Electronics,Phones,EMI
B-26158,1946,605,1,Clothing,Hankerchief,UPI
B-26159,179,116,2,Clothing,Stole,COD
B-26159,1807,442,3,Electronics,Accessories,Debit Card
B-26159,2409,95,5,Furniture,Bookcases,EMI
B-26160,3012,235,1,Electronics,Printers,COD
B-26161,1232,395,3,Clothing,Stole,COD
B-26162,1191,-46,5,Clothing,T-shirt,COD
B-26163,739,241,3,Electronics,Accessories,UPI
B-26164,3478,2011,1,Electronics,Printers,COD
B-26164,1013,410,1,Electronics,Electronic Games,COD
B-26165,3608,601,4,Furniture,Bookcases,UPI
B-26165,1988,605,3,Electronics,Accessories,Credit Card
B-26165,4106,896,4,Furniture,Chairs,COD
B-26166,1277,150,2,Electronics,Phones,Credit Card
B-26167,1047,-13,4,Clothing,Kurti,COD
B-26168,1396,929,3,Clothing,Kurti,Credit Card
B-26168,4910,1761,2,Furniture,Tables,Debit Card
B-26168,3050,212,3,Electronics,Phones,Credit Card
B-26169,1669,-825,4,Clothing,Kurti,Credit Card
B-26170,1130,35,4,Furniture,Chairs,COD
B-26171,2860,1088,1,Furniture,Furnishings,UPI
B-26172,4952,815,4,Electronics,Printers,COD
B-26172,4421,582,3,Electronics,Phones,Credit Card
B-26173,1640,220,1,Electronics,Electronic Games,Credit Card
B-26173,5731,1016,2,Electronics,Printers,Credit Card
B-26174,3659,1541,1,Furniture,Tables,UPI
B-26174,1390,376,1,Furniture,Tables,EMI
B-26175,2720,167,5,Furniture,Chairs,COD
B-26176,1905,399,2,Furniture,Chairs,COD
B-26177,1123,707,2,Clothing,Leggings,Credit Card
B-26178,1054,26,5,Clothing,T-shirt,COD
B-26179,1150,-398,2,Clothing,Shirt,UPI
B-26179,1885,-142,2,Clothing,Trousers,COD
B-26180,1848,1278,2,Clothing,Saree,UPI
B-26181,2574,648,4,Furniture,Furnishings,UPI
B-26181,4681,767,1,Furniture,Chairs,UPI
B-26182,1496,137,2,Clothing,Shirt,Credit Card
B-26183,1275,250,2,Electronics,Phones,Credit Card
B-26184,1045,-512,2,Clothing,T-shirt,COD
B-26184,1194,359,5,Electronics,Accessories,COD
B-26185,641,90,1,Clothing,Stole,UPI
B-26185,1252,-487,4,Clothing,Hankerchief,Debit Card
B-26185,4717,1809,1,Electronics,Electronic Games,COD
B-26186,1977,237,5,Furniture,Bookcases,Credit Card
B-26187,297,109,1,Clothing,Stole,UPI
B-26188,1668,-621,1,Clothing,Shirt,Debit Card
B-26188,1792,489,1,Clothing,Trousers,UPI
B-26189,988,401,1,Furniture,Chairs,COD
B-26189,3763,206,5,Furniture,Furnishings,COD
B-26190,5940,363,2,Furniture,Bookcases,COD
B-26190,413,233,2,Electronics,Electronic Games,EMI
B-26190,2000,245,3,Furniture,Chairs,Debit Card
B-26191,4490,577,1,Furniture,Chairs,COD
B-26191,1133,643,2,Clothing,Hankerchief,UPI
B-26191,631,114,1,Electronics,Electronic Games,EMI
B-26192,584,226,5,Clothing,Shirt,Credit Card
B-26192,3590,1837,3,Electronics,Printers,Credit Card
B-26193,2551,527,1,Electronics,Printers,Credit Card
B-26193,5978,429,5,Furniture,Furnishings,UPI
B-26194,1202,-311,5,Clothing,Hankerchief,Debit Card
B-26194,5833,706,2,Furniture,Furnishings,EMI
B-26195,1922,1052,1,Clothing,Trousers,COD
B-26195,3728,141,2,Furniture,Furnishings,COD
B-26195,3060,1048,5,Furniture,Chairs,Credit Card
B-26196,1444,507,3,Clothing,Leggings,COD
B-26196,2722,261,4,Electronics,Printers,Credit Card
B-26197,1683,-615,3,Clothing,Trousers,COD
B-26198,83,41,4,Clothing,Kurti,UPI
B-26199,1267,190,3,Electronics,Printers,UPI
B-26199,2533,1408,5,Electronics,Printers,Credit Card
B-26200,382,252,4,Clothing,T-shirt,Credit Card
B-26200,2961,793,1,Electronics,Electronic Games,Debit Card
B-26201,3769,1653,2,Electronics,Accessories,COD
B-26201,1758,40,4,Clothing,Saree,UPI
B-26202,1452,150,5,Clothing,Trousers,EMI
B-26202,1298,263,2,Furniture,Furnishings,UPI
B-26203,697,270,2,Electronics,Accessories,UPI
B-26204,3530,1176,3,Electronics,Electronic Games,Credit Card
B-26205,4244,2414,5,Electronics,Accessories,Debit Card
B-26206,811,522,1,Clothing,Skirt,UPI
B-26207,1606,2,5,Clothing,Hankerchief,Credit Card
B-26208,4917,1815,3,Furniture,Furnishings,COD
B-26208,5584,2671,3,Electronics,Printers,UPI
B-26209,1390,281,4,Electronics,Phones,COD
B-26210,1032,87,2,Clothing,Kurti,Credit Card
B-26210,1415,-250,1,Clothing,T-shirt,UPI
B-26211,304,119,4,Clothing,Kurti,Credit Card
B-26212,1322,399,2,Electronics,Phones,Credit Card
B-26212,812,-54,5,Clothing,Hankerchief,EMI
B-26212,1631,327,1,Clothing,T-shirt,UPI
B-26213,1956,1256,2,Electronics,Electronic Games,Debit Card
B-26213,2026,651,2,Electronics,Printers,UPI
B-26214,2832,1298,1,Electronics,Printers,Credit Card
B-26215,1642,-392,5,Clothing,T-shirt,Debit Card
B-26215,3327,579,1,Furniture,Bookcases,COD
B-26216,1120,49,4,Clothing,Hankerchief,Debit Card
B-26216,283,-29,1,Clothing,Shirt,Credit Card
B-26217,5,-1,2,Clothing,Leggings,Debit Card
B-26218,947,604,3,Electronics,Electronic Games,Credit Card
B-26218,1615,-723,4,Clothing,Leggings,Credit Card
B-26219,3662,1220,3,Electronics,Printers,Debit Card
B-26219,1967,1316,1,Clothing,Saree,EMI
B-26220,1494,886,3,Clothing,Saree,UPI
B-26220,1486,546,2,Electronics,Accessories,EMI
B-26221,3632,385,3,Electronics,Electronic Games,UPI
B-26221,1982,-531,5,Clothing,Kurti,UPI
B-26222,1105,357,2,Electronics,Printers,EMI
B-26223,5108,2365,1,Furniture,Chairs,COD
B-26224,416,-113,3,Clothing,Kurti,Credit Card
B-26224,130,81,1,Clothing,Trousers,Debit Card
B-26224,4683,1322,2,Electronics,Electronic Games,Credit Card
B-26225,1022,244,3,Clothing,Hankerchief,COD
B-26226,213,21,4,Clothing,Shirt,UPI
B-26227,1800,399,3,Clothing,Shirt,COD
B-26227,5722,2115,4,Furniture,Bookcases,EMI
B-26228,3546,1258,4,Furniture,Chairs,UPI
B-26228,1747,883,4,Electronics,Accessories,Credit Card
B-26229,1546,1004,5,Electronics,Printers,Credit Card
B-26230,5289,1887,1,Furniture,Chairs,COD
B-26231,1494,-671,3,Clothing,Shirt,UPI
B-26232,539,307,3,Clothing,Leggings,COD
B-26232,465,109,5,Clothing,Kurti,COD
B-26233,5608,2611,1,Electronics,Accessories,COD
B-26234,1420,52,2,Clothing,Saree,Debit Card
B-26234,4211,2230,1,Electronics,Accessories,COD
B-26234,69,24,5,Clothing,Hankerchief,EMI
B-26235,402,91,5,Electronics,Phones,COD
B-26235,1679,-84,2,Clothing,T-shirt,Credit Card
B-26235,5238,2515,5,Furniture,Chairs,UPI
B-26236,1225,363,5,Furniture,Bookcases,Debit Card
B-26236,3911,721,1,Electronics,Printers,COD
B-26236,977,-343,2,Clothing,Kurti,COD
B-26237,346,221,3,Clothing,Kurti,UPI
B-26238,612,139,1,Clothing,Trousers,COD
B-26239,595,176,3,Clothing,Saree,Credit Card
B-26240,1378,421,4,Clothing,Trousers,UPI
B-26240,793,-112,2,Clothing,Trousers,Credit Card
B-26241,1992,112,1,Furniture,Furnishings,COD
B-26242,1162,366,4,Clothing,Hankerchief,Debit Card
B-26243,3029,760,1,Electronics,Accessories,COD
B-26243,4207,1787,1,Furniture,Furnishings,Debit Card
B-26244,670,83,5,Clothing,Shirt,COD
B-26244,1251,-460,2,Clothing,Shirt,Debit Card
B-26245,3143,309,5,Electronics,Phones,Debit Card
B-26246,1909,369,5,Electronics,Electronic Games,COD
B-26247,1287,81,1,Clothing,Saree,Credit Card
B-26248,5701,1565,1,Electronics,Phones,Debit Card
B-26249,4331,479,4,Electronics,Electronic Games,COD
B-26249,5289,1712,3,Electronics,Printers,COD
B-26250,1554,666,1,Furniture,Bookcases,UPI
B-26251,1742,599,2,Electronics,Printers,COD
B-26252,5729,2109,4,Electronics,Electronic Games,EMI
B-26253,2612,1661,3,Electronics,Phones,Credit Card
B-26253,283,40,2,Clothing,Hankerchief,EMI
B-26253,3216,1871,4,Electronics,Phones,COD
B-26254,2423,158,4,Electronics,Accessories,UPI
B-26255,5764,1384,4,Furniture,Furnishings,COD
B-26256,751,174,2,Furniture,Bookcases,EMI
B-26257,4663,957,4,Electronics,Accessories,UPI
B-26258,2942,249,3,Furniture,Chairs,UPI
B-26258,2466,803,4,Furniture,Chairs,COD
B-26259,1631,414,1,Clothing,Skirt,COD
B-26260,1380,106,4,Clothing,Leggings,COD
B-26260,1462,794,2,Clothing,Skirt,COD
B-26260,1421,208,2,Furniture,Furnishings,COD
B-26261,985,6,5,Clothing,Stole,UPI
B-26261,1537,145,2,Clothing,T-shirt,Credit Card
B-26262,2622,318,3,Electronics,Printers,COD
B-26262,5591,1885,1,Electronics,Phones,UPI
B-26263,604,-156,2,Clothing,Skirt,Credit Card
B-26263,4718,620,4,Furniture,Furnishings,COD
B-26264,964,52,5,Furniture,Chairs,Credit Card
B-26265,305,-86,1,Clothing,Trousers,Credit Card
B-26265,838,-60,5,Clothing,Stole,UPI
B-26266,1901,988,2,Electronics,Accessories,EMI
B-26266,889,304,1,Electronics,Phones,Debit Card
B-26266,1863,250,2,Clothing,Hankerchief,UPI
B-26267,1135,-346,2,Clothing,Leggings,COD
B-26268,450,181,2,Electronics,Printers,COD
B-26268,447,66,5,Clothing,T-shirt,COD
B-26269,1047,-22,2,Clothing,T-shirt,COD
B-26269,638,127,1,Electronics,Electronic Games,UPI
B-26270,1335,765,3,Clothing,Leggings,COD
B-26271,1348,274,3,Furniture,Furnishings,Credit Card
B-26272,5393,1033,3,Electronics,Printers,COD
B-26272,118,-53,5,Clothing,Skirt,UPI
B-26273,619,-171,1,Clothing,T-shirt,Credit Card
B-26273,3372,1624,2,Electronics,Phones,Debit Card
B-26274,2082,983,1,Furniture,Chairs,Credit Card
B-26275,4948,2051,4,Electronics,Electronic Games,EMI
B-26275,3700,700,3,Electronics,Electronic Games,UPI
B-26276,3589,683,3,Electronics,Printers,COD
B-26276,1605,-8,2,Clothing,T-shirt,UPI
B-26277,5168,248,4,Furniture,Bookcases,COD
B-26278,696,445,2,Clothing,T-shirt,Debit Card
B-26279,3415,1881,1,Electronics,Printers,EMI
B-26279,1100,513,3,Clothing,Trousers,COD
B-26280,1022,74,4,Electronics,Phones,UPI
B-26281,5002,1993,1,Furniture,Tables,COD
B-26282,680,51,3,Electronics,Phones,UPI
B-26282,1243,-374,5,Clothing,Shirt,Credit Card
B-26283,1905,1330,2,Clothing,Stole,EMI
B-26284,4974,2543,3,Electronics,Phones,EMI
B-26284,445,34,3,Clothing,Leggings,COD
B-26284,5885,2832,5,Furniture,Tables,COD
B-26285,3512,1145,1,Furniture,Furnishings,UPI
B-26285,2499,354,2,Furniture,Tables,Credit Card
B-26285,4605,828,2,Electronics,Phones,Credit Card
B-26286,1552,606,3,Clothing,Shirt,UPI
B-26287,1590,965,2,Clothing,Saree,Credit Card
B-26287,1907,1246,1,Clothing,Hankerchief,COD
B-26288,275,31,1,Clothing,Shirt,Credit Card
B-26288,2443,1058,5,Furniture,Tables,COD
B-26289,292,-117,2,Clothing,Kurti,UPI
B-26289,687,222,4,Furniture,Chairs,EMI
B-26290,1710,468,3,Furniture,Furnishings,Debit Card
B-26290,3272,1521,5,Furniture,Chairs,Debit Card
B-26291,1817,-705,2,Clothing,Hankerchief,Credit Card
B-26292,2227,716,5,Furniture,Chairs,COD
B-26292,1413,593,1,Clothing,Hankerchief,UPI
B-26293,4079,1454,3,Furniture,Furnishings,EMI
B-26294,4913,2455,2,Furniture,Chairs,Debit Card
B-26295,5865,1444,5,Furniture,Bookcases,Credit Card
B-26296,507,90,4,Clothing,Saree,COD
B-26296,4349,236,4,Electronics,Accessories,EMI
B-26297,2826,972,3,Furniture,Chairs,Credit Card
B-26298,1591,669,3,Electronics,Electronic Games,COD
B-26299,3876,565,1,Electronics,Electronic Games,UPI
B-26299,1559,219,1,Clothing,Skirt,Credit Card
B-26299,60,5,4,Clothing,Leggings,UPI
B-26300,3724,982,1,Electronics,Phones,EMI
B-26301,1510,100,1,Clothing,Stole,UPI
B-26302,1568,-225,1,Clothing,Shirt,Credit Card
B-26303,1040,577,2,Clothing,Trousers,Debit Card
B-26304,4625,897,2,Furniture,Bookcases,UPI
B-26305,1919,281,4,Electronics,Phones,UPI
B-26306,1465,338,2,Furniture,Bookcases,Debit Card
B-26306,913,433,1,Electronics,Electronic Games,COD
B-26307,920,318,4,Furniture,Chairs,UPI
B-26308,3811,319,4,Electronics,Printers,Credit Card
B-26309,4899,2187,5,Electronics,Electronic Games,COD
B-26309,2534,478,3,Electronics,Electronic Games,Credit Card
B-26310,194,0,2,Clothing,Kurti,Credit Card
B-26311,837,547,3,Clothing,Shirt,UPI
B-26312,5019,1546,3,Furniture,Tables,Debit Card
B-26313,2818,1440,5,Electronics,Accessories,Credit Card
B-26313,4797,2518,1,Electronics,Printers,UPI
B-26314,453,169,5,Electronics,Phones,Credit Card
B-26315,3361,659,3,Furniture,Furnishings,EMI
B-26315,5462,772,1,Furniture,Furnishings,Debit Card
B-26316,5369,1461,3,Electronics,Electronic Games,UPI
B-26317,740,13,3,Clothing,Trousers,UPI
B-26318,1701,152,5,Clothing,Saree,Debit Card
B-26318,1884,851,1,Electronics,Electronic Games,Credit Card
B-26319,1436,-477,4,Clothing,Stole,UPI
B-26319,1600,-709,2,Clothing,T-shirt,EMI
B-26320,1338,-100,1,Clothing,Shirt,Debit Card
B-26320,2357,1031,5,Furniture,Bookcases,UPI
B-26321,1365,-427,5,Clothing,Leggings,COD
B-26321,1216,-379,3,Clothing,Shirt,Debit Card
B-26322,3177,1089,5,Furniture,Furnishings,UPI
B-26322,636,-79,5,Clothing,Leggings,EMI
B-26323,975,-356,4,Clothing,Leggings,COD
B-26323,1634,-276,2,Clothing,Leggings,UPI
B-26324,2094,1065,3,Electronics,Electronic Games,EMI
B-26324,339,-92,1,Clothing,Trousers,Credit Card
B-26325,2615,918,1,Furniture,Chairs,UPI
B-26325,4016,179,1,Furniture,Bookcases,Credit Card
B-26326,736,-160,4,Clothing,T-shirt,EMI
B-26326,2989,1054,2,Furniture,Furnishings,COD
B-26327,1856,-775,4,Clothing,Trousers,UPI
B-26327,3058,1561,3,Electronics,Printers,Credit Card
B-26328,2446,737,2,Furniture,Furnishings,UPI
B-26329,4047,1580,3,Furniture,Furnishings,Credit Card
B-26330,1272,563,5,Clothing,Hankerchief,Debit Card
B-26331,976,388,5,Clothing,Trousers,COD
B-26331,279,107,5,Clothing,Trousers,Credit Card
B-26332,1161,446,1,Furniture,Furnishings,COD
B-26332,4421,2173,2,Electronics,Printers,UPI
B-26333,1856,652,2,Furniture,Furnishings,Credit Card
B-26334,4897,824,1,Furniture,Tables,Debit Card
B-26335,1214,260,1,Electronics,Phones,COD
B-26336,5339,180,3,Furniture,Furnishings,EMI
B-26336,1857,644,2,Electronics,Phones,Credit Card
B-26337,833,72,3,Clothing,Saree,Credit Card
B-26337,1021,-42,3,Clothing,Hankerchief,UPI
B-26338,1093,155,3,Electronics,Accessories,Debit Card
B-26338,1035,-508,4,Clothing,Stole,Credit Card
B-26338,1853,1052,3,Electronics,Electronic Games,Debit Card
B-26339,308,175,5,Clothing,Skirt,COD
B-26340,414,-109,4,Clothing,Skirt,COD
B-26340,4905,1755,4,Furniture,Chairs,Credit Card
B-26340,3610,1508,5,Electronics,Electronic Games,COD
B-26341,1019,351,2,Electronics,Phones,Credit Card
B-26341,1590,463,5,Furniture,Furnishings,UPI
B-26342,534,-142,4,Clothing,Skirt,Debit Card
B-26342,4281,1044,5,Furniture,Bookcases,EMI
B-26343,1696,-548,2,Clothing,Kurti,EMI
B-26343,1662,177,1,Clothing,Leggings,UPI
B-26343,1035,119,5,Electronics,Phones,UPI
B-26344,600,-55,2,Clothing,Hankerchief,UPI
B-26345,631,-291,5,Clothing,Shirt,Credit Card
B-26346,3965,731,3,Furniture,Tables,Credit Card
B-26346,3868,2035,5,Electronics,Electronic Games,Credit Card
B-26347,1284,723,2,Electronics,Accessories,Credit Card
B-26347,4637,1044,5,Electronics,Electronic Games,UPI
B-26348,2908,1746,1,Electronics,Phones,Credit Card
B-26349,1463,176,1,Furniture,Tables,EMI
B-26349,4126,2612,2,Electronics,Electronic Games,UPI
B-26349,3865,941,1,Electronics,Printers,UPI
B-26350,429,230,5,Clothing,Hankerchief,Credit Card
B-26350,442,-112,5,Clothing,Trousers,COD
B-26351,922,303,5,Clothing,Skirt,Debit Card
B-26352,1426,473,5,Furniture,Chairs,EMI
B-26352,763,-135,2,Clothing,Kurti,EMI
B-26353,4900,329,2,Electronics,Printers,Credit Card
B-26354,2900,1408,4,Electronics,Electronic Games,COD
B-26354,4124,2511,2,Electronics,Electronic Games,COD
B-26354,1500,381,5,Clothing,Shirt,COD
B-26355,1977,-529,5,Clothing,Hankerchief,COD
B-26356,681,256,1,Clothing,Saree,UPI
B-26356,1045,265,4,Electronics,Printers,Debit Card
B-26357,1831,-568,1,Clothing,Shirt,EMI
B-26358,5158,3325,2,Electronics,Printers,Debit Card
B-26358,5244,2190,4,Furniture,Chairs,COD
B-26359,4512,683,3,Electronics,Printers,EMI
B-26360,1634,-273,5,Clothing,Kurti,COD
B-26360,642,-8,4,Clothing,Shirt,COD
B-26360,4149,384,5,Furniture,Bookcases,UPI
B-26361,1747,-716,1,Clothing,Trousers,Credit Card
B-26362,3304,610,5,Furniture,Furnishings,UPI
B-26363,1528,618,5,Clothing,Trousers,UPI
B-26364,908,336,1,Electronics,Printers,COD
B-26364,2954,1761,4,Electronics,Electronic Games,COD
B-26365,1818,1179,3,Electronics,Accessories,EMI
B-26366,143,-68,3,Clothing,Leggings,Debit Card
B-26366,1013,-344,1,Clothing,Shirt,Debit Card
B-26367,5339,2242,5,Furniture,Bookcases,COD
B-26368,1417,104,2,Clothing,Skirt,Credit Card
B-26369,414,235,3,Clothing,Kurti,COD
B-26369,1069,545,1,Clothing,Kurti,UPI
B-26370,2964,876,3,Electronics,Printers,Credit Card
B-26370,1091,-182,4,Clothing,Leggings,Debit Card
B-26371,5666,534,5,Electronics,Accessories,COD
B-26371,3195,809,1,Electronics,Electronic Games,Credit Card
B-26372,1009,-101,3,Clothing,Stole,COD
B-26373,1078,-343,2,Clothing,Saree,Debit Card
B-26374,1866,572,2,Electronics,Printers,UPI
B-26375,1713,396,2,Electronics,Printers,Credit Card
B-26376,304,25,4,Electronics,Electronic Games,COD
B-26376,4261,134,4,Furniture,Chairs,UPI
B-26377,1459,21,4,Clothing,Kurti,UPI
B-26377,4101,1395,4,Electronics,Accessories,Debit Card
B-26378,3219,724,4,Furniture,Chairs,EMI
B-26379,1006,-153,1,Clothing,Hankerchief,COD
B-26380,2726,468,3,Electronics,Printers,EMI
B-26381,1750,-476,1,Clothing,Leggings,Debit Card
B-26382,518,299,5,Clothing,Stole,COD
B-26382,4972,3150,2,Electronics,Phones,UPI
B-26383,333,-126,2,Clothing,Shirt,Credit Card
B-26384,2949,600,2,Furniture,Chairs,Credit Card
B-26385,2991,343,1,Furniture,Chairs,Debit Card
B-26386,1045,603,4,Clothing,Kurti,Credit Card
B-26386,1988,912,1,Electronics,Electronic Games,COD
B-26387,1314,263,1,Clothing,Shirt,Credit Card
B-26388,1009,-398,2,Clothing,Leggings,COD
B-26389,345,156,2,Clothing,Leggings,UPI
B-26389,2464,831,1,Furniture,Bookcases,UPI
B-26390,5184,766,3,Electronics,Phones,Credit Card
B-26391,1070,-495,2,Clothing,Saree,Debit Card
B-26391,5600,2486,1,Electronics,Electronic Games,Debit Card
B-26392,3891,867,4,Furniture,Tables,COD
B-26392,1449,-671,4,Clothing,Skirt,Credit Card
B-26392,4354,731,2,Furniture,Tables,UPI
B-26393,2095,1254,5,Electronics,Accessories,EMI
B-26394,1187,-106,3,Clothing,T-shirt,Debit Card
B-26394,1645,817,4,Electronics,Phones,Credit Card
B-26394,1926,-605,5,Clothing,Saree,COD
B-26395,1224,317,2,Clothing,Trousers,Credit Card
B-26395,2185,611,5,Electronics,Accessories,UPI
B-26396,623,-167,1,Clothing,Hankerchief,COD
B-26397,5460,1904,5,Electronics,Phones,EMI
B-26398,3977,283,2,Electronics,Accessories,UPI
B-26399,1666,-249,4,Clothing,Hankerchief,Credit Card
B-26400,4115,1636,3,Electronics,Electronic Games,Credit Card
B-26401,4556,2409,5,Electronics,Phones,UPI
B-26401,1754,930,3,Clothing,Kurti,COD
B-26402,921,159,4,Clothing,Skirt,UPI
B-26402,4105,354,2,Furniture,Furnishings,Credit Card
B-26403,1050,269,5,Electronics,Electronic Games,Debit Card
B-26404,669,292,1,Clothing,Kurti,UPI
B-26405,1505,262,5,Clothing,Leggings,UPI
B-26406,458,116,3,Clothing,Stole,EMI
B-26407,1922,419,2,Clothing,Stole,COD
B-26408,4232,933,4,Furniture,Furnishings,Credit Card
B-26409,5546,2268,1,Furniture,Bookcases,Debit Card
B-26409,2951,633,5,Furniture,Bookcases,COD
B-26410,4828,826,1,Electronics,Electronic Games,Debit Card
B-26411,1880,1031,1,Clothing,Leggings,Debit Card
B-26411,2367,195,4,Furniture,Furnishings,Debit Card
B-26412,164,53,2,Clothing,Saree,Credit Card
B-26413,590,-64,2,Clothing,Kurti,Credit Card
B-26414,1533,-283,2,Clothing,Hankerchief,UPI
B-26414,2234,1362,2,Electronics,Phones,Credit Card
B-26415,1227,527,3,Clothing,Hankerchief,UPI
B-26415,1284,238,2,Electronics,Printers,EMI
B-26416,1075,-61,4,Clothing,Stole,COD
B-26417,1312,-331,3,Clothing,Kurti,Credit Card
B-26417,1947,295,1,Furniture,Tables,UPI
B-26418,3441,878,4,Furniture,Bookcases,Credit Card
B-26419,5399,1361,3,Electronics,Accessories,COD
B-26420,350,89,2,Clothing,Shirt,Debit Card
B-26421,755,125,4,Clothing,Kurti,UPI
B-26422,963,-12,1,Clothing,Stole,UPI
B-26423,5989,2563,5,Furniture,Furnishings,COD
B-26424,3557,76,3,Furniture,Chairs,Debit Card
B-26424,3356,161,2,Furniture,Bookcases,UPI
B-26425,222,133,3,Clothing,Saree,Credit Card
B-26425,1313,19,3,Clothing,Leggings,EMI
B-26426,1015,62,2,Clothing,Hankerchief,UPI
B-26427,4716,1572,3,Electronics,Printers,Credit Card
B-26428,1753,461,4,Electronics,Accessories,UPI
B-26428,1193,491,2,Clothing,Hankerchief,COD
B-26429,3048,920,2,Furniture,Chairs,UPI
B-26429,5153,1477,1,Electronics,Electronic Games,UPI
B-26430,1376,247,4,Furniture,Tables,COD
B-26431,1788,402,3,Furniture,Furnishings,EMI
B-26432,372,43,4,Electronics,Electronic Games,Credit Card
B-26433,192,118,4,Clothing,Hankerchief,EMI
B-26433,2724,872,3,Furniture,Furnishings,Debit Card
B-26434,1263,764,4,Clothing,Stole,UPI
B-26435,3336,936,2,Electronics,Electronic Games,EMI
B-26436,4924,2285,5,Electronics,Phones,COD
B-26437,1094,227,4,Clothing,T-shirt,Credit Card
B-26437,1679,311,3,Clothing,Stole,Credit Card
B-26437,1918,879,3,Clothing,Saree,COD
B-26438,2991,194,3,Furniture,Bookcases,UPI
B-26439,5244,1836,3,Furniture,Furnishings,Debit Card
B-26439,1449,-407,4,Clothing,Leggings,Credit Card
B-26440,4916,2406,1,Furniture,Tables,COD
B-26440,1672,87,4,Clothing,Stole,COD
B-26441,2170,155,1,Furniture,Chairs,COD
B-26442,116,-55,1,Clothing,Saree,Credit Card
B-26442,892,106,3,Electronics,Printers,Debit Card
B-26443,1012,55,2,Furniture,Furnishings,COD
B-26443,534,-169,4,Clothing,Trousers,COD
B-26444,1989,-402,2,Clothing,Leggings,EMI
B-26445,3610,337,5,Furniture,Tables,Debit Card
B-26446,5637,2363,2,Electronics,Printers,Credit Card
B-26447,3452,1332,4,Electronics,Electronic Games,COD
B-26448,5759,1570,1,Electronics,Phones,COD
B-26448,1542,772,5,Electronics,Accessories,UPI
B-26448,291,125,1,Clothing,Shirt,UPI
B-26449,3009,935,3,Furniture,Chairs,Credit Card
B-26450,2385,423,4,Furniture,Tables,COD
B-26450,767,-211,3,Clothing,Hankerchief,Credit Card
B-26451,4282,1882,1,Electronics,Electronic Games,Credit Card
B-26452,1881,745,1,Clothing,Leggings,Credit Card
B-26453,5314,2441,4,Furniture,Tables,COD
B-26453,1779,697,3,Electronics,Electronic Games,Debit Card
B-26454,463,29,5,Electronics,Printers,Credit Card
B-26455,1841,-50,1,Clothing,T-shirt,Debit Card
B-26456,3373,1303,4,Furniture,Tables,COD
B-26457,5495,2070,5,Furniture,Tables,COD
B-26458,3369,1048,3,Furniture,Chairs,EMI
B-26459,5885,1359,1,Furniture,Tables,Credit Card
B-26460,193,-89,1,Clothing,Saree,UPI
B-26461,513,50,4,Clothing,Kurti,Debit Card
B-26462,1114,38,5,Clothing,T-shirt,UPI
B-26462,593,48,5,Clothing,T-shirt,UPI
B-26463,910,429,1,Clothing,Leggings,COD
B-26464,838,290,4,Clothing,Saree,Credit Card
B-26465,4159,473,5,Electronics,Phones,Credit Card
B-26466,3917,1449,5,Electronics,Electronic Games,Debit Card
B-26467,2965,506,4,Furniture,Tables,COD
B-26468,4352,2648,2,Electronics,Printers,COD
B-26468,4765,1676,3,Furniture,Tables,COD
B-26469,2115,640,2,Electronics,Accessories,COD
B-26470,1323,87,4,Furniture,Bookcases,UPI
B-26471,1633,9,4,Clothing,Stole,Credit Card
B-26471,1450,976,3,Clothing,T-shirt,COD
B-26472,4015,297,4,Electronics,Accessories,COD
B-26472,3538,321,2,Electronics,Accessories,EMI
B-26473,1235,-601,2,Clothing,Saree,Debit Card
B-26474,2343,1194,2,Electronics,Electronic Games,Debit Card
B-26475,2451,608,4,Furniture,Chairs,COD
B-26475,1244,514,4,Electronics,Electronic Games,COD
B-26476,5054,1279,5,Electronics,Electronic Games,Debit Card
B-26477,3988,2014,4,Electronics,Accessories,Debit Card
B-26478,1407,173,5,Furniture,Tables,Credit Card
B-26478,1748,-585,2,Clothing,Shirt,COD
B-26478,5001,2060,2,Furniture,Furnishings,UPI
B-26479,252,89,3,Clothing,Hankerchief,EMI
B-26480,378,165,5,Electronics,Phones,Debit Card
B-26480,1679,766,5,Electronics,Accessories,Credit Card
B-26481,3938,685,5,Furniture,Tables,Debit Card
B-26481,1542,-765,2,Clothing,Leggings,EMI
B-26482,449,14,5,Clothing,Shirt,UPI
B-26483,1063,338,3,Electronics,Accessories,EMI
B-26484,1011,335,4,Clothing,Stole,Debit Card
B-26484,3390,2151,1,Electronics,Accessories,EMI
B-26485,1011,185,4,Furniture,Bookcases,UPI
B-26486,5754,2380,4,Furniture,Chairs,EMI
B-26486,771,368,5,Electronics,Printers,COD
B-26487,1492,417,3,Electronics,Electronic Games,COD
B-26487,1237,357,5,Clothing,T-shirt,UPI
B-26487,1842,1017,2,Clothing,Stole,COD
B-26488,5968,2343,3,Furniture,Chairs,UPI
B-26488,1676,-113,1,Clothing,Hankerchief,Credit Card
B-26489,560,391,5,Clothing,Leggings,UPI
B-26489,1550,660,3,Furniture,Tables,EMI
B-26490,1540,640,2,Clothing,T-shirt,Credit Card
B-26491,1133,792,1,Clothing,Hankerchief,UPI
B-26492,4919,993,1,Furniture,Furnishings,Credit Card
B-26492,2671,841,2,Electronics,Printers,Debit Card
B-26493,1094,540,4,Clothing,Shirt,Credit Card
B-26493,5329,2349,5,Furniture,Bookcases,COD
B-26494,3279,2014,1,Electronics,Printers,Debit Card
B-26495,3467,1029,2,Furniture,Chairs,COD
B-26496,4094,1530,5,Electronics,Printers,EMI
B-26497,1089,282,3,Clothing,Trousers,UPI
B-26498,1070,685,4,Electronics,Printers,Debit Card
B-26499,585,282,1,Furniture,Chairs,COD
B-26500,2368,588,1,Furniture,Bookcases,Credit Card
B-26501,4071,1467,2,Electronics,Accessories,UPI
B-26502,5543,2282,5,Electronics,Accessories,UPI
B-26503,682,421,2,Clothing,T-shirt,COD
B-26503,164,-20,5,Clothing,Shirt,COD
B-26503,898,69,2,Furniture,Tables,UPI
B-26504,3198,383,4,Furniture,Furnishings,Debit Card
B-26504,1453,-644,3,Clothing,Hankerchief,Debit Card
B-26505,2492,1117,5,Electronics,Electronic Games,COD
B-26506,892,153,5,Furniture,Bookcases,Credit Card
B-26507,1578,89,2,Furniture,Chairs,Debit Card
B-26508,1695,-535,1,Clothing,Shirt,UPI
B-26509,2133,215,1,Electronics,Electronic Games,Credit Card
B-26510,3556,356,3,Electronics,Phones,UPI
B-26510,5697,2144,5,Electronics,Electronic Games,UPI
B-26510,4456,616,3,Electronics,Printers,Debit Card
B-26511,786,204,4,Furniture,Chairs,Credit Card
B-26511,3034,348,4,Electronics,Printers,Credit Card
B-26511,42,22,3,Clothing,Saree,Debit Card
B-26512,399,-115,3,Clothing,Hankerchief,Debit Card
B-26513,1449,679,5,Clothing,Saree,COD
B-26513,760,276,2,Clothing,Skirt,COD
B-26513,4790,2697,2,Electronics,Electronic Games,Credit Card
B-26514,3403,993,5,Furniture,Bookcases,EMI
B-26514,4033,1336,1,Electronics,Electronic Games,COD
B-26515,1907,713,5,Clothing,Stole,COD
B-26516,1138,437,4,Clothing,Saree,UPI
B-26517,4652,710,5,Furniture,Chairs,COD
B-26518,5305,1558,1,Electronics,Accessories,Debit Card
B-26518,4935,1373,4,Electronics,Electronic Games,Credit Card
B-26518,3703,466,4,Electronics,Phones,Credit Card
B-26519,398,-186,1,Clothing,Skirt,Debit Card
B-26520,1918,308,4,Clothing,Shirt,Debit Card
B-26521,1289,15,4,Clothing,Saree,Credit Card
B-26522,3918,1428,5,Furniture,Chairs,EMI
B-26522,4937,800,2,Electronics,Accessories,UPI
B-26523,543,-179,1,Clothing,Trousers,COD
B-26524,4266,722,5,Furniture,Chairs,UPI
B-26525,875,-343,5,Clothing,Kurti,Debit Card
B-26526,5634,1933,1,Furniture,Tables,Credit Card
B-26527,2094,1301,4,Electronics,Accessories,EMI
B-26527,1956,475,4,Electronics,Phones,COD
B-26528,766,-363,3,Clothing,Saree,COD
B-26529,1886,682,3,Electronics,Printers,COD
B-26529,3878,477,4,Furniture,Tables,Debit Card
B-26529,3287,297,5,Electronics,Phones,Credit Card
B-26530,477,247,4,Clothing,T-shirt,UPI
B-26530,1318,213,4,Furniture,Tables,COD
B-26531,3816,1843,3,Furniture,Furnishings,Debit Card
B-26532,1221,523,5,Furniture,Chairs,UPI
B-26533,628,69,3,Furniture,Furnishings,Credit Card
B-26534,3429,1856,5,Electronics,Printers,UPI
B-26535,1179,-353,4,Clothing,Shirt,UPI
B-26536,5358,142,4,Furniture,Furnishings,COD
B-26536,444,173,1,Electronics,Printers,Debit Card
B-26537,3380,705,1,Electronics,Phones,UPI
B-26537,2431,666,3,Furniture,Bookcases,Debit Card
B-26538,372,38,3,Clothing,Hankerchief,COD
B-26539,4831,829,3,Electronics,Electronic Games,Debit Card
B-26539,692,182,1,Furniture,Tables,Credit Card
B-26540,681,188,3,Electronics,Accessories,COD
B-26540,1368,428,3,Electronics,Printers,COD
B-26541,370,212,2,Electronics,Electronic Games,UPI
B-26542,2679,1309,5,Electronics,Electronic Games,Credit Card
B-26543,1398,349,5,Electronics,Accessories,UPI
B-26544,1694,1150,2,Clothing,Stole,COD
B-26545,4402,2824,3,Electronics,Electronic Games,COD
B-26546,4907,2470,5,Electronics,Phones,COD
B-26546,4199,2531,3,Electronics,Printers,Debit Card
B-26547,5246,1206,5,Furniture,Furnishings,EMI
B-26548,573,163,1,Clothing,Skirt,UPI
B-26549,3227,1015,2,Electronics,Printers,EMI
B-26550,1569,-764,2,Clothing,Trousers,UPI
B-26551,2938,732,2,Electronics,Phones,Credit Card
B-26552,463,179,4,Clothing,Hankerchief,UPI
B-26553,1471,679,5,Furniture,Tables,Debit Card
B-26554,4437,2065,1,Electronics,Phones,Credit Card
B-26554,4229,2315,3,Electronics,Accessories,UPI
B-26555,5290,305,1,Electronics,Electronic Games,COD
B-26556,5336,1035,4,Electronics,Accessories,COD
B-26556,5979,2354,4,Furniture,Furnishings,Credit Card
B-26557,4212,2711,1,Electronics,Phones,Credit Card
B-26558,772,377,5,Furniture,Furnishings,COD
B-26558,3628,1253,1,Electronics,Electronic Games,Credit Card
B-26559,913,408,2,Clothing,T-shirt,EMI
B-26560,3760,300,5,Furniture,Chairs,Credit Card
B-26561,1045,-243,2,Clothing,Saree,EMI
B-26562,3893,1178,1,Furniture,Furnishings,Credit Card
B-26563,794,-45,4,Clothing,Trousers,UPI
B-26563,2562,1043,2,Furniture,Bookcases,COD
B-26564,1896,-737,1,Clothing,Hankerchief,UPI
B-26565,1520,375,5,Furniture,Chairs,COD
B-26566,5727,980,5,Electronics,Accessories,Debit Card
B-26567,587,66,4,Electronics,Phones,COD
B-26568,5469,2664,4,Electronics,Accessories,UPI
B-26569,1301,279,4,Electronics,Phones,COD
B-26570,558,194,3,Clothing,Saree,Debit Card
B-26571,2256,811,4,Electronics,Electronic Games,Credit Card
B-26571,793,-65,1,Clothing,Hankerchief,Credit Card
B-26572,2178,250,2,Electronics,Accessories,EMI
B-26572,255,149,4,Clothing,Saree,COD
B-26573,4126,1953,1,Furniture,Bookcases,EMI
B-26574,1874,703,3,Clothing,Saree,Credit Card
B-26575,3978,353,1,Furniture,Bookcases,COD
B-26576,979,548,2,Clothing,Leggings,Debit Card
B-26577,232,87,4,Clothing,Kurti,UPI
B-26578,3342,281,2,Electronics,Phones,UPI
B-26578,944,122,3,Furniture,Tables,Credit Card
B-26579,1693,-132,5,Clothing,T-shirt,UPI
B-26580,2315,120,4,Furniture,Bookcases,UPI
B-26580,5078,2142,1,Furniture,Bookcases,EMI
B-26580,572,261,1,Furniture,Chairs,Credit Card
B-26581,1834,-6,3,Clothing,Kurti,UPI
B-26582,3067,897,3,Furniture,Bookcases,COD
B-26582,624,133,5,Furniture,Chairs,UPI
B-26583,100,48,4,Clothing,Kurti,Credit Card
B-26584,1732,704,5,Electronics,Accessories,EMI
B-26585,453,252,4,Electronics,Printers,EMI
B-26586,5914,1544,3,Furniture,Tables,Credit Card
B-26586,1280,247,4,Electronics,Printers,COD
B-26587,1884,-659,3,Clothing,Stole,Credit Card
B-26587,4567,1438,2,Electronics,Accessories,Debit Card
B-26587,2668,1227,5,Electronics,Electronic Games,COD
B-26588,164,-67,5,Clothing,Stole,COD
B-26588,2073,1258,3,Electronics,Phones,UPI
B-26589,393,248,2,Clothing,Trousers,Debit Card
B-26589,933,138,3,Furniture,Chairs,EMI
B-26589,1134,615,4,Clothing,T-shirt,EMI
B-26590,2302,1442,2,Electronics,Electronic Games,Credit Card
B-26591,3111,1986,5,Electronics,Accessories,Credit Card
B-26591,3706,2407,5,Electronics,Electronic Games,COD
B-26591,591,280,5,Furniture,Tables,UPI
B-26592,3046,1036,3,Furniture,Furnishings,UPI
B-26592,5693,3226,2,Electronics,Electronic Games,COD
B-26592,2777,859,4,Furniture,Chairs,UPI
B-26593,1286,508,3,Clothing,Stole,UPI
B-26593,1572,62,5,Furniture,Bookcases,COD
B-26594,2712,541,4,Furniture,Furnishings,Debit Card
B-26594,1817,10,2,Clothing,Leggings,UPI
B-26595,4476,1504,5,Electronics,Phones,UPI
B-26596,4253,789,4,Electronics,Accessories,EMI
B-26597,4562,2191,3,Furniture,Tables,COD
B-26597,3594,1679,1,Furniture,Tables,Credit Card
B-26598,1094,96,2,Electronics,Printers,COD
B-26598,874,415,3,Electronics,Printers,EMI
B-26599,582,96,4,Clothing,Kurti,Credit Card
B-26599,1356,840,5,Clothing,T-shirt,UPI
B-26600,4211,2705,4,Electronics,Electronic Games,UPI
B-26600,5359,2247,4,Furniture,Bookcases,COD
B-26600,5155,2505,2,Furniture,Bookcases,EMI
B-26601,1310,-166,5,Clothing,Kurti,UPI
B-26602,575,362,1,Clothing,Leggings,Debit Card
B-26603,2294,633,5,Furniture,Bookcases,EMI
B-26603,5987,1625,1,Furniture,Furnishings,EMI
B-26604,3685,2274,3,Electronics,Electronic Games,COD
B-26605,109,17,1,Clothing,Shirt,Debit Card
B-26605,5525,1261,3,Furniture,Chairs,UPI
B-26606,5354,2427,2,Electronics,Printers,COD
B-26607,1915,77,5,Clothing,Hankerchief,COD
B-26608,637,395,1,Electronics,Accessories,Debit Card
B-26608,5306,1984,1,Electronics,Printers,COD
B-26609,598,-167,2,Clothing,Kurti,COD
B-26609,1500,-496,1,Clothing,Shirt,COD
B-26610,2224,1020,5,Electronics,Electronic Games,Debit Card
B-26610,5443,284,2,Furniture,Furnishings,Credit Card
B-26611,3418,1918,1,Electronics,Printers,Debit Card
B-26612,3089,1052,5,Electronics,Printers,COD
B-26613,2224,1189,1,Electronics,Printers,Debit Card
B-26614,1312,848,4,Clothing,Stole,COD
B-26615,4661,909,1,Furniture,Tables,Debit Card
B-26616,968,518,1,Clothing,Saree,Credit Card
B-26617,358,-168,1,Clothing,Skirt,COD
B-26618,1044,227,1,Electronics,Printers,COD
B-26618,4986,597,2,Electronics,Printers,Debit Card
B-26619,245,-26,1,Clothing,Kurti,Credit Card
B-26620,1600,314,1,Electronics,Printers,UPI
B-26621,2770,1637,4,Electronics,Electronic Games,UPI
B-26621,3641,320,5,Furniture,Tables,Credit Card
B-26621,251,82,1,Clothing,Trousers,Credit Card
B-26622,819,-262,2,Clothing,Stole,EMI
B-26623,1151,-243,4,Clothing,Trousers,COD
B-26624,1135,331,5,Electronics,Phones,Credit Card
B-26624,855,38,4,Clothing,T-shirt,Credit Card
B-26625,832,441,2,Clothing,Trousers,EMI
B-26626,527,223,5,Electronics,Printers,Debit Card
B-26626,2406,336,1,Electronics,Printers,UPI
B-26627,3708,458,5,Electronics,Printers,EMI
B-26628,2482,611,3,Electronics,Accessories,UPI
B-26628,1634,288,3,Clothing,Trousers,COD
B-26629,1128,25,3,Clothing,Saree,UPI
B-26630,770,-323,3,Clothing,Hankerchief,COD
B-26630,2832,303,3,Electronics,Accessories,COD
B-26631,802,463,1,Electronics,Electronic Games,COD
B-26632,308,-142,1,Clothing,Stole,Credit Card
B-26633,3971,1434,3,Furniture,Tables,COD
B-26634,2761,1197,5,Furniture,Tables,Debit Card
B-26635,374,254,4,Clothing,Saree,Debit Card
B-26635,375,27,1,Clothing,T-shirt,UPI
B-26636,410,13,5,Clothing,Stole,COD
B-26637,3602,2017,2,Electronics,Phones,COD
B-26638,4295,621,3,Furniture,Furnishings,UPI
B-26638,367,-85,4,Clothing,T-shirt,UPI
B-26639,569,-11,5,Clothing,Shirt,Credit Card
B-26640,4741,2032,2,Electronics,Electronic Games,COD
B-26641,1620,97,2,Furniture,Chairs,Debit Card
B-26642,123,-11,4,Clothing,Trousers,Credit Card
B-26642,811,75,3,Furniture,Tables,UPI
B-26643,29,4,2,Clothing,Skirt,COD
B-26644,1643,887,1,Clothing,Stole,Credit Card
B-26645,949,216,1,Furniture,Tables,UPI
B-26645,829,428,5,Clothing,Skirt,Debit Card
B-26646,4548,1742,5,Furniture,Bookcases,COD
B-26647,2419,1316,3,Electronics,Accessories,COD
B-26647,3295,1153,1,Electronics,Phones,COD
B-26648,3513,1153,2,Furniture,Chairs,Credit Card
B-26649,4777,1111,5,Furniture,Furnishings,Debit Card
B-26650,1602,1027,3,Clothing,Skirt,Credit Card
B-26651,1463,211,2,Clothing,Kurti,Credit Card
B-26652,1209,175,3,Electronics,Electronic Games,COD
B-26653,5419,1410,5,Electronics,Phones,COD
B-26654,3914,1192,4,Furniture,Tables,Credit Card
B-26654,1207,203,1,Electronics,Accessories,COD
B-26655,3830,1134,5,Electronics,Electronic Games,Credit Card
B-26655,804,205,1,Furniture,Furnishings,COD
B-26656,786,456,4,Electronics,Phones,COD
B-26657,874,45,1,Clothing,Shirt,Credit Card
B-26657,514,218,3,Clothing,Leggings,UPI
B-26658,3607,391,4,Furniture,Furnishings,Credit Card
B-26658,1907,1034,4,Clothing,Saree,UPI
B-26659,485,318,1,Clothing,Shirt,COD
B-26660,1918,322,5,Electronics,Phones,COD
B-26660,1766,250,4,Electronics,Accessories,Credit Card
B-26661,1293,616,1,Electronics,Electronic Games,Credit Card
B-26661,1589,445,4,Clothing,Leggings,COD
B-26662,5672,1946,2,Furniture,Tables,Credit Card
B-26662,5578,114,5,Furniture,Chairs,COD
B-26663,351,106,1,Clothing,Leggings,COD
B-26663,1674,179,3,Electronics,Printers,EMI
B-26664,1619,109,1,Clothing,Hankerchief,UPI
B-26664,1281,198,3,Furniture,Furnishings,UPI
B-26665,1955,234,4,Furniture,Bookcases,COD
B-26665,1233,-78,5,Clothing,Trousers,COD
B-26665,1675,777,1,Clothing,T-shirt,COD
B-26666,1261,-480,5,Clothing,Stole,UPI
B-26666,778,372,2,Electronics,Accessories,Credit Card
B-26666,366,132,2,Electronics,Phones,UPI
B-26667,1986,9,4,Clothing,Skirt,UPI
B-26668,2094,1252,4,Electronics,Printers,UPI
B-26669,762,408,2,Electronics,Phones,Credit Card
B-26670,842,331,5,Electronics,Accessories,COD
B-26671,1063,194,4,Electronics,Phones,COD
B-26672,1034,599,5,Clothing,Shirt,COD
B-26673,566,219,3,Furniture,Bookcases,COD
B-26674,2265,586,1,Furniture,Furnishings,COD
B-26675,4396,2639,3,Electronics,Printers,COD
B-26676,4725,723,3,Furniture,Chairs,EMI
B-26676,900,-90,3,Clothing,Hankerchief,COD
B-26677,1939,-837,5,Clothing,Leggings,COD
B-26677,394,-177,1,Clothing,Hankerchief,Debit Card
B-26678,1947,533,1,Furniture,Chairs,UPI
B-26679,189,-59,2,Clothing,Hankerchief,Debit Card
B-26680,941,145,2,Electronics,Phones,Credit Card
B-26681,1408,174,1,Furniture,Tables,COD
B-26681,199,12,4,Clothing,Leggings,UPI
B-26682,191,91,4,Clothing,T-shirt,COD
B-26682,1203,-2,1,Clothing,Leggings,Debit Card
B-26683,4730,1306,1,Furniture,Bookcases,EMI
B-26684,5268,2609,4,Electronics,Printers,UPI
B-26684,4125,281,1,Furniture,Tables,UPI
B-26685,5969,1817,1,Furniture,Furnishings,Debit Card
B-26685,5530,461,4,Electronics,Phones,Credit Card
B-26686,399,174,3,Clothing,Hankerchief,UPI
B-26687,5020,1239,4,Furniture,Furnishings,COD
B-26688,2111,165,1,Electronics,Accessories,EMI
B-26688,5198,2377,5,Electronics,Accessories,COD
B-26688,3470,1694,1,Electronics,Printers,EMI
B-26689,3043,1464,1,Electronics,Electronic Games,EMI
B-26690,3117,773,2,Electronics,Phones,COD
B-26691,564,-171,5,Clothing,Leggings,COD
B-26692,476,268,1,Electronics,Accessories,Credit Card
B-26693,948,594,2,Clothing,Trousers,Credit Card
B-26694,1857,522,3,Furniture,Tables,UPI
B-26694,457,252,3,Electronics,Printers,Debit Card
B-26695,1868,645,1,Clothing,T-shirt,COD
B-26696,3439,887,5,Electronics,Electronic Games,COD
B-26696,5417,963,4,Furniture,Tables,UPI
B-26696,583,-89,4,Clothing,Shirt,UPI
B-26697,1087,758,5,Clothing,Stole,UPI
B-26697,908,280,3,Electronics,Phones,COD
B-26698,1826,-729,4,Clothing,Leggings,COD
B-26699,281,85,3,Clothing,Kurti,UPI
B-26700,3235,188,1,Electronics,Printers,UPI
B-26700,841,-204,4,Clothing,Skirt,COD
B-26701,1045,266,4,Clothing,T-shirt,COD
B-26702,1296,250,3,Furniture,Furnishings,UPI
B-26702,3745,1164,2,Furniture,Bookcases,COD
B-26703,833,378,3,Electronics,Printers,COD
B-26704,1447,908,4,Clothing,T-shirt,COD
B-26705,1655,918,3,Electronics,Accessories,Debit Card
B-26706,4693,1660,4,Furniture,Furnishings,UPI
B-26707,1017,274,1,Furniture,Bookcases,COD
B-26708,868,508,3,Clothing,Saree,Debit Card
B-26709,5374,1063,2,Furniture,Chairs,COD
B-26709,2515,716,1,Electronics,Electronic Games,Debit Card
B-26710,1192,823,2,Clothing,T-shirt,COD
B-26711,1289,461,4,Furniture,Tables,EMI
B-26712,1472,1011,2,Clothing,T-shirt,COD
B-26712,2028,646,2,Furniture,Bookcases,COD
B-26713,1590,257,3,Clothing,Stole,COD
B-26713,1360,-569,5,Clothing,Shirt,Credit Card
B-26714,2913,1106,1,Electronics,Accessories,Credit Card
B-26715,3507,1459,5,Furniture,Bookcases,Credit Card
B-26715,1447,-241,3,Clothing,Hankerchief,UPI
B-26716,1413,-591,5,Clothing,Shirt,COD
B-26717,1787,224,4,Electronics,Accessories,UPI
B-26717,805,26,5,Clothing,Kurti,Debit Card
B-26717,1679,119,3,Electronics,Phones,UPI
B-26718,1192,495,3,Clothing,T-shirt,Debit Card
B-26718,1406,78,1,Furniture,Chairs,Debit Card
B-26719,5186,1933,3,Furniture,Chairs,EMI
B-26719,345,215,2,Electronics,Phones,UPI
B-26719,1728,-715,2,Clothing,Leggings,UPI
B-26720,1948,-549,4,Clothing,Saree,Credit Card
B-26720,5618,1261,1,Furniture,Tables,Credit Card
B-26721,1231,467,5,Furniture,Tables,Debit Card
B-26722,3433,1278,2,Furniture,Chairs,Credit Card
B-26723,683,125,5,Electronics,Electronic Games,UPI
B-26723,2428,669,5,Electronics,Phones,Debit Card
B-26724,627,299,4,Clothing,Saree,Credit Card
B-26725,1585,602,1,Clothing,Leggings,COD
B-26725,1668,161,5,Electronics,Phones,UPI
B-26725,1757,152,4,Furniture,Bookcases,UPI
B-26726,4710,1587,1,Furniture,Tables,UPI
B-26727,795,431,5,Clothing,Hankerchief,COD
B-26728,2199,590,4,Furniture,Furnishings,Credit Card
B-26728,1288,-572,4,Clothing,Shirt,Debit Card
B-26729,4922,373,4,Furniture,Tables,Credit Card
B-26729,5199,3117,2,Electronics,Printers,Credit Card
B-26730,2993,879,1,Electronics,Printers,UPI
B-26731,1219,-564,2,Clothing,T-shirt,Credit Card
B-26732,4152,542,5,Furniture,Chairs,COD
B-26733,2342,1114,2,Furniture,Bookcases,EMI
B-26733,1465,952,2,Clothing,Shirt,COD
B-26734,1063,96,5,Furniture,Bookcases,COD
B-26734,505,162,1,Clothing,Shirt,COD
B-26735,2751,642,3,Electronics,Printers,COD
B-26735,5033,645,5,Furniture,Furnishings,Debit Card
B-26736,1434,809,1,Clothing,Leggings,UPI
B-26737,1139,-429,3,Clothing,Shirt,UPI
B-26737,2746,285,2,Furniture,Tables,COD
B-26738,4663,1883,4,Electronics,Printers,Debit Card
B-26739,4976,311,2,Electronics,Accessories,EMI
B-26740,3200,193,4,Furniture,Bookcases,Credit Card
B-26741,1116,554,3,Furniture,Bookcases,Debit Card
B-26742,3349,869,1,Furniture,Bookcases,Credit Card
B-26742,754,24,4,Furniture,Bookcases,COD
B-26743,5414,2329,1,Electronics,Electronic Games,UPI
B-26743,5050,294,5,Furniture,Chairs,UPI
B-26744,561,358,2,Electronics,Printers,Debit Card
B-26744,170,4,3,Clothing,T-shirt,COD
B-26745,3321,1816,5,Electronics,Printers,COD
B-26746,108,-9,2,Clothing,Trousers,COD
B-26747,2417,829,2,Furniture,Furnishings,COD
B-26747,1354,-624,5,Clothing,Stole,COD
B-26748,3026,1210,4,Electronics,Electronic Games,UPI
B-26749,1100,188,4,Clothing,T-shirt,COD
B-26749,4960,514,4,Electronics,Printers,UPI
B-26750,708,127,4,Electronics,Printers,UPI
B-26751,4398,1895,4,Furniture,Chairs,UPI
B-26752,722,135,4,Clothing,T-shirt,Credit Card
B-26753,197,-12,4,Clothing,Hankerchief,COD
B-26754,2294,1039,1,Electronics,Accessories,COD
B-26754,310,-10,5,Clothing,Leggings,COD
B-26754,1596,-435,1,Clothing,Leggings,Debit Card
B-26755,3045,1274,3,Furniture,Tables,UPI
B-26755,5734,1492,2,Electronics,Phones,Debit Card
B-26756,906,441,4,Clothing,Kurti,Debit Card
B-26756,1140,-259,5,Clothing,Leggings,Credit Card
B-26757,3516,1920,3,Electronics,Electronic Games,UPI
B-26758,2357,489,1,Electronics,Phones,Credit Card
B-26758,1798,-645,2,Clothing,Trousers,Debit Card
B-26758,1937,-938,5,Clothing,T-shirt,UPI
B-26759,918,-370,2,Clothing,Trousers,COD
B-26760,204,10,4,Clothing,Leggings,COD
B-26760,3331,1409,2,Electronics,Accessories,COD
B-26761,3797,127,2,Furniture,Bookcases,COD
B-26762,1971,394,1,Electronics,Printers,Credit Card
B-26763,2786,1089,5,Electronics,Printers,Credit Card
B-26763,2559,1326,3,Electronics,Accessories,UPI
B-26764,1317,879,2,Clothing,Saree,UPI
B-26765,1491,-280,3,Clothing,Shirt,Credit Card
B-26766,3013,304,1,Furniture,Bookcases,COD
B-26766,1128,154,5,Clothing,Stole,COD
B-26767,1657,239,1,Furniture,Furnishings,UPI
B-26768,1358,-14,4,Clothing,Leggings,Credit Card
B-26768,4961,900,1,Electronics,Electronic Games,COD
B-26769,1404,700,5,Furniture,Chairs,COD
B-26769,125,29,2,Clothing,Skirt,COD
B-26770,1402,118,1,Electronics,Electronic Games,UPI
B-26771,416,135,1,Electronics,Electronic Games,COD
B-26772,57,22,5,Clothing,Shirt,UPI
B-26773,3496,2116,1,Electronics,Electronic Games,COD
B-26774,4071,550,3,Furniture,Chairs,COD
B-26774,393,153,3,Clothing,Trousers,Credit Card
B-26775,3758,758,4,Electronics,Accessories,COD
B-26776,4681,1267,2,Electronics,Phones,UPI
B-26777,4946,998,3,Electronics,Electronic Games,Credit Card
B-26777,2114,921,1,Furniture,Chairs,COD
B-26778,4735,1938,5,Electronics,Accessories,COD
B-26778,5517,3398,1,Electronics,Printers,Debit Card
B-26779,884,-278,2,Clothing,Saree,Debit Card
B-26779,3718,352,2,Furniture,Furnishings,Credit Card
B-26780,1015,-182,1,Clothing,Shirt,UPI
B-26780,869,229,3,Furniture,Bookcases,Debit Card
B-26781,4624,1045,5,Electronics,Accessories,Debit Card
B-26782,954,544,5,Clothing,Hankerchief,UPI
B-26782,1645,331,5,Electronics,Accessories,Credit Card
B-26783,1680,660,3,Furniture,Furnishings,Credit Card
B-26783,287,-115,2,Clothing,Skirt,Debit Card
B-26783,4809,1622,1,Furniture,Tables,Debit Card
B-26784,987,28,1,Clothing,Stole,UPI
B-26784,1126,-341,2,Clothing,Stole,COD
B-26785,1953,1192,5,Clothing,Shirt,EMI
B-26786,3739,1622,5,Furniture,Bookcases,Credit Card
B-26787,1589,334,2,Furniture,Furnishings,COD
B-26788,57,12,2,Clothing,Hankerchief,COD
B-26788,472,6,3,Clothing,Saree,Credit Card
B-26788,984,-433,2,Clothing,Hankerchief,Credit Card
B-26789,2070,1070,2,Electronics,Phones,COD
B-26790,2307,723,3,Furniture,Furnishings,EMI
B-26791,1433,696,4,Furniture,Furnishings,Credit Card
B-26792,268,-23,5,Clothing,T-shirt,Debit Card
B-26793,1161,301,3,Furniture,Chairs,UPI
B-26794,311,-94,1,Clothing,Leggings,UPI
B-26794,4370,907,1,Electronics,Accessories,Credit Card
B-26795,4719,1938,1,Electronics,Printers,COD
B-26796,1837,1065,4,Clothing,Skirt,Credit Card
B-26797,5006,1054,4,Furniture,Chairs,Debit Card
B-26798,3652,1589,5,Electronics,Accessories,COD
B-26798,4265,1581,2,Furniture,Chairs,COD
B-26799,4732,2471,2,Electronics,Phones,Credit Card
B-26799,2202,310,3,Electronics,Accessories,COD
B-26800,3817,1719,4,Electronics,Electronic Games,UPI
B-26801,457,157,4,Clothing,Trousers,Credit Card
B-26802,1232,295,1,Clothing,Skirt,Credit Card
B-26803,4876,2558,2,Electronics,Phones,COD
B-26804,1602,561,3,Clothing,T-shirt,Credit Card
B-26805,4398,1031,4,Electronics,Printers,UPI
B-26806,675,-61,5,Clothing,Stole,Debit Card
B-26807,410,110,2,Clothing,Leggings,UPI
B-26808,1112,248,3,Furniture,Chairs,UPI
B-26808,1331,-296,5,Clothing,Shirt,COD
B-26808,1583,945,2,Electronics,Printers,UPI
B-26809,3665,1581,1,Electronics,Electronic Games,COD
B-26810,2368,418,5,Electronics,Phones,UPI
B-26810,1299,685,1,Electronics,Accessories,COD
B-26810,834,-94,5,Clothing,Shirt,COD
B-26811,4226,1053,1,Electronics,Accessories,Credit Card
B-26811,1956,390,1,Furniture,Chairs,Credit Card
B-26811,339,-88,3,Clothing,Kurti,Debit Card
B-26812,5577,3334,3,Electronics,Phones,Credit Card
B-26813,1647,-701,1,Clothing,T-shirt,UPI
B-26813,836,389,5,Furniture,Furnishings,UPI
B-26814,65,14,3,Clothing,Leggings,EMI
B-26814,5795,1734,3,Furniture,Chairs,Debit Card
B-26815,1952,332,3,Electronics,Electronic Games,Debit Card
B-26816,1791,1210,1,Clothing,Skirt,COD
B-26817,1237,76,2,Electronics,Phones,UPI
B-26818,2689,1722,5,Electronics,Printers,UPI
B-26819,1902,-805,1,Clothing,Skirt,UPI
B-26819,5150,133,3,Furniture,Chairs,Debit Card
B-26820,390,267,1,Clothing,Saree,Credit Card
B-26820,4588,2028,4,Electronics,Accessories,Credit Card
B-26821,5682,1973,5,Electronics,Electronic Games,UPI
B-26821,1871,277,3,Clothing,Skirt,Credit Card
B-26821,5440,669,2,Electronics,Accessories,COD
B-26822,1160,-411,2,Clothing,Saree,Credit Card
B-26823,3874,1380,4,Electronics,Printers,UPI
B-26824,560,275,4,Electronics,Accessories,Debit Card
B-26825,1066,6,3,Clothing,Hankerchief,Credit Card
B-26826,4269,2684,3,Electronics,Printers,COD
B-26826,321,136,5,Clothing,Shirt,EMI
B-26827,5356,2468,1,Furniture,Tables,EMI
B-26827,786,339,5,Electronics,Accessories,Debit Card
B-26828,5649,1081,5,Furniture,Chairs,Credit Card
B-26828,736,-206,3,Clothing,Skirt,COD
B-26829,1259,34,2,Furniture,Bookcases,UPI
B-26830,443,197,5,Clothing,Skirt,UPI
B-26831,991,446,5,Clothing,Leggings,COD
B-26832,105,60,1,Clothing,Leggings,UPI
B-26832,3279,444,3,Furniture,Furnishings,COD
B-26833,55,20,4,Clothing,T-shirt,UPI
B-26833,1164,427,2,Furniture,Furnishings,Debit Card
B-26834,1523,462,5,Furniture,Tables,Debit Card
B-26835,1426,-208,5,Clothing,Leggings,Debit Card
B-26835,5493,2878,5,Electronics,Electronic Games,Debit Card
B-26835,2569,539,5,Furniture,Chairs,UPI
B-26836,4254,125,1,Furniture,Chairs,Credit Card
B-26836,5325,1966,3,Furniture,Chairs,UPI
B-26837,2349,699,5,Electronics,Electronic Games,Credit Card
B-26838,2803,1049,1,Electronics,Printers,UPI
B-26839,1577,-27,5,Clothing,Trousers,Credit Card
B-26839,952,209,5,Clothing,Skirt,COD
B-26839,5655,889,4,Electronics,Electronic Games,Debit Card
B-26840,4587,1642,5,Electronics,Accessories,COD
B-26841,1672,505,4,Clothing,Shirt,Credit Card
B-26842,4747,889,1,Furniture,Tables,COD
B-26842,223,155,4,Clothing,Stole,EMI
B-26843,3411,2087,1,Electronics,Printers,COD
B-26843,934,59,3,Furniture,Chairs,Debit Card
B-26844,4488,1582,5,Electronics,Printers,Debit Card
B-26845,3793,1705,1,Furniture,Chairs,COD
B-26846,584,68,4,Clothing,Trousers,Debit Card
B-26847,5819,1015,5,Furniture,Chairs,COD
B-26848,4391,373,1,Furniture,Furnishings,EMI
B-26849,704,345,2,Clothing,Stole,COD
B-26849,4062,2166,3,Electronics,Printers,Credit Card
B-26850,1552,-215,4,Clothing,Leggings,COD
B-26850,5724,2009,3,Furniture,Chairs,COD
B-26851,5091,3127,1,Electronics,Accessories,EMI
B-26852,2945,494,1,Furniture,Furnishings,Credit Card
B-26852,2440,671,3,Electronics,Printers,COD
B-26853,519,50,1,Clothing,Stole,UPI
B-26853,2651,723,3,Furniture,Chairs,Credit Card
B-26854,1118,112,3,Clothing,Stole,EMI
B-26854,3052,654,3,Furniture,Bookcases,Credit Card
B-26854,4400,366,1,Furniture,Bookcases,Credit Card
B-26855,4798,1783,2,Electronics,Electronic Games,EMI
B-26856,45,14,2,Clothing,Saree,UPI
B-26856,2195,334,3,Electronics,Electronic Games,Debit Card
B-26857,5734,1991,3,Furniture,Tables,COD
B-26857,1808,143,4,Clothing,Skirt,UPI
B-26857,1347,-528,3,Clothing,Leggings,COD
B-26858,2981,717,5,Furniture,Bookcases,Credit Card
B-26859,5582,3096,5,Electronics,Electronic Games,EMI
B-26860,681,131,1,Electronics,Printers,UPI
B-26860,4922,2284,1,Furniture,Bookcases,UPI
B-26861,3272,492,4,Electronics,Electronic Games,COD
B-26862,1678,133,5,Clothing,Shirt,Credit Card
B-26863,5582,2659,4,Furniture,Bookcases,COD
B-26864,2136,869,4,Furniture,Tables,Credit Card
B-26865,4581,755,2,Electronics,Accessories,UPI
B-26865,94,-22,4,Clothing,T-shirt,Credit Card
B-26866,3483,358,5,Furniture,Bookcases,UPI
B-26866,4453,981,5,Furniture,Chairs,UPI
B-26867,764,309,2,Electronics,Electronic Games,Credit Card
B-26867,569,92,4,Furniture,Furnishings,Debit Card
B-26868,688,-232,5,Clothing,Trousers,UPI
B-26868,2612,1589,5,Electronics,Electronic Games,UPI
B-26869,5767,2679,1,Furniture,Bookcases,Debit Card
B-26870,2245,465,4,Furniture,Furnishings,COD
B-26870,1450,936,2,Clothing,Kurti,COD
B-26871,1829,98,4,Furniture,Tables,UPI
B-26872,2386,427,2,Furniture,Furnishings,Credit Card
B-26872,146,-19,5,Clothing,Trousers,Debit Card
B-26873,1183,85,5,Furniture,Tables,COD
B-26874,2183,1039,2,Electronics,Accessories,Credit Card
B-26874,1684,-405,2,Clothing,Kurti,EMI
B-26875,935,-350,4,Clothing,Trousers,COD
B-26875,3597,1701,5,Furniture,Tables,COD
B-26876,171,-73,5,Clothing,Hankerchief,COD
B-26876,1644,378,3,Furniture,Furnishings,Credit Card
B-26876,1061,498,4,Clothing,T-shirt,UPI
B-26877,3215,1508,2,Electronics,Accessories,COD
B-26878,3707,476,4,Electronics,Electronic Games,Credit Card
B-26879,4990,568,5,Furniture,Bookcases,COD
B-26879,3675,318,1,Furniture,Tables,UPI
B-26880,117,-40,4,Clothing,Stole,Credit Card
B-26881,925,166,4,Clothing,Saree,UPI
B-26882,1105,89,1,Clothing,Skirt,COD
B-26883,1328,203,2,Clothing,Kurti,Credit Card
B-26884,3858,986,2,Electronics,Accessories,Credit Card
B-26885,4696,603,5,Furniture,Chairs,Debit Card
B-26885,1519,-278,1,Clothing,Hankerchief,EMI
B-26886,3546,1062,1,Electronics,Printers,Credit Card
B-26887,3199,1048,3,Electronics,Phones,UPI
B-26888,1246,-364,4,Clothing,Hankerchief,Credit Card
B-26889,756,73,3,Clothing,Shirt,UPI
B-26889,75,-8,5,Clothing,Skirt,UPI
B-26890,737,-70,1,Clothing,Stole,Debit Card
B-26890,2246,869,3,Electronics,Accessories,UPI
B-26891,241,-49,1,Clothing,Skirt,Debit Card
B-26892,948,314,4,Clothing,Kurti,COD
B-26893,289,-88,3,Clothing,Shirt,COD
B-26893,1450,-444,1,Clothing,Leggings,Debit Card
B-26894,1191,-528,4,Clothing,Leggings,EMI
B-26895,276,151,2,Clothing,T-shirt,EMI
B-26896,1871,117,3,Electronics,Accessories,Credit Card
B-26897,304,-123,2,Clothing,Kurti,UPI
B-26898,1431,116,3,Clothing,Kurti,COD
B-26899,2221,308,3,Electronics,Electronic Games,COD
B-26899,306,138,2,Clothing,Kurti,COD
B-26900,992,676,2,Clothing,T-shirt,COD
B-26900,4416,95,4,Furniture,Bookcases,COD
B-26900,1121,733,2,Clothing,Shirt,Debit Card
B-26901,4218,1953,2,Furniture,Furnishings,COD
B-26902,1131,-422,3,Clothing,Trousers,COD
B-26903,35,17,5,Clothing,Trousers,UPI
B-26904,1951,142,4,Clothing,Shirt,UPI
B-26905,2831,1724,2,Electronics,Electronic Games,UPI
B-26906,2551,135,1,Electronics,Accessories,UPI
B-26907,1841,-173,2,Clothing,Hankerchief,COD
B-26908,1805,726,2,Clothing,Trousers,Credit Card
B-26909,3412,1291,1,Electronics,Printers,UPI
B-26910,487,-227,2,Clothing,Leggings,COD
B-26911,1117,412,2,Clothing,Kurti,Debit Card
B-26912,5627,421,4,Electronics,Accessories,COD
B-26913,3598,191,2,Electronics,Accessories,COD
B-26914,4750,1380,3,Electronics,Printers,Debit Card
B-26915,199,129,3,Clothing,Kurti,Debit Card
B-26915,58,-8,5,Clothing,Kurti,EMI
B-26916,950,-270,1,Clothing,Leggings,UPI
B-26916,104,63,5,Clothing,Stole,UPI
B-26917,5161,360,4,Electronics,Printers,COD
B-26918,3033,396,3,Furniture,Chairs,COD
B-26919,1207,150,2,Furniture,Tables,UPI
B-26919,590,-81,2,Clothing,Skirt,UPI
B-26920,540,246,2,Clothing,Stole,Debit Card
B-26921,1979,-107,4,Clothing,Leggings,EMI
B-26922,859,267,3,Furniture,Bookcases,COD
B-26923,1995,-148,3,Clothing,Stole,Debit Card
B-26924,3698,1228,5,Electronics,Electronic Games,COD
B-26924,772,489,1,Electronics,Printers,UPI
B-26925,1320,-141,2,Clothing,Leggings,COD
B-26925,2323,1507,3,Electronics,Printers,UPI
B-26926,2583,1017,4,Electronics,Electronic Games,COD
B-26927,1336,287,2,Clothing,Kurti,UPI
B-26928,759,465,5,Clothing,Kurti,COD
B-26929,1728,-831,2,Clothing,Hankerchief,Credit Card
B-26929,1436,539,1,Furniture,Tables,Debit Card
B-26929,5926,2477,4,Furniture,Chairs,UPI
B-26930,4449,273,2,Furniture,Chairs,COD
B-26930,1952,937,4,Electronics,Printers,Credit Card
B-26931,3588,613,4,Electronics,Electronic Games,COD
B-26932,838,210,1,Clothing,T-shirt,EMI
B-26933,4711,1799,4,Furniture,Chairs,Credit Card
B-26934,4063,717,2,Furniture,Tables,UPI
B-26935,5750,3622,3,Electronics,Printers,COD
B-26936,625,-245,5,Clothing,Skirt,Credit Card
B-26937,873,503,5,Electronics,Accessories,Debit Card
B-26937,3997,445,5,Electronics,Electronic Games,COD
B-26938,1476,-371,5,Clothing,Hankerchief,Credit Card
B-26938,1571,720,1,Electronics,Phones,Debit Card
B-26938,3905,1887,5,Furniture,Chairs,EMI
B-26939,5387,899,1,Furniture,Bookcases,EMI
B-26939,4694,1242,5,Furniture,Chairs,UPI
B-26939,2861,952,2,Electronics,Electronic Games,COD
B-26940,1926,299,1,Electronics,Electronic Games,COD
B-26941,4392,791,2,Furniture,Tables,UPI
B-26942,1334,87,4,Clothing,T-shirt,COD
B-26942,1655,756,1,Furniture,Furnishings,Debit Card
B-26943,4484,2012,4,Furniture,Furnishings,UPI
B-26944,1114,-341,2,Clothing,Skirt,COD
B-26945,400,-176,2,Clothing,Shirt,EMI
B-26946,721,-48,1,Clothing,Stole,COD
B-26947,1048,643,2,Clothing,Kurti,COD
B-26947,624,70,3,Clothing,Kurti,Debit Card
B-26948,2496,1052,3,Furniture,Furnishings,UPI
B-26949,3040,1555,4,Electronics,Electronic Games,UPI
B-26950,32,19,4,Clothing,Trousers,Credit Card
B-26951,1286,510,3,Electronics,Phones,COD
B-26952,1542,-491,2,Clothing,Saree,Debit Card
B-26952,5209,2506,5,Electronics,Phones,COD
B-26953,5295,830,4,Furniture,Tables,Credit Card
B-26954,1572,877,3,Clothing,Hankerchief,UPI
B-26954,93,23,3,Clothing,Saree,COD
B-26954,3766,1655,3,Electronics,Accessories,Debit Card
B-26955,5005,1503,3,Electronics,Electronic Games,COD
B-26956,4451,2334,3,Electronics,Accessories,Credit Card
B-26957,4020,2545,1,Electronics,Accessories,EMI
B-26958,3789,835,2,Electronics,Printers,Credit Card
B-26959,2742,143,5,Electronics,Accessories,COD
B-26959,984,-16,3,Clothing,Saree,Credit Card
B-26960,5109,309,5,Electronics,Electronic Games,COD
B-26960,677,380,4,Clothing,Skirt,Credit Card
B-26960,5531,2214,4,Furniture,Bookcases,Credit Card
B-26961,391,88,4,Clothing,Leggings,Credit Card
B-26962,1504,125,3,Furniture,Tables,COD
B-26963,5778,569,5,Electronics,Accessories,UPI
B-26964,2304,1329,1,Electronics,Accessories,UPI
B-26964,32,-8,4,Clothing,Trousers,UPI
B-26965,5370,3017,5,Electronics,Electronic Games,COD
B-26966,5610,1939,2,Furniture,Tables,UPI
B-26966,2043,556,2,Furniture,Tables,COD
B-26967,66,38,5,Clothing,Trousers,COD
B-26968,5277,135,1,Furniture,Bookcases,Debit Card
B-26968,2578,623,4,Furniture,Furnishings,Credit Card
B-26969,1714,483,4,Clothing,T-shirt,Credit Card
B-26970,238,19,1,Clothing,Trousers,COD
B-26971,549,-36,4,Clothing,Kurti,COD
B-26971,348,124,2,Clothing,Stole,COD
B-26972,3858,469,2,Electronics,Phones,COD
B-26972,1621,126,1,Clothing,Stole,COD
B-26973,1108,81,3,Clothing,Stole,UPI
B-26973,409,-56,5,Clothing,Hankerchief,Credit Card
B-26974,1741,954,2,Clothing,Skirt,COD
B-26975,5444,1229,4,Electronics,Accessories,UPI
B-26976,1040,344,2,Furniture,Furnishings,Debit Card
B-26977,322,82,3,Clothing,Hankerchief,COD
B-26978,546,110,3,Furniture,Chairs,Credit Card
B-26979,30,20,4,Clothing,Skirt,COD
B-26980,5669,1280,5,Furniture,Bookcases,UPI
B-26981,3140,264,1,Furniture,Bookcases,COD
B-26982,1740,237,5,Electronics,Electronic Games,UPI
B-26983,3963,573,1,Furniture,Bookcases,UPI
B-26984,1265,311,1,Furniture,Bookcases,COD
B-26984,2422,796,2,Electronics,Accessories,COD
B-26985,1324,417,2,Clothing,Hankerchief,Credit Card
B-26986,1862,701,4,Electronics,Phones,Debit Card
B-26987,2396,846,1,Electronics,Electronic Games,COD
B-26987,1832,-582,2,Clothing,Skirt,Debit Card
B-26988,3459,1363,5,Electronics,Accessories,Debit Card
B-26988,1944,663,2,Clothing,Shirt,COD
B-26989,3059,1056,4,Electronics,Accessories,UPI
B-26989,1693,578,2,Electronics,Printers,COD
B-26990,1548,830,5,Clothing,Saree,UPI
B-26990,5819,1596,5,Furniture,Tables,UPI
B-26990,199,-40,2,Clothing,Kurti,Credit Card
B-26991,679,-57,5,Clothing,Leggings,Credit Card
B-26992,86,-3,2,Clothing,Saree,UPI
B-26992,2644,765,1,Electronics,Accessories,COD
B-26993,952,69,2,Clothing,Shirt,UPI
B-26993,2613,753,5,Furniture,Tables,Credit Card
B-26994,1031,311,4,Clothing,Stole,COD
B-26994,5558,235,3,Furniture,Furnishings,Debit Card
B-26995,3812,803,1,Furniture,Tables,UPI
B-26995,4832,2107,4,Furniture,Tables,Debit Card
B-26996,840,-2,1,Clothing,Stole,UPI
B-26996,4392,1051,2,Electronics,Accessories,Credit Card
B-26997,976,346,3,Furniture,Tables,UPI
B-26998,257,-120,2,Clothing,Shirt,UPI
B-26999,5021,1019,5,Furniture,Bookcases,COD
B-26999,5274,1644,3,Electronics,Accessories,Credit Card
B-27000,241,96,2,Clothing,Saree,COD
B-27000,5132,1859,5,Furniture,Furnishings,COD
B-27001,2772,309,4,Furniture,Bookcases,Credit Card
B-27001,1229,87,2,Clothing,Kurti,Debit Card
B-27001,1700,-615,1,Clothing,Saree,COD
B-27002,2670,1254,4,Electronics,Phones,Credit Card
B-27003,2713,586,1,Electronics,Electronic Games,Debit Card
B-27004,4504,1736,4,Furniture,Chairs,Credit Card
B-27005,5911,1720,5,Furniture,Tables,UPI
B-27006,3057,1497,2,Furniture,Chairs,Debit Card
B-27007,107,-39,2,Clothing,Shirt,UPI
B-27008,2502,580,3,Electronics,Phones,Credit Card
B-27009,1189,165,3,Clothing,Stole,UPI
B-27010,547,119,2,Clothing,Skirt,UPI
B-27011,1867,1101,4,Clothing,Kurti,COD
B-27012,3090,1263,1,Furniture,Furnishings,COD
B-27013,2630,105,3,Furniture,Chairs,Credit Card
B-27014,1457,728,5,Clothing,Stole,EMI
B-27014,1321,202,5,Electronics,Printers,COD
B-27015,1487,-544,3,Clothing,Stole,COD
B-27016,1926,723,4,Electronics,Electronic Games,UPI
B-27017,568,289,1,Clothing,T-shirt,Credit Card
B-27018,5511,802,3,Furniture,Tables,COD
B-27019,1446,555,2,Clothing,Hankerchief,UPI
B-27020,793,119,4,Electronics,Phones,UPI
B-27021,1604,-1,1,Clothing,Stole,UPI
B-27022,4619,1000,4,Furniture,Bookcases,Credit Card
B-27023,890,534,5,Electronics,Accessories,COD
B-27023,3109,648,2,Electronics,Phones,COD
B-27023,324,196,4,Clothing,T-shirt,COD
B-27024,1191,-433,2,Clothing,Skirt,Debit Card
B-27025,2865,550,2,Furniture,Chairs,UPI
B-27025,538,45,1,Clothing,T-shirt,EMI
B-27026,1723,1007,3,Clothing,Hankerchief,Debit Card
B-27027,4066,2195,1,Electronics,Printers,UPI
B-27028,1849,1245,2,Clothing,Skirt,UPI
B-27029,700,101,3,Electronics,Accessories,COD
B-27029,147,-31,3,Clothing,Stole,Credit Card
B-27030,4952,1318,4,Furniture,Tables,COD
B-27031,229,149,1,Clothing,Skirt,Debit Card
B-27031,2912,170,1,Electronics,Phones,Credit Card
B-27032,682,-305,2,Clothing,Saree,Debit Card
B-27032,1006,330,4,Furniture,Furnishings,Debit Card
B-27033,4511,592,1,Electronics,Phones,COD
B-27034,1332,549,5,Furniture,Tables,Credit Card
B-27035,1562,201,3,Electronics,Phones,Debit Card
B-27035,2362,1334,1,Electronics,Accessories,Debit Card
B-27036,169,-56,5,Clothing,Hankerchief,COD
B-27036,1026,603,1,Clothing,Stole,EMI
B-27037,459,48,2,Electronics,Printers,COD
B-27038,6,-1,3,Clothing,T-shirt,UPI
B-27039,5546,2226,2,Furniture,Furnishings,UPI
B-27039,1055,390,4,Furniture,Bookcases,UPI
B-27039,3487,2148,5,Electronics,Phones,UPI
B-27040,582,334,3,Electronics,Phones,COD
B-27041,1247,445,1,Clothing,T-shirt,Debit Card
B-27042,4087,682,3,Furniture,Bookcases,Debit Card
B-27042,2270,1066,4,Furniture,Chairs,UPI
B-27042,4131,1726,3,Electronics,Electronic Games,Debit Card
B-27043,844,238,1,Clothing,Trousers,EMI
B-27044,924,583,2,Clothing,Hankerchief,COD
B-27044,4399,2260,5,Electronics,Accessories,COD
B-27044,1566,-674,5,Clothing,Trousers,Debit Card
B-27045,3223,510,1,Electronics,Accessories,Credit Card
B-27046,1444,-181,5,Clothing,Saree,UPI
B-27047,4282,1391,2,Furniture,Tables,Credit Card
B-27048,4873,587,2,Electronics,Printers,Debit Card
B-27048,3300,2131,3,Electronics,Electronic Games,EMI
B-27049,5372,2326,1,Electronics,Phones,COD
B-27050,47,30,2,Clothing,Shirt,Credit Card
B-27051,1405,246,1,Electronics,Accessories,COD
B-27051,4223,1782,4,Furniture,Tables,UPI
B-27052,5737,1303,1,Electronics,Printers,Credit Card
B-27053,1611,-294,2,Clothing,Shirt,UPI
B-27053,1331,440,1,Furniture,Bookcases,EMI
B-27054,1698,371,3,Electronics,Printers,COD
B-27054,525,-93,2,Clothing,Leggings,UPI
B-27055,756,76,1,Furniture,Furnishings,COD
B-27056,1354,187,5,Electronics,Electronic Games,UPI
B-27056,808,-353,4,Clothing,Skirt,COD
B-27057,518,93,2,Clothing,T-shirt,UPI
B-27058,2226,893,2,Electronics,Phones,COD
B-27059,4907,629,3,Electronics,Electronic Games,Credit Card
B-27060,772,165,5,Clothing,T-shirt,COD
B-27061,5235,580,5,Electronics,Printers,Credit Card
B-27062,3668,345,4,Furniture,Furnishings,UPI
B-27063,5965,2887,1,Furniture,Tables,Debit Card
B-27063,1066,352,3,Clothing,Trousers,UPI
B-27064,1325,856,2,Clothing,Trousers,COD
B-27065,2507,183,3,Furniture,Furnishings,Debit Card
B-27066,3576,437,1,Furniture,Tables,COD
B-27067,5188,1086,5,Electronics,Electronic Games,EMI
B-27067,1310,36,1,Clothing,Skirt,Credit Card
B-27067,5035,2079,2,Furniture,Furnishings,COD
B-27068,473,17,1,Clothing,Hankerchief,UPI
B-27069,3717,465,5,Furniture,Furnishings,EMI
B-27069,219,-27,1,Clothing,Saree,COD
B-27070,1506,14,4,Clothing,Skirt,EMI
B-27070,5526,1912,4,Furniture,Tables,COD
B-27071,2593,361,4,Electronics,Printers,UPI
B-27072,25,11,5,Clothing,Saree,UPI
B-27072,282,-91,2,Clothing,T-shirt,EMI
B-27073,415,183,3,Electronics,Accessories,COD
B-27074,718,455,1,Clothing,Shirt,Debit Card
B-27074,12,3,2,Clothing,Kurti,UPI
B-27075,2801,1014,5,Electronics,Electronic Games,UPI
B-27076,1573,122,1,Furniture,Bookcases,Debit Card
B-27077,958,441,2,Furniture,Chairs,Credit Card
B-27077,4804,1519,1,Electronics,Electronic Games,COD
B-27078,4695,827,4,Electronics,Printers,COD
B-27079,1536,212,3,Furniture,Furnishings,Debit Card
B-27079,1844,70,2,Furniture,Bookcases,EMI
B-27080,5885,545,2,Furniture,Chairs,UPI
B-27081,5608,3387,4,Electronics,Phones,Debit Card
B-27082,1029,192,2,Clothing,Saree,COD
B-27083,600,114,2,Clothing,Shirt,Credit Card
B-27083,2571,541,1,Electronics,Accessories,Credit Card
B-27084,4031,407,2,Electronics,Printers,UPI
B-27085,1703,-683,2,Clothing,T-shirt,Credit Card
B-27086,389,198,3,Clothing,Stole,UPI
B-27087,3699,1853,3,Electronics,Accessories,UPI
B-27088,997,-439,1,Clothing,Hankerchief,COD
B-27088,4948,1184,3,Electronics,Printers,COD
B-27089,2387,604,1,Furniture,Bookcases,COD
B-27089,667,47,4,Clothing,Skirt,COD
B-27090,1964,840,1,Clothing,T-shirt,UPI
B-27090,1702,-84,5,Clothing,Trousers,COD
B-27091,1768,518,5,Electronics,Electronic Games,COD
B-27092,493,154,5,Clothing,Hankerchief,EMI
B-27093,1586,-117,2,Clothing,Kurti,COD
B-27093,3885,2467,1,Electronics,Accessories,UPI
B-27094,4424,2340,2,Electronics,Printers,COD
B-27094,435,-30,1,Clothing,Skirt,Credit Card
B-27095,1335,121,1,Clothing,Saree,COD
B-27095,5606,766,1,Electronics,Electronic Games,UPI
B-27095,5702,818,2,Furniture,Bookcases,UPI
B-27096,1090,580,2,Clothing,T-shirt,EMI
B-27097,3024,771,2,Electronics,Printers,COD
B-27098,659,105,5,Electronics,Accessories,COD
B-27099,1407,416,1,Electronics,Electronic Games,UPI
B-27100,314,35,1,Electronics,Printers,COD
B-27101,740,152,3,Electronics,Printers,UPI
B-27101,1374,794,2,Clothing,Leggings,COD
B-27102,3478,1640,1,Electronics,Printers,UPI
B-27102,970,477,5,Furniture,Chairs,COD
B-27103,3567,526,5,Furniture,Bookcases,COD
B-27104,5797,926,1,Furniture,Furnishings,EMI
B-27104,911,-114,1,Clothing,Kurti,COD
B-27105,1359,-323,5,Clothing,Saree,UPI
B-27106,1300,-547,5,Clothing,T-shirt,EMI
B-27106,1632,-421,3,Clothing,Leggings,COD
B-27107,1823,415,5,Electronics,Accessories,UPI
B-27107,473,-223,4,Clothing,Hankerchief,Debit Card
B-27108,502,-186,1,Clothing,Skirt,Credit Card
B-27108,569,-44,2,Clothing,Hankerchief,UPI
B-27109,379,74,4,Clothing,Saree,UPI
B-27109,2705,688,3,Electronics,Phones,UPI
B-27110,1040,660,4,Clothing,Shirt,COD
B-27110,1563,-597,2,Clothing,T-shirt,EMI
B-27111,4518,2785,3,Electronics,Printers,EMI
B-27112,1110,201,5,Furniture,Furnishings,COD
B-27113,1558,746,5,Clothing,Saree,EMI
B-27113,4345,371,2,Electronics,Accessories,COD
B-27114,5648,2194,1,Electronics,Phones,EMI
B-27114,290,-31,1,Clothing,Saree,UPI
B-27114,1506,236,2,Electronics,Phones,COD
B-27115,5,-1,2,Clothing,Skirt,UPI
B-27116,327,184,3,Clothing,Leggings,EMI
B-27117,4692,1730,1,Furniture,Furnishings,UPI
B-27117,585,383,3,Clothing,Stole,Credit Card
B-27118,1029,-281,5,Clothing,Hankerchief,COD
B-27119,1079,74,1,Clothing,Kurti,COD
B-27120,989,267,4,Clothing,T-shirt,Debit Card
B-27121,1356,-519,5,Clothing,Shirt,COD
B-27122,1408,-53,2,Clothing,Hankerchief,UPI
B-27122,1314,-641,1,Clothing,Hankerchief,UPI
B-27123,448,178,2,Electronics,Phones,UPI
B-27123,1590,803,3,Clothing,Leggings,COD
B-27124,2144,323,2,Furniture,Furnishings,UPI
B-27125,5697,1189,2,Electronics,Accessories,UPI
B-27125,5547,2023,5,Furniture,Tables,UPI
B-27126,4978,2213,1,Furniture,Tables,UPI
B-27127,3119,712,2,Electronics,Accessories,Credit Card
B-27128,843,222,3,Clothing,Leggings,Debit Card
B-27129,3733,2322,4,Electronics,Printers,COD
B-27130,4412,1036,1,Furniture,Chairs,Credit Card
B-27130,550,177,4,Clothing,Kurti,EMI
B-27131,5591,2112,1,Electronics,Printers,Credit Card
B-27132,3775,930,5,Furniture,Furnishings,UPI
B-27133,234,153,3,Clothing,Kurti,EMI
B-27133,2094,456,5,Electronics,Printers,EMI
B-27134,2726,958,4,Furniture,Chairs,COD
B-27135,1656,321,1,Clothing,Saree,Credit Card
B-27135,3438,1943,2,Electronics,Phones,UPI
B-27136,1132,197,1,Electronics,Printers,UPI
B-27136,795,68,4,Clothing,Trousers,COD
B-27137,419,190,1,Clothing,Trousers,Credit Card
B-27138,1249,156,5,Furniture,Chairs,COD
B-27138,1509,902,4,Clothing,Skirt,COD
B-27138,1567,324,4,Clothing,Skirt,COD
B-27139,4515,442,3,Electronics,Accessories,Credit Card
B-27139,3551,1498,2,Electronics,Accessories,EMI
B-27140,1508,-693,5,Clothing,Kurti,Credit Card
B-27141,4854,1572,1,Furniture,Chairs,COD
B-27141,3208,573,1,Electronics,Electronic Games,EMI
B-27142,4441,2085,4,Electronics,Phones,Credit Card
B-27143,87,-40,2,Clothing,Shirt,COD
B-27143,1916,312,5,Clothing,Skirt,Debit Card
B-27144,3666,237,2,Furniture,Tables,COD
B-27144,2169,271,4,Furniture,Bookcases,Debit Card
B-27145,45,25,1,Clothing,Trousers,Debit Card
B-27146,4676,153,2,Furniture,Tables,UPI
B-27146,1805,237,2,Clothing,Shirt,COD
B-27147,4860,124,5,Furniture,Bookcases,UPI
B-27147,2147,136,5,Furniture,Chairs,UPI
B-27148,5421,2521,1,Furniture,Furnishings,Debit Card
B-27148,5485,322,2,Electronics,Electronic Games,Debit Card
B-27148,3077,1087,1,Furniture,Bookcases,COD
B-27149,1162,537,5,Furniture,Bookcases,Credit Card
B-27149,4785,997,5,Furniture,Bookcases,Debit Card
B-27150,242,23,3,Clothing,Trousers,COD
B-27150,1363,546,1,Electronics,Accessories,COD
B-27150,2905,1164,2,Electronics,Electronic Games,EMI
B-27151,1127,298,5,Clothing,Trousers,COD
B-27151,4781,303,1,Electronics,Phones,COD
B-27152,1621,555,3,Furniture,Chairs,COD
B-27153,3332,1261,5,Electronics,Electronic Games,COD
B-27154,1306,-517,5,Clothing,Stole,COD
B-27155,4393,1050,3,Furniture,Tables,Debit Card
B-27156,1617,415,3,Furniture,Bookcases,EMI
B-27157,4010,1142,1,Electronics,Accessories,Debit Card
B-27157,1990,1153,2,Clothing,Saree,COD
B-27158,2220,257,2,Electronics,Printers,Credit Card
B-27159,1291,708,5,Clothing,Hankerchief,Debit Card
B-27160,652,-150,1,Clothing,Saree,UPI
B-27161,1020,-217,1,Clothing,T-shirt,Credit Card
B-27162,1752,485,2,Furniture,Bookcases,Credit Card
B-27162,60,30,5,Clothing,Skirt,COD
B-27163,5702,508,4,Electronics,Phones,UPI
B-27163,1905,1037,5,Clothing,Trousers,UPI
B-27164,948,459,4,Clothing,T-shirt,UPI
B-27164,1689,742,4,Electronics,Accessories,COD
B-27165,1769,-763,5,Clothing,Trousers,Credit Card
B-27166,1180,-466,1,Clothing,Trousers,EMI
B-27167,4227,1188,1,Electronics,Printers,COD
B-27167,4850,1876,5,Furniture,Furnishings,COD
B-27168,5793,2772,3,Electronics,Printers,Credit Card
B-27168,4341,1433,5,Electronics,Accessories,COD
B-27169,105,51,1,Clothing,Trousers,COD
B-27169,778,274,5,Clothing,Leggings,COD
B-27170,1947,627,3,Furniture,Tables,COD
B-27170,1219,73,5,Furniture,Furnishings,UPI
B-27171,1889,650,1,Clothing,T-shirt,EMI
B-27171,2841,1122,3,Furniture,Bookcases,Credit Card
B-27171,5388,1136,3,Furniture,Chairs,EMI
B-27172,1618,712,4,Furniture,Tables,COD
B-27173,1982,286,2,Clothing,Stole,UPI
B-27173,5124,1941,5,Electronics,Printers,Debit Card
B-27173,4425,836,5,Furniture,Chairs,UPI
B-27174,1493,-611,3,Clothing,Saree,Credit Card
B-27175,2996,286,2,Furniture,Tables,EMI
B-27175,5912,1775,2,Furniture,Tables,COD
B-27176,4715,1493,4,Furniture,Furnishings,UPI
B-27177,2625,814,4,Electronics,Phones,COD
B-27177,5544,1796,4,Electronics,Printers,EMI
B-27178,5204,658,2,Furniture,Chairs,COD
B-27179,5751,563,2,Furniture,Chairs,UPI
B-27180,2632,816,5,Furniture,Chairs,UPI
B-27181,4443,1584,5,Electronics,Electronic Games,COD
B-27182,4129,435,1,Furniture,Furnishings,Debit Card
B-27183,917,289,1,Clothing,Shirt,EMI
B-27183,264,-117,3,Clothing,Trousers,UPI
B-27183,749,430,3,Clothing,Trousers,UPI
B-27184,940,199,3,Electronics,Printers,EMI
B-27184,3204,540,4,Electronics,Electronic Games,COD
B-27185,4967,2204,1,Electronics,Phones,Credit Card
B-27186,1118,258,1,Furniture,Tables,COD
B-27187,946,-108,3,Clothing,Skirt,Debit Card
B-27188,5685,2238,1,Electronics,Printers,UPI
B-27189,837,-246,3,Clothing,Saree,UPI
B-27189,1861,573,1,Furniture,Bookcases,Debit Card
B-27190,123,-34,5,Clothing,Trousers,Debit Card
B-27190,277,135,2,Clothing,Shirt,COD
B-27191,753,436,5,Electronics,Accessories,Debit Card
B-27192,1045,608,4,Electronics,Accessories,Debit Card
B-27193,575,289,4,Clothing,Leggings,COD
B-27194,4577,563,1,Electronics,Accessories,Debit Card
B-27195,536,189,5,Clothing,Stole,Credit Card
B-27195,2384,903,1,Furniture,Furnishings,COD
B-27196,1483,-22,2,Clothing,Hankerchief,Credit Card
B-27196,780,160,5,Electronics,Phones,COD
B-27197,5477,1522,4,Furniture,Bookcases,UPI
B-27198,3368,1024,3,Electronics,Electronic Games,COD
B-27199,5465,2710,1,Electronics,Electronic Games,Credit Card
B-27199,1164,381,5,Clothing,Hankerchief,COD
B-27200,3030,240,4,Electronics,Printers,Credit Card
B-27200,1258,430,1,Clothing,Saree,COD
B-27201,4914,1963,4,Furniture,Bookcases,UPI
B-27201,5616,1370,1,Furniture,Chairs,COD
B-27202,1762,754,3,Clothing,Skirt,Debit Card
B-27202,4414,577,5,Furniture,Chairs,COD
B-27202,2649,888,2,Furniture,Furnishings,Credit Card
B-27203,950,641,5,Clothing,T-shirt,COD
B-27204,1492,-443,3,Clothing,Shirt,Debit Card
B-27205,3495,1663,2,Electronics,Accessories,COD
B-27206,192,35,5,Clothing,Trousers,Credit Card
B-27207,4105,894,4,Electronics,Accessories,Credit Card
B-27208,3854,604,4,Electronics,Electronic Games,COD
B-27209,235,-29,1,Clothing,Shirt,COD
B-27209,1932,202,1,Furniture,Chairs,Credit Card
B-27209,370,-125,3,Clothing,Skirt,Debit Card
B-27210,522,231,3,Clothing,T-shirt,Debit Card
B-27211,777,-296,5,Clothing,Shirt,Debit Card
B-27212,3070,1200,3,Furniture,Bookcases,Debit Card
B-27212,4260,2539,5,Electronics,Accessories,COD
B-27212,5306,1536,1,Electronics,Phones,EMI
B-27213,4557,2063,1,Furniture,Bookcases,EMI
B-27214,2649,1035,2,Furniture,Furnishings,Debit Card
B-27214,3105,1074,3,Furniture,Furnishings,Credit Card
B-27214,1107,-183,3,Clothing,Shirt,EMI
B-27215,1825,1016,1,Electronics,Printers,UPI
B-27215,471,261,3,Clothing,Skirt,COD
B-27216,3618,323,1,Electronics,Phones,Debit Card
B-27217,2025,730,1,Electronics,Accessories,COD
B-27218,959,596,4,Clothing,Trousers,Debit Card
B-27218,1791,278,1,Clothing,Stole,COD
B-27219,1865,613,1,Furniture,Furnishings,COD
B-27219,1566,738,3,Clothing,Kurti,COD
B-27219,3133,560,3,Electronics,Printers,EMI
B-27220,1649,599,2,Furniture,Tables,COD
B-27221,4475,2698,3,Electronics,Electronic Games,EMI
B-27221,3896,1476,4,Furniture,Bookcases,EMI
B-27222,3123,1188,4,Furniture,Tables,Debit Card
B-27222,170,86,3,Clothing,Skirt,Credit Card
B-27222,1631,-122,1,Clothing,Leggings,UPI
B-27223,1710,881,5,Electronics,Electronic Games,Debit Card
B-27223,3249,1772,3,Electronics,Phones,UPI
B-27224,2663,585,2,Electronics,Printers,COD
B-27225,1438,948,5,Clothing,Trousers,Debit Card
B-27225,2888,615,2,Furniture,Tables,Credit Card
B-27226,3980,613,3,Electronics,Phones,UPI
B-27227,3126,290,1,Electronics,Phones,UPI
B-27228,669,-192,1,Clothing,Kurti,COD
B-27229,365,30,1,Electronics,Accessories,Debit Card
B-27230,1540,848,1,Clothing,Saree,UPI
B-27230,2796,556,1,Furniture,Chairs,UPI
B-27231,5663,1945,1,Furniture,Furnishings,Credit Card
B-27231,606,60,4,Clothing,Stole,Credit Card
B-27232,1021,529,3,Clothing,Kurti,COD
B-27233,1656,978,1,Clothing,T-shirt,COD
B-27233,1363,208,4,Electronics,Printers,UPI
B-27233,1733,77,2,Furniture,Furnishings,COD
B-27234,1093,507,5,Electronics,Electronic Games,UPI
B-27235,1983,1277,2,Clothing,T-shirt,UPI
B-27236,1351,844,2,Clothing,Saree,UPI
B-27236,4286,2031,1,Furniture,Tables,Credit Card
B-27237,481,227,1,Clothing,Stole,UPI
B-27238,1844,510,5,Furniture,Tables,Credit Card
B-27238,3356,762,2,Electronics,Electronic Games,COD
B-27239,2362,588,2,Electronics,Printers,Debit Card
B-27240,2313,214,1,Furniture,Furnishings,UPI
B-27241,5576,1069,5,Electronics,Printers,UPI
B-27242,2629,1128,2,Furniture,Bookcases,UPI
B-27242,3100,430,3,Furniture,Tables,Debit Card
B-27242,2923,768,3,Furniture,Tables,UPI
B-27243,1284,406,1,Furniture,Furnishings,COD
B-27243,984,404,2,Furniture,Bookcases,COD
B-27243,3309,180,4,Electronics,Phones,Credit Card
B-27244,1441,-666,4,Clothing,Stole,Credit Card
B-27244,1576,-281,2,Clothing,Kurti,Debit Card
B-27245,1578,962,2,Electronics,Electronic Games,EMI
B-27246,3259,1570,1,Furniture,Bookcases,EMI
B-27247,1688,497,3,Clothing,Leggings,Credit Card
B-27248,4264,1168,5,Electronics,Accessories,COD
B-27248,2051,1098,3,Electronics,Electronic Games,Debit Card
B-27249,5661,383,3,Furniture,Chairs,UPI
B-27250,963,242,1,Clothing,Skirt,COD
B-27251,3823,273,3,Furniture,Chairs,EMI
B-27251,25,11,4,Clothing,T-shirt,UPI
B-27252,858,235,2,Furniture,Furnishings,COD
B-27253,1301,-305,1,Clothing,Hankerchief,UPI
B-27254,1983,737,5,Electronics,Printers,EMI
B-27255,5445,872,1,Furniture,Chairs,COD
B-27256,567,82,5,Clothing,Trousers,COD
B-27256,2256,1159,4,Electronics,Printers,Credit Card
B-27257,5064,2777,1,Electronics,Accessories,Debit Card
B-27257,1027,165,5,Clothing,Skirt,Credit Card
B-27258,829,-277,1,Clothing,Leggings,Credit Card
B-27259,1855,540,2,Electronics,Accessories,COD
B-27259,2650,1066,1,Furniture,Furnishings,UPI
B-27260,1549,976,3,Clothing,Hankerchief,Debit Card
B-27261,2003,730,2,Furniture,Tables,Credit Card
B-27261,3078,901,3,Electronics,Accessories,Debit Card
B-27262,2885,1325,4,Electronics,Electronic Games,Credit Card
B-27263,1805,1040,5,Electronics,Electronic Games,UPI
B-27263,2898,756,1,Furniture,Bookcases,COD
B-27264,647,-55,3,Clothing,T-shirt,COD
B-27265,2430,1384,1,Electronics,Electronic Games,COD
B-27266,3714,905,3,Furniture,Tables,Credit Card
B-27267,578,-16,2,Clothing,Kurti,UPI
B-27268,1621,-446,1,Clothing,Shirt,COD
B-27269,2878,407,5,Electronics,Accessories,COD
B-27270,602,371,1,Clothing,Stole,COD
B-27271,639,226,4,Furniture,Furnishings,UPI
B-27272,1752,697,1,Clothing,Saree,COD
B-27272,5384,1566,2,Electronics,Phones,UPI
B-27272,2797,1332,5,Electronics,Phones,EMI
B-27273,1506,405,1,Clothing,T-shirt,UPI
B-27274,1971,-110,2,Clothing,Saree,UPI
B-27274,1684,817,5,Electronics,Phones,Credit Card
B-27275,951,254,1,Clothing,Leggings,EMI
B-27276,1587,174,5,Clothing,Trousers,COD
B-27277,4122,165,5,Furniture,Chairs,UPI
B-27278,5747,877,3,Furniture,Tables,Credit Card
B-27278,5022,465,1,Furniture,Chairs,Credit Card
B-27278,287,4,2,Clothing,Trousers,UPI
B-27279,1236,-106,2,Clothing,Hankerchief,Credit Card
B-27279,613,238,1,Furniture,Bookcases,COD
B-27280,1368,103,4,Electronics,Printers,UPI
B-27281,577,357,5,Clothing,Hankerchief,COD
B-27282,4074,1613,5,Furniture,Furnishings,COD
B-27283,1651,-311,2,Clothing,Trousers,UPI
B-27284,2539,1516,1,Electronics,Electronic Games,Credit Card
B-27285,2162,272,5,Furniture,Chairs,COD
B-27285,679,99,2,Electronics,Phones,Credit Card
B-27285,321,172,5,Clothing,T-shirt,COD
B-27286,1571,603,4,Electronics,Phones,UPI
B-27286,4856,574,3,Electronics,Printers,UPI
B-27287,332,165,3,Clothing,Shirt,UPI
B-27288,1505,193,5,Furniture,Chairs,COD
B-27289,1437,69,5,Furniture,Tables,COD
B-27289,2401,247,5,Electronics,Accessories,COD
B-27290,4922,1145,1,Furniture,Chairs,UPI
B-27290,3548,208,4,Electronics,Electronic Games,UPI
B-27290,246,-101,5,Clothing,Stole,EMI
B-27291,3911,1317,5,Furniture,Bookcases,EMI
B-27292,1562,-445,3,Clothing,Shirt,UPI
B-27293,3216,1526,4,Electronics,Printers,COD
B-27294,689,448,1,Clothing,Trousers,Debit Card
B-27295,1553,1022,4,Clothing,Stole,Credit Card
B-27296,1253,-156,1,Clothing,Kurti,Debit Card
B-27296,1013,-489,1,Clothing,T-shirt,COD
B-27296,717,397,4,Electronics,Electronic Games,Credit Card
B-27297,1015,-357,2,Clothing,Shirt,Debit Card
B-27298,732,237,1,Electronics,Electronic Games,Debit Card
B-27299,3606,952,3,Furniture,Furnishings,UPI
B-27299,1153,310,3,Electronics,Electronic Games,UPI
B-27299,324,-123,1,Clothing,T-shirt,COD
B-27300,3349,193,5,Electronics,Accessories,Credit Card
B-27301,1374,674,5,Clothing,Hankerchief,Credit Card
B-27302,85,-8,2,Clothing,Skirt,COD
B-27302,1057,239,4,Clothing,Leggings,COD
B-27303,2000,234,4,Electronics,Accessories,COD
B-27303,1905,1302,3,Clothing,Hankerchief,UPI
B-27304,1527,-499,1,Clothing,Hankerchief,UPI
B-27305,3978,1672,3,Furniture,Bookcases,UPI
B-27305,1520,625,3,Clothing,Hankerchief,COD
B-27306,5646,3648,5,Electronics,Phones,UPI
B-27306,603,24,3,Clothing,Hankerchief,COD
B-27307,3501,2223,3,Electronics,Printers,UPI
B-27307,1335,26,4,Furniture,Chairs,UPI
B-27307,1625,-540,1,Clothing,T-shirt,COD
B-27308,5382,3228,3,Electronics,Phones,UPI
B-27309,5275,2693,1,Electronics,Printers,UPI
B-27310,977,31,5,Furniture,Bookcases,COD
B-27310,936,578,4,Clothing,Trousers,UPI
B-27310,1766,363,4,Furniture,Tables,Debit Card
B-27311,3733,578,1,Furniture,Furnishings,COD
B-27312,821,344,2,Clothing,Shirt,COD
B-27312,3283,927,3,Electronics,Phones,Debit Card
B-27313,498,310,2,Electronics,Phones,COD
B-27314,1901,1205,2,Clothing,T-shirt,Credit Card
B-27315,3263,1420,3,Electronics,Printers,Credit Card
B-27316,3385,1384,4,Electronics,Printers,UPI
B-27316,3118,221,5,Electronics,Accessories,UPI
B-27317,3878,407,5,Furniture,Chairs,Credit Card
B-27318,5655,490,5,Furniture,Bookcases,Debit Card
B-27318,1604,486,1,Furniture,Chairs,COD
B-27319,2688,1065,4,Electronics,Accessories,Credit Card
B-27319,705,452,4,Clothing,Saree,Credit Card
B-27320,897,342,2,Electronics,Printers,COD
B-27321,4373,1022,2,Electronics,Phones,UPI
B-27322,1963,670,4,Clothing,Trousers,COD
B-27323,896,55,4,Furniture,Bookcases,Credit Card
B-27324,2446,1462,2,Electronics,Printers,UPI
B-27325,3140,1548,1,Electronics,Phones,Debit Card
B-27326,3418,190,4,Electronics,Electronic Games,UPI
B-27327,2364,1394,4,Electronics,Electronic Games,Credit Card
B-27328,2138,1069,4,Electronics,Accessories,UPI
B-27328,1500,883,2,Clothing,Stole,UPI
B-27328,3398,1517,2,Furniture,Furnishings,Debit Card
B-27329,2114,145,1,Electronics,Electronic Games,Debit Card
B-27330,843,23,4,Furniture,Chairs,COD
B-27331,1339,619,1,Electronics,Phones,Debit Card
B-27332,276,-44,3,Clothing,Saree,COD
B-27333,2224,643,3,Electronics,Phones,COD
B-27334,3262,66,5,Furniture,Tables,Debit Card
B-27334,5510,2377,4,Electronics,Printers,Credit Card
B-27335,1910,23,5,Clothing,Stole,Debit Card
B-27336,1175,74,3,Electronics,Electronic Games,COD
B-27337,2274,675,3,Electronics,Phones,COD
B-27338,1786,418,4,Clothing,Hankerchief,EMI
B-27339,293,-97,2,Clothing,Skirt,Debit Card
B-27339,2417,1225,5,Electronics,Accessories,Credit Card
B-27340,1358,499,3,Furniture,Chairs,COD
B-27341,2393,1246,2,Electronics,Electronic Games,COD
B-27341,5435,1939,3,Electronics,Printers,COD
B-27342,1257,242,4,Furniture,Chairs,Credit Card
B-27343,668,177,4,Clothing,Trousers,Credit Card
B-27344,140,-34,5,Clothing,T-shirt,UPI
B-27345,4973,829,2,Furniture,Bookcases,UPI
B-27346,1679,-415,5,Clothing,Saree,UPI
B-27347,3721,1386,5,Furniture,Chairs,UPI
B-27348,1602,289,3,Furniture,Tables,Credit Card
B-27349,2956,1129,5,Furniture,Furnishings,Credit Card
B-27349,915,155,4,Electronics,Printers,COD
B-27350,2308,474,3,Furniture,Tables,EMI
B-27350,790,312,2,Clothing,T-shirt,Debit Card
B-27351,3022,1625,1,Electronics,Electronic Games,COD
B-27352,2908,504,3,Electronics,Printers,Credit Card
B-27352,1892,1148,2,Electronics,Accessories,COD
B-27353,498,-194,4,Clothing,Kurti,UPI
B-27353,3532,1258,5,Electronics,Phones,UPI
B-27354,2666,590,5,Electronics,Phones,COD
B-27355,948,-194,5,Clothing,Saree,UPI
B-27356,3337,299,4,Electronics,Accessories,Credit Card
B-27356,1004,345,2,Electronics,Electronic Games,Credit Card
B-27357,4473,643,4,Furniture,Chairs,UPI
B-27357,1998,1378,3,Clothing,Skirt,COD
B-27358,1834,-699,2,Clothing,Kurti,Debit Card
B-27358,1670,843,3,Clothing,Saree,UPI
B-27359,1521,705,4,Clothing,Trousers,EMI
B-27360,5229,2724,3,Electronics,Accessories,COD
B-27361,2897,1081,5,Furniture,Chairs,Credit Card
B-27362,3310,484,2,Electronics,Phones,COD
B-27363,1676,369,2,Electronics,Printers,Debit Card
B-27364,5126,413,5,Electronics,Accessories,Credit Card
B-27364,4603,2375,3,Electronics,Electronic Games,COD
B-27364,1378,-663,5,Clothing,Kurti,Debit Card
B-27365,4625,1050,5,Electronics,Printers,UPI
B-27365,1556,185,1,Clothing,Hankerchief,Credit Card
B-27365,5565,2617,2,Furniture,Furnishings,Credit Card
B-27366,2719,797,3,Furniture,Furnishings,COD
B-27366,1495,210,4,Clothing,Shirt,Credit Card
B-27367,2567,591,1,Electronics,Electronic Games,UPI
B-27368,869,-51,2,Clothing,Stole,COD
B-27369,2256,822,3,Electronics,Printers,COD
B-27370,467,166,3,Clothing,Leggings,UPI
B-27370,1219,529,4,Furniture,Tables,Credit Card
B-27371,4669,1416,1,Electronics,Accessories,UPI
B-27372,4500,357,3,Furniture,Tables,UPI
B-27373,2776,400,5,Furniture,Bookcases,COD
B-27374,1976,1277,5,Electronics,Printers,COD
B-27374,1728,-123,5,Clothing,Leggings,COD
B-27375,4451,536,3,Furniture,Tables,UPI
B-27375,4946,2161,2,Electronics,Electronic Games,Credit Card
B-27376,1281,267,1,Electronics,Phones,UPI
B-27376,879,480,1,Clothing,Saree,Debit Card
B-27376,5287,2996,1,Electronics,Phones,EMI
B-27377,265,-47,2,Clothing,Trousers,UPI
B-27378,4132,1681,3,Furniture,Tables,COD
B-27379,4818,1345,2,Electronics,Phones,Credit Card
B-27380,2068,1193,1,Electronics,Printers,Debit Card
B-27380,597,373,3,Clothing,Leggings,Credit Card
B-27381,5429,2615,3,Furniture,Bookcases,COD
B-27381,1674,197,2,Electronics,Phones,Debit Card
B-27382,2077,768,1,Electronics,Printers,COD
B-27383,545,163,2,Clothing,Hankerchief,EMI
B-27383,804,-258,5,Clothing,Leggings,Credit Card
B-27384,1406,593,4,Furniture,Bookcases,Debit Card
B-27384,1495,-436,3,Clothing,Hankerchief,UPI
B-27384,541,80,5,Furniture,Furnishings,EMI
B-27385,672,235,5,Furniture,Tables,Credit Card
B-27386,660,271,5,Electronics,Electronic Games,Debit Card
B-27387,3625,1851,5,Electronics,Phones,UPI
B-27387,577,231,1,Electronics,Accessories,UPI
B-27388,12,4,3,Clothing,Leggings,UPI
B-27388,752,321,4,Clothing,T-shirt,UPI
B-27388,5847,382,2,Furniture,Furnishings,Credit Card
B-27389,550,192,2,Electronics,Printers,Credit Card
B-27390,4410,969,4,Furniture,Bookcases,Credit Card
B-27390,639,331,5,Electronics,Phones,COD
B-27391,468,66,3,Clothing,Leggings,COD
B-27392,2787,317,3,Electronics,Printers,COD
B-27392,955,24,1,Clothing,Saree,Debit Card
B-27392,3929,309,5,Furniture,Bookcases,EMI
B-27393,1062,394,1,Electronics,Electronic Games,Debit Card
B-27393,1258,626,4,Electronics,Phones,UPI
B-27394,3900,742,5,Furniture,Bookcases,EMI
B-27395,2145,296,1,Electronics,Printers,COD
B-27396,5551,2486,1,Electronics,Electronic Games,COD
B-27397,2994,422,5,Furniture,Chairs,EMI
B-27398,1273,699,1,Clothing,T-shirt,UPI
B-27399,4877,889,5,Electronics,Printers,COD
B-27399,3799,1959,5,Electronics,Printers,UPI
B-27400,253,148,5,Clothing,Trousers,Debit Card
B-27401,3226,576,3,Electronics,Phones,COD
B-27402,506,190,2,Furniture,Furnishings,UPI
B-27403,2737,440,4,Furniture,Bookcases,Credit Card
B-27404,1292,-491,1,Clothing,Hankerchief,UPI
B-27405,1492,225,2,Furniture,Bookcases,UPI
B-27405,2928,886,1,Furniture,Bookcases,Debit Card
B-27405,626,-172,2,Clothing,Kurti,COD
B-27406,1590,361,4,Furniture,Furnishings,Credit Card
B-27407,172,-28,3,Clothing,Shirt,UPI
B-27408,5318,2602,2,Electronics,Printers,UPI
B-27409,3301,1415,1,Furniture,Furnishings,Credit Card
B-27409,1823,776,3,Electronics,Printers,Credit Card
B-27409,2831,1413,2,Electronics,Phones,COD
B-27410,3628,1685,4,Furniture,Tables,Debit Card
B-27411,3632,1598,2,Electronics,Printers,COD
B-27412,308,78,1,Clothing,Leggings,Debit Card
B-27412,2918,1250,2,Furniture,Furnishings,EMI
B-27413,5164,2318,3,Furniture,Furnishings,UPI
B-27414,2133,1206,4,Electronics,Accessories,COD
B-27414,1192,-404,2,Clothing,T-shirt,Debit Card
B-27414,1620,69,5,Clothing,Kurti,Credit Card
B-27415,3220,604,2,Electronics,Printers,COD
B-27416,1995,844,1,Clothing,Leggings,COD
B-27416,670,339,1,Clothing,Kurti,Debit Card
B-27417,1417,327,3,Electronics,Electronic Games,Debit Card
B-27417,361,203,2,Clothing,Trousers,UPI
B-27417,745,331,4,Furniture,Furnishings,Debit Card
B-27418,3461,1300,1,Electronics,Electronic Games,COD
B-27418,1248,36,2,Furniture,Furnishings,COD
B-27418,799,-78,2,Clothing,Saree,UPI
B-27419,1575,-460,4,Clothing,Saree,UPI
B-27419,1912,309,1,Electronics,Phones,Credit Card
B-27420,1270,677,4,Clothing,T-shirt,COD
B-27421,32,-1,4,Clothing,Trousers,UPI
B-27422,1409,70,5,Electronics,Phones,COD
B-27423,4311,2728,5,Electronics,Accessories,UPI
B-27423,680,314,3,Clothing,T-shirt,COD
B-27424,607,254,4,Electronics,Phones,Credit Card
B-27425,1213,844,2,Clothing,Stole,Credit Card
B-27426,2660,1484,2,Electronics,Printers,COD
B-27426,1881,119,5,Electronics,Electronic Games,COD
B-27427,1452,-308,4,Clothing,Leggings,UPI
B-27428,674,228,2,Electronics,Accessories,COD
B-27428,2197,1284,3,Electronics,Accessories,Credit Card
B-27429,1210,330,5,Furniture,Furnishings,COD
B-27430,4528,1268,1,Furniture,Chairs,COD
B-27431,454,-26,4,Clothing,Kurti,COD
B-27432,1278,142,5,Clothing,Kurti,Credit Card
B-27433,1305,142,4,Electronics,Electronic Games,COD
B-27433,3138,1870,2,Electronics,Phones,COD
B-27433,720,-132,1,Clothing,Leggings,UPI
B-27434,692,182,4,Clothing,Trousers,EMI
B-27435,1743,643,1,Clothing,Trousers,UPI
B-27436,504,167,1,Electronics,Electronic Games,UPI
B-27437,3416,2126,3,Electronics,Accessories,Debit Card
B-27437,934,-85,5,Clothing,Hankerchief,COD
B-27438,3649,805,4,Furniture,Bookcases,COD
B-27438,3639,678,5,Furniture,Tables,Debit Card
B-27438,3777,1796,4,Electronics,Printers,Credit Card
B-27439,3145,1427,5,Furniture,Furnishings,Credit Card
B-27440,3786,874,1,Furniture,Bookcases,Credit Card
B-27441,2767,1238,3,Electronics,Printers,COD
B-27442,2997,725,4,Electronics,Accessories,Debit Card
B-27443,978,-58,2,Clothing,Kurti,Debit Card
B-27444,1079,128,1,Clothing,Stole,Credit Card
B-27444,1527,542,2,Clothing,Saree,COD
B-27444,1493,-352,3,Clothing,Hankerchief,UPI
B-27445,3663,96,4,Furniture,Furnishings,Debit Card
B-27445,1263,192,1,Clothing,Saree,Credit Card
B-27446,1742,1113,4,Clothing,Hankerchief,EMI
B-27447,1481,176,5,Clothing,Shirt,Debit Card
B-27447,1398,424,2,Clothing,Kurti,UPI
B-27448,226,29,1,Clothing,Saree,UPI
B-27449,1964,213,3,Clothing,T-shirt,UPI
B-27449,1494,603,2,Clothing,Shirt,EMI
B-27449,464,303,4,Clothing,Stole,UPI
B-27450,771,35,3,Furniture,Tables,UPI
B-27451,2811,741,5,Electronics,Electronic Games,COD
B-27452,1814,-66,2,Clothing,Saree,EMI
B-27452,4568,251,5,Furniture,Furnishings,Debit Card
B-27453,1236,-309,3,Clothing,Skirt,COD
B-27454,2609,350,3,Furniture,Bookcases,COD
B-27454,2696,1027,2,Furniture,Tables,Debit Card
B-27455,1000,180,3,Clothing,Shirt,COD
B-27456,890,515,5,Clothing,Kurti,COD
B-27456,905,180,1,Electronics,Accessories,COD
B-27457,1257,123,5,Clothing,Stole,COD
B-27457,525,-148,3,Clothing,Shirt,EMI
B-27457,5310,1465,2,Electronics,Phones,COD
B-27458,684,120,2,Clothing,Hankerchief,COD
B-27459,2904,839,5,Furniture,Furnishings,EMI
B-27459,1159,-266,2,Clothing,Kurti,Credit Card
B-27460,4279,1848,4,Furniture,Bookcases,COD
B-27461,5414,1574,5,Furniture,Bookcases,UPI
B-27462,3218,1177,1,Electronics,Electronic Games,COD
B-27463,550,-125,1,Clothing,T-shirt,Debit Card
B-27464,1478,930,1,Electronics,Electronic Games,UPI
B-27465,461,31,3,Clothing,Shirt,Debit Card
B-27466,3791,438,2,Furniture,Bookcases,Debit Card
B-27467,917,63,2,Furniture,Tables,Debit Card
B-27467,4344,353,3,Furniture,Furnishings,Credit Card
B-27468,2112,642,4,Electronics,Accessories,COD
B-27469,2930,407,3,Electronics,Printers,UPI
B-27469,1661,-505,3,Clothing,Shirt,COD
B-27469,1292,494,2,Furniture,Tables,EMI
B-27470,4438,752,1,Furniture,Tables,COD
B-27471,187,13,4,Clothing,Skirt,COD
B-27471,1772,808,4,Electronics,Phones,UPI
B-27472,2621,961,4,Electronics,Printers,Debit Card
B-27473,387,121,5,Electronics,Electronic Games,Credit Card
B-27474,257,155,5,Clothing,T-shirt,UPI
B-27475,1856,436,1,Electronics,Accessories,COD
B-27476,1012,387,2,Clothing,Hankerchief,Credit Card
B-27477,3235,1596,3,Furniture,Chairs,Debit Card
B-27478,4206,471,2,Furniture,Bookcases,COD
B-27478,956,598,5,Electronics,Phones,Credit Card
B-27479,1506,390,3,Clothing,Stole,EMI
B-27479,4058,1937,5,Electronics,Phones,COD
B-27480,1538,556,4,Furniture,Furnishings,UPI
B-27480,744,81,1,Clothing,Saree,UPI
B-27481,4275,378,4,Electronics,Accessories,COD
B-27481,1531,990,3,Clothing,T-shirt,EMI
B-27481,5722,2589,1,Electronics,Electronic Games,Credit Card
B-27482,1359,431,2,Furniture,Furnishings,COD
B-27482,43,-18,2,Clothing,Stole,UPI
B-27483,5281,645,4,Electronics,Printers,Debit Card
B-27484,1997,156,1,Clothing,Shirt,Credit Card
B-27484,635,192,3,Clothing,T-shirt,COD
B-27485,938,-416,4,Clothing,Saree,UPI
B-27485,2697,1211,3,Electronics,Printers,Debit Card
B-27486,4137,1890,3,Furniture,Furnishings,COD
B-27487,454,-209,4,Clothing,Shirt,Debit Card
B-27487,1107,622,2,Electronics,Phones,UPI
B-27487,1068,654,3,Clothing,Skirt,UPI
B-27488,1422,456,3,Clothing,Hankerchief,Credit Card
B-27489,2927,772,2,Electronics,Accessories,COD
B-27489,425,249,4,Electronics,Printers,UPI
B-27490,1651,-378,5,Clothing,T-shirt,Credit Card
B-27491,3072,836,5,Electronics,Electronic Games,COD
B-27491,2441,508,3,Electronics,Phones,Credit Card
B-27492,4357,2749,1,Electronics,Printers,EMI
B-27492,1519,293,5,Electronics,Phones,Debit Card
B-27493,3666,1629,5,Electronics,Phones,UPI
B-27494,1702,824,2,Furniture,Bookcases,UPI
B-27494,815,48,2,Clothing,Trousers,COD
B-27495,3643,1450,1,Furniture,Chairs,COD
B-27496,1140,-271,1,Clothing,Skirt,UPI
B-27496,329,-119,2,Clothing,Stole,UPI
B-27497,571,-18,3,Clothing,Saree,Credit Card
B-27497,5399,1650,4,Furniture,Bookcases,COD
B-27498,5500,984,5,Electronics,Printers,COD
B-27499,682,270,3,Clothing,Shirt,COD
B-27500,2293,1214,3,Electronics,Electronic Games,COD
B-27501,529,-192,5,Clothing,Kurti,Credit Card
B-27502,4589,1045,3,Furniture,Furnishings,COD
B-27502,4886,3118,4,Electronics,Electronic Games,Debit Card
B-27503,921,-18,4,Clothing,Skirt,COD
B-27504,761,142,4,Clothing,Saree,EMI
B-27504,773,-155,4,Clothing,Skirt,Credit Card
B-27505,3675,1685,3,Electronics,Printers,UPI
B-27506,554,273,5,Furniture,Bookcases,EMI
B-27507,1331,-604,1,Clothing,Hankerchief,COD
B-27508,406,142,4,Clothing,Saree,COD
B-27509,4696,587,1,Furniture,Tables,COD
B-27509,1082,42,4,Clothing,Trousers,COD
B-27509,3370,1418,4,Electronics,Phones,UPI
B-27510,4662,1608,4,Electronics,Printers,UPI
B-27510,66,28,2,Clothing,Kurti,COD
B-27511,700,-4,3,Clothing,Hankerchief,COD
B-27512,1092,186,5,Furniture,Chairs,UPI
B-27513,2956,1195,1,Electronics,Electronic Games,UPI
B-27514,5799,1970,3,Furniture,Tables,UPI
B-27514,1085,34,5,Furniture,Tables,Credit Card
B-27515,172,-38,4,Clothing,T-shirt,UPI
B-27515,5145,1970,1,Furniture,Furnishings,COD
B-27516,5461,1677,5,Furniture,Tables,COD
B-27516,1649,416,4,Clothing,T-shirt,Debit Card
B-27517,3674,1816,4,Furniture,Furnishings,UPI
B-27517,4435,1280,2,Electronics,Phones,UPI
B-27518,197,-20,5,Clothing,Shirt,UPI
B-27519,2885,360,2,Furniture,Bookcases,EMI
B-27519,5139,2458,1,Electronics,Electronic Games,Credit Card
B-27520,3121,546,4,Furniture,Furnishings,Credit Card
B-27520,1369,245,4,Clothing,Kurti,Debit Card
B-27521,460,273,5,Electronics,Printers,COD
B-27521,5191,1690,1,Furniture,Bookcases,UPI
B-27521,1286,426,4,Clothing,Saree,UPI
B-27522,1956,917,5,Electronics,Accessories,UPI
B-27523,1334,163,4,Clothing,Trousers,Credit Card
B-27523,1820,633,5,Electronics,Electronic Games,UPI
B-27524,3157,1271,1,Electronics,Accessories,Credit Card
B-27525,5680,553,1,Furniture,Tables,COD
B-27525,407,-141,4,Clothing,Hankerchief,COD
B-27526,3636,1180,1,Electronics,Electronic Games,Credit Card
B-27527,4401,1463,4,Furniture,Chairs,Credit Card
B-27528,1110,160,4,Clothing,Stole,UPI
B-27529,744,-55,3,Clothing,Skirt,UPI
B-27530,1038,652,4,Electronics,Electronic Games,EMI
B-27530,5685,1761,5,Furniture,Tables,Credit Card
B-27531,1050,94,5,Clothing,Leggings,Credit Card
B-27532,554,-22,2,Clothing,T-shirt,UPI
B-27533,166,63,5,Clothing,T-shirt,COD
B-27534,545,283,4,Clothing,Leggings,Debit Card
B-27535,1998,-779,1,Clothing,Leggings,COD
B-27535,749,175,3,Clothing,Kurti,UPI
B-27536,3425,608,2,Furniture,Bookcases,UPI
B-27537,1715,-186,5,Clothing,T-shirt,Debit Card
B-27537,4356,482,4,Furniture,Tables,COD
B-27537,4530,274,2,Furniture,Tables,Credit Card
B-27538,1300,586,2,Electronics,Phones,EMI
B-27538,1082,217,4,Electronics,Printers,COD
B-27539,4922,2061,2,Electronics,Phones,COD
B-27540,2092,366,1,Electronics,Electronic Games,EMI
B-27540,3778,1142,3,Electronics,Electronic Games,COD
B-27541,4135,1299,4,Furniture,Chairs,Debit Card
B-27541,5129,665,4,Electronics,Printers,Debit Card
B-27542,836,66,3,Furniture,Furnishings,COD
B-27542,384,-171,5,Clothing,Stole,Debit Card
B-27543,1699,817,3,Clothing,Kurti,Credit Card
B-27544,3130,1157,5,Furniture,Chairs,COD
B-27545,1837,130,2,Clothing,Kurti,Credit Card
B-27545,5104,290,1,Furniture,Tables,Credit Card
B-27546,1418,263,2,Clothing,Stole,UPI
B-27547,84,-23,4,Clothing,Hankerchief,Credit Card
B-27547,1417,226,1,Furniture,Chairs,UPI
B-27548,2701,953,5,Furniture,Bookcases,UPI
B-27548,561,-268,5,Clothing,Stole,COD
B-27548,2568,232,3,Electronics,Printers,COD
B-27549,1585,435,1,Clothing,Skirt,Credit Card
B-27549,4970,2208,2,Electronics,Electronic Games,COD
B-27549,1840,-810,3,Clothing,Leggings,COD
B-27550,281,-131,5,Clothing,Leggings,COD
B-27551,2012,498,3,Furniture,Chairs,UPI
B-27552,4589,1589,2,Electronics,Electronic Games,Credit Card
B-27553,1458,897,5,Clothing,Saree,COD
B-27554,3381,645,4,Electronics,Phones,EMI
B-27554,2276,726,1,Furniture,Furnishings,COD
B-27555,939,48,2,Clothing,Skirt,UPI
B-27556,1495,949,1,Clothing,Skirt,COD
B-27557,4764,1230,4,Furniture,Tables,Debit Card
B-27558,574,42,5,Clothing,Leggings,COD
B-27558,2786,277,3,Electronics,Accessories,Debit Card
B-27559,3390,1537,2,Electronics,Accessories,EMI
B-27559,1732,344,3,Furniture,Chairs,Debit Card
B-27559,578,361,4,Clothing,Trousers,Credit Card
B-27560,3893,1125,3,Electronics,Electronic Games,UPI
B-27561,3483,1175,3,Electronics,Printers,Debit Card
B-27562,513,170,5,Clothing,Leggings,COD
B-27563,1558,916,5,Clothing,Stole,UPI
B-27564,906,93,2,Electronics,Accessories,UPI
B-27564,1674,1072,3,Electronics,Accessories,EMI
B-27565,3488,1476,4,Electronics,Electronic Games,UPI
B-27565,672,94,2,Clothing,Hankerchief,UPI
B-27566,99,60,5,Clothing,Trousers,EMI
B-27567,2288,979,1,Furniture,Chairs,UPI
B-27568,4868,1582,3,Furniture,Bookcases,Debit Card
B-27569,1773,545,3,Electronics,Printers,Credit Card
B-27570,1756,-185,4,Clothing,T-shirt,COD
B-27571,1891,269,2,Clothing,Saree,UPI
B-27572,3678,451,5,Furniture,Furnishings,Credit Card
B-27572,2166,789,2,Furniture,Furnishings,Credit Card
B-27573,1643,463,5,Clothing,T-shirt,Debit Card
B-27574,3513,566,3,Furniture,Furnishings,UPI
B-27575,4159,1059,5,Furniture,Bookcases,Debit Card
B-27576,498,161,4,Clothing,Kurti,Debit Card
B-27577,3545,1425,4,Electronics,Phones,Debit Card
B-27578,773,408,4,Clothing,Skirt,Debit Card
B-27579,759,-356,4,Clothing,Saree,UPI
B-27580,4662,1879,3,Electronics,Electronic Games,UPI
B-27580,4293,2069,1,Furniture,Furnishings,COD
B-27580,883,415,2,Electronics,Accessories,COD
B-27581,4757,230,4,Furniture,Chairs,UPI
B-27581,678,241,1,Clothing,Trousers,Debit Card
B-27582,809,-101,4,Clothing,Leggings,UPI
B-27583,1831,911,2,Clothing,Saree,Debit Card
B-27584,818,421,1,Electronics,Printers,COD
B-27585,2099,509,5,Electronics,Electronic Games,UPI
B-27586,1480,-353,1,Clothing,Leggings,UPI
B-27586,3340,1050,2,Furniture,Bookcases,UPI
B-27587,2946,822,4,Electronics,Accessories,Debit Card
B-27587,4570,584,4,Electronics,Accessories,COD
B-27588,949,217,5,Electronics,Phones,COD
B-27589,2526,295,3,Furniture,Tables,COD
B-27590,4364,1404,1,Electronics,Phones,COD
B-27590,906,323,5,Clothing,Kurti,UPI
B-27590,359,131,3,Clothing,Trousers,Credit Card
B-27591,693,422,5,Clothing,Leggings,EMI
B-27591,5515,931,5,Furniture,Tables,COD
B-27592,891,341,3,Electronics,Printers,COD
B-27592,1308,-214,3,Clothing,Kurti,COD
B-27593,4687,508,4,Electronics,Accessories,UPI
B-27594,1404,409,4,Electronics,Electronic Games,UPI
B-27595,1584,803,1,Electronics,Electronic Games,COD
B-27596,4633,1159,5,Furniture,Tables,COD
B-27596,1108,302,2,Furniture,Furnishings,Credit Card
B-27597,1055,-14,2,Clothing,Shirt,COD
B-27598,1627,-9,3,Clothing,Kurti,Credit Card
B-27599,415,-153,2,Clothing,T-shirt,Credit Card
B-27599,1232,743,4,Electronics,Electronic Games,Credit Card
B-27600,3581,1174,5,Electronics,Phones,EMI
B-27600,1541,-384,2,Clothing,Leggings,EMI
B-27601,3412,1907,2,Electronics,Printers,UPI
B-27601,1335,723,2,Clothing,T-shirt,COD
B-27602,3611,2133,3,Electronics,Accessories,UPI
B-27602,1465,347,1,Furniture,Chairs,Debit Card
B-27603,233,70,5,Clothing,Shirt,Credit Card
B-27604,1956,291,5,Clothing,Leggings,COD
B-27605,485,-189,5,Clothing,Skirt,UPI
B-27606,973,48,3,Clothing,Leggings,UPI
B-27606,1390,-545,1,Clothing,Hankerchief,Debit Card
B-27607,5318,1163,3,Electronics,Printers,COD
B-27607,4159,472,3,Electronics,Accessories,COD
B-27607,631,373,1,Clothing,Stole,UPI
B-27608,125,68,5,Clothing,Leggings,Credit Card
B-27608,5688,293,1,Furniture,Chairs,Credit Card
B-27609,2709,816,1,Furniture,Furnishings,COD
B-27610,1416,243,5,Clothing,Leggings,COD
B-27611,5136,1409,2,Electronics,Accessories,UPI
B-27612,3112,1262,5,Electronics,Electronic Games,COD
B-27613,1793,387,5,Electronics,Printers,UPI
B-27614,1907,337,3,Clothing,Saree,COD
B-27615,1521,-232,2,Clothing,Shirt,COD
B-27616,3198,327,4,Electronics,Printers,COD
B-27617,869,107,5,Clothing,Kurti,Debit Card
B-27618,3631,1269,5,Electronics,Printers,Debit Card
B-27619,2197,511,2,Electronics,Printers,EMI
B-27620,143,12,5,Clothing,Skirt,Debit Card
B-27621,2966,880,3,Furniture,Bookcases,COD
B-27622,4438,1366,5,Furniture,Tables,COD
B-27622,4874,2416,3,Furniture,Furnishings,EMI
B-27622,2690,276,5,Furniture,Furnishings,UPI
B-27623,1572,-602,4,Clothing,Shirt,COD
B-27624,622,360,4,Electronics,Electronic Games,COD
B-27625,757,258,2,Furniture,Furnishings,COD
B-27626,822,407,2,Clothing,Saree,Debit Card
B-27626,5525,2848,1,Electronics,Phones,Credit Card
B-27627,1062,104,3,Clothing,Skirt,COD
B-27628,1741,-528,5,Clothing,Stole,UPI
B-27629,272,-75,5,Clothing,Hankerchief,Credit Card
B-27630,1106,-187,3,Clothing,Skirt,Debit Card
B-27631,1963,258,5,Furniture,Tables,UPI
B-27632,404,179,3,Clothing,Kurti,Credit Card
B-27632,1359,1,3,Clothing,Leggings,COD
B-27633,1184,-130,5,Clothing,Saree,UPI
B-27634,3933,608,2,Furniture,Furnishings,Credit Card
B-27635,4961,900,2,Electronics,Printers,Credit Card
B-27636,85,23,4,Clothing,Skirt,EMI
B-27636,1263,-17,4,Clothing,Stole,COD
B-27636,5362,560,2,Furniture,Chairs,Credit Card
B-27637,5159,3326,5,Electronics,Electronic Games,Debit Card
B-27638,2689,499,3,Furniture,Tables,COD
B-27639,1667,441,2,Clothing,Trousers,Credit Card
B-27640,2785,1786,5,Electronics,Phones,UPI
B-27641,74,33,3,Clothing,Trousers,COD
B-27642,5542,1391,4,Electronics,Printers,UPI
B-27643,1062,15,5,Clothing,Hankerchief,Credit Card
B-27644,4490,2300,1,Electronics,Phones,Debit Card
B-27645,2751,912,3,Furniture,Furnishings,EMI
B-27646,1117,-457,3,Clothing,Saree,EMI
B-27647,1359,-344,3,Clothing,Stole,UPI
B-27648,497,110,4,Clothing,Skirt,Debit Card
B-27649,780,22,5,Clothing,Stole,Debit Card
B-27649,961,203,4,Electronics,Accessories,Credit Card
B-27649,2434,858,2,Electronics,Printers,COD
B-27650,854,373,1,Furniture,Furnishings,Credit Card
B-27650,5244,2531,5,Electronics,Printers,COD
B-27651,5498,966,4,Furniture,Furnishings,Debit Card
B-27652,5745,2376,5,Electronics,Accessories,Credit Card
B-27652,764,-29,4,Clothing,Kurti,COD
B-27653,228,103,2,Clothing,Skirt,Credit Card
B-27653,608,146,1,Clothing,Trousers,Credit Card
B-27654,3174,1181,1,Furniture,Bookcases,UPI
B-27654,237,136,5,Clothing,T-shirt,Credit Card
B-27655,5354,1674,1,Furniture,Bookcases,COD
B-27655,979,79,5,Electronics,Accessories,UPI
B-27656,776,461,2,Clothing,Stole,COD
B-27656,1838,293,5,Furniture,Chairs,Debit Card
B-27656,72,-22,5,Clothing,T-shirt,EMI
B-27657,909,200,3,Clothing,Hankerchief,Credit Card
B-27657,643,-258,2,Clothing,Leggings,COD
B-27658,697,295,4,Electronics,Printers,Credit Card
B-27659,1067,135,1,Clothing,Kurti,COD
B-27660,477,80,5,Clothing,Kurti,COD
B-27660,408,92,3,Electronics,Electronic Games,COD
B-27661,1120,341,5,Clothing,Skirt,UPI
B-27661,1833,824,4,Electronics,Accessories,COD
B-27661,2048,1097,2,Electronics,Accessories,UPI
B-27662,729,338,4,Furniture,Tables,UPI
B-27663,221,147,4,Clothing,Leggings,Debit Card
B-27664,1098,513,3,Electronics,Accessories,UPI
B-27664,1016,456,1,Furniture,Chairs,COD
B-27664,5268,1424,5,Electronics,Printers,UPI
B-27665,5584,375,3,Furniture,Chairs,EMI
B-27666,729,406,5,Electronics,Phones,Debit Card
B-27666,3861,896,3,Furniture,Tables,COD
B-27666,4102,540,4,Electronics,Printers,UPI
B-27667,5306,1283,1,Electronics,Electronic Games,COD
B-27668,328,33,5,Clothing,Trousers,UPI
B-27668,3984,373,4,Furniture,Bookcases,COD
B-27669,3245,1426,1,Furniture,Chairs,Credit Card
B-27670,1007,459,2,Electronics,Phones,COD
B-27671,378,115,3,Clothing,T-shirt,COD
B-27671,481,134,1,Clothing,Saree,Debit Card
B-27671,1566,336,1,Electronics,Accessories,UPI
B-27672,1107,-426,5,Clothing,Kurti,COD
B-27673,2840,439,2,Furniture,Chairs,Debit Card
B-27674,2513,1064,5,Electronics,Electronic Games,COD
B-27674,3642,1501,1,Furniture,Chairs,Debit Card
B-27674,1401,-675,5,Clothing,T-shirt,UPI
B-27675,1103,89,5,Electronics,Accessories,Debit Card
B-27676,1085,-513,3,Clothing,Hankerchief,COD
B-27676,3144,839,1,Furniture,Chairs,Credit Card
B-27677,3112,154,2,Furniture,Furnishings,Credit Card
B-27677,1803,325,4,Furniture,Tables,EMI
B-27677,1652,-671,1,Clothing,Hankerchief,EMI
B-27678,1725,1077,3,Electronics,Accessories,Credit Card
B-27678,530,109,1,Electronics,Phones,Debit Card
B-27679,2670,1054,2,Furniture,Bookcases,Debit Card
B-27680,5129,1204,5,Furniture,Chairs,Credit Card
B-27681,489,-59,5,Clothing,Trousers,Debit Card
B-27681,3024,703,3,Electronics,Printers,Debit Card
B-27682,2603,589,4,Electronics,Electronic Games,Credit Card
B-27683,376,-29,3,Clothing,Hankerchief,EMI
B-27683,4754,2195,4,Electronics,Electronic Games,EMI
B-27684,1622,401,1,Electronics,Electronic Games,Debit Card
B-27684,5523,3022,3,Electronics,Phones,EMI
B-27685,4671,1739,4,Electronics,Phones,Credit Card
B-27686,5179,2291,3,Furniture,Tables,Credit Card
B-27687,4515,612,5,Electronics,Accessories,UPI
B-27687,2662,1049,3,Electronics,Printers,UPI
B-27688,1187,13,1,Clothing,Trousers,Credit Card
B-27689,4089,1978,4,Furniture,Bookcases,Credit Card
B-27689,4759,1896,1,Electronics,Phones,Credit Card
B-27689,1695,438,3,Clothing,Trousers,Credit Card
B-27690,2518,1428,5,Electronics,Electronic Games,EMI
B-27691,811,170,5,Clothing,Saree,UPI
B-27692,4383,1107,4,Electronics,Electronic Games,EMI
B-27692,5869,1583,4,Furniture,Bookcases,UPI
B-27693,1870,373,4,Electronics,Phones,Debit Card
B-27693,5295,3189,3,Electronics,Phones,COD
B-27694,1815,-417,2,Clothing,Shirt,COD
B-27695,4737,1192,2,Furniture,Furnishings,Debit Card
B-27695,1080,235,2,Electronics,Printers,UPI
B-27696,1260,219,2,Clothing,Saree,COD
B-27696,1627,-465,2,Clothing,T-shirt,Debit Card
B-27697,1699,403,4,Electronics,Printers,COD
B-27698,5126,1880,4,Electronics,Electronic Games,UPI
B-27698,5401,634,5,Furniture,Furnishings,UPI
B-27698,345,-36,2,Clothing,Trousers,UPI
B-27699,816,553,5,Clothing,T-shirt,UPI
B-27700,173,108,3,Clothing,Shirt,UPI
B-27700,1910,-328,3,Clothing,Hankerchief,COD
B-27701,3008,453,4,Furniture,Bookcases,UPI
B-27702,2621,811,1,Furniture,Bookcases,EMI
B-27703,1872,716,4,Electronics,Phones,COD
B-27704,866,-112,2,Clothing,T-shirt,UPI
B-27704,2859,1218,3,Electronics,Accessories,EMI
B-27705,1403,-340,4,Clothing,Kurti,UPI
B-27705,1214,-551,2,Clothing,Saree,Credit Card
B-27706,981,443,4,Electronics,Electronic Games,Debit Card
B-27707,1275,256,4,Furniture,Tables,Credit Card
B-27708,4322,362,5,Furniture,Tables,COD
B-27709,1989,209,4,Electronics,Printers,Credit Card
B-27709,2154,852,2,Furniture,Bookcases,Credit Card
B-27709,1154,625,3,Electronics,Printers,COD
B-27710,297,129,5,Clothing,Skirt,Debit Card
B-27710,2829,1173,1,Electronics,Accessories,Debit Card
B-27710,971,222,1,Electronics,Accessories,Credit Card
B-27711,3470,319,5,Furniture,Chairs,COD
B-27712,4229,1211,2,Furniture,Tables,COD
B-27712,736,482,1,Clothing,Kurti,Credit Card
B-27713,2226,1081,3,Furniture,Bookcases,UPI
B-27714,5906,1288,2,Furniture,Furnishings,COD
B-27715,524,-160,3,Clothing,Saree,Credit Card
B-27716,1486,125,1,Clothing,Kurti,UPI
B-27716,5692,734,2,Electronics,Printers,Debit Card
B-27717,4304,2606,3,Electronics,Phones,COD
B-27717,3247,2030,4,Electronics,Electronic Games,UPI
B-27718,3328,883,1,Electronics,Accessories,COD
B-27719,2490,1419,3,Electronics,Electronic Games,COD
B-27719,942,596,3,Clothing,Hankerchief,Credit Card
B-27720,5833,1104,3,Furniture,Tables,UPI
B-27721,1757,941,2,Electronics,Accessories,Credit Card
B-27722,1731,-266,1,Clothing,Stole,COD
B-27722,1256,-99,4,Clothing,Skirt,UPI
B-27722,3228,2077,5,Electronics,Phones,UPI
B-27723,2717,1431,5,Electronics,Printers,Debit Card
B-27724,5518,2270,4,Electronics,Electronic Games,COD
B-27724,5675,2128,3,Furniture,Furnishings,Debit Card
B-27725,1345,354,1,Clothing,Kurti,UPI
B-27726,774,0,3,Clothing,Leggings,Credit Card
B-27727,1896,-42,4,Clothing,Leggings,UPI
B-27728,1762,334,3,Furniture,Furnishings,COD
B-27729,1344,847,3,Electronics,Phones,COD
B-27730,1886,1017,2,Clothing,Saree,COD
B-27730,2493,1454,4,Electronics,Electronic Games,COD
B-27731,2741,1565,2,Electronics,Printers,UPI
B-27732,4690,2863,3,Electronics,Electronic Games,COD
B-27733,1348,187,2,Clothing,T-shirt,COD
B-27733,1117,-108,2,Clothing,Saree,Debit Card
B-27734,5609,1616,4,Furniture,Bookcases,UPI
B-27735,1044,307,1,Electronics,Electronic Games,EMI
B-27736,598,177,2,Electronics,Electronic Games,UPI
B-27737,1812,511,5,Furniture,Tables,Debit Card
B-27738,3402,223,1,Furniture,Tables,Credit Card
B-27739,796,339,4,Clothing,Saree,Debit Card
B-27739,826,182,3,Electronics,Phones,Credit Card
B-27740,5454,2108,4,Furniture,Bookcases,COD
B-27741,1760,-134,3,Clothing,Stole,Credit Card
B-27742,5316,2877,3,Electronics,Electronic Games,COD
B-27743,414,-42,1,Clothing,Stole,COD
B-27744,2807,1054,2,Furniture,Bookcases,EMI
B-27745,516,257,1,Clothing,T-shirt,Debit Card
B-27746,2000,558,4,Clothing,Leggings,COD
B-27746,515,242,4,Furniture,Tables,Debit Card
B-27747,1838,892,4,Clothing,Stole,COD
B-27748,617,171,2,Furniture,Furnishings,COD
B-27748,3455,1717,5,Electronics,Phones,COD
B-27749,628,351,2,Clothing,Saree,UPI
B-27750,848,-65,1,Clothing,Leggings,UPI
B-27751,1477,-492,2,Clothing,Hankerchief,UPI
B-27751,5747,2086,4,Furniture,Tables,Credit Card
B-27751,1335,822,3,Electronics,Phones,COD
B-27752,424,163,2,Electronics,Phones,UPI
B-27753,2029,868,2,Furniture,Tables,COD
B-27754,1274,759,2,Clothing,Saree,UPI
B-27755,2028,942,4,Furniture,Tables,EMI
B-27755,1268,670,5,Electronics,Accessories,Credit Card
B-27756,670,137,2,Electronics,Printers,Debit Card
B-27757,4958,2135,4,Electronics,Electronic Games,UPI
B-27757,821,-91,4,Clothing,Trousers,Credit Card
B-27757,1828,-77,2,Clothing,T-shirt,Debit Card
B-27758,3846,1820,2,Electronics,Accessories,UPI
B-27758,4231,2383,4,Electronics,Electronic Games,UPI
B-27759,263,-43,1,Clothing,T-shirt,COD
B-27759,3680,638,4,Electronics,Phones,COD
B-27760,4755,2116,1,Furniture,Tables,Credit Card
B-27761,5762,3527,4,Electronics,Accessories,Credit Card
B-27761,90,-4,5,Clothing,Hankerchief,COD
B-27761,764,190,1,Furniture,Bookcases,EMI
B-27762,1195,522,4,Furniture,Chairs,UPI
B-27762,2007,1066,3,Electronics,Accessories,COD
B-27763,1578,-264,1,Clothing,Shirt,COD
B-27763,533,66,1,Clothing,Stole,UPI
B-27763,3226,584,5,Furniture,Chairs,COD
B-27764,4614,312,3,Electronics,Printers,Credit Card
B-27765,1568,562,5,Clothing,Skirt,COD
B-27765,1511,340,2,Electronics,Printers,Credit Card
B-27766,364,-8,3,Clothing,Stole,COD
B-27766,1935,789,5,Clothing,Skirt,COD
B-27766,1541,-42,1,Clothing,Shirt,COD
B-27767,912,-399,1,Clothing,Shirt,Credit Card
B-27768,1158,-542,1,Clothing,Saree,Credit Card
B-27769,680,262,2,Electronics,Phones,EMI
B-27770,2082,1027,5,Electronics,Accessories,UPI
B-27770,4633,1089,3,Furniture,Chairs,Debit Card
B-27770,1560,377,2,Furniture,Chairs,Credit Card
B-27771,239,111,1,Clothing,Shirt,Debit Card
B-27771,808,169,5,Electronics,Phones,Credit Card
B-27772,2489,946,3,Electronics,Electronic Games,UPI
B-27773,159,-41,2,Clothing,Trousers,UPI
B-27774,2776,287,1,Electronics,Printers,Debit Card
B-27775,1290,145,2,Furniture,Chairs,Credit Card
B-27775,4749,2167,4,Electronics,Printers,COD
B-27776,1324,562,5,Electronics,Phones,Debit Card
B-27777,4351,758,3,Furniture,Bookcases,Credit Card
B-27778,2710,965,3,Electronics,Electronic Games,Debit Card
B-27779,1817,359,4,Furniture,Chairs,COD
B-27780,198,136,3,Clothing,Trousers,EMI
B-27780,3256,895,5,Electronics,Phones,Credit Card
B-27781,590,180,3,Clothing,Saree,Credit Card
B-27781,820,219,5,Clothing,Shirt,EMI
B-27781,1624,426,3,Electronics,Accessories,COD
B-27782,4736,888,1,Electronics,Electronic Games,Credit Card
B-27782,529,-138,4,Clothing,Leggings,Credit Card
B-27782,362,37,4,Clothing,Saree,Credit Card
B-27783,631,-43,3,Clothing,Trousers,UPI
B-27783,1075,120,5,Clothing,Trousers,UPI
B-27784,633,113,5,Clothing,Skirt,Debit Card
B-27785,257,-126,4,Clothing,Skirt,Debit Card
B-27785,4780,1473,4,Furniture,Chairs,Credit Card
B-27786,5968,1372,2,Furniture,Furnishings,Debit Card
B-27786,2879,1164,4,Electronics,Accessories,Credit Card
B-27787,4437,1872,2,Furniture,Bookcases,Credit Card
B-27787,3086,597,5,Furniture,Bookcases,Debit Card
B-27787,3692,1411,5,Furniture,Furnishings,UPI
B-27788,1459,-569,1,Clothing,Leggings,COD
B-27788,1324,332,4,Electronics,Electronic Games,EMI
B-27788,271,27,4,Clothing,T-shirt,EMI
B-27789,5987,1703,1,Furniture,Tables,EMI
B-27789,1968,1086,1,Clothing,Leggings,UPI
B-27790,263,-27,4,Clothing,Skirt,Debit Card
B-27790,5182,1022,3,Electronics,Electronic Games,COD
B-27790,998,400,3,Clothing,Saree,COD
B-27791,2487,151,4,Furniture,Chairs,UPI
B-27792,4887,1817,1,Furniture,Chairs,COD
B-27793,697,296,4,Electronics,Electronic Games,UPI
B-27794,1820,1002,3,Electronics,Printers,Debit Card
B-27795,1720,-126,1,Clothing,Leggings,Debit Card
B-27796,5385,2797,5,Electronics,Electronic Games,UPI
B-27796,5662,3354,4,Electronics,Printers,EMI
B-27797,1836,1081,1,Clothing,Shirt,COD
B-27797,3367,195,5,Furniture,Bookcases,COD
B-27798,5744,398,4,Furniture,Bookcases,COD
B-27799,4822,1627,3,Furniture,Bookcases,UPI
B-27800,461,-1,2,Clothing,Shirt,UPI
B-27801,1537,921,5,Clothing,Kurti,UPI
B-27802,3224,1308,5,Furniture,Bookcases,Credit Card
B-27803,244,-46,4,Clothing,Trousers,COD
B-27803,1342,937,1,Clothing,Shirt,Credit Card
B-27804,2471,873,1,Furniture,Chairs,Credit Card
B-27804,2825,1019,5,Electronics,Electronic Games,UPI
B-27805,3888,262,2,Furniture,Tables,COD
B-27806,908,180,4,Clothing,Shirt,Credit Card
B-27806,1194,-435,2,Clothing,Skirt,EMI
B-27807,1782,778,4,Electronics,Printers,Credit Card
B-27808,433,241,2,Electronics,Accessories,Credit Card
B-27808,5821,1548,1,Furniture,Tables,COD
B-27809,1941,27,2,Clothing,T-shirt,COD
B-27810,3230,193,5,Electronics,Accessories,UPI
B-27811,5380,1937,5,Electronics,Electronic Games,UPI
B-27811,5284,2335,3,Electronics,Electronic Games,Credit Card
B-27812,702,161,5,Furniture,Tables,Debit Card
B-27813,1963,783,4,Clothing,Kurti,Debit Card
B-27813,1996,883,4,Clothing,Stole,COD
B-27814,4269,1818,2,Electronics,Phones,EMI
B-27815,1593,-781,1,Clothing,Kurti,Credit Card
B-27816,4804,945,3,Furniture,Bookcases,Credit Card
B-27817,2630,1091,2,Electronics,Phones,UPI
B-27818,3670,1774,5,Electronics,Electronic Games,Credit Card
B-27819,1312,348,2,Electronics,Accessories,UPI
B-27820,2535,164,4,Electronics,Phones,COD
B-27820,4676,644,2,Electronics,Accessories,Debit Card
B-27821,1672,421,4,Clothing,T-shirt,UPI
B-27821,108,67,5,Clothing,Kurti,Debit Card
B-27822,3313,1082,4,Furniture,Bookcases,Debit Card
B-27823,5231,2491,1,Electronics,Electronic Games,Debit Card
B-27824,5887,294,5,Furniture,Tables,UPI
B-27825,933,135,4,Clothing,Leggings,Credit Card
B-27825,3777,1930,4,Electronics,Accessories,UPI
B-27826,1290,-168,2,Clothing,Saree,EMI
B-27827,2309,384,2,Electronics,Accessories,Debit Card
B-27827,495,205,3,Electronics,Printers,UPI
B-27828,768,154,4,Clothing,Leggings,COD
B-27828,946,19,2,Furniture,Tables,Credit Card
B-27829,2080,146,3,Electronics,Accessories,EMI
B-27830,5608,3478,2,Electronics,Accessories,Credit Card
B-27830,5105,804,1,Furniture,Tables,UPI
B-27831,1109,364,2,Electronics,Phones,COD
B-27832,691,262,4,Electronics,Printers,Debit Card
B-27832,389,213,3,Electronics,Printers,Credit Card
B-27833,1887,-582,1,Clothing,Leggings,UPI
B-27834,3224,212,3,Electronics,Printers,UPI
B-27835,5078,1626,2,Electronics,Accessories,UPI
B-27836,819,36,2,Clothing,Trousers,UPI
B-27836,3705,1733,2,Electronics,Accessories,Credit Card
B-27837,5453,2790,1,Electronics,Electronic Games,EMI
B-27838,4936,1370,2,Electronics,Printers,Credit Card
B-27839,745,-42,2,Clothing,Stole,Debit Card
B-27839,5344,2417,4,Furniture,Furnishings,Credit Card
B-27840,2728,269,1,Electronics,Accessories,Credit Card
B-27840,5622,1759,1,Electronics,Phones,Debit Card
B-27841,1206,-234,4,Clothing,Kurti,Credit Card
B-27842,1341,247,4,Clothing,Stole,Debit Card
B-27842,1854,684,4,Electronics,Phones,COD
B-27843,1867,739,3,Clothing,Shirt,COD
B-27844,1520,306,5,Furniture,Chairs,Debit Card
B-27845,3931,557,5,Electronics,Electronic Games,Debit Card
B-27845,984,-142,1,Clothing,T-shirt,COD
B-27846,569,159,4,Clothing,Shirt,COD
B-27847,579,182,1,Furniture,Bookcases,Credit Card
B-27848,564,179,2,Clothing,Saree,COD
B-27848,343,110,5,Clothing,Saree,Debit Card
B-27848,986,478,1,Clothing,Shirt,COD
B-27849,1764,1016,3,Clothing,Stole,UPI
B-27850,3510,344,5,Electronics,Phones,UPI
B-27850,611,94,5,Electronics,Accessories,UPI
B-27851,4290,407,2,Furniture,Furnishings,Credit Card
B-27852,1803,556,2,Clothing,Skirt,COD
B-27853,3479,1107,5,Furniture,Chairs,UPI
B-27854,1902,830,3,Electronics,Electronic Games,COD
B-27854,5805,1994,5,Furniture,Bookcases,COD
B-27854,2303,177,5,Electronics,Accessories,EMI
B-27855,3488,1183,1,Furniture,Bookcases,EMI
B-27855,991,-457,1,Clothing,Trousers,COD
B-27856,576,342,2,Clothing,Stole,UPI
B-27856,1788,588,3,Clothing,Trousers,COD
B-27856,1947,516,3,Electronics,Accessories,UPI
B-27857,1649,-27,1,Clothing,Kurti,COD
B-27857,940,213,5,Electronics,Phones,Debit Card
B-27858,564,-122,1,Clothing,Hankerchief,COD
B-27859,3510,742,4,Furniture,Furnishings,UPI
B-27860,4255,2537,1,Electronics,Accessories,Debit Card
B-27860,210,-61,5,Clothing,Leggings,UPI
B-27861,2105,262,3,Furniture,Tables,COD
B-27862,673,242,5,Clothing,Stole,Credit Card
B-27863,1160,-175,4,Clothing,Skirt,UPI
B-27863,387,80,4,Electronics,Electronic Games,EMI
B-27864,5630,2250,2,Electronics,Electronic Games,Credit Card
B-27865,590,292,5,Clothing,Kurti,COD
B-27865,3682,483,5,Furniture,Furnishings,Debit Card
B-27865,3113,69,4,Furniture,Chairs,UPI
B-27866,996,-218,5,Clothing,Stole,Debit Card
B-27867,1326,60,4,Furniture,Bookcases,Debit Card
B-27868,1453,910,3,Electronics,Printers,COD
B-27869,727,280,1,Furniture,Bookcases,Credit Card
B-27869,50,15,4,Clothing,Hankerchief,Credit Card
B-27870,2650,1505,3,Electronics,Printers,COD
B-27871,1274,179,4,Clothing,Skirt,Debit Card
B-27871,328,-109,4,Clothing,Kurti,UPI
B-27872,500,268,5,Clothing,Saree,Credit Card
B-27873,910,127,1,Furniture,Tables,Debit Card
B-27873,2000,1251,3,Clothing,Saree,COD
B-27874,904,-284,3,Clothing,T-shirt,EMI
B-27875,1982,-590,2,Clothing,Shirt,Credit Card
B-27876,350,-159,1,Clothing,Kurti,Debit Card
B-27876,48,-16,4,Clothing,Saree,Debit Card
B-27876,3517,284,3,Furniture,Furnishings,Debit Card
B-27877,5321,1487,2,Electronics,Accessories,Credit Card
B-27878,4417,2476,1,Electronics,Accessories,COD
B-27878,4678,2928,4,Electronics,Accessories,UPI
B-27879,1911,1153,1,Clothing,Hankerchief,COD
B-27879,367,-88,2,Clothing,T-shirt,Debit Card
B-27880,215,80,1,Clothing,Hankerchief,Credit Card
B-27881,1746,736,2,Clothing,Stole,Credit Card
B-27881,1343,435,1,Electronics,Printers,Credit Card
B-27881,1522,-144,3,Clothing,Stole,COD
B-27882,1837,865,5,Electronics,Electronic Games,Credit Card
B-27882,4236,1352,1,Furniture,Bookcases,EMI
B-27883,1915,1208,2,Clothing,Kurti,COD
B-27883,1604,36,1,Clothing,Leggings,UPI
B-27884,1964,354,3,Furniture,Furnishings,Credit Card
B-27885,2948,1123,2,Electronics,Electronic Games,Debit Card
B-27886,1499,107,5,Clothing,Hankerchief,COD
B-27887,423,-149,4,Clothing,Shirt,UPI
B-27887,2467,907,3,Electronics,Phones,COD
B-27888,5299,1885,4,Furniture,Furnishings,EMI
B-27889,1436,-399,3,Clothing,Kurti,UPI
B-27889,596,381,4,Clothing,Kurti,Credit Card
B-27890,1712,662,4,Electronics,Phones,Debit Card
B-27891,1700,512,1,Electronics,Printers,COD
B-27891,3930,1810,5,Furniture,Furnishings,Credit Card
B-27891,2316,788,3,Furniture,Chairs,Credit Card
B-27892,1724,812,2,Electronics,Phones,UPI
B-27893,5703,1798,4,Furniture,Bookcases,Credit Card
B-27893,3978,2082,5,Electronics,Phones,UPI
B-27894,2190,494,4,Furniture,Furnishings,UPI
B-27895,3208,1383,2,Furniture,Chairs,COD
B-27895,4486,2113,4,Furniture,Furnishings,Debit Card
B-27896,1827,-345,5,Clothing,Leggings,Debit Card
B-27897,2778,1141,5,Electronics,Printers,COD
B-27897,937,363,3,Electronics,Phones,COD
B-27897,1788,629,5,Furniture,Chairs,Credit Card
B-27898,626,262,1,Electronics,Accessories,Credit Card
B-27898,139,-21,1,Clothing,Leggings,Debit Card
B-27899,933,-289,4,Clothing,Shirt,EMI
B-27900,1428,-666,1,Clothing,Hankerchief,Debit Card
B-27901,309,-45,4,Clothing,Kurti,EMI
B-27902,596,-35,4,Clothing,Shirt,EMI
B-27903,4479,404,4,Furniture,Chairs,UPI
B-27904,1578,738,4,Clothing,Leggings,UPI
B-27905,724,222,4,Electronics,Printers,COD
B-27905,1833,462,4,Clothing,Skirt,Credit Card
B-27906,5585,670,1,Electronics,Electronic Games,Debit Card
B-27906,1589,-737,4,Clothing,Hankerchief,COD
B-27907,2508,737,4,Furniture,Bookcases,UPI
B-27907,73,-18,2,Clothing,Stole,UPI
B-27908,1003,173,3,Clothing,Stole,COD
B-27909,4983,1617,1,Furniture,Bookcases,COD
B-27910,4887,362,5,Electronics,Electronic Games,UPI
B-27910,5659,2591,1,Furniture,Chairs,COD
B-27911,193,0,3,Clothing,Kurti,COD
B-27912,1274,604,3,Clothing,Saree,EMI
B-27913,746,46,3,Clothing,Shirt,UPI
B-27913,1867,878,3,Clothing,Hankerchief,Credit Card
B-27914,538,-217,2,Clothing,Shirt,Credit Card
B-27915,1670,1074,1,Electronics,Accessories,Debit Card
B-27916,1305,-218,2,Clothing,Saree,COD
B-27917,1851,814,2,Clothing,Leggings,Credit Card
B-27918,2310,699,5,Electronics,Phones,COD
B-27918,1637,916,1,Electronics,Phones,UPI
B-27919,4518,449,1,Electronics,Phones,COD
B-27920,978,114,3,Clothing,Skirt,COD
B-27921,3013,1765,3,Electronics,Printers,UPI
B-27922,4684,349,3,Furniture,Tables,UPI
B-27922,2903,1156,5,Electronics,Electronic Games,COD
B-27923,3762,502,4,Furniture,Furnishings,COD
B-27924,649,407,1,Electronics,Phones,Credit Card
B-27925,2043,1242,1,Electronics,Accessories,UPI
B-27925,4362,2269,5,Electronics,Electronic Games,COD
B-27926,1105,237,2,Electronics,Printers,COD
B-27927,4712,492,5,Electronics,Electronic Games,Debit Card
B-27927,1508,936,4,Electronics,Electronic Games,UPI
B-27928,5221,375,2,Electronics,Electronic Games,COD
B-27929,3937,1250,1,Electronics,Phones,UPI
B-27929,5015,991,4,Electronics,Phones,Credit Card
B-27930,1122,477,2,Clothing,Leggings,COD
B-27931,2300,220,2,Electronics,Accessories,Credit Card
B-27932,1588,660,4,Clothing,Saree,Debit Card
B-27933,1533,648,5,Electronics,Electronic Games,Credit Card
B-27933,2818,1011,3,Furniture,Chairs,UPI
B-27934,48,15,4,Clothing,Stole,Debit Card
B-27935,2391,1521,4,Electronics,Accessories,Debit Card
B-27935,1454,-71,4,Clothing,Shirt,COD
B-27935,863,587,2,Clothing,Hankerchief,Debit Card
B-27936,420,163,4,Electronics,Printers,EMI
B-27937,2899,265,3,Furniture,Furnishings,COD
B-27938,2585,683,4,Furniture,Bookcases,UPI
B-27938,5010,300,1,Furniture,Furnishings,Credit Card
B-27939,4365,1049,5,Furniture,Furnishings,UPI
B-27940,366,-68,3,Clothing,Kurti,Debit Card
B-27941,416,213,2,Clothing,Stole,COD
B-27941,1312,282,5,Clothing,Saree,Credit Card
B-27942,1412,370,3,Electronics,Phones,COD
B-27943,4157,1624,4,Furniture,Chairs,COD
B-27944,2317,666,5,Electronics,Printers,EMI
B-27945,5182,2346,1,Electronics,Phones,COD
B-27945,1469,129,3,Electronics,Electronic Games,Debit Card
B-27946,1081,-104,5,Clothing,Kurti,COD
B-27947,2362,954,3,Furniture,Bookcases,COD
B-27947,689,278,5,Electronics,Phones,UPI
B-27948,3687,1755,2,Electronics,Phones,Credit Card
B-27949,901,522,4,Electronics,Printers,COD
B-27950,585,-154,4,Clothing,Trousers,EMI
B-27951,604,55,1,Electronics,Accessories,COD
B-27952,929,35,5,Clothing,Leggings,Debit Card
B-27953,2449,480,1,Electronics,Phones,UPI
B-27953,1555,-725,3,Clothing,Stole,UPI
B-27954,1252,469,5,Furniture,Tables,Credit Card
B-27955,490,-235,3,Clothing,Leggings,Credit Card
B-27956,4773,911,3,Electronics,Phones,COD
B-27957,1742,-382,1,Clothing,Saree,UPI
B-27958,382,205,1,Clothing,Kurti,COD
B-27959,4717,1342,3,Electronics,Printers,Credit Card
B-27960,1963,-150,5,Clothing,T-shirt,Debit Card
B-27961,5739,1495,3,Furniture,Chairs,UPI
B-27962,408,68,2,Electronics,Accessories,Debit Card
B-27962,2159,469,2,Furniture,Furnishings,UPI
B-27963,1878,19,4,Clothing,Skirt,COD
B-27963,2432,191,3,Electronics,Electronic Games,UPI
B-27963,5567,3130,5,Electronics,Accessories,COD
B-27964,4730,1227,2,Electronics,Printers,Debit Card
B-27965,3005,1559,2,Electronics,Accessories,EMI
B-27966,3852,1689,3,Furniture,Furnishings,Credit Card
B-27966,2314,637,4,Electronics,Printers,EMI
B-27967,564,-155,4,Clothing,Skirt,UPI
B-27967,697,455,2,Clothing,Saree,Debit Card
B-27968,4434,2022,4,Electronics,Electronic Games,COD
B-27969,1916,223,2,Furniture,Chairs,Debit Card
B-27969,1131,-94,4,Clothing,Saree,UPI
B-27970,1583,521,2,Electronics,Phones,UPI
B-27971,5258,2244,5,Electronics,Electronic Games,UPI
B-27971,4988,815,2,Electronics,Phones,UPI
B-27972,400,181,2,Electronics,Phones,Credit Card
B-27973,4157,844,5,Furniture,Bookcases,COD
B-27974,467,-72,5,Clothing,Trousers,EMI
B-27974,4078,673,4,Electronics,Phones,COD
B-27975,59,-19,4,Clothing,Stole,COD
B-27976,685,326,3,Electronics,Printers,EMI
B-27976,4575,1202,2,Electronics,Phones,Debit Card
B-27977,4160,2534,5,Electronics,Phones,Debit Card
B-27977,933,154,3,Clothing,Skirt,UPI
B-27978,1147,425,5,Clothing,Leggings,COD
B-27979,3554,1719,1,Furniture,Furnishings,UPI
B-27979,5296,2229,2,Furniture,Bookcases,UPI
B-27979,1611,885,4,Electronics,Electronic Games,COD
B-27980,1074,634,3,Clothing,Skirt,UPI
B-27980,2448,1396,3,Electronics,Phones,UPI
B-27981,4027,1840,2,Furniture,Furnishings,COD
B-27982,1556,567,5,Clothing,Stole,COD
B-27983,932,428,2,Clothing,Hankerchief,COD
B-27984,4776,3010,5,Electronics,Accessories,COD
B-27985,1734,-734,4,Clothing,Hankerchief,EMI
B-27985,5450,2756,5,Electronics,Phones,UPI
B-27986,1836,678,1,Clothing,Shirt,UPI
B-27987,3363,141,1,Furniture,Furnishings,UPI
B-27987,1886,29,2,Clothing,Skirt,Debit Card
B-27988,984,501,4,Electronics,Printers,EMI
B-27988,5546,2620,1,Furniture,Bookcases,COD
B-27989,1632,438,2,Clothing,Skirt,Credit Card
B-27989,1709,667,4,Clothing,Stole,COD
B-27989,4228,2427,4,Electronics,Printers,COD
B-27990,1831,-175,3,Clothing,Kurti,Debit Card
B-27991,1016,523,3,Clothing,T-shirt,UPI
B-27991,582,172,4,Clothing,Stole,COD
B-27991,5702,2437,3,Furniture,Tables,Debit Card
B-27992,1472,216,3,Furniture,Chairs,UPI
B-27992,27,-13,1,Clothing,Stole,COD
B-27993,4831,1237,4,Electronics,Phones,COD
B-27994,1129,55,1,Clothing,Hankerchief,EMI
B-27995,286,69,4,Clothing,Stole,UPI
B-27996,592,147,5,Clothing,Hankerchief,Debit Card
B-27996,1100,563,1,Clothing,Skirt,UPI
B-27997,947,34,3,Clothing,Trousers,Debit Card
B-27998,1349,331,2,Electronics,Electronic Games,Credit Card
B-27998,479,298,5,Clothing,Shirt,COD
B-27999,611,250,2,Electronics,Phones,Credit Card
B-27999,5307,1353,2,Electronics,Phones,COD
B-28000,4803,2629,4,Electronics,Accessories,Debit Card
B-28000,5474,756,2,Furniture,Tables,Credit Card
B-28001,4335,928,2,Furniture,Tables,EMI
B-28001,1417,658,5,Electronics,Accessories,COD
B-28001,1340,177,3,Furniture,Furnishings,Credit Card
B-28002,576,-282,1,Clothing,Leggings,EMI
B-28002,767,32,3,Clothing,Stole,COD
B-28003,2811,1058,5,Furniture,Tables,UPI
B-28004,703,97,3,Electronics,Electronic Games,Credit Card
B-28004,3145,290,2,Furniture,Furnishings,Credit Card
B-28004,5758,1566,1,Furniture,Chairs,Credit Card
B-28005,1961,-721,3,Clothing,T-shirt,COD
B-28006,3087,427,2,Furniture,Tables,Debit Card
B-28007,1480,170,1,Electronics,Printers,Debit Card
B-28007,499,-28,2,Clothing,Saree,UPI
B-28007,1534,971,5,Electronics,Electronic Games,EMI
B-28008,5548,2833,5,Electronics,Electronic Games,Debit Card
B-28009,1035,89,4,Clothing,Skirt,Debit Card
B-28010,4328,520,2,Electronics,Phones,EMI
B-28011,138,85,3,Clothing,Saree,Credit Card
B-28012,3054,1618,1,Electronics,Accessories,COD
B-28012,190,113,5,Clothing,Leggings,Credit Card
B-28012,4629,1487,4,Furniture,Bookcases,Debit Card
B-28013,5199,2824,2,Electronics,Accessories,UPI
B-28014,295,71,1,Clothing,Hankerchief,Debit Card
B-28015,1234,786,3,Clothing,Shirt,COD
B-28015,2293,1045,1,Electronics,Phones,COD
B-28015,1954,-198,3,Clothing,Shirt,UPI
B-28016,2144,826,3,Electronics,Phones,UPI
B-28017,545,376,1,Clothing,Skirt,COD
B-28017,1254,486,2,Clothing,Kurti,Credit Card
B-28018,5436,1483,4,Electronics,Accessories,UPI
B-28019,459,119,5,Clothing,T-shirt,COD
B-28020,2969,892,2,Electronics,Printers,COD
B-28021,1867,1042,3,Clothing,Hankerchief,UPI
B-28022,329,118,3,Clothing,Stole,COD
B-28022,2098,885,4,Furniture,Furnishings,COD
B-28023,5457,658,1,Electronics,Printers,UPI
B-28024,1187,-430,4,Clothing,T-shirt,UPI
B-28025,1426,674,2,Clothing,Shirt,EMI
B-28025,1690,1048,2,Clothing,Kurti,COD
B-28026,3138,1961,4,Electronics,Printers,COD
B-28026,1247,640,2,Electronics,Phones,Credit Card
B-28026,1699,684,2,Clothing,Skirt,UPI
B-28027,1034,89,1,Clothing,Hankerchief,COD
B-28028,1946,-510,2,Clothing,Hankerchief,COD
B-28028,1108,762,4,Clothing,T-shirt,Credit Card
B-28029,1667,-701,1,Clothing,Hankerchief,Credit Card
B-28030,2678,529,5,Electronics,Electronic Games,EMI
B-28030,1429,43,3,Clothing,Saree,Credit Card
B-28030,1252,-589,5,Clothing,Hankerchief,UPI
B-28031,5642,558,3,Electronics,Electronic Games,Credit Card
B-28031,1717,-72,1,Clothing,Hankerchief,EMI
B-28032,5016,690,4,Furniture,Bookcases,COD
B-28032,4303,1625,5,Furniture,Tables,COD
B-28033,3385,294,2,Furniture,Bookcases,UPI
B-28033,1763,628,1,Electronics,Phones,EMI
B-28034,1891,644,1,Clothing,Kurti,Debit Card
B-28034,1549,300,5,Electronics,Phones,EMI
B-28035,1059,-200,4,Clothing,Skirt,EMI
B-28036,2650,412,4,Furniture,Bookcases,Debit Card
B-28036,1373,-394,3,Clothing,Saree,Credit Card
B-28037,1325,342,1,Furniture,Chairs,COD
B-28037,5216,1818,3,Electronics,Phones,Debit Card
B-28038,5740,912,5,Furniture,Tables,Debit Card
B-28038,2818,483,5,Electronics,Electronic Games,UPI
B-28039,4173,1142,5,Electronics,Printers,Credit Card
B-28039,5900,2300,4,Furniture,Bookcases,UPI
B-28040,1308,863,1,Clothing,Saree,COD
B-28040,5169,2132,1,Electronics,Printers,COD
B-28040,1151,87,1,Electronics,Printers,UPI
B-28041,3277,438,4,Electronics,Phones,EMI
B-28041,809,292,2,Electronics,Phones,Credit Card
B-28042,788,482,4,Clothing,Saree,Debit Card
B-28043,1388,553,2,Electronics,Printers,UPI
B-28044,3528,1621,2,Furniture,Tables,COD
B-28045,1064,529,5,Clothing,T-shirt,EMI
B-28046,4091,1648,4,Furniture,Bookcases,UPI
B-28047,170,90,5,Clothing,Saree,UPI
B-28047,1060,-409,2,Clothing,Kurti,Credit Card
B-28048,2536,1318,2,Electronics,Accessories,COD
B-28049,2949,299,5,Electronics,Printers,Credit Card
B-28049,4687,1875,1,Electronics,Printers,UPI
B-28050,65,5,5,Clothing,Hankerchief,Debit Card
B-28051,553,258,2,Clothing,Kurti,Credit Card
B-28052,5991,2966,4,Furniture,Tables,Credit Card
B-28052,1344,188,5,Electronics,Printers,COD
B-28053,573,300,4,Clothing,Hankerchief,EMI
B-28054,2026,296,5,Furniture,Bookcases,Credit Card
B-28055,3318,468,5,Furniture,Tables,Debit Card
B-28056,608,52,5,Furniture,Chairs,COD
B-28057,163,-43,2,Clothing,Kurti,EMI
B-28058,1892,-754,3,Clothing,T-shirt,COD
B-28058,867,457,5,Clothing,Kurti,COD
B-28059,1599,-186,3,Clothing,Skirt,UPI
B-28060,2081,317,2,Furniture,Bookcases,EMI
B-28060,1139,366,2,Furniture,Furnishings,COD
B-28061,2773,478,3,Furniture,Bookcases,UPI
B-28061,1343,696,1,Electronics,Printers,UPI
B-28062,3543,1548,1,Electronics,Accessories,Debit Card
B-28063,1878,1050,4,Clothing,Skirt,COD
B-28063,4208,2550,4,Electronics,Phones,COD
B-28064,479,-103,4,Clothing,Shirt,UPI
B-28065,1422,514,2,Clothing,Skirt,COD
B-28066,3397,822,2,Electronics,Accessories,Debit Card
B-28066,1058,352,2,Electronics,Accessories,UPI
B-28067,2433,1094,1,Furniture,Bookcases,UPI
B-28068,1339,193,5,Electronics,Electronic Games,COD
B-28069,5493,2050,2,Electronics,Accessories,Credit Card
B-28069,671,258,2,Clothing,Saree,Credit Card
B-28070,1879,673,4,Clothing,Kurti,UPI
B-28071,2963,1025,4,Furniture,Tables,UPI
B-28072,1953,820,1,Clothing,Trousers,UPI
B-28072,3766,266,2,Furniture,Chairs,EMI
B-28073,86,6,1,Clothing,Stole,UPI
B-28073,1726,-254,2,Clothing,Trousers,EMI
B-28074,1040,-262,3,Clothing,Hankerchief,Credit Card
B-28075,5134,3086,2,Electronics,Accessories,COD
B-28075,3862,943,5,Furniture,Chairs,UPI
B-28076,4262,1596,4,Furniture,Tables,COD
B-28076,1302,119,2,Electronics,Printers,COD
B-28076,2504,1243,4,Electronics,Electronic Games,COD
B-28077,1924,-655,1,Clothing,Skirt,UPI
B-28077,2224,913,4,Electronics,Printers,Debit Card
B-28078,1094,403,5,Clothing,Hankerchief,UPI
B-28078,1354,402,5,Clothing,Saree,UPI
B-28079,158,-43,1,Clothing,Shirt,COD
B-28080,1688,65,1,Furniture,Bookcases,Debit Card
B-28081,453,-103,3,Clothing,Hankerchief,COD
B-28081,928,367,5,Electronics,Electronic Games,UPI
B-28082,5694,3162,3,Electronics,Accessories,COD
B-28083,5227,2446,2,Furniture,Tables,Credit Card
B-28084,873,-252,4,Clothing,Saree,COD
B-28084,1033,528,2,Electronics,Electronic Games,EMI
B-28085,4477,1535,2,Electronics,Phones,COD
B-28086,2496,1485,3,Electronics,Electronic Games,UPI
B-28086,1439,538,5,Furniture,Bookcases,Credit Card
B-28087,1292,514,3,Electronics,Printers,COD
B-28087,965,150,1,Clothing,Leggings,COD
B-28088,1552,212,5,Clothing,T-shirt,EMI
B-28089,1550,208,3,Clothing,Trousers,UPI
B-28090,3769,752,5,Furniture,Bookcases,UPI
B-28090,1490,343,4,Electronics,Accessories,COD
B-28090,4022,562,2,Furniture,Bookcases,EMI
B-28091,2796,1268,2,Electronics,Phones,Credit Card
B-28092,3002,1256,2,Furniture,Tables,UPI
B-28093,335,-30,2,Clothing,Leggings,COD
B-28094,1028,-357,3,Clothing,Leggings,UPI
B-28095,1773,453,5,Electronics,Electronic Games,Debit Card
B-28095,3625,466,3,Electronics,Electronic Games,UPI
B-28096,553,289,4,Electronics,Phones,UPI
B-28096,1785,102,2,Furniture,Chairs,COD
B-28097,1811,798,3,Electronics,Accessories,Credit Card
B-28097,4591,2191,3,Furniture,Bookcases,Credit Card
B-28098,1729,1113,4,Electronics,Electronic Games,Debit Card
B-28099,424,160,4,Electronics,Electronic Games,Credit Card
B-28100,943,197,2,Clothing,Leggings,Credit Card
B-28101,5625,392,4,Electronics,Printers,UPI
B-28102,5721,1249,4,Furniture,Bookcases,Credit Card
B-28103,5973,241,5,Furniture,Bookcases,UPI
B-28103,3163,1864,5,Electronics,Phones,COD
B-28104,7,-1,4,Clothing,Leggings,Credit Card
B-28105,2777,1396,5,Electronics,Printers,Credit Card
B-28105,1938,859,3,Clothing,Stole,Credit Card
B-28106,257,119,5,Clothing,Stole,Debit Card
B-28107,3572,1014,1,Electronics,Printers,EMI
B-28107,3608,2019,1,Electronics,Accessories,COD
B-28107,1517,346,5,Electronics,Electronic Games,UPI
B-28108,4339,1087,2,Electronics,Printers,Debit Card
B-28109,1547,995,2,Clothing,Trousers,UPI
B-28110,1085,556,2,Clothing,Stole,COD
B-28111,2987,564,5,Furniture,Tables,EMI
B-28112,20,-7,4,Clothing,Hankerchief,COD
B-28113,747,475,5,Clothing,Kurti,EMI
B-28113,1860,1170,1,Clothing,Stole,UPI
B-28114,5889,983,1,Furniture,Furnishings,Credit Card
B-28115,157,59,1,Clothing,Stole,Credit Card
B-28116,5031,889,4,Furniture,Bookcases,COD
B-28116,340,-144,1,Clothing,Skirt,Debit Card
B-28117,3285,235,1,Electronics,Phones,Debit Card
B-28117,1890,864,1,Clothing,Trousers,UPI
B-28117,1126,266,3,Electronics,Electronic Games,Debit Card
B-28118,1562,461,3,Clothing,Hankerchief,COD
B-28118,692,249,3,Clothing,Hankerchief,Debit Card
B-28118,3504,895,1,Furniture,Furnishings,COD
B-28119,800,-14,4,Clothing,T-shirt,Credit Card
B-28120,1860,-123,3,Clothing,Trousers,EMI
B-28120,213,30,4,Clothing,Kurti,Credit Card
B-28120,3774,1866,3,Electronics,Phones,UPI
B-28121,1619,451,1,Electronics,Accessories,Credit Card
B-28121,1482,-412,2,Clothing,Saree,COD
B-28122,572,124,4,Clothing,Hankerchief,Credit Card
B-28122,5727,600,5,Electronics,Electronic Games,UPI
B-28122,5734,1595,1,Furniture,Furnishings,COD
B-28123,2812,1013,3,Electronics,Electronic Games,UPI
B-28123,1242,292,1,Furniture,Bookcases,UPI
B-28123,2929,1310,2,Furniture,Furnishings,UPI
B-28124,5204,667,4,Electronics,Printers,Debit Card
B-28125,240,-89,4,Clothing,Shirt,Debit Card
B-28125,1091,105,2,Clothing,Saree,Debit Card
B-28126,3993,987,3,Furniture,Bookcases,COD
B-28127,2061,823,5,Furniture,Chairs,Credit Card
B-28128,1813,540,1,Clothing,Stole,UPI
B-28128,181,88,3,Clothing,Skirt,COD
B-28129,3925,1249,5,Furniture,Bookcases,UPI
B-28129,4287,531,5,Electronics,Printers,UPI
B-28130,3130,1753,3,Electronics,Phones,Debit Card
B-28130,359,79,2,Clothing,Saree,Credit Card
B-28131,5612,2753,3,Furniture,Furnishings,UPI
B-28131,1030,307,3,Electronics,Printers,UPI
B-28132,1989,727,4,Clothing,Skirt,UPI
B-28133,1456,483,2,Electronics,Phones,Credit Card
B-28133,5546,543,4,Electronics,Accessories,COD
B-28134,3463,96,2,Furniture,Bookcases,UPI
B-28134,106,17,3,Clothing,Stole,UPI
B-28134,965,-372,4,Clothing,Stole,UPI
B-28135,947,536,4,Clothing,T-shirt,COD
B-28135,940,560,2,Clothing,Saree,COD
B-28136,302,129,1,Clothing,Saree,UPI
B-28136,1518,562,5,Electronics,Electronic Games,Credit Card
B-28136,2201,434,1,Furniture,Bookcases,COD
B-28137,5398,450,5,Furniture,Furnishings,Debit Card
B-28137,389,-69,2,Clothing,T-shirt,Credit Card
B-28138,449,197,2,Clothing,Kurti,Credit Card
B-28139,744,301,3,Clothing,Saree,COD
B-28139,3375,975,2,Electronics,Accessories,COD
B-28140,1597,405,2,Clothing,Hankerchief,UPI
B-28141,1607,-182,4,Clothing,Stole,Credit Card
B-28142,1737,801,3,Electronics,Printers,COD
B-28143,331,1,4,Clothing,T-shirt,Credit Card
B-28143,3412,479,3,Electronics,Accessories,EMI
B-28143,5405,2654,3,Furniture,Tables,Credit Card
B-28144,4948,2210,1,Furniture,Bookcases,COD
B-28144,1187,784,4,Clothing,Shirt,COD
B-28145,5136,774,3,Furniture,Bookcases,UPI
B-28146,2151,390,4,Electronics,Accessories,Credit Card
B-28147,1929,408,4,Electronics,Printers,COD
B-28148,829,49,2,Electronics,Electronic Games,Credit Card
B-28149,4550,2188,5,Electronics,Phones,Credit Card
B-28150,5485,1250,4,Furniture,Chairs,EMI
B-28151,1702,308,1,Furniture,Furnishings,UPI
B-28151,50,16,1,Clothing,Leggings,Credit Card
B-28152,4188,522,2,Furniture,Bookcases,COD
B-28153,1942,58,4,Furniture,Tables,EMI
B-28154,439,174,1,Electronics,Electronic Games,Credit Card
B-28155,5517,1754,4,Electronics,Phones,EMI
B-28156,961,-246,5,Clothing,Shirt,COD
B-28157,2598,738,5,Furniture,Tables,COD
B-28158,1392,877,5,Electronics,Printers,Credit Card
B-28158,666,-91,3,Clothing,Skirt,UPI
B-28159,1850,828,2,Furniture,Furnishings,UPI
B-28160,4085,257,1,Electronics,Printers,UPI
B-28161,2093,880,2,Furniture,Tables,COD
B-28161,1596,701,1,Electronics,Printers,Credit Card
B-28162,1813,509,3,Clothing,Saree,COD
B-28162,1702,517,1,Clothing,Kurti,COD
B-28163,1104,538,2,Clothing,Trousers,UPI
B-28164,704,-176,2,Clothing,Trousers,Debit Card
B-28164,2512,1251,4,Furniture,Chairs,UPI
B-28165,1940,1212,4,Clothing,Leggings,Debit Card
B-28166,896,-100,2,Clothing,Kurti,COD
B-28167,1252,574,1,Electronics,Printers,UPI
B-28168,1693,138,3,Electronics,Electronic Games,COD
B-28169,1654,49,4,Furniture,Furnishings,Debit Card
B-28169,4825,615,4,Electronics,Electronic Games,EMI
B-28169,263,101,3,Clothing,Leggings,COD
B-28170,1314,-565,5,Clothing,Shirt,COD
B-28170,3240,1355,3,Furniture,Bookcases,Credit Card
B-28171,4169,924,1,Electronics,Accessories,COD
B-28171,152,65,4,Clothing,Saree,COD
B-28171,930,408,2,Clothing,T-shirt,Credit Card
B-28172,1045,-78,2,Clothing,Saree,COD
B-28172,4987,259,1,Electronics,Accessories,Debit Card
B-28173,4613,2686,3,Electronics,Printers,Credit Card
B-28174,724,406,5,Electronics,Phones,UPI
B-28175,178,74,2,Clothing,T-shirt,COD
B-28176,640,-112,2,Clothing,Hankerchief,UPI
B-28177,2302,585,3,Furniture,Bookcases,Credit Card
B-28177,554,110,5,Electronics,Electronic Games,Debit Card
B-28178,4648,1420,4,Furniture,Furnishings,Debit Card
B-28179,553,244,3,Clothing,Leggings,UPI
B-28179,1481,59,5,Clothing,Skirt,COD
B-28180,3729,1242,5,Electronics,Phones,COD
B-28180,4179,2272,2,Electronics,Accessories,COD
B-28181,4018,644,3,Electronics,Printers,Credit Card
B-28182,3515,1468,4,Electronics,Phones,UPI
B-28183,5021,2420,5,Furniture,Bookcases,UPI
B-28183,774,142,2,Electronics,Printers,UPI
B-28184,601,-128,5,Clothing,Kurti,COD
B-28185,4991,2533,4,Electronics,Phones,COD
B-28186,2599,1100,4,Furniture,Bookcases,COD
B-28186,3149,1874,5,Electronics,Phones,UPI
B-28187,5252,1991,4,Electronics,Electronic Games,Debit Card
B-28188,1245,587,1,Electronics,Electronic Games,UPI
B-28189,1247,546,4,Furniture,Bookcases,UPI
B-28189,907,473,2,Electronics,Phones,COD
B-28190,1363,352,2,Electronics,Printers,Credit Card
B-28191,1913,590,2,Electronics,Accessories,Credit Card
B-28192,4602,687,5,Furniture,Furnishings,COD
B-28193,700,145,5,Clothing,Trousers,EMI
B-28194,5252,1495,4,Electronics,Accessories,COD
B-28194,906,393,3,Clothing,Saree,UPI
B-28195,3133,582,4,Furniture,Bookcases,EMI
B-28196,1331,-545,1,Clothing,Trousers,Credit Card
B-28196,319,217,2,Clothing,Shirt,COD
B-28197,2849,1558,1,Electronics,Printers,COD
B-28197,1349,353,1,Furniture,Chairs,Credit Card
B-28198,1280,-470,4,Clothing,Stole,COD
B-28199,2645,1230,2,Furniture,Tables,Credit Card
B-28200,198,-73,5,Clothing,Leggings,UPI
B-28200,478,272,5,Clothing,Trousers,UPI
B-28201,5232,1786,4,Electronics,Electronic Games,EMI
B-28202,2531,846,2,Furniture,Bookcases,Debit Card
B-28202,1882,899,3,Clothing,Shirt,COD
B-28203,2478,289,3,Electronics,Accessories,Credit Card
B-28203,5448,2625,1,Furniture,Bookcases,Debit Card
B-28204,2553,903,1,Furniture,Chairs,Debit Card
B-28204,301,-27,5,Clothing,Hankerchief,Debit Card
B-28205,1477,144,1,Furniture,Bookcases,UPI
B-28206,3751,2190,5,Electronics,Electronic Games,EMI
B-28207,456,152,3,Clothing,Stole,COD
B-28207,1388,444,2,Furniture,Furnishings,UPI
B-28208,2548,759,2,Electronics,Electronic Games,Credit Card
B-28209,5279,2988,5,Electronics,Printers,UPI
B-28210,2697,102,5,Furniture,Chairs,COD
B-28211,470,34,5,Electronics,Printers,Debit Card
B-28212,3449,300,4,Furniture,Furnishings,COD
B-28212,1143,-13,5,Clothing,Skirt,UPI
B-28213,4287,862,3,Electronics,Accessories,EMI
B-28214,861,386,2,Electronics,Electronic Games,COD
B-28215,1658,602,2,Clothing,Stole,UPI
B-28215,4784,1645,1,Electronics,Electronic Games,Debit Card
B-28215,2966,569,1,Furniture,Bookcases,COD
B-28216,3894,1138,2,Electronics,Printers,Debit Card
B-28216,464,119,3,Electronics,Phones,UPI
B-28216,427,-86,5,Clothing,Kurti,Debit Card
B-28217,417,23,5,Clothing,Stole,UPI
B-28217,820,437,3,Electronics,Printers,UPI
B-28217,3465,721,2,Furniture,Furnishings,UPI
B-28218,3734,1891,2,Electronics,Phones,COD
B-28218,1660,33,3,Furniture,Bookcases,UPI
B-28219,2947,1267,4,Electronics,Accessories,UPI
B-28220,1545,555,3,Furniture,Furnishings,EMI
B-28220,760,180,3,Clothing,T-shirt,COD
B-28221,1393,516,1,Clothing,Leggings,COD
B-28222,4065,2260,5,Electronics,Accessories,COD
B-28223,1758,1029,3,Clothing,Shirt,EMI
B-28224,296,24,3,Clothing,Hankerchief,UPI
B-28225,1758,1030,3,Clothing,Hankerchief,COD
B-28226,449,228,3,Clothing,Leggings,Credit Card
B-28226,3583,1249,1,Electronics,Printers,COD
B-28227,4121,2677,4,Electronics,Electronic Games,COD
B-28227,1079,183,5,Clothing,Trousers,Credit Card
B-28228,1075,646,3,Electronics,Phones,COD
B-28229,1043,690,4,Clothing,T-shirt,EMI
B-28229,3457,387,3,Electronics,Electronic Games,COD
B-28229,1142,-176,1,Clothing,T-shirt,COD
B-28230,538,322,5,Clothing,Saree,COD
B-28230,1663,485,2,Clothing,T-shirt,COD
B-28231,373,154,5,Electronics,Phones,EMI
B-28231,4902,1072,4,Electronics,Electronic Games,COD
B-28232,1011,59,4,Electronics,Accessories,COD
B-28233,3565,1459,3,Electronics,Electronic Games,COD
B-28234,895,142,4,Clothing,Skirt,Debit Card
B-28235,5975,1134,5,Furniture,Chairs,Debit Card
B-28236,2315,1437,4,Electronics,Printers,UPI
B-28237,5334,365,1,Electronics,Electronic Games,COD
B-28237,2817,296,4,Electronics,Accessories,Credit Card
B-28238,241,-69,5,Clothing,Shirt,Debit Card
B-28239,5028,974,5,Electronics,Accessories,UPI
B-28240,71,45,2,Clothing,Hankerchief,EMI
B-28241,480,310,4,Clothing,Leggings,Credit Card
B-28241,292,60,5,Clothing,Stole,UPI
B-28242,247,9,5,Clothing,Trousers,UPI
B-28242,3881,1857,2,Electronics,Phones,COD
B-28243,3584,702,4,Electronics,Phones,Credit Card
B-28244,2563,717,3,Electronics,Accessories,Debit Card
B-28244,1244,392,1,Clothing,T-shirt,UPI
B-28244,5628,3198,5,Electronics,Printers,COD
B-28245,3022,771,1,Electronics,Accessories,COD
B-28246,1060,417,5,Furniture,Chairs,Credit Card
B-28246,5047,1913,2,Furniture,Tables,UPI
B-28246,2400,766,1,Furniture,Bookcases,UPI
B-28247,3295,1108,5,Furniture,Tables,UPI
B-28247,2005,715,3,Furniture,Furnishings,COD
B-28247,4845,917,2,Electronics,Electronic Games,Credit Card
B-28248,4539,1382,3,Furniture,Chairs,Debit Card
B-28249,5001,2153,2,Electronics,Phones,UPI
B-28249,1914,235,2,Furniture,Chairs,COD
B-28250,1951,871,3,Clothing,Hankerchief,UPI
B-28251,576,332,3,Clothing,Hankerchief,EMI
B-28252,2537,919,4,Electronics,Accessories,COD
B-28252,877,486,1,Clothing,Saree,UPI
B-28252,823,-154,1,Clothing,Leggings,COD
B-28253,2315,1189,3,Electronics,Electronic Games,COD
B-28253,245,-38,3,Clothing,Skirt,Credit Card
B-28254,1545,46,3,Clothing,Skirt,Debit Card
B-28255,4603,859,1,Furniture,Tables,Credit Card
B-28256,4251,2402,2,Electronics,Phones,Credit Card
B-28257,2739,1110,5,Electronics,Phones,Debit Card
B-28258,1301,-124,1,Clothing,Shirt,Credit Card
B-28259,1516,37,2,Clothing,Kurti,Debit Card
B-28259,604,-2,5,Clothing,Kurti,UPI
B-28259,1479,272,3,Clothing,Kurti,EMI
B-28260,3504,841,4,Electronics,Phones,EMI
B-28260,1429,193,5,Clothing,T-shirt,UPI
B-28261,400,246,2,Clothing,T-shirt,UPI
B-28262,3674,1023,2,Furniture,Furnishings,EMI
B-28263,4055,738,3,Electronics,Accessories,COD
B-28264,1628,269,2,Furniture,Tables,UPI
B-28265,572,105,4,Clothing,T-shirt,Debit Card
B-28266,4361,1230,2,Furniture,Chairs,Credit Card
B-28266,1076,84,3,Clothing,T-shirt,EMI
B-28267,1465,-727,1,Clothing,Shirt,EMI
B-28267,1880,491,3,Clothing,Trousers,Credit Card
B-28268,1185,437,4,Electronics,Printers,Debit Card
B-28268,1105,465,1,Electronics,Printers,Debit Card
B-28269,1866,752,4,Clothing,Leggings,UPI
B-28270,5130,1499,1,Electronics,Accessories,Credit Card
B-28271,1842,314,1,Clothing,Saree,COD
B-28272,2025,611,5,Electronics,Accessories,Credit Card
B-28272,1526,-108,4,Clothing,Stole,Debit Card
B-28272,3969,735,2,Electronics,Printers,Debit Card
B-28273,349,185,3,Clothing,Skirt,COD
B-28274,1311,-306,3,Clothing,Skirt,Credit Card
B-28275,1832,-35,5,Clothing,Skirt,UPI
B-28275,1322,495,2,Clothing,Shirt,UPI
B-28276,522,321,3,Clothing,Stole,UPI
B-28277,5708,1319,5,Electronics,Printers,Debit Card
B-28278,43,13,2,Clothing,Hankerchief,Credit Card
B-28279,44,-20,3,Clothing,Skirt,Debit Card
B-28280,4284,1991,5,Electronics,Printers,Debit Card
B-28280,3464,133,2,Furniture,Furnishings,COD
B-28281,4044,552,1,Furniture,Chairs,Credit Card
B-28281,425,64,5,Clothing,Shirt,EMI
B-28282,1394,192,1,Electronics,Phones,Debit Card
B-28283,1326,829,5,Clothing,Hankerchief,COD
B-28283,1963,308,5,Furniture,Chairs,Credit Card
B-28284,3434,1491,1,Electronics,Electronic Games,UPI
B-28284,3281,2120,1,Electronics,Electronic Games,COD
B-28285,1069,-176,4,Clothing,Hankerchief,UPI
B-28285,1121,-364,2,Clothing,Leggings,UPI
B-28286,2142,671,4,Furniture,Tables,UPI
B-28287,1029,413,3,Clothing,Trousers,Debit Card
B-28288,991,521,3,Electronics,Electronic Games,UPI
B-28289,547,-151,5,Clothing,Stole,Credit Card
B-28290,911,154,1,Electronics,Phones,EMI
B-28291,945,346,3,Electronics,Printers,UPI
B-28292,1872,417,5,Electronics,Electronic Games,Credit Card
B-28293,1457,-482,5,Clothing,Saree,COD
B-28294,5242,3376,5,Electronics,Accessories,Credit Card
B-28294,1595,173,2,Clothing,Leggings,Debit Card
B-28294,1649,468,5,Electronics,Phones,Credit Card
B-28295,5270,1206,2,Electronics,Phones,COD
B-28296,2494,1478,2,Electronics,Accessories,EMI
B-28297,2864,1281,2,Electronics,Printers,Credit Card
B-28298,1474,-8,1,Clothing,Shirt,Credit Card
B-28299,3326,947,4,Electronics,Accessories,Credit Card
B-28300,2539,858,2,Electronics,Phones,Credit Card
B-28300,1328,73,5,Electronics,Accessories,COD
B-28301,5351,2329,2,Electronics,Phones,EMI
B-28301,1339,-501,1,Clothing,Leggings,COD
B-28302,510,108,1,Clothing,Hankerchief,COD
B-28303,3147,484,1,Furniture,Chairs,Credit Card
B-28303,1631,337,2,Furniture,Bookcases,Credit Card
B-28303,1108,-138,3,Clothing,Stole,EMI
B-28304,1008,494,2,Clothing,Saree,Credit Card
B-28304,919,14,2,Clothing,Saree,UPI
B-28305,4296,649,5,Electronics,Accessories,EMI
B-28306,3331,2044,2,Electronics,Phones,Debit Card
B-28306,1132,345,5,Clothing,Leggings,COD
B-28307,5362,2221,2,Electronics,Accessories,Debit Card
B-28308,4800,1177,4,Electronics,Accessories,UPI
B-28308,1645,-488,3,Clothing,Skirt,COD
B-28308,4829,2521,4,Electronics,Electronic Games,Debit Card
B-28309,5172,2495,2,Electronics,Printers,EMI
B-28310,736,-360,1,Clothing,Stole,COD
B-28310,66,17,2,Clothing,Kurti,UPI
B-28311,1212,17,3,Clothing,Skirt,EMI
B-28312,2437,444,1,Electronics,Accessories,UPI
B-28312,5752,2467,2,Furniture,Bookcases,COD
B-28313,3838,464,3,Electronics,Phones,UPI
B-28314,3086,281,4,Furniture,Tables,COD
B-28314,88,0,2,Clothing,Saree,COD
B-28315,2758,986,4,Electronics,Phones,Credit Card
B-28315,5480,1290,4,Electronics,Phones,UPI
B-28316,2857,664,3,Furniture,Furnishings,EMI
B-28317,4924,2046,1,Furniture,Furnishings,COD
B-28318,2349,1463,4,Electronics,Accessories,COD
B-28319,4907,2211,2,Electronics,Printers,COD
B-28320,946,142,3,Clothing,T-shirt,COD
B-28321,1794,808,1,Clothing,Leggings,COD
B-28322,2994,1286,4,Furniture,Furnishings,Debit Card
B-28323,2560,1408,4,Electronics,Electronic Games,COD
B-28323,699,-45,3,Clothing,Skirt,Debit Card
B-28323,2636,1093,4,Electronics,Phones,COD
B-28324,1865,432,4,Clothing,Leggings,Credit Card
B-28325,5626,3383,3,Electronics,Phones,Debit Card
B-28326,1084,-33,2,Clothing,Hankerchief,Credit Card
B-28327,1995,864,2,Clothing,Kurti,Debit Card
B-28328,1231,-331,1,Clothing,Skirt,EMI
B-28329,1665,129,3,Clothing,Trousers,UPI
B-28330,1324,190,1,Clothing,Stole,COD
B-28330,574,176,5,Electronics,Phones,Credit Card
B-28331,1592,-670,4,Clothing,Saree,UPI
B-28332,524,126,2,Electronics,Phones,Credit Card
B-28333,901,-179,3,Clothing,Stole,COD
B-28333,100,63,3,Clothing,Shirt,COD
B-28333,4649,1095,3,Electronics,Printers,Debit Card
B-28334,3940,232,1,Electronics,Printers,COD
B-28335,4740,2118,5,Electronics,Phones,Credit Card
B-28335,2778,1083,3,Electronics,Accessories,Debit Card
B-28335,749,-146,2,Clothing,Trousers,UPI
B-28336,988,330,2,Furniture,Chairs,EMI
B-28336,1536,274,3,Furniture,Furnishings,COD
B-28337,3375,1696,5,Electronics,Electronic Games,Debit Card
B-28338,5526,1258,2,Furniture,Tables,UPI
B-28338,3737,1145,4,Electronics,Accessories,COD
B-28339,3573,887,5,Furniture,Chairs,Debit Card
B-28339,2940,733,1,Electronics,Electronic Games,UPI
B-28340,1374,795,4,Electronics,Phones,COD
B-28340,4507,2647,5,Electronics,Printers,Debit Card
B-28341,24,9,3,Clothing,Kurti,COD
B-28342,1355,-533,1,Clothing,Kurti,UPI
B-28343,2633,1188,1,Furniture,Chairs,EMI
B-28344,1450,640,4,Clothing,Hankerchief,Debit Card
B-28344,1964,733,1,Clothing,Trousers,COD
B-28345,956,136,1,Clothing,Stole,Debit Card
B-28346,370,212,5,Clothing,Saree,Debit Card
B-28346,378,-48,2,Clothing,Saree,UPI
B-28347,4881,1255,2,Furniture,Tables,Credit Card
B-28347,2386,1060,4,Furniture,Bookcases,Credit Card
B-28348,228,37,1,Clothing,Leggings,Credit Card
B-28348,190,-69,4,Clothing,Saree,Credit Card
B-28348,627,398,3,Electronics,Printers,Credit Card
B-28349,2553,769,4,Electronics,Electronic Games,EMI
B-28349,1810,-40,4,Clothing,Saree,COD
B-28350,515,255,3,Clothing,Trousers,COD
B-28350,2819,652,1,Furniture,Bookcases,COD
B-28350,1744,965,5,Clothing,Leggings,COD
B-28351,1901,365,5,Clothing,Skirt,UPI
B-28352,4334,1679,1,Furniture,Furnishings,COD
B-28353,4690,820,5,Electronics,Phones,Debit Card
B-28353,1672,-252,5,Clothing,Saree,COD
B-28354,3190,1408,5,Furniture,Chairs,Credit Card
B-28355,1863,676,2,Electronics,Printers,EMI
B-28356,2273,256,2,Furniture,Furnishings,EMI
B-28357,2610,673,3,Furniture,Tables,Credit Card
B-28358,1231,405,1,Furniture,Furnishings,Debit Card
B-28358,1442,-662,3,Clothing,Hankerchief,Credit Card
B-28359,5632,1273,3,Electronics,Printers,Credit Card
B-28359,1922,-156,1,Clothing,T-shirt,UPI
B-28359,909,508,4,Clothing,Stole,Credit Card
B-28360,1538,570,5,Electronics,Accessories,UPI
B-28361,536,44,4,Clothing,Trousers,COD
B-28362,2486,1466,3,Electronics,Printers,Debit Card
B-28362,5111,1317,3,Electronics,Electronic Games,Debit Card
B-28363,5396,406,5,Electronics,Electronic Games,COD
B-28363,4488,1022,3,Electronics,Phones,COD
B-28364,1358,-170,3,Clothing,Kurti,COD
B-28365,1802,1023,5,Clothing,Skirt,Debit Card
B-28366,3309,582,1,Furniture,Chairs,Debit Card
B-28366,970,206,4,Clothing,Kurti,COD
B-28367,1115,474,3,Electronics,Accessories,UPI
B-28367,2402,544,4,Electronics,Printers,Debit Card
B-28368,3611,1768,5,Furniture,Chairs,EMI
B-28369,2843,1397,3,Electronics,Phones,Credit Card
B-28369,803,-170,3,Clothing,Trousers,Credit Card
B-28370,4719,2811,2,Electronics,Electronic Games,UPI
B-28370,1923,393,3,Clothing,Trousers,Credit Card
B-28371,153,82,3,Clothing,Kurti,UPI
B-28372,485,-31,3,Clothing,Trousers,UPI
B-28373,1156,-97,5,Clothing,Hankerchief,UPI
B-28373,3370,908,1,Furniture,Tables,Debit Card
B-28374,3777,2015,1,Electronics,Accessories,UPI
B-28375,531,-51,4,Clothing,Trousers,Debit Card
B-28376,5091,500,5,Electronics,Electronic Games,COD
B-28377,643,248,2,Electronics,Printers,COD
B-28378,5466,1100,1,Furniture,Bookcases,Credit Card
B-28379,1681,-274,1,Clothing,Trousers,COD
B-28380,1023,314,5,Electronics,Phones,COD
B-28380,759,455,1,Clothing,Stole,Credit Card
B-28381,5247,1792,2,Electronics,Phones,UPI
B-28381,326,-66,1,Clothing,Saree,Debit Card
B-28382,506,202,1,Clothing,Leggings,COD
B-28382,1556,598,1,Clothing,Kurti,EMI
B-28383,2235,1057,2,Furniture,Tables,UPI
B-28383,2122,1081,4,Electronics,Printers,Debit Card
B-28383,884,12,4,Clothing,Stole,UPI
B-28384,2158,333,4,Furniture,Bookcases,EMI
B-28385,470,190,5,Electronics,Phones,Credit Card
B-28386,4715,2082,2,Electronics,Electronic Games,COD
B-28386,1995,341,5,Furniture,Furnishings,UPI
B-28387,3538,1267,5,Electronics,Electronic Games,Debit Card
B-28388,5218,431,1,Electronics,Accessories,COD
B-28389,279,-136,5,Clothing,Stole,COD
B-28390,4394,2520,5,Electronics,Phones,COD
B-28391,5623,1631,5,Furniture,Chairs,UPI
B-28391,4399,1396,4,Electronics,Accessories,UPI
B-28392,1145,535,3,Electronics,Phones,EMI
B-28392,3797,866,5,Furniture,Tables,UPI
B-28393,1789,788,1,Clothing,T-shirt,EMI
B-28394,3486,234,4,Electronics,Printers,Debit Card
B-28395,181,109,4,Clothing,Hankerchief,Debit Card
B-28395,602,143,4,Clothing,Shirt,UPI
B-28396,1315,546,1,Clothing,Skirt,EMI
B-28396,302,55,3,Electronics,Printers,UPI
B-28396,168,72,3,Clothing,Saree,UPI
B-28397,17,-3,5,Clothing,Stole,Credit Card
B-28398,4578,1146,3,Electronics,Phones,COD
B-28398,4746,2438,3,Electronics,Electronic Games,UPI
B-28399,5504,2716,5,Electronics,Electronic Games,UPI
B-28400,449,-157,5,Clothing,Saree,Credit Card
B-28400,4124,2074,2,Electronics,Printers,COD
B-28400,1431,-513,2,Clothing,Kurti,UPI
B-28401,1987,912,4,Clothing,Hankerchief,UPI
B-28402,1007,-67,2,Clothing,Stole,COD
B-28402,2797,220,3,Furniture,Chairs,Credit Card
B-28403,1346,30,1,Furniture,Chairs,UPI
B-28403,5409,733,3,Furniture,Chairs,COD
B-28404,3470,1622,3,Furniture,Furnishings,COD
B-28405,4006,1036,2,Furniture,Tables,Credit Card
B-28406,1695,228,5,Electronics,Electronic Games,UPI
B-28406,5033,1585,3,Electronics,Printers,COD
B-28407,385,52,2,Clothing,Leggings,Credit Card
B-28407,4360,1025,3,Furniture,Tables,EMI
B-28407,2963,640,1,Furniture,Chairs,UPI
B-28408,2961,363,3,Furniture,Tables,UPI
B-28409,1079,81,1,Clothing,Stole,UPI
B-28410,1606,968,1,Electronics,Phones,COD
B-28410,1118,-187,3,Clothing,Stole,COD
B-28411,3578,1238,2,Electronics,Accessories,Debit Card
B-28411,3766,1642,5,Furniture,Bookcases,Credit Card
B-28411,2969,1604,1,Electronics,Printers,UPI
B-28412,962,454,1,Clothing,Hankerchief,COD
B-28412,50,21,3,Clothing,Shirt,Debit Card
B-28413,1673,659,5,Electronics,Phones,EMI
B-28414,1670,994,4,Clothing,Trousers,UPI
B-28415,3683,447,5,Furniture,Furnishings,Debit Card
B-28416,1319,83,5,Clothing,Trousers,Credit Card
B-28416,255,-43,3,Clothing,Kurti,Credit Card
B-28417,79,-31,1,Clothing,Stole,COD
B-28418,1092,493,3,Clothing,Kurti,UPI
B-28419,3995,1218,4,Electronics,Printers,Credit Card
B-28420,5272,2998,2,Electronics,Accessories,COD
B-28420,2594,409,3,Electronics,Accessories,COD
B-28421,1999,21,4,Clothing,Trousers,EMI
B-28422,4746,1785,3,Electronics,Electronic Games,COD
B-28423,578,21,4,Furniture,Tables,EMI
B-28424,2835,214,4,Furniture,Bookcases,UPI
B-28424,5798,2617,1,Electronics,Phones,COD
B-28425,1238,370,1,Clothing,Leggings,Credit Card
B-28426,1210,312,3,Electronics,Phones,Debit Card
B-28426,2856,305,3,Furniture,Chairs,COD
B-28427,1883,-235,3,Clothing,Skirt,Credit Card
B-28428,2166,268,2,Furniture,Furnishings,Credit Card
B-28428,4702,588,2,Electronics,Electronic Games,COD
B-28429,143,98,3,Clothing,T-shirt,COD
B-28429,2879,1126,5,Furniture,Furnishings,Debit Card
B-28430,1493,671,2,Electronics,Electronic Games,Credit Card
B-28431,2703,1252,2,Furniture,Tables,UPI
B-28431,5676,642,5,Electronics,Accessories,UPI
B-28432,1874,-381,2,Clothing,Skirt,Credit Card
B-28432,5604,880,3,Furniture,Tables,Credit Card
B-28433,1085,733,5,Clothing,Shirt,Debit Card
B-28434,1524,-274,2,Clothing,Stole,Credit Card
B-28435,53,-10,2,Clothing,Leggings,COD
B-28436,351,194,4,Clothing,Shirt,Credit Card
B-28436,7,0,2,Clothing,Shirt,EMI
B-28437,1285,756,1,Electronics,Electronic Games,UPI
B-28437,5478,2226,5,Electronics,Accessories,COD
B-28438,1937,531,2,Furniture,Furnishings,EMI
B-28439,1894,1148,5,Clothing,Hankerchief,Credit Card
B-28440,1797,1201,1,Clothing,Saree,Credit Card
B-28441,837,142,2,Furniture,Furnishings,Credit Card
B-28442,1755,389,3,Furniture,Furnishings,UPI
B-28443,2279,711,5,Electronics,Electronic Games,Debit Card
B-28443,2862,1647,4,Electronics,Phones,Credit Card
B-28444,3164,884,5,Electronics,Printers,COD
B-28445,3036,695,5,Furniture,Bookcases,Credit Card
B-28445,2798,1494,3,Electronics,Electronic Games,Credit Card
B-28446,5544,3400,1,Electronics,Printers,COD
B-28447,3992,1495,3,Electronics,Accessories,Credit Card
B-28448,3953,555,3,Electronics,Phones,Credit Card
B-28449,1278,251,2,Clothing,T-shirt,UPI
B-28450,5184,2294,3,Furniture,Chairs,COD
B-28450,986,343,4,Furniture,Furnishings,Credit Card
B-28451,4561,2188,4,Electronics,Electronic Games,COD
B-28452,1001,-442,4,Clothing,Saree,Credit Card
B-28453,5923,1499,4,Furniture,Tables,UPI
B-28453,5080,2256,3,Electronics,Phones,Debit Card
B-28454,1254,-213,3,Clothing,Shirt,COD
B-28454,638,380,2,Clothing,Shirt,EMI
B-28455,847,-259,5,Clothing,Leggings,Credit Card
B-28455,1579,981,4,Electronics,Accessories,UPI
B-28455,4888,1717,4,Furniture,Furnishings,COD
B-28456,51,31,3,Clothing,Trousers,COD
B-28456,1952,538,4,Electronics,Printers,Debit Card
B-28457,1392,257,2,Furniture,Furnishings,Credit Card
B-28458,1831,986,4,Clothing,Trousers,COD
B-28458,381,-115,4,Clothing,Stole,UPI
B-28459,1869,1146,2,Clothing,Skirt,UPI
B-28460,468,217,3,Clothing,Leggings,UPI
B-28461,1891,243,4,Electronics,Phones,Debit Card
B-28462,4024,861,3,Electronics,Phones,Credit Card
B-28462,1187,269,5,Electronics,Accessories,COD
B-28463,476,303,4,Clothing,Trousers,Debit Card
B-28464,1847,-735,3,Clothing,Hankerchief,Credit Card
B-28465,1354,-380,3,Clothing,Leggings,UPI
B-28466,4431,1525,4,Electronics,Accessories,Debit Card
B-28467,4302,362,5,Furniture,Bookcases,Credit Card
B-28468,217,-25,4,Clothing,Leggings,UPI
B-28469,1021,624,4,Clothing,Shirt,Debit Card
B-28469,1812,-860,5,Clothing,Trousers,COD
B-28470,4832,389,3,Furniture,Bookcases,EMI
B-28471,5127,2899,5,Electronics,Accessories,UPI
B-28472,497,19,5,Clothing,T-shirt,Credit Card
B-28472,765,244,5,Clothing,Skirt,Credit Card
B-28472,726,223,5,Furniture,Furnishings,UPI
B-28473,1073,582,2,Electronics,Accessories,EMI
B-28474,715,121,5,Clothing,Skirt,UPI
B-28474,1375,332,4,Clothing,T-shirt,Credit Card
B-28475,3103,854,1,Electronics,Printers,UPI
B-28476,5,2,1,Clothing,Hankerchief,COD
B-28476,433,22,5,Clothing,Leggings,UPI
B-28477,34,-3,3,Clothing,Stole,COD
B-28478,1217,34,2,Furniture,Tables,Credit Card
B-28478,1227,183,1,Furniture,Chairs,COD
B-28478,1153,-331,1,Clothing,Skirt,COD
B-28479,4611,2987,1,Electronics,Accessories,COD
B-28480,3143,820,5,Furniture,Furnishings,Credit Card
B-28481,3331,1441,4,Electronics,Electronic Games,Debit Card
B-28481,5446,206,5,Furniture,Chairs,Credit Card
B-28481,83,10,5,Clothing,Shirt,COD
B-28482,5675,1043,4,Electronics,Phones,Debit Card
B-28483,4179,2013,4,Furniture,Chairs,Credit Card
B-28484,2783,1287,5,Electronics,Printers,Debit Card
B-28485,2878,1305,4,Electronics,Electronic Games,COD
B-28486,1535,-534,4,Clothing,T-shirt,UPI
B-28487,1231,454,2,Furniture,Chairs,Credit Card
B-28487,1562,-67,4,Clothing,T-shirt,UPI
B-28488,3436,159,5,Furniture,Tables,COD
B-28489,3426,332,4,Furniture,Furnishings,Debit Card
B-28489,2358,1168,2,Furniture,Chairs,Credit Card
B-28490,4190,917,2,Furniture,Tables,UPI
B-28490,1875,38,1,Clothing,Leggings,COD
B-28491,1376,-245,4,Clothing,Leggings,Credit Card
B-28491,1460,380,4,Clothing,Leggings,EMI
B-28492,4634,336,4,Furniture,Bookcases,Debit Card
B-28493,602,116,5,Electronics,Accessories,UPI
B-28493,420,224,4,Clothing,Skirt,Credit Card
B-28494,925,328,2,Clothing,Leggings,UPI
B-28495,1096,-130,4,Clothing,Shirt,Credit Card
B-28496,1763,155,3,Electronics,Electronic Games,COD
B-28497,3189,1101,3,Electronics,Phones,UPI
B-28498,1620,37,5,Clothing,Kurti,Debit Card
B-28499,260,-79,5,Clothing,T-shirt,COD
B-28499,5279,738,1,Furniture,Tables,COD
B-28500,4093,1255,3,Electronics,Phones,COD
B-28500,3729,1681,2,Electronics,Printers,UPI
B-28500,2657,1294,2,Furniture,Tables,UPI
B-28501,5489,439,3,Furniture,Tables,UPI
B-28502,1945,-860,1,Clothing,Saree,UPI
B-28502,1620,613,4,Electronics,Printers,Debit Card
B-28503,4793,1437,3,Furniture,Furnishings,UPI
B-28504,2746,1053,1,Electronics,Phones,Credit Card
B-28504,651,-2,2,Clothing,Kurti,Credit Card
B-28504,162,48,3,Clothing,Shirt,Debit Card
B-28505,2696,413,3,Furniture,Bookcases,Credit Card
B-28506,755,-14,2,Clothing,Hankerchief,Credit Card
B-28506,1011,-502,1,Clothing,Shirt,Credit Card
B-28507,5353,1743,2,Furniture,Chairs,Debit Card
B-28508,3114,1394,1,Electronics,Printers,COD
B-28508,397,234,4,Clothing,Stole,Credit Card
B-28509,5352,1771,5,Electronics,Printers,Debit Card
B-28510,1244,609,1,Electronics,Accessories,UPI
B-28511,1096,-322,1,Clothing,T-shirt,COD
B-28511,1801,579,2,Clothing,Stole,EMI
B-28512,2667,190,2,Electronics,Accessories,COD
B-28512,1398,-565,2,Clothing,Saree,Debit Card
B-28513,1318,-492,3,Clothing,Saree,Credit Card
B-28514,909,392,3,Clothing,Saree,Credit Card
B-28514,52,14,1,Clothing,Hankerchief,UPI
B-28515,1037,224,1,Furniture,Tables,Debit Card
B-28516,775,327,1,Clothing,Stole,Debit Card
B-28517,5792,1590,5,Furniture,Chairs,COD
B-28518,324,197,1,Electronics,Electronic Games,EMI
B-28518,616,356,3,Clothing,Leggings,COD
B-28519,3379,1144,4,Electronics,Phones,UPI
B-28519,3315,161,3,Furniture,Chairs,UPI
B-28520,3914,1039,3,Electronics,Printers,UPI
B-28521,1829,170,1,Electronics,Printers,UPI
B-28522,587,-142,1,Clothing,Hankerchief,Debit Card
B-28522,1373,792,3,Electronics,Phones,COD
B-28522,408,-192,4,Clothing,Stole,UPI
B-28523,1825,729,1,Clothing,Shirt,UPI
B-28523,4189,1697,1,Electronics,Phones,UPI
B-28524,876,412,2,Electronics,Accessories,COD
B-28525,2965,974,2,Furniture,Chairs,COD
B-28525,870,-369,1,Clothing,Stole,Credit Card
B-28526,5375,560,4,Electronics,Printers,Debit Card
B-28526,1690,1128,1,Clothing,Trousers,UPI
B-28526,537,97,3,Clothing,T-shirt,COD
B-28527,1246,272,3,Furniture,Chairs,COD
B-28527,3304,561,5,Furniture,Chairs,Debit Card
B-28527,1873,743,2,Electronics,Electronic Games,COD
B-28528,1245,642,4,Electronics,Phones,EMI
B-28528,4066,318,5,Electronics,Electronic Games,COD
B-28528,2672,817,1,Furniture,Tables,Credit Card
B-28529,1735,770,1,Furniture,Bookcases,Debit Card
B-28529,3598,230,3,Electronics,Phones,COD
B-28530,1087,-464,5,Clothing,Stole,Debit Card
B-28531,3919,1033,4,Furniture,Bookcases,COD
B-28532,1696,123,2,Furniture,Chairs,UPI
B-28532,965,157,5,Furniture,Chairs,UPI
B-28533,560,256,3,Furniture,Bookcases,UPI
B-28534,1470,-613,4,Clothing,Stole,UPI
B-28534,1545,-334,1,Clothing,Trousers,UPI
B-28535,3826,422,5,Electronics,Accessories,Credit Card
B-28535,3512,1045,4,Electronics,Phones,UPI
B-28536,1540,-397,1,Clothing,Saree,UPI
B-28537,4542,2390,1,Electronics,Phones,Debit Card
B-28537,773,210,2,Clothing,Hankerchief,Credit Card
B-28538,3860,1353,5,Furniture,Tables,COD
B-28539,1824,457,4,Furniture,Bookcases,COD
B-28540,5314,626,4,Electronics,Accessories,COD
B-28541,516,-45,2,Clothing,Leggings,UPI
B-28541,4260,1899,4,Electronics,Phones,Debit Card
B-28542,3266,878,2,Furniture,Bookcases,UPI
B-28542,86,-17,4,Clothing,Kurti,UPI
B-28543,3186,575,3,Furniture,Bookcases,UPI
B-28544,3432,1608,3,Electronics,Printers,COD
B-28545,216,-67,1,Clothing,Shirt,Debit Card
B-28545,480,281,2,Clothing,Kurti,COD
B-28546,4531,355,2,Furniture,Tables,Debit Card
B-28547,256,27,4,Clothing,Trousers,EMI
B-28548,2944,1649,1,Electronics,Electronic Games,COD
B-28548,229,44,4,Clothing,Shirt,Credit Card
B-28549,3538,1615,3,Furniture,Chairs,UPI
B-28550,1622,167,2,Furniture,Furnishings,Credit Card
B-28551,3818,818,5,Furniture,Furnishings,Credit Card
B-28551,873,564,3,Electronics,Accessories,COD
B-28551,260,144,4,Clothing,T-shirt,EMI
B-28552,371,-179,5,Clothing,Saree,UPI
B-28553,2309,1276,2,Electronics,Printers,Credit Card
B-28553,166,15,4,Clothing,Kurti,UPI
B-28554,5404,2158,5,Furniture,Tables,Debit Card
B-28555,1835,181,2,Furniture,Tables,Credit Card
B-28556,1550,357,4,Furniture,Chairs,COD
B-28557,4492,2294,4,Electronics,Phones,COD
B-28558,1057,-241,1,Clothing,Saree,Credit Card
B-28558,751,-73,3,Clothing,Hankerchief,UPI
B-28559,301,22,2,Electronics,Electronic Games,Credit Card
B-28560,1748,703,5,Electronics,Electronic Games,COD
B-28560,3268,902,5,Electronics,Phones,UPI
B-28560,4163,860,3,Furniture,Bookcases,Debit Card
B-28561,711,119,2,Clothing,Skirt,EMI
B-28561,1177,106,2,Electronics,Accessories,UPI
B-28562,3722,928,2,Furniture,Tables,Credit Card
B-28563,5152,2515,2,Electronics,Electronic Games,Credit Card
B-28563,4047,103,2,Furniture,Chairs,Debit Card
B-28564,2633,1617,2,Electronics,Accessories,UPI
B-28565,3222,2032,4,Electronics,Electronic Games,COD
B-28565,1108,399,2,Clothing,Skirt,UPI
B-28566,3491,1728,5,Furniture,Chairs,Credit Card
B-28567,538,73,2,Electronics,Printers,COD
B-28568,4159,890,5,Electronics,Printers,Debit Card
B-28568,1921,860,3,Clothing,Trousers,Credit Card
B-28569,1492,-23,3,Clothing,Trousers,Debit Card
B-28570,1258,540,5,Furniture,Bookcases,COD
B-28571,1335,72,3,Electronics,Printers,EMI
B-28572,2758,584,1,Electronics,Printers,Debit Card
B-28573,3147,694,4,Furniture,Furnishings,COD
B-28574,3990,1217,1,Furniture,Chairs,EMI
B-28575,1754,-53,1,Clothing,Trousers,UPI
B-28576,689,171,3,Furniture,Chairs,EMI
B-28577,447,190,4,Clothing,Trousers,UPI
B-28577,1751,1110,3,Electronics,Printers,Debit Card
B-28578,1166,383,1,Electronics,Accessories,EMI
B-28579,2634,363,1,Electronics,Accessories,UPI
B-28579,710,321,4,Electronics,Electronic Games,UPI
B-28579,3150,1693,5,Electronics,Electronic Games,Credit Card
B-28580,2328,149,4,Furniture,Bookcases,COD
B-28580,1741,1188,5,Clothing,Saree,UPI
B-28581,1030,89,2,Furniture,Furnishings,COD
B-28582,365,-166,1,Clothing,Leggings,Debit Card
B-28583,105,24,5,Clothing,Shirt,UPI
B-28584,3529,1235,4,Electronics,Electronic Games,Credit Card
B-28585,959,350,5,Electronics,Printers,COD
B-28586,958,120,2,Clothing,Saree,COD
B-28587,3461,1326,1,Electronics,Printers,UPI
B-28587,998,626,4,Clothing,Kurti,COD
B-28588,1441,-380,5,Clothing,Kurti,EMI
B-28588,3267,2084,4,Electronics,Accessories,Credit Card
B-28589,2803,1153,3,Furniture,Chairs,EMI
B-28590,1549,760,2,Furniture,Chairs,COD
B-28591,5052,2170,4,Furniture,Furnishings,UPI
B-28591,3834,467,1,Electronics,Electronic Games,COD
B-28591,623,379,2,Clothing,Leggings,COD
B-28592,4517,310,1,Furniture,Chairs,Credit Card
B-28592,4329,1788,2,Electronics,Electronic Games,Credit Card
B-28592,2040,945,3,Furniture,Bookcases,COD
B-28593,2838,349,4,Furniture,Chairs,Debit Card
B-28594,1232,710,1,Electronics,Printers,UPI
B-28595,2775,864,2,Electronics,Electronic Games,UPI
B-28596,418,44,4,Electronics,Phones,COD
B-28596,280,137,3,Clothing,Hankerchief,Debit Card
B-28597,5133,1057,3,Electronics,Printers,COD
B-28598,4140,1243,3,Electronics,Phones,EMI
B-28599,2633,337,1,Electronics,Accessories,Credit Card
B-28600,5713,1728,5,Electronics,Phones,Credit Card
B-28601,275,71,3,Clothing,T-shirt,Credit Card
B-28601,1544,1009,5,Clothing,Leggings,COD
B-28602,831,232,1,Clothing,Stole,UPI
B-28603,1211,255,4,Clothing,Shirt,COD
B-28604,942,-461,2,Clothing,Shirt,COD
B-28604,4182,370,1,Electronics,Printers,UPI
B-28605,5569,882,2,Furniture,Tables,UPI
B-28605,1488,-315,5,Clothing,T-shirt,COD
B-28606,973,225,5,Clothing,Skirt,COD
B-28607,5397,775,5,Furniture,Tables,COD
B-28607,176,-84,4,Clothing,Shirt,COD
B-28608,1797,1111,1,Electronics,Electronic Games,Credit Card
B-28608,1506,583,1,Clothing,Skirt,UPI
B-28609,172,-67,4,Clothing,Hankerchief,Debit Card
B-28609,5069,2345,3,Furniture,Bookcases,UPI
B-28610,3862,222,2,Electronics,Electronic Games,Credit Card
B-28611,2344,1071,3,Furniture,Furnishings,Credit Card
B-28611,1289,-169,4,Clothing,Saree,COD
B-28612,539,-239,5,Clothing,Skirt,COD
B-28613,3818,420,3,Furniture,Bookcases,Debit Card
B-28614,728,316,4,Furniture,Tables,COD
B-28615,1427,670,5,Clothing,Leggings,Credit Card
B-28616,5384,1286,2,Furniture,Tables,Credit Card
B-28617,2569,941,4,Electronics,Phones,Debit Card
B-28618,4328,137,2,Furniture,Furnishings,UPI
B-28619,5795,825,2,Electronics,Accessories,Debit Card
B-28620,81,-19,3,Clothing,Kurti,COD
B-28620,1191,-185,2,Clothing,Skirt,Debit Card
B-28621,1359,694,4,Electronics,Accessories,UPI
B-28622,898,-395,3,Clothing,Shirt,Credit Card
B-28623,3400,1901,2,Electronics,Electronic Games,COD
B-28624,461,-171,2,Clothing,Shirt,COD
B-28625,1046,-320,3,Clothing,Trousers,UPI
B-28626,172,88,3,Clothing,Shirt,COD
B-28626,1258,-275,4,Clothing,Leggings,Credit Card
B-28626,1500,-117,1,Clothing,Trousers,COD
B-28627,4340,2716,5,Electronics,Electronic Games,Credit Card
B-28627,705,265,1,Electronics,Printers,COD
B-28628,1253,247,1,Furniture,Chairs,UPI
B-28629,3346,1213,1,Furniture,Bookcases,COD
B-28630,1785,883,4,Furniture,Bookcases,COD
B-28631,2420,1074,1,Furniture,Furnishings,Debit Card
B-28631,558,25,4,Clothing,T-shirt,Credit Card
B-28632,1662,871,2,Electronics,Electronic Games,UPI
B-28633,505,105,3,Clothing,Hankerchief,EMI
B-28634,1904,-504,4,Clothing,Shirt,COD
B-28635,4974,2362,1,Furniture,Chairs,UPI
B-28635,435,258,3,Electronics,Accessories,EMI
B-28636,2439,422,3,Electronics,Printers,COD
B-28636,1103,-438,3,Clothing,Stole,Debit Card
B-28636,3491,673,5,Furniture,Tables,UPI
B-28637,5655,1393,2,Furniture,Furnishings,COD
B-28637,5177,419,2,Electronics,Phones,COD
B-28638,3979,2539,1,Electronics,Electronic Games,Credit Card
B-28638,767,436,5,Clothing,Saree,UPI
B-28639,4620,1098,5,Electronics,Printers,Debit Card
B-28640,844,-348,3,Clothing,Shirt,COD
B-28640,531,188,3,Electronics,Printers,Credit Card
B-28640,1743,974,5,Clothing,Shirt,UPI
B-28641,1785,97,1,Furniture,Chairs,UPI
B-28641,5310,693,3,Electronics,Printers,EMI
B-28642,1378,-54,5,Clothing,Trousers,EMI
B-28643,1636,282,5,Furniture,Bookcases,COD
B-28644,314,-83,2,Clothing,Shirt,COD
B-28645,3837,1895,4,Furniture,Furnishings,COD
B-28645,4366,1400,2,Furniture,Furnishings,Debit Card
B-28646,1271,258,5,Electronics,Accessories,Credit Card
B-28647,1774,756,2,Clothing,Shirt,COD
B-28648,881,165,3,Electronics,Printers,COD
B-28648,2684,1217,4,Furniture,Chairs,UPI
B-28648,1346,-291,4,Clothing,Kurti,Credit Card
B-28649,874,43,2,Clothing,T-shirt,Credit Card
B-28650,3969,2151,1,Electronics,Electronic Games,UPI
B-28650,1319,415,3,Clothing,Trousers,COD
B-28650,5705,2455,2,Furniture,Chairs,UPI
B-28651,905,525,3,Electronics,Accessories,UPI
B-28651,1272,197,1,Electronics,Printers,Debit Card
B-28651,4888,884,4,Furniture,Furnishings,COD
B-28652,4870,1510,1,Electronics,Accessories,UPI
B-28653,2906,796,2,Electronics,Accessories,EMI
B-28654,917,-181,2,Clothing,Kurti,COD
B-28655,3681,961,4,Electronics,Electronic Games,COD
B-28655,4889,1217,4,Furniture,Chairs,EMI
B-28655,1298,3,3,Clothing,Hankerchief,Debit Card
B-28656,707,241,4,Clothing,Saree,COD
B-28657,455,250,2,Electronics,Phones,UPI
B-28658,221,103,1,Clothing,Stole,COD
B-28659,1718,43,4,Furniture,Chairs,Debit Card
B-28660,1188,722,3,Electronics,Printers,EMI
B-28660,3591,136,3,Furniture,Chairs,COD
B-28661,4436,1547,1,Electronics,Phones,EMI
B-28662,4706,1031,1,Furniture,Bookcases,UPI
B-28663,1123,379,4,Clothing,Trousers,Debit Card
B-28663,5464,3078,2,Electronics,Electronic Games,EMI
B-28664,2465,1144,2,Furniture,Tables,COD
B-28665,4102,1465,3,Furniture,Furnishings,UPI
B-28665,3738,1877,2,Electronics,Printers,Debit Card
B-28666,5440,1333,1,Furniture,Bookcases,COD
B-28666,3443,1587,2,Electronics,Electronic Games,Credit Card
B-28667,2579,884,5,Electronics,Phones,COD
B-28668,3853,1604,2,Electronics,Printers,COD
B-28669,840,-133,5,Clothing,Trousers,COD
B-28670,2864,428,1,Furniture,Tables,Debit Card
B-28670,1333,-233,4,Clothing,T-shirt,Credit Card
B-28671,1325,431,1,Electronics,Electronic Games,UPI
B-28672,3827,379,4,Electronics,Accessories,Credit Card
B-28672,1675,556,5,Clothing,Skirt,COD
B-28673,2006,627,3,Electronics,Electronic Games,UPI
B-28674,1320,386,4,Furniture,Tables,COD
B-28675,277,141,1,Clothing,Kurti,Credit Card
B-28676,1884,-486,3,Clothing,Leggings,EMI
B-28676,1065,489,1,Clothing,Saree,Credit Card
B-28677,1026,-133,5,Clothing,Trousers,EMI
B-28678,1637,546,4,Furniture,Chairs,Credit Card
B-28678,3392,2172,5,Electronics,Phones,COD
B-28678,107,14,3,Clothing,Saree,UPI
B-28679,3022,126,3,Furniture,Chairs,UPI
B-28679,4328,1940,4,Electronics,Accessories,Credit Card
B-28679,3823,1753,1,Furniture,Bookcases,UPI
B-28680,4744,1504,5,Furniture,Tables,COD
B-28681,5323,3229,4,Electronics,Phones,COD
B-28681,5965,495,4,Furniture,Bookcases,EMI
B-28682,1930,149,4,Clothing,Leggings,UPI
B-28683,1467,541,2,Electronics,Electronic Games,Debit Card
B-28684,2775,1186,1,Electronics,Phones,COD
B-28685,886,280,1,Electronics,Phones,UPI
B-28686,4084,1525,3,Electronics,Printers,Debit Card
B-28687,1103,-323,2,Clothing,T-shirt,UPI
B-28688,2216,175,2,Electronics,Electronic Games,COD
B-28689,3928,1370,5,Electronics,Accessories,Credit Card
B-28689,1450,253,3,Electronics,Electronic Games,Credit Card
B-28690,4073,981,5,Furniture,Furnishings,UPI
B-28690,1734,-341,4,Clothing,Stole,Debit Card
B-28691,102,45,1,Clothing,Kurti,EMI
B-28692,547,-64,2,Clothing,Hankerchief,Credit Card
B-28693,5236,478,3,Furniture,Tables,UPI
B-28694,5151,600,3,Furniture,Tables,COD
B-28695,1053,622,2,Clothing,Saree,Credit Card
B-28696,1658,452,4,Furniture,Furnishings,COD
B-28696,2781,276,5,Electronics,Accessories,UPI
B-28697,3634,1299,1,Electronics,Accessories,Debit Card
B-28697,1660,626,2,Electronics,Phones,Credit Card
B-28698,5246,1299,1,Furniture,Furnishings,COD
B-28699,4663,1129,5,Electronics,Accessories,UPI
B-28700,4327,1682,4,Electronics,Accessories,UPI
B-28701,818,563,2,Clothing,Saree,UPI
B-28702,1070,42,2,Furniture,Bookcases,UPI
B-28702,1726,274,1,Furniture,Tables,UPI
B-28702,1415,-464,5,Clothing,Leggings,EMI
B-28703,5355,204,4,Furniture,Tables,Credit Card
B-28704,744,220,1,Furniture,Furnishings,Credit Card
B-28704,1467,386,5,Electronics,Printers,EMI
B-28704,321,48,5,Clothing,Kurti,Debit Card
B-28705,1205,828,3,Clothing,Kurti,Debit Card
B-28705,1642,535,2,Electronics,Electronic Games,COD
B-28705,928,95,4,Furniture,Tables,COD
B-28706,3182,506,4,Furniture,Bookcases,COD
B-28706,2880,1015,1,Electronics,Phones,COD
B-28707,4377,415,2,Furniture,Chairs,Credit Card
B-28708,1666,724,2,Electronics,Printers,COD
B-28708,1852,718,3,Clothing,Trousers,Debit Card
B-28709,596,35,3,Electronics,Printers,COD
B-28710,1954,1242,2,Electronics,Electronic Games,UPI
B-28711,1744,944,4,Electronics,Printers,EMI
B-28712,1020,168,2,Electronics,Printers,COD
B-28712,3530,1540,3,Electronics,Printers,EMI
B-28713,447,59,1,Electronics,Electronic Games,UPI
B-28713,1888,1303,4,Clothing,Leggings,Debit Card
B-28714,4447,699,5,Electronics,Electronic Games,Debit Card
B-28715,261,64,5,Clothing,Kurti,Credit Card
B-28716,3310,1229,2,Furniture,Tables,UPI
B-28717,664,342,5,Clothing,Trousers,COD
B-28718,614,-264,2,Clothing,Leggings,UPI
B-28718,2230,140,5,Furniture,Chairs,Credit Card
B-28719,2634,663,1,Electronics,Printers,COD
B-28720,1104,-328,2,Clothing,Stole,EMI
B-28720,783,227,2,Clothing,Stole,Debit Card
B-28720,3022,1741,5,Electronics,Accessories,UPI
B-28721,1313,446,4,Furniture,Bookcases,COD
B-28722,5622,2176,1,Electronics,Phones,COD
B-28722,802,389,1,Electronics,Accessories,EMI
B-28723,476,300,5,Clothing,Leggings,EMI
B-28723,5729,3578,1,Electronics,Electronic Games,Debit Card
B-28724,4549,939,2,Furniture,Bookcases,EMI
B-28725,1967,-419,5,Clothing,Leggings,UPI
B-28726,4087,874,5,Electronics,Printers,UPI
B-28727,3824,747,2,Furniture,Chairs,Credit Card
B-28728,5134,940,3,Electronics,Phones,Credit Card
B-28729,3943,2448,3,Electronics,Accessories,UPI
B-28730,660,91,1,Clothing,Shirt,COD
B-28731,1432,792,5,Clothing,Skirt,UPI
B-28732,5608,990,5,Electronics,Phones,COD
B-28733,1732,230,2,Clothing,Skirt,UPI
B-28734,3612,717,4,Furniture,Bookcases,Debit Card
B-28734,2151,175,2,Furniture,Tables,COD
B-28734,2627,482,4,Furniture,Bookcases,COD
B-28735,510,59,4,Clothing,Hankerchief,COD
B-28736,1846,848,5,Furniture,Bookcases,Debit Card
B-28737,4881,2992,3,Electronics,Printers,Debit Card
B-28738,1528,-409,5,Clothing,Shirt,EMI
B-28738,1418,63,2,Clothing,Hankerchief,COD
B-28739,917,251,5,Furniture,Tables,UPI
B-28739,2334,404,4,Furniture,Bookcases,UPI
B-28740,1013,641,2,Electronics,Electronic Games,Credit Card
B-28741,4023,413,5,Furniture,Furnishings,Debit Card
B-28741,1157,178,2,Clothing,Stole,COD
B-28742,595,197,2,Electronics,Accessories,EMI
B-28743,4687,738,2,Electronics,Phones,Credit Card
B-28743,1744,-266,2,Clothing,Stole,COD
B-28744,1688,255,3,Electronics,Phones,Credit Card
B-28744,1606,140,1,Furniture,Chairs,COD
B-28744,1613,320,3,Furniture,Tables,UPI
B-28745,633,32,3,Electronics,Printers,COD
B-28746,1715,42,2,Furniture,Tables,UPI
B-28747,1029,612,3,Clothing,T-shirt,Credit Card
B-28748,1115,1,2,Clothing,Hankerchief,UPI
B-28748,2313,1185,1,Electronics,Electronic Games,UPI
B-28748,2764,1101,2,Electronics,Electronic Games,COD
B-28749,1002,39,2,Clothing,Saree,COD
B-28749,3308,1390,4,Electronics,Printers,EMI
B-28750,5676,2805,5,Furniture,Bookcases,COD
B-28751,1193,830,3,Clothing,Kurti,COD
B-28752,3907,352,2,Furniture,Chairs,UPI
B-28753,264,172,1,Clothing,Stole,COD
B-28754,3918,2104,5,Electronics,Printers,UPI
B-28755,1017,-451,1,Clothing,Hankerchief,UPI
B-28756,1750,-538,1,Clothing,Hankerchief,Debit Card
B-28756,3951,367,3,Electronics,Electronic Games,Credit Card
B-28757,1887,612,1,Electronics,Accessories,Credit Card
B-28757,4647,2813,4,Electronics,Printers,COD
B-28758,774,-338,4,Clothing,Hankerchief,Debit Card
B-28758,4153,2026,4,Electronics,Phones,Credit Card
B-28759,1579,540,1,Electronics,Printers,UPI
B-28760,832,242,4,Clothing,Leggings,Credit Card
B-28760,542,70,3,Clothing,Saree,COD
B-28760,2588,1136,4,Electronics,Electronic Games,Credit Card
B-28761,871,249,2,Clothing,Kurti,COD
B-28761,459,-210,5,Clothing,Stole,Credit Card
B-28762,2950,1679,3,Electronics,Electronic Games,COD
B-28763,1243,-504,3,Clothing,Skirt,Debit Card
B-28763,5683,1193,5,Furniture,Chairs,Debit Card
B-28763,997,492,4,Furniture,Furnishings,COD
B-28764,1826,-766,2,Clothing,Kurti,UPI
B-28765,1974,432,4,Clothing,T-shirt,Credit Card
B-28766,3284,1413,1,Furniture,Tables,COD
B-28767,1236,266,5,Clothing,Leggings,Credit Card
B-28767,1817,551,1,Furniture,Furnishings,Credit Card
B-28768,4448,499,3,Furniture,Tables,COD
B-28768,4678,219,3,Furniture,Tables,COD
B-28769,485,210,2,Clothing,Trousers,Credit Card
B-28770,5531,419,3,Electronics,Accessories,UPI
B-28771,3407,2168,1,Electronics,Printers,Credit Card
B-28771,1477,314,3,Clothing,Skirt,COD
B-28771,1805,-336,1,Clothing,Leggings,COD
B-28772,637,49,3,Electronics,Accessories,UPI
B-28772,1292,626,1,Clothing,T-shirt,UPI
B-28773,2518,844,4,Furniture,Tables,UPI
B-28773,3747,1034,3,Furniture,Bookcases,Debit Card
B-28773,653,135,5,Clothing,Saree,Debit Card
B-28774,1582,582,1,Clothing,Trousers,UPI
B-28775,1252,396,3,Clothing,Skirt,EMI
B-28776,1291,838,2,Electronics,Phones,Credit Card
B-28776,3055,751,1,Electronics,Electronic Games,Credit Card
B-28777,3460,1078,1,Furniture,Tables,UPI
B-28777,4974,1004,5,Electronics,Printers,UPI
B-28778,895,61,5,Electronics,Electronic Games,Debit Card
B-28779,5518,2637,1,Electronics,Electronic Games,COD
B-28779,1729,-473,3,Clothing,Hankerchief,COD
B-28780,4780,2103,2,Electronics,Electronic Games,COD
B-28781,732,218,1,Electronics,Phones,Credit Card
B-28782,2175,1002,5,Furniture,Tables,UPI
B-28783,4681,562,1,Furniture,Bookcases,COD
B-28784,5587,1597,5,Electronics,Printers,UPI
B-28784,1853,220,4,Clothing,Hankerchief,Credit Card
B-28785,1033,282,2,Clothing,Stole,UPI
B-28786,1160,475,2,Electronics,Printers,EMI
B-28787,54,10,3,Clothing,Stole,UPI
B-28787,5901,1430,4,Furniture,Chairs,COD
B-28787,768,261,1,Clothing,Leggings,UPI
B-28788,1576,668,2,Electronics,Electronic Games,COD
B-28789,1933,680,3,Electronics,Printers,EMI
B-28789,668,17,2,Clothing,Kurti,UPI
B-28790,1086,552,5,Electronics,Accessories,Credit Card
B-28791,1430,758,1,Clothing,Trousers,EMI
B-28791,4383,1669,2,Furniture,Chairs,EMI
B-28792,250,5,5,Clothing,Skirt,UPI
B-28793,559,279,3,Clothing,Stole,UPI
B-28793,966,-183,2,Clothing,Hankerchief,COD
B-28794,5224,1301,5,Furniture,Bookcases,COD
B-28794,4637,278,1,Electronics,Accessories,Credit Card
B-28794,3463,890,2,Furniture,Chairs,EMI
B-28795,1792,1133,1,Clothing,Shirt,Debit Card
B-28796,1890,582,5,Clothing,T-shirt,UPI
B-28797,3470,174,5,Furniture,Furnishings,EMI
B-28797,3564,2142,1,Electronics,Electronic Games,UPI
B-28798,95,59,2,Clothing,Skirt,COD
B-28799,4405,2097,3,Furniture,Furnishings,Credit Card
B-28799,517,206,2,Furniture,Furnishings,Credit Card
B-28800,1250,368,2,Electronics,Accessories,EMI
B-28800,4078,959,5,Electronics,Electronic Games,Debit Card
B-28801,686,52,3,Electronics,Printers,Credit Card
B-28801,4785,235,4,Furniture,Tables,COD
B-28802,4474,2555,4,Electronics,Phones,Debit Card
B-28803,854,444,1,Electronics,Electronic Games,Debit Card
B-28804,1684,-622,4,Clothing,Saree,UPI
B-28805,910,592,5,Clothing,Leggings,Credit Card
B-28805,1072,146,3,Clothing,Stole,Debit Card
B-28806,1515,754,5,Electronics,Accessories,UPI
B-28807,108,11,2,Clothing,T-shirt,UPI
B-28808,2563,1198,2,Electronics,Electronic Games,Credit Card
B-28809,1150,-431,3,Clothing,Saree,UPI
B-28810,1748,1157,1,Clothing,Leggings,COD
B-28811,2330,145,4,Furniture,Bookcases,Credit Card
B-28811,1451,522,1,Clothing,Stole,Debit Card
B-28812,5164,549,3,Furniture,Tables,COD
B-28812,4676,1468,4,Furniture,Furnishings,UPI
B-28813,1787,194,4,Furniture,Bookcases,UPI
B-28813,272,26,5,Clothing,Saree,COD
B-28814,5396,2640,3,Furniture,Bookcases,UPI
B-28815,849,-332,2,Clothing,Trousers,Debit Card
B-28816,3804,1005,3,Electronics,Printers,EMI
B-28816,5724,1550,2,Furniture,Chairs,Debit Card
B-28817,917,105,2,Clothing,Kurti,EMI
B-28817,808,285,4,Clothing,T-shirt,COD
B-28817,4383,1848,1,Electronics,Electronic Games,UPI
B-28818,1455,841,1,Electronics,Accessories,Credit Card
B-28818,839,-278,5,Clothing,Saree,Credit Card
B-28819,1533,-307,3,Clothing,Kurti,Debit Card
B-28819,3891,1478,4,Electronics,Printers,COD
B-28819,3636,2234,4,Electronics,Printers,UPI
B-28820,3893,897,4,Electronics,Printers,COD
B-28820,1340,-524,3,Clothing,T-shirt,Credit Card
B-28821,398,-72,4,Clothing,Stole,UPI
B-28822,2824,151,3,Furniture,Furnishings,COD
B-28822,168,-8,2,Clothing,Shirt,COD
B-28822,765,-329,2,Clothing,Stole,COD
B-28823,1283,504,3,Clothing,Leggings,Credit Card
B-28824,1874,-867,2,Clothing,Trousers,COD
B-28825,3208,183,3,Electronics,Accessories,COD
B-28826,1958,1113,2,Clothing,Hankerchief,COD
B-28827,3537,1515,2,Furniture,Tables,Credit Card
B-28828,4529,2347,5,Electronics,Phones,Debit Card
B-28829,3977,896,2,Electronics,Phones,COD
B-28830,689,277,5,Electronics,Phones,Credit Card
B-28831,1944,-245,2,Clothing,T-shirt,Credit Card
B-28832,334,88,2,Electronics,Phones,COD
B-28832,5399,1382,2,Electronics,Accessories,UPI
B-28832,2020,225,4,Furniture,Chairs,COD
B-28833,1176,462,4,Clothing,Hankerchief,EMI
B-28834,4827,2163,3,Furniture,Tables,Debit Card
B-28834,3777,521,5,Electronics,Phones,Credit Card
B-28835,1831,770,2,Clothing,Stole,UPI
B-28836,523,226,1,Clothing,Kurti,Debit Card
B-28837,169,26,2,Clothing,Trousers,Debit Card
B-28838,771,217,2,Clothing,Trousers,EMI
B-28839,4624,1834,2,Furniture,Furnishings,Credit Card
B-28840,1985,-268,4,Clothing,Shirt,Debit Card
B-28841,321,81,4,Clothing,Saree,UPI
B-28842,2863,1074,3,Electronics,Phones,EMI
B-28843,2059,463,5,Electronics,Electronic Games,COD
B-28844,872,-414,4,Clothing,T-shirt,UPI
B-28845,1155,351,1,Electronics,Phones,Debit Card
B-28846,1764,-725,5,Clothing,Saree,EMI
B-28847,2702,1203,2,Electronics,Electronic Games,COD
B-28847,2054,900,2,Electronics,Accessories,COD
B-28848,4474,696,4,Electronics,Accessories,COD
B-28849,4950,1494,5,Electronics,Accessories,Debit Card
B-28850,1097,227,5,Electronics,Printers,Credit Card
B-28851,3199,2071,4,Electronics,Printers,COD
B-28851,1289,277,2,Electronics,Phones,COD
B-28852,1754,1039,2,Clothing,Leggings,Debit Card
B-28852,383,-12,3,Clothing,Stole,COD
B-28853,2191,667,5,Electronics,Electronic Games,COD
B-28854,1154,177,3,Clothing,Stole,Credit Card
B-28855,1565,195,1,Furniture,Chairs,Debit Card
B-28856,2505,949,2,Furniture,Chairs,UPI
B-28857,1163,755,2,Clothing,Skirt,COD
B-28857,882,-421,1,Clothing,Trousers,UPI
B-28858,2510,750,2,Electronics,Phones,UPI
B-28859,3683,365,5,Electronics,Printers,UPI
B-28860,943,303,3,Furniture,Chairs,Debit Card
B-28860,5406,2131,1,Electronics,Phones,UPI
B-28861,828,321,5,Furniture,Furnishings,UPI
B-28861,3803,351,4,Electronics,Accessories,Credit Card
B-28862,1744,927,1,Electronics,Printers,COD
B-28863,682,345,5,Clothing,T-shirt,UPI
B-28863,2744,1300,5,Furniture,Furnishings,Credit Card
B-28864,3392,1244,5,Furniture,Bookcases,UPI
B-28865,1339,206,1,Furniture,Bookcases,COD
B-28866,4738,1708,4,Electronics,Printers,UPI
B-28866,1117,686,4,Electronics,Printers,UPI
B-28867,3939,1711,2,Furniture,Chairs,UPI
B-28868,1907,-66,3,Clothing,Stole,COD
B-28869,5652,924,2,Electronics,Phones,Debit Card
B-28870,213,144,1,Clothing,Stole,Debit Card
B-28871,1759,194,1,Clothing,Trousers,Credit Card
B-28872,73,3,4,Clothing,Skirt,UPI
B-28873,3627,992,4,Electronics,Accessories,COD
B-28873,4365,2148,1,Furniture,Tables,UPI
B-28873,2457,457,2,Furniture,Furnishings,EMI
B-28874,3289,181,2,Furniture,Bookcases,COD
B-28874,3015,1610,4,Electronics,Phones,Debit Card
B-28875,1889,955,3,Electronics,Printers,EMI
B-28876,5703,1597,5,Electronics,Printers,COD
B-28877,3534,602,1,Furniture,Furnishings,COD
B-28877,5366,2213,1,Furniture,Furnishings,Debit Card
B-28878,4259,934,5,Electronics,Electronic Games,UPI
B-28879,1284,-143,4,Clothing,Trousers,COD
B-28880,1847,-551,3,Clothing,Stole,UPI
B-28881,1204,20,1,Clothing,Trousers,UPI
B-28881,1459,560,4,Electronics,Accessories,UPI
B-28882,3291,1610,2,Furniture,Furnishings,Debit Card
B-28883,565,261,4,Clothing,Kurti,COD
B-28883,3564,1248,4,Electronics,Printers,COD
B-28884,1477,76,2,Furniture,Tables,UPI
B-28885,1920,488,5,Clothing,Trousers,COD
B-28885,5593,1279,1,Electronics,Printers,Credit Card
B-28886,526,226,1,Clothing,Leggings,COD
B-28887,2750,1469,5,Electronics,Phones,UPI
B-28888,1472,-333,4,Clothing,Shirt,Debit Card
B-28889,1394,-433,2,Clothing,Trousers,COD
B-28890,5125,1658,4,Electronics,Phones,Debit Card
B-28891,965,-296,2,Clothing,Kurti,EMI
B-28892,5692,1471,1,Furniture,Tables,Credit Card
B-28893,4515,1332,1,Furniture,Furnishings,COD
B-28893,2969,1572,2,Electronics,Electronic Games,COD
B-28894,5311,3026,3,Electronics,Printers,COD
B-28894,2012,1104,3,Electronics,Electronic Games,COD
B-28894,5409,1955,3,Furniture,Bookcases,COD
B-28895,3939,1733,3,Electronics,Printers,Credit Card
B-28896,2639,1164,1,Furniture,Chairs,UPI
B-28897,233,-86,2,Clothing,T-shirt,COD
B-28897,2523,925,4,Electronics,Phones,Debit Card
B-28898,1082,39,3,Clothing,Skirt,Debit Card
B-28899,3185,1604,2,Electronics,Printers,UPI
B-28900,925,328,1,Electronics,Electronic Games,Debit Card
B-28900,5070,1843,4,Furniture,Chairs,EMI
B-28900,2574,513,1,Electronics,Accessories,UPI
B-28901,3746,2091,1,Electronics,Printers,Credit Card
B-28902,1923,474,5,Clothing,Stole,UPI
B-28902,4477,1859,5,Electronics,Accessories,Debit Card
B-28903,1182,755,1,Clothing,Stole,EMI
B-28904,3050,200,3,Electronics,Accessories,Credit Card
B-28905,276,36,2,Clothing,Stole,COD
B-28906,1741,-859,1,Clothing,Leggings,Credit Card
B-28906,5897,2245,5,Furniture,Bookcases,UPI
B-28907,1402,-654,4,Clothing,Trousers,COD
B-28907,3886,1588,2,Furniture,Tables,Debit Card
B-28908,361,152,3,Electronics,Electronic Games,Credit Card
B-28909,3834,1039,4,Furniture,Chairs,COD
B-28910,1516,-145,4,Clothing,T-shirt,UPI
B-28911,340,32,2,Electronics,Accessories,UPI
B-28912,1988,625,2,Electronics,Printers,EMI
B-28913,3623,814,5,Furniture,Bookcases,COD
B-28914,1869,1245,5,Clothing,Leggings,UPI
B-28914,3886,282,5,Electronics,Accessories,UPI
B-28915,4570,1474,2,Furniture,Furnishings,Debit Card
B-28915,1692,432,4,Electronics,Accessories,Debit Card
B-28916,5784,437,4,Furniture,Tables,EMI
B-28916,115,-53,3,Clothing,Stole,EMI
B-28917,1273,749,1,Clothing,Saree,Debit Card
B-28918,2906,1150,4,Electronics,Accessories,COD
B-28918,4035,702,4,Furniture,Tables,Debit Card
B-28919,470,149,3,Clothing,Kurti,COD
B-28920,1558,389,1,Clothing,T-shirt,Debit Card
B-28921,3172,671,5,Furniture,Tables,Credit Card
B-28922,578,-62,5,Clothing,Trousers,Credit Card
B-28923,4557,952,4,Furniture,Chairs,COD
B-28923,4180,1415,2,Electronics,Phones,COD
B-28924,5063,2145,4,Electronics,Printers,COD
B-28925,1329,64,2,Furniture,Tables,Credit Card
B-28925,560,287,4,Clothing,Trousers,COD
B-28926,3758,1769,4,Electronics,Phones,EMI
B-28926,792,202,1,Electronics,Electronic Games,COD
B-28927,4918,1435,1,Electronics,Electronic Games,Credit Card
B-28928,4225,1529,3,Electronics,Electronic Games,Credit Card
B-28929,431,121,4,Clothing,Kurti,UPI
B-28930,647,302,2,Electronics,Accessories,COD
B-28931,1081,-209,4,Clothing,Leggings,Credit Card
B-28931,5005,597,2,Electronics,Printers,UPI
B-28931,5687,2848,5,Electronics,Accessories,UPI
B-28932,2612,622,5,Furniture,Tables,COD
B-28932,4797,763,3,Furniture,Chairs,EMI
B-28932,394,151,1,Clothing,Skirt,UPI
B-28933,4238,307,5,Electronics,Accessories,Credit Card
B-28934,1058,515,2,Clothing,Shirt,UPI
B-28934,1288,99,4,Clothing,Stole,Debit Card
B-28934,53,-14,3,Clothing,Skirt,Credit Card
B-28935,1760,30,5,Clothing,Leggings,Debit Card
B-28935,422,-151,4,Clothing,Leggings,Debit Card
B-28936,2950,217,4,Electronics,Printers,UPI
B-28936,3432,1528,4,Electronics,Printers,UPI
B-28937,1916,-283,5,Clothing,Saree,UPI
B-28938,1240,673,3,Clothing,Skirt,Credit Card
B-28938,622,187,5,Furniture,Bookcases,COD
B-28939,1529,859,5,Clothing,Hankerchief,UPI
B-28940,1559,47,1,Clothing,Hankerchief,COD
B-28941,3557,317,3,Electronics,Printers,COD
B-28942,1667,324,5,Furniture,Tables,Credit Card
B-28943,467,33,4,Clothing,Skirt,EMI
B-28944,2467,900,2,Furniture,Furnishings,UPI
B-28944,4649,1812,4,Electronics,Phones,UPI
B-28945,2223,1240,1,Electronics,Printers,COD
B-28946,961,517,4,Electronics,Phones,COD
B-28946,4224,1012,1,Electronics,Accessories,COD
B-28947,396,64,3,Clothing,Skirt,Credit Card
B-28948,1607,984,4,Clothing,Skirt,Debit Card
B-28949,2773,1315,3,Electronics,Printers,UPI
B-28950,1163,-275,1,Clothing,Stole,COD
B-28950,1052,-486,5,Clothing,Kurti,COD
B-28951,143,-69,2,Clothing,Leggings,Debit Card
B-28951,5271,1788,4,Electronics,Phones,UPI
B-28952,1909,-123,3,Clothing,Leggings,COD
B-28952,5060,1227,2,Furniture,Chairs,EMI
B-28953,4406,2033,3,Electronics,Phones,Credit Card
B-28954,4450,1568,1,Electronics,Printers,COD
B-28955,5043,1000,1,Electronics,Printers,UPI
B-28955,1095,54,1,Furniture,Chairs,COD
B-28955,3504,1235,4,Furniture,Bookcases,EMI
B-28956,104,-42,2,Clothing,Shirt,Credit Card
B-28957,132,-46,1,Clothing,Saree,UPI
B-28958,1537,335,5,Furniture,Furnishings,Credit Card
B-28959,3268,914,3,Furniture,Furnishings,Credit Card
B-28960,906,-327,3,Clothing,Hankerchief,COD
B-28960,4940,713,1,Electronics,Electronic Games,UPI
B-28961,1039,568,1,Electronics,Phones,Credit Card
B-28962,393,65,2,Clothing,T-shirt,UPI
B-28963,5924,1095,1,Furniture,Chairs,COD
B-28963,5436,393,2,Furniture,Bookcases,COD
B-28963,670,395,4,Clothing,Skirt,COD
B-28964,199,102,4,Clothing,Shirt,Credit Card
B-28965,4232,2079,1,Furniture,Chairs,COD
B-28965,1269,659,5,Electronics,Printers,UPI
B-28966,1945,771,1,Clothing,Skirt,Credit Card
B-28967,1410,268,5,Clothing,Leggings,Debit Card
B-28967,3144,1377,2,Furniture,Bookcases,Credit Card
B-28968,2095,509,5,Electronics,Printers,Debit Card
B-28969,1591,723,5,Furniture,Tables,EMI
B-28969,5131,592,4,Electronics,Electronic Games,Credit Card
B-28970,1979,482,2,Clothing,Shirt,Credit Card
B-28971,4431,2739,2,Electronics,Electronic Games,COD
B-28971,1075,152,5,Furniture,Bookcases,COD
B-28972,249,140,4,Clothing,Stole,EMI
B-28973,1477,195,3,Electronics,Electronic Games,COD
B-28973,5667,1978,5,Electronics,Electronic Games,Credit Card
B-28974,1131,511,3,Furniture,Tables,Debit Card
B-28974,3689,540,5,Electronics,Printers,Credit Card
B-28975,604,47,4,Electronics,Accessories,UPI
B-28976,712,-177,5,Clothing,Saree,Debit Card
B-28977,472,153,1,Electronics,Phones,COD
B-28977,5526,486,3,Furniture,Chairs,EMI
B-28977,1272,526,2,Electronics,Accessories,Credit Card
B-28978,5522,344,3,Electronics,Accessories,Debit Card
B-28978,4455,2774,3,Electronics,Electronic Games,Debit Card
B-28978,653,256,5,Furniture,Tables,COD
B-28979,2348,826,3,Furniture,Chairs,UPI
B-28979,1419,283,3,Electronics,Phones,COD
B-28980,523,123,2,Clothing,Skirt,COD
B-28981,1658,594,2,Furniture,Chairs,COD
B-28982,5126,460,3,Furniture,Furnishings,COD
B-28982,5237,421,3,Furniture,Chairs,UPI
B-28983,1301,-373,5,Clothing,Shirt,UPI
B-28984,4207,2432,2,Electronics,Phones,COD
B-28985,4202,2408,2,Electronics,Electronic Games,Credit Card
B-28986,4366,2003,5,Electronics,Phones,EMI
B-28987,856,43,1,Furniture,Tables,Debit Card
B-28987,943,211,3,Electronics,Accessories,UPI
B-28987,2983,1591,1,Electronics,Printers,COD
B-28988,5035,1391,5,Electronics,Printers,UPI
B-28988,2472,262,4,Furniture,Bookcases,COD
B-28989,4424,1542,3,Electronics,Electronic Games,Debit Card
B-28990,3179,1679,4,Electronics,Printers,COD
B-28991,3658,1498,2,Furniture,Furnishings,COD
B-28991,851,90,3,Clothing,Hankerchief,UPI
B-28991,963,178,2,Clothing,Leggings,COD
B-28992,860,-117,4,Clothing,Stole,EMI
B-28992,4142,790,3,Furniture,Chairs,Debit Card
B-28993,1741,781,2,Clothing,Hankerchief,COD
B-28993,4075,2554,3,Electronics,Electronic Games,Credit Card
B-28993,1088,243,4,Clothing,Saree,Credit Card
B-28994,493,275,2,Electronics,Phones,COD
B-28995,1672,307,4,Clothing,Hankerchief,Debit Card
B-28996,704,343,2,Clothing,Hankerchief,Debit Card
B-28997,2753,826,1,Furniture,Tables,UPI
B-28997,1582,-309,5,Clothing,Skirt,COD
B-28998,2763,1718,1,Electronics,Phones,Credit Card
B-28999,862,78,4,Electronics,Phones,Debit Card
B-28999,5195,2727,5,Electronics,Electronic Games,UPI
B-29000,4690,1294,1,Furniture,Tables,Debit Card
B-29001,1348,743,5,Clothing,T-shirt,UPI
B-29001,896,337,1,Clothing,T-shirt,UPI
B-29001,2620,755,4,Electronics,Electronic Games,UPI
B-29002,4873,1931,3,Furniture,Tables,UPI
B-29003,4887,1454,1,Furniture,Chairs,COD
B-29003,1382,499,4,Furniture,Tables,Credit Card
B-29004,38,16,4,Clothing,T-shirt,Credit Card
B-29005,347,44,1,Electronics,Phones,Credit Card
B-29006,2774,1421,1,Electronics,Phones,UPI
B-29006,4880,1531,4,Electronics,Phones,Credit Card
B-29007,865,157,3,Electronics,Electronic Games,COD
B-29008,195,105,3,Clothing,T-shirt,COD
B-29008,717,168,4,Clothing,Trousers,Credit Card
B-29009,1805,547,2,Electronics,Electronic Games,UPI
B-29010,2277,410,4,Furniture,Bookcases,Credit Card
B-29010,1708,885,2,Clothing,Skirt,UPI
B-29011,1153,-249,2,Clothing,T-shirt,UPI
B-29011,704,324,1,Furniture,Furnishings,UPI
B-29011,2966,786,3,Electronics,Accessories,Credit Card
B-29012,1297,35,4,Clothing,Leggings,Debit Card
B-29013,69,30,3,Clothing,T-shirt,Credit Card
B-29013,978,65,5,Clothing,Trousers,EMI
B-29014,3437,938,3,Electronics,Electronic Games,COD
B-29015,2256,754,3,Furniture,Tables,Debit Card
B-29016,3499,416,3,Furniture,Tables,Debit Card
B-29017,1637,1064,4,Clothing,Saree,COD
B-29017,3213,1807,5,Electronics,Printers,Debit Card
B-29017,3878,2222,1,Electronics,Electronic Games,UPI
B-29018,111,29,2,Clothing,T-shirt,EMI
B-29018,13,4,4,Clothing,Skirt,Debit Card
B-29019,1000,230,3,Clothing,Saree,UPI
B-29019,1692,152,5,Electronics,Printers,COD
B-29019,1880,927,5,Electronics,Electronic Games,UPI
B-29020,5165,1346,2,Electronics,Accessories,UPI
B-29020,3293,1767,2,Electronics,Accessories,Credit Card
B-29021,4682,1556,4,Furniture,Furnishings,COD
B-29022,2491,244,3,Furniture,Chairs,COD
B-29023,3387,1629,2,Electronics,Electronic Games,UPI
B-29024,5469,3373,2,Electronics,Printers,Credit Card
B-29024,4010,850,2,Electronics,Printers,UPI
B-29025,4115,236,3,Electronics,Electronic Games,COD
B-29025,3991,1320,1,Electronics,Accessories,Credit Card
B-29026,388,53,5,Electronics,Electronic Games,EMI
B-29026,805,380,3,Clothing,Shirt,COD
B-29027,1482,245,4,Clothing,Trousers,COD
B-29027,2136,246,2,Electronics,Printers,UPI
B-29027,5637,1900,5,Furniture,Furnishings,COD
B-29028,2863,883,5,Electronics,Printers,UPI
B-29029,1120,381,4,Clothing,T-shirt,UPI
B-29029,699,142,5,Clothing,Saree,UPI
B-29030,1777,52,1,Furniture,Tables,COD
B-29030,1854,1065,5,Clothing,Skirt,Debit Card
B-29031,3977,506,4,Furniture,Bookcases,UPI
B-29032,4597,566,4,Furniture,Chairs,COD
B-29032,16,1,1,Clothing,Leggings,COD
B-29033,851,-68,4,Clothing,Shirt,UPI
B-29034,1596,656,2,Clothing,Stole,COD
B-29035,4323,1285,1,Furniture,Furnishings,COD
B-29035,481,-124,4,Clothing,Hankerchief,UPI
B-29035,4181,421,1,Furniture,Bookcases,EMI
B-29036,1759,1112,1,Clothing,Stole,UPI
B-29036,1327,518,1,Clothing,Saree,Debit Card
B-29037,1644,625,4,Clothing,Skirt,COD
B-29037,4040,459,4,Furniture,Chairs,UPI
B-29038,3565,342,5,Electronics,Accessories,Credit Card
B-29038,161,-51,1,Clothing,Shirt,Credit Card
B-29038,3389,714,1,Furniture,Tables,Credit Card
B-29039,1239,-425,1,Clothing,Leggings,UPI
B-29039,884,548,5,Clothing,Leggings,Credit Card
B-29040,348,30,3,Clothing,Saree,EMI
B-29040,5553,2733,4,Furniture,Chairs,UPI
B-29040,1938,481,4,Clothing,T-shirt,Debit Card
B-29041,2977,183,3,Furniture,Chairs,Credit Card
B-29042,1967,1286,3,Clothing,T-shirt,UPI
B-29042,957,462,4,Furniture,Furnishings,COD
B-29043,5309,617,2,Furniture,Furnishings,Credit Card
B-29044,1403,461,3,Furniture,Bookcases,Credit Card
B-29045,1523,423,1,Clothing,Leggings,UPI
B-29045,122,58,1,Clothing,Skirt,COD
B-29046,4185,510,3,Furniture,Bookcases,Credit Card
B-29046,461,201,2,Clothing,Leggings,UPI
B-29047,2802,198,1,Furniture,Chairs,COD
B-29048,1557,467,2,Furniture,Chairs,UPI
B-29049,3017,374,2,Electronics,Printers,COD
B-29050,2685,1137,1,Furniture,Chairs,UPI
B-29050,3832,1372,2,Electronics,Electronic Games,Credit Card
B-29051,5410,2122,3,Furniture,Chairs,COD
B-29051,519,283,1,Electronics,Electronic Games,Credit Card
B-29051,307,109,1,Clothing,T-shirt,UPI
B-29052,2311,179,4,Furniture,Bookcases,EMI
B-29052,3605,114,3,Furniture,Tables,COD
B-29053,5057,1568,5,Furniture,Tables,Debit Card
B-29053,330,4,1,Clothing,Stole,COD
B-29054,540,198,1,Clothing,Stole,COD
B-29055,1881,-887,3,Clothing,T-shirt,UPI
B-29056,1032,-167,3,Clothing,Saree,COD
B-29057,1012,277,2,Electronics,Printers,COD
B-29058,3314,1913,4,Electronics,Accessories,EMI
B-29059,4837,2153,4,Furniture,Tables,COD
B-29060,1164,203,5,Electronics,Electronic Games,Credit Card
B-29060,4505,2590,5,Electronics,Accessories,COD
B-29061,5863,1299,5,Furniture,Tables,Credit Card
B-29062,650,267,4,Clothing,Leggings,COD
B-29062,1530,783,2,Clothing,Skirt,UPI
B-29063,1473,242,1,Furniture,Furnishings,UPI
B-29063,791,46,1,Clothing,Shirt,UPI
B-29064,1609,-494,3,Clothing,T-shirt,Credit Card
B-29065,4380,801,5,Electronics,Phones,COD
B-29065,1863,331,3,Furniture,Furnishings,UPI
B-29065,294,157,5,Clothing,Kurti,Credit Card
B-29066,1656,688,4,Furniture,Furnishings,UPI
B-29067,1666,434,1,Furniture,Bookcases,Credit Card
B-29067,1646,469,1,Furniture,Bookcases,Debit Card
B-29068,1437,316,1,Clothing,Hankerchief,Debit Card
B-29068,4655,517,3,Electronics,Printers,COD
B-29069,831,-347,5,Clothing,Leggings,COD
B-29070,4238,2021,4,Electronics,Phones,Debit Card
B-29070,159,-40,1,Clothing,Stole,COD
B-29071,1902,1279,3,Clothing,Shirt,COD
B-29071,149,85,5,Clothing,Saree,UPI
B-29071,1339,272,1,Furniture,Furnishings,COD
B-29072,478,46,3,Electronics,Printers,UPI
B-29072,537,150,1,Electronics,Phones,UPI
B-29073,1871,461,3,Furniture,Chairs,UPI
B-29074,3052,716,5,Electronics,Phones,UPI
B-29075,1567,289,2,Clothing,Kurti,COD
B-29076,594,101,3,Furniture,Tables,Credit Card
B-29076,623,209,3,Clothing,Skirt,UPI
B-29076,3691,1573,1,Furniture,Tables,EMI
B-29077,646,173,5,Furniture,Furnishings,Credit Card
B-29078,533,122,2,Electronics,Phones,EMI
B-29079,4860,1707,4,Electronics,Phones,EMI
B-29079,1015,-42,1,Clothing,Hankerchief,Credit Card
B-29080,144,-17,1,Clothing,Saree,Credit Card
B-29081,5611,2232,3,Electronics,Phones,EMI
B-29081,1577,948,4,Clothing,Stole,EMI
B-29081,1214,-568,2,Clothing,Hankerchief,UPI
B-29082,4259,1794,5,Furniture,Tables,COD
B-29083,2498,133,2,Electronics,Phones,UPI
B-29084,4770,2757,4,Electronics,Phones,UPI
B-29084,4304,278,5,Electronics,Phones,EMI
B-29085,4834,2819,5,Electronics,Printers,EMI
B-29086,5281,1398,4,Furniture,Tables,UPI
B-29087,5011,2517,5,Electronics,Electronic Games,EMI
B-29088,4695,2190,4,Furniture,Furnishings,UPI
B-29088,2569,597,4,Electronics,Accessories,EMI
B-29089,4272,1098,1,Electronics,Printers,COD
B-29090,1826,932,2,Clothing,Saree,Credit Card
B-29090,2662,431,4,Electronics,Phones,Credit Card
B-29090,4433,1308,1,Electronics,Accessories,COD
B-29091,1158,-556,4,Clothing,Skirt,Credit Card
B-29092,3063,407,2,Electronics,Accessories,UPI
B-29093,2467,301,5,Furniture,Furnishings,COD
B-29094,967,497,5,Electronics,Phones,EMI
B-29095,343,-141,5,Clothing,Stole,UPI
B-29095,367,-141,1,Clothing,T-shirt,Credit Card
B-29096,1966,936,3,Clothing,Stole,Debit Card
B-29097,5475,1760,1,Furniture,Chairs,COD
B-29098,1523,386,5,Clothing,Trousers,Debit Card
B-29099,617,382,1,Electronics,Electronic Games,Credit Card
B-29099,1169,429,3,Clothing,Trousers,COD
B-29100,2464,395,3,Furniture,Bookcases,UPI
B-29100,561,214,1,Electronics,Accessories,UPI
B-29101,3048,971,1,Electronics,Electronic Games,Credit Card
B-29101,1893,420,5,Electronics,Accessories,EMI
B-29102,2035,817,4,Furniture,Chairs,UPI
B-29102,494,-139,4,Clothing,T-shirt,Credit Card
B-29102,2101,862,4,Furniture,Bookcases,UPI
B-29103,3416,966,5,Electronics,Electronic Games,COD
B-29104,245,23,1,Clothing,Shirt,EMI
B-29105,340,-155,4,Clothing,Stole,UPI
B-29106,1375,275,1,Clothing,Kurti,COD
B-29107,282,-107,2,Clothing,Saree,UPI
B-29108,5656,912,4,Furniture,Chairs,COD
B-29109,1193,-65,4,Clothing,Trousers,EMI
B-29109,1817,211,5,Furniture,Chairs,EMI
B-29110,1410,162,4,Electronics,Accessories,COD
B-29110,2967,1191,3,Electronics,Printers,UPI
B-29110,2849,667,1,Electronics,Phones,COD
B-29111,1236,421,1,Clothing,Leggings,COD
B-29111,5587,2469,5,Electronics,Phones,UPI
B-29112,1588,1088,3,Clothing,Saree,Credit Card
B-29113,905,270,1,Electronics,Phones,UPI
B-29114,3241,2017,2,Electronics,Phones,COD
B-29114,1552,271,1,Clothing,Leggings,COD
B-29115,4796,2247,2,Electronics,Phones,COD
B-29115,5482,3472,4,Electronics,Accessories,EMI
B-29116,2965,496,3,Electronics,Phones,EMI
B-29117,3250,688,3,Furniture,Tables,COD
B-29118,920,34,2,Clothing,T-shirt,EMI
B-29119,449,112,3,Electronics,Phones,UPI
B-29119,134,-24,1,Clothing,Shirt,Debit Card
B-29119,1516,112,5,Furniture,Tables,COD
B-29120,116,47,3,Clothing,Stole,Debit Card
B-29121,1315,805,2,Clothing,T-shirt,EMI
B-29121,546,153,4,Clothing,Saree,COD
B-29122,4349,532,1,Electronics,Printers,Credit Card
B-29122,572,283,1,Clothing,T-shirt,UPI
B-29122,1759,154,2,Electronics,Accessories,Credit Card
B-29123,956,-141,4,Clothing,Stole,COD
B-29123,1008,-309,4,Clothing,Saree,Credit Card
B-29123,323,-42,5,Clothing,T-shirt,UPI
B-29124,907,196,1,Clothing,Stole,EMI
B-29125,2171,921,5,Furniture,Chairs,COD
B-29126,1791,568,5,Electronics,Printers,UPI
B-29127,5620,370,5,Electronics,Accessories,Credit Card
B-29128,962,-120,4,Clothing,Shirt,COD
B-29128,2411,784,3,Electronics,Accessories,Debit Card
B-29129,5173,1109,4,Furniture,Furnishings,Credit Card
B-29129,1803,511,2,Electronics,Printers,COD
B-29130,4313,2653,3,Electronics,Accessories,Credit Card
B-29130,1872,874,2,Furniture,Chairs,COD
B-29131,865,180,4,Furniture,Chairs,Credit Card
B-29132,3381,107,4,Furniture,Tables,COD
B-29132,4784,331,4,Electronics,Accessories,COD
B-29133,1080,39,2,Furniture,Chairs,Credit Card
B-29134,1145,693,2,Clothing,Leggings,Debit Card
B-29135,1776,-179,3,Clothing,Saree,UPI
B-29136,276,-35,5,Clothing,Leggings,Debit Card
B-29136,1656,884,1,Electronics,Phones,UPI
B-29137,812,433,4,Clothing,Trousers,Debit Card
B-29138,1118,541,2,Clothing,Stole,Credit Card
B-29138,3262,2008,2,Electronics,Phones,UPI
B-29139,4573,2274,2,Electronics,Phones,UPI
B-29139,469,300,4,Electronics,Electronic Games,COD
B-29140,611,-81,2,Clothing,Hankerchief,UPI
B-29140,1631,-366,4,Clothing,T-shirt,COD
B-29141,5089,2313,4,Furniture,Bookcases,COD
B-29141,3970,1463,3,Furniture,Furnishings,COD
B-29142,1336,411,3,Clothing,Saree,EMI
B-29143,2905,1386,5,Electronics,Phones,Debit Card
B-29144,3530,1427,2,Electronics,Printers,UPI
B-29144,4488,1006,1,Electronics,Electronic Games,Credit Card
B-29145,4910,913,4,Furniture,Tables,COD
B-29146,5717,2956,1,Electronics,Accessories,Debit Card
B-29146,855,155,2,Clothing,Kurti,UPI
B-29146,1145,226,4,Electronics,Electronic Games,UPI
B-29147,5420,1710,2,Furniture,Bookcases,EMI
B-29148,3685,1229,3,Electronics,Electronic Games,EMI
B-29148,1829,896,3,Clothing,Kurti,Credit Card
B-29148,1910,236,5,Clothing,Skirt,COD
B-29149,282,169,4,Clothing,Stole,UPI
B-29149,1933,645,2,Clothing,Trousers,COD
B-29149,1067,260,5,Electronics,Electronic Games,Debit Card
B-29150,473,292,4,Clothing,Trousers,Debit Card
B-29151,4867,2543,1,Electronics,Electronic Games,Debit Card
B-29152,1487,403,3,Electronics,Accessories,COD
B-29152,4338,755,2,Electronics,Accessories,Credit Card
B-29153,1685,333,3,Clothing,Stole,Credit Card
B-29154,3870,1674,3,Electronics,Accessories,COD
B-29155,5112,612,2,Electronics,Phones,EMI
B-29156,739,208,4,Electronics,Phones,Credit Card
B-29157,3475,424,4,Electronics,Printers,UPI
B-29158,832,289,4,Electronics,Printers,UPI
B-29158,240,-87,1,Clothing,Kurti,COD
B-29159,1838,292,2,Electronics,Electronic Games,COD
B-29160,5895,2208,2,Furniture,Furnishings,Credit Card
B-29161,1388,136,5,Clothing,Skirt,Debit Card
B-29162,1882,-778,4,Clothing,Leggings,Credit Card
B-29163,1566,546,2,Clothing,Trousers,COD
B-29163,3724,262,1,Electronics,Printers,COD
B-29164,3899,283,3,Electronics,Accessories,Credit Card
B-29165,972,-312,1,Clothing,Hankerchief,UPI
B-29165,772,285,5,Electronics,Printers,Credit Card
B-29166,3981,382,4,Electronics,Electronic Games,UPI
B-29167,177,44,3,Clothing,Shirt,UPI
B-29167,1226,424,5,Electronics,Electronic Games,COD
B-29167,1755,-325,5,Clothing,Skirt,Credit Card
B-29168,1192,-507,5,Clothing,Stole,UPI
B-29169,473,250,5,Clothing,Skirt,UPI
B-29169,684,92,2,Clothing,Saree,Debit Card
B-29170,5521,1731,1,Electronics,Printers,COD
B-29171,4351,333,2,Furniture,Furnishings,Credit Card
B-29171,1547,348,4,Clothing,Leggings,Debit Card
B-29171,1169,-259,5,Clothing,Saree,UPI
B-29172,5406,1635,1,Electronics,Phones,COD
B-29173,1160,797,3,Clothing,Stole,COD
B-29174,5584,2601,2,Furniture,Chairs,UPI
B-29175,2759,534,3,Furniture,Furnishings,COD
B-29176,1029,316,1,Clothing,Leggings,COD
B-29176,749,222,5,Furniture,Bookcases,UPI
B-29177,786,259,2,Clothing,T-shirt,COD
B-29178,4077,1055,5,Furniture,Furnishings,Debit Card
B-29179,4984,2177,2,Furniture,Tables,Debit Card
B-29180,5333,1381,2,Furniture,Bookcases,UPI
B-29181,5596,404,1,Furniture,Tables,Debit Card
B-29182,1062,-121,1,Clothing,Saree,UPI
B-29182,1727,-250,5,Clothing,Stole,COD
B-29183,1823,603,4,Furniture,Bookcases,EMI
B-29183,579,-254,3,Clothing,Shirt,Credit Card
B-29184,3554,438,2,Furniture,Furnishings,Credit Card
B-29185,4402,1879,2,Furniture,Tables,COD
B-29186,4170,1798,4,Electronics,Printers,UPI
B-29187,2993,290,4,Furniture,Tables,Credit Card
B-29188,1596,-492,2,Clothing,Skirt,COD
B-29188,1555,437,1,Clothing,Stole,COD
B-29189,1178,-44,5,Clothing,Shirt,Credit Card
B-29190,488,-4,1,Clothing,Skirt,Debit Card
B-29190,5751,2063,2,Electronics,Phones,UPI
B-29191,5060,1874,4,Furniture,Tables,COD
B-29192,4733,1412,4,Furniture,Tables,EMI
B-29192,1766,651,2,Clothing,T-shirt,COD
B-29193,2303,801,3,Electronics,Phones,Credit Card
B-29193,1084,350,5,Clothing,Leggings,UPI
B-29194,177,49,5,Clothing,Trousers,Credit Card
B-29195,1725,946,5,Electronics,Accessories,UPI
B-29196,3166,1443,5,Furniture,Bookcases,Credit Card
B-29197,992,216,2,Clothing,T-shirt,COD
B-29198,5896,501,3,Furniture,Chairs,UPI
B-29198,3105,206,2,Electronics,Accessories,COD
B-29198,922,430,4,Electronics,Accessories,Credit Card
B-29199,5295,956,1,Furniture,Tables,COD
B-29200,3846,991,1,Furniture,Furnishings,Debit Card
B-29200,5304,2183,4,Electronics,Phones,UPI
B-29201,1420,-240,4,Clothing,Hankerchief,UPI
B-29202,617,80,3,Electronics,Phones,COD
B-29203,3534,1367,4,Electronics,Accessories,Credit Card
B-29203,658,-84,4,Clothing,T-shirt,COD
B-29204,1544,285,3,Furniture,Furnishings,UPI
B-29205,2925,1305,2,Electronics,Printers,EMI
B-29206,3472,1633,4,Electronics,Printers,Credit Card
B-29207,5500,2703,1,Electronics,Printers,Credit Card
B-29208,1739,1065,3,Clothing,Skirt,Credit Card
B-29209,505,96,4,Furniture,Furnishings,EMI
B-29210,1903,562,4,Clothing,Saree,UPI
B-29211,804,400,5,Furniture,Bookcases,Debit Card
B-29212,2887,254,1,Furniture,Chairs,Debit Card
B-29212,262,56,5,Clothing,Leggings,Credit Card
B-29213,4611,1870,5,Furniture,Chairs,UPI
B-29213,5317,1809,1,Electronics,Printers,UPI
B-29214,4091,1833,5,Furniture,Bookcases,Credit Card
B-29215,263,71,5,Clothing,T-shirt,UPI
B-29215,4313,1201,5,Electronics,Printers,UPI
B-29216,2037,386,2,Furniture,Bookcases,EMI
B-29217,3876,1396,4,Electronics,Printers,COD
B-29218,1606,906,5,Electronics,Printers,Credit Card
B-29219,1025,592,2,Clothing,Hankerchief,UPI
B-29220,322,-82,4,Clothing,Trousers,EMI
B-29221,708,290,5,Clothing,T-shirt,EMI
B-29221,519,352,3,Clothing,Hankerchief,EMI
B-29222,268,127,3,Clothing,Kurti,UPI
B-29223,5574,610,4,Electronics,Phones,COD
B-29224,5854,389,4,Furniture,Chairs,EMI
B-29224,1956,-315,5,Clothing,Stole,COD
B-29225,426,98,4,Clothing,Kurti,COD
B-29226,26,14,3,Clothing,Skirt,Credit Card
B-29227,5550,585,1,Electronics,Electronic Games,Debit Card
B-29227,5298,489,4,Electronics,Electronic Games,UPI
B-29228,516,26,2,Clothing,Saree,Debit Card
B-29229,1265,-228,4,Clothing,Leggings,COD
B-29230,1635,984,4,Clothing,Skirt,COD
B-29230,2121,89,4,Furniture,Tables,UPI
B-29230,2977,1282,4,Furniture,Bookcases,UPI
B-29231,262,31,2,Clothing,Stole,UPI
B-29232,5584,3473,3,Electronics,Phones,EMI
B-29232,5780,1228,5,Furniture,Tables,EMI
B-29233,3186,1272,3,Electronics,Printers,COD
B-29234,3076,444,5,Furniture,Furnishings,UPI
B-29234,650,266,3,Clothing,Stole,Credit Card
B-29235,1372,701,1,Clothing,Hankerchief,UPI
B-29235,555,347,5,Clothing,Shirt,UPI
B-29236,1117,7,4,Clothing,Shirt,COD
B-29236,1768,-790,1,Clothing,Shirt,Credit Card
B-29236,5705,1257,5,Electronics,Printers,UPI
B-29237,1988,726,4,Clothing,Shirt,EMI
B-29237,616,404,2,Clothing,Hankerchief,UPI
B-29238,1890,1188,2,Clothing,Shirt,Credit Card
B-29239,3415,944,3,Furniture,Bookcases,Credit Card
B-29240,1896,1101,1,Electronics,Phones,Credit Card
B-29240,1556,501,4,Clothing,Stole,UPI
B-29241,1688,-681,4,Clothing,Saree,UPI
B-29241,2304,1062,1,Furniture,Bookcases,COD
B-29242,3641,2009,4,Electronics,Electronic Games,COD
B-29243,4941,811,2,Furniture,Bookcases,UPI
B-29243,5485,3107,4,Electronics,Phones,COD
B-29244,4414,1665,2,Furniture,Furnishings,EMI
B-29245,765,-74,1,Clothing,T-shirt,COD
B-29246,1485,923,3,Clothing,Saree,Debit Card
B-29247,3491,1510,3,Electronics,Phones,Credit Card
B-29247,1854,1017,1,Clothing,Skirt,COD
B-29248,4429,1248,3,Electronics,Printers,COD
B-29248,5547,1359,3,Furniture,Chairs,COD
B-29248,5798,1884,5,Electronics,Phones,UPI
B-29249,2980,1715,1,Electronics,Accessories,UPI
B-29249,3579,1837,4,Electronics,Phones,Debit Card
B-29249,2363,661,3,Electronics,Accessories,Debit Card
B-29250,2566,1062,4,Electronics,Electronic Games,Credit Card
B-29251,5563,1369,3,Electronics,Accessories,UPI
B-29252,405,225,5,Electronics,Electronic Games,Credit Card
B-29252,531,222,2,Electronics,Phones,Credit Card
B-29253,176,-43,2,Clothing,Leggings,Debit Card
B-29254,4022,1969,1,Furniture,Furnishings,UPI
B-29255,5930,250,4,Furniture,Tables,COD
B-29256,3510,2094,4,Electronics,Electronic Games,Credit Card
B-29257,5533,813,5,Electronics,Accessories,UPI
B-29257,3692,1636,4,Electronics,Accessories,EMI
B-29258,3731,705,5,Furniture,Chairs,UPI
B-29259,1251,360,4,Electronics,Electronic Games,COD
B-29260,4969,1193,3,Electronics,Printers,Credit Card
B-29260,1294,-459,1,Clothing,Trousers,Debit Card
B-29261,2331,236,1,Electronics,Printers,Credit Card
B-29261,1663,693,5,Clothing,Leggings,Credit Card
B-29262,247,35,1,Clothing,Kurti,UPI
B-29262,1572,940,4,Clothing,Leggings,UPI
B-29263,1642,-389,3,Clothing,Stole,UPI
B-29264,4051,1348,2,Furniture,Chairs,Credit Card
B-29265,857,495,3,Clothing,Kurti,COD
B-29266,1563,855,5,Electronics,Accessories,EMI
B-29266,4780,2381,2,Electronics,Electronic Games,COD
B-29267,4055,2307,5,Electronics,Electronic Games,UPI
B-29268,3163,498,4,Furniture,Furnishings,Credit Card
B-29269,2786,773,3,Furniture,Chairs,Credit Card
B-29269,5471,2054,2,Furniture,Bookcases,UPI
B-29269,616,93,2,Furniture,Bookcases,UPI
B-29270,1259,-16,4,Clothing,Trousers,COD
B-29270,1726,408,1,Clothing,Stole,Credit Card
B-29271,1237,472,5,Clothing,Hankerchief,EMI
B-29271,1095,676,1,Electronics,Printers,Credit Card
B-29272,1096,-500,1,Clothing,Shirt,Debit Card
B-29272,1488,-572,4,Clothing,Trousers,UPI
B-29273,1249,486,4,Clothing,Stole,Credit Card
B-29274,87,-2,3,Clothing,Saree,COD
B-29275,1083,415,4,Furniture,Furnishings,COD
B-29275,322,20,5,Electronics,Phones,UPI
B-29275,1381,329,2,Electronics,Phones,COD
B-29276,4737,1533,1,Electronics,Printers,Credit Card
B-29277,524,327,1,Electronics,Accessories,EMI
B-29277,3090,1175,5,Furniture,Bookcases,Debit Card
B-29278,264,7,4,Clothing,T-shirt,COD
B-29279,2797,861,1,Electronics,Accessories,COD
B-29280,944,4,1,Clothing,T-shirt,Credit Card
B-29281,364,157,2,Clothing,Trousers,UPI
B-29282,1170,194,4,Electronics,Phones,Credit Card
B-29282,688,340,4,Clothing,Skirt,Credit Card
B-29283,4000,1765,4,Furniture,Furnishings,Credit Card
B-29284,1913,-58,3,Clothing,Stole,Credit Card
B-29285,1470,645,3,Electronics,Accessories,Credit Card
B-29285,651,186,1,Clothing,T-shirt,COD
B-29286,266,11,3,Clothing,Stole,COD
B-29286,5368,2662,5,Furniture,Chairs,COD
B-29287,4886,1402,2,Furniture,Furnishings,Credit Card
B-29287,1874,1003,4,Electronics,Phones,EMI
B-29288,4947,336,3,Electronics,Printers,UPI
B-29289,400,219,4,Electronics,Electronic Games,COD
B-29290,758,468,2,Electronics,Printers,Credit Card
B-29291,4333,1466,5,Furniture,Chairs,UPI
B-29292,947,460,3,Electronics,Phones,UPI
B-29293,5204,1659,4,Electronics,Electronic Games,COD
B-29294,749,303,2,Furniture,Furnishings,COD
B-29294,1699,639,3,Electronics,Printers,Credit Card
B-29295,1588,485,5,Furniture,Furnishings,COD
B-29295,3103,880,5,Electronics,Printers,UPI
B-29296,1016,357,2,Clothing,Saree,COD
B-29296,1924,291,5,Clothing,Saree,Debit Card
B-29297,1608,103,2,Clothing,Hankerchief,COD
B-29297,311,-3,1,Clothing,T-shirt,COD
B-29297,564,36,4,Furniture,Furnishings,UPI
B-29298,798,330,3,Electronics,Printers,Debit Card
B-29298,1463,95,1,Clothing,Kurti,EMI
B-29299,1155,-364,2,Clothing,Shirt,COD
B-29300,1207,160,2,Electronics,Phones,UPI
B-29300,3481,344,5,Electronics,Printers,EMI
B-29301,1348,537,3,Clothing,Trousers,UPI
B-29302,509,325,5,Electronics,Accessories,UPI
B-29302,2177,190,3,Furniture,Furnishings,Credit Card
B-29302,5008,1678,2,Furniture,Bookcases,Debit Card
B-29303,5243,1943,4,Electronics,Printers,UPI
B-29304,1232,-425,2,Clothing,Hankerchief,Debit Card
B-29304,1232,704,4,Electronics,Electronic Games,Credit Card
B-29305,3665,1754,1,Electronics,Phones,EMI
B-29305,5550,152,4,Furniture,Furnishings,COD
B-29306,787,202,2,Furniture,Chairs,COD
B-29306,4791,1630,5,Furniture,Furnishings,UPI
B-29306,700,-31,5,Clothing,Saree,Credit Card
B-29307,893,-191,2,Clothing,T-shirt,UPI
B-29308,2536,754,5,Electronics,Electronic Games,Credit Card
B-29309,372,117,5,Clothing,T-shirt,Credit Card
B-29310,595,330,4,Clothing,Kurti,EMI
B-29310,5470,285,3,Electronics,Printers,Credit Card
B-29311,1003,297,3,Clothing,Saree,EMI
B-29312,418,114,2,Clothing,Trousers,Debit Card
B-29312,4511,117,5,Furniture,Tables,EMI
B-29313,3367,604,5,Electronics,Electronic Games,EMI
B-29313,1856,1143,2,Electronics,Electronic Games,EMI
B-29314,1354,941,3,Clothing,Stole,UPI
B-29315,179,-53,4,Clothing,Trousers,UPI
B-29316,1859,-483,1,Clothing,T-shirt,Credit Card
B-29317,1751,330,2,Clothing,Kurti,Credit Card
B-29317,1902,-591,5,Clothing,T-shirt,UPI
B-29318,1894,535,2,Furniture,Bookcases,Debit Card
B-29318,1263,94,4,Clothing,Saree,Debit Card
B-29319,1046,584,4,Electronics,Phones,COD
B-29319,451,63,3,Electronics,Printers,Credit Card
B-29319,5567,3330,4,Electronics,Printers,COD
B-29320,3424,958,3,Furniture,Chairs,UPI
B-29320,5546,2175,4,Electronics,Electronic Games,Credit Card
B-29321,1695,686,1,Clothing,Saree,Credit Card
B-29321,78,-14,4,Clothing,Hankerchief,Debit Card
B-29322,675,-299,4,Clothing,T-shirt,Debit Card
B-29323,1506,126,5,Electronics,Electronic Games,UPI
B-29324,5763,2813,1,Furniture,Tables,EMI
B-29324,1348,855,1,Electronics,Electronic Games,COD
B-29325,439,-110,5,Clothing,Skirt,COD
B-29325,4379,421,1,Furniture,Chairs,Debit Card
B-29326,5441,2584,1,Furniture,Bookcases,COD
B-29327,1221,360,3,Clothing,Shirt,COD
B-29328,3045,1271,4,Electronics,Electronic Games,UPI
B-29329,1836,863,3,Clothing,Saree,Credit Card
B-29330,2507,710,3,Furniture,Tables,Credit Card
B-29331,887,578,4,Clothing,Trousers,Debit Card
B-29331,667,218,2,Electronics,Printers,Debit Card
B-29332,3190,713,2,Electronics,Accessories,UPI
B-29333,1220,-185,4,Clothing,Kurti,UPI
B-29333,2657,1304,3,Furniture,Bookcases,UPI
B-29333,5000,1173,1,Furniture,Tables,Debit Card
B-29334,5481,3315,3,Electronics,Printers,COD
B-29335,5052,1489,4,Furniture,Furnishings,UPI
B-29335,5944,306,3,Furniture,Chairs,EMI
B-29336,5865,2624,3,Furniture,Tables,EMI
B-29337,5419,1937,2,Furniture,Tables,UPI
B-29337,5474,1764,1,Furniture,Bookcases,Credit Card
B-29338,1851,-804,5,Clothing,Stole,COD
B-29339,743,214,4,Electronics,Printers,UPI
B-29339,3809,1122,3,Electronics,Printers,COD
B-29340,1150,570,1,Clothing,Skirt,UPI
B-29341,1571,-300,2,Clothing,Kurti,COD
B-29342,4367,1086,4,Electronics,Printers,COD
B-29343,4175,1759,3,Electronics,Phones,UPI
B-29343,699,-261,1,Clothing,Kurti,Credit Card
B-29343,546,-80,3,Clothing,Stole,COD
B-29344,1740,-202,4,Clothing,Saree,UPI
B-29345,1747,120,2,Furniture,Chairs,UPI
B-29345,1994,1259,3,Electronics,Accessories,UPI
B-29346,632,-115,3,Clothing,Trousers,EMI
B-29347,750,117,5,Clothing,Saree,UPI
B-29347,384,-28,5,Clothing,Saree,Debit Card
B-29348,1073,737,3,Clothing,Leggings,UPI
B-29349,934,-63,2,Clothing,Saree,UPI
B-29350,1938,-948,3,Clothing,Stole,Debit Card
B-29351,19,8,3,Clothing,Trousers,COD
B-29352,5005,2447,4,Furniture,Tables,COD
B-29353,851,416,4,Clothing,Trousers,COD
B-29354,1964,-93,5,Clothing,Leggings,Credit Card
B-29355,1755,499,5,Clothing,Hankerchief,UPI
B-29356,2158,685,3,Furniture,Chairs,Credit Card
B-29356,3335,2036,4,Electronics,Electronic Games,COD
B-29357,1660,345,5,Clothing,Kurti,COD
B-29357,140,-53,4,Clothing,Leggings,Credit Card
B-29357,4834,1887,2,Electronics,Electronic Games,UPI
B-29358,4080,711,2,Electronics,Accessories,Credit Card
B-29359,5129,270,2,Electronics,Phones,EMI
B-29360,1912,882,5,Clothing,Skirt,EMI
B-29360,452,-25,3,Clothing,Kurti,COD
B-29361,489,35,2,Electronics,Printers,UPI
B-29361,3684,1970,4,Electronics,Electronic Games,Debit Card
B-29361,1678,-781,2,Clothing,T-shirt,Credit Card
B-29362,4799,1926,4,Electronics,Printers,Credit Card
B-29363,4635,965,1,Electronics,Electronic Games,Debit Card
B-29363,2469,1574,5,Electronics,Accessories,Debit Card
B-29364,1291,25,1,Clothing,Hankerchief,Credit Card
B-29364,793,-5,3,Clothing,Leggings,UPI
B-29365,5616,3152,1,Electronics,Printers,COD
B-29366,1045,158,5,Electronics,Printers,UPI
B-29367,4948,1422,3,Electronics,Phones,EMI
B-29367,5084,2466,4,Furniture,Bookcases,COD
B-29368,4457,818,5,Furniture,Furnishings,COD
B-29368,5418,874,3,Furniture,Furnishings,Credit Card
B-29369,2256,495,3,Electronics,Printers,Credit Card
B-29369,216,-37,1,Clothing,Kurti,Debit Card
B-29370,288,53,4,Clothing,Leggings,UPI
B-29371,1395,240,5,Electronics,Accessories,EMI
B-29372,194,46,2,Clothing,Shirt,Debit Card
B-29373,1487,664,3,Furniture,Chairs,COD
B-29373,448,271,1,Clothing,Trousers,EMI
B-29374,5872,2218,2,Furniture,Furnishings,Debit Card
B-29374,1802,389,3,Clothing,T-shirt,Credit Card
B-29374,233,82,1,Clothing,Stole,COD
B-29375,982,29,2,Clothing,T-shirt,COD
B-29376,4805,1253,5,Electronics,Printers,Debit Card
B-29377,745,-360,3,Clothing,Leggings,COD
B-29378,1510,946,3,Clothing,Trousers,EMI
B-29379,187,-42,2,Clothing,Leggings,UPI
B-29379,1951,1094,5,Clothing,Hankerchief,COD
B-29379,3351,1212,5,Furniture,Bookcases,COD
B-29380,165,-75,5,Clothing,Leggings,Credit Card
B-29381,3344,1922,5,Electronics,Phones,UPI
B-29381,1034,-339,3,Clothing,Skirt,Credit Card
B-29382,1307,321,3,Clothing,Skirt,Credit Card
B-29383,3036,1394,3,Electronics,Accessories,UPI
B-29383,5059,2581,5,Electronics,Phones,COD
B-29384,1120,235,5,Furniture,Bookcases,Credit Card
B-29384,5057,1571,1,Furniture,Tables,UPI
B-29385,25,-6,1,Clothing,Kurti,Debit Card
B-29386,5323,1816,1,Furniture,Chairs,COD
B-29386,1302,-314,5,Clothing,Leggings,COD
B-29387,5430,1435,4,Electronics,Phones,UPI
B-29388,5847,2545,3,Furniture,Furnishings,UPI
B-29389,460,110,1,Clothing,Saree,UPI
B-29390,5628,2595,5,Electronics,Accessories,COD
B-29390,1212,639,1,Clothing,Skirt,COD
B-29390,1591,592,2,Electronics,Printers,COD
B-29391,5508,1690,5,Furniture,Furnishings,COD
B-29391,975,315,3,Furniture,Furnishings,Debit Card
B-29392,1626,395,4,Furniture,Chairs,UPI
B-29393,1433,504,4,Clothing,Skirt,EMI
B-29394,4946,1986,1,Furniture,Furnishings,UPI
B-29395,1561,-267,4,Clothing,Stole,Debit Card
B-29395,1155,480,1,Electronics,Electronic Games,UPI
B-29395,850,-194,1,Clothing,Shirt,Credit Card
B-29396,594,413,5,Clothing,Hankerchief,UPI
B-29396,1662,884,3,Electronics,Accessories,Credit Card
B-29397,4332,2527,1,Electronics,Electronic Games,COD
B-29398,3517,1514,4,Electronics,Printers,COD
B-29399,4154,925,1,Furniture,Chairs,UPI
B-29400,2466,1140,5,Electronics,Electronic Games,Credit Card
B-29400,449,108,3,Clothing,Shirt,COD
B-29401,1377,249,2,Electronics,Printers,COD
B-29402,3027,758,1,Electronics,Phones,Credit Card
B-29402,2167,1030,4,Furniture,Furnishings,EMI
B-29403,282,-67,5,Clothing,Stole,UPI
B-29404,688,4,1,Clothing,Leggings,Debit Card
B-29404,3893,2132,2,Electronics,Phones,COD
B-29404,3611,458,3,Electronics,Accessories,UPI
B-29405,1262,-198,4,Clothing,T-shirt,Credit Card
B-29406,4145,1004,2,Furniture,Chairs,Debit Card
B-29406,1117,283,1,Electronics,Electronic Games,UPI
B-29407,1684,-419,5,Clothing,Kurti,COD
B-29408,1181,535,5,Clothing,Stole,Credit Card
B-29409,1066,454,1,Furniture,Bookcases,Debit Card
B-29409,5043,2378,5,Furniture,Chairs,Credit Card
B-29410,5372,851,3,Electronics,Electronic Games,Credit Card
B-29411,1496,-678,1,Clothing,T-shirt,COD
B-29412,1340,836,3,Electronics,Phones,COD
B-29413,1574,-725,1,Clothing,Shirt,Debit Card
B-29414,679,-138,3,Clothing,Saree,UPI
B-29414,536,-207,2,Clothing,Kurti,Debit Card
B-29415,1958,1119,2,Clothing,Hankerchief,UPI
B-29416,5837,1129,4,Furniture,Bookcases,UPI
B-29417,55,20,3,Clothing,Leggings,COD
B-29417,474,-218,2,Clothing,Hankerchief,COD
B-29418,1830,368,2,Furniture,Bookcases,Debit Card
B-29418,1918,854,5,Furniture,Chairs,Credit Card
B-29419,4753,395,3,Electronics,Accessories,COD
B-29420,3572,1959,1,Electronics,Phones,EMI
B-29420,3586,1190,1,Furniture,Furnishings,COD
B-29421,3061,1335,4,Electronics,Phones,Debit Card
B-29422,5692,1100,5,Furniture,Bookcases,Credit Card
B-29423,1132,201,5,Clothing,Leggings,UPI
B-29423,3750,1853,5,Furniture,Furnishings,UPI
B-29424,520,228,2,Furniture,Tables,Credit Card
B-29425,1510,-578,1,Clothing,T-shirt,Credit Card
B-29426,4699,978,4,Furniture,Bookcases,EMI
B-29426,476,-81,2,Clothing,Skirt,COD
B-29427,165,-10,2,Clothing,Shirt,COD
B-29428,163,45,5,Clothing,Skirt,Credit Card
B-29429,997,318,3,Furniture,Furnishings,COD
B-29430,3287,1406,1,Furniture,Tables,Debit Card
B-29431,4310,1712,3,Furniture,Bookcases,Credit Card
B-29432,4975,563,5,Electronics,Electronic Games,Debit Card
B-29433,524,-86,3,Clothing,Saree,COD
B-29433,2749,989,3,Electronics,Electronic Games,Credit Card
B-29433,4403,1552,4,Furniture,Bookcases,Debit Card
B-29434,4897,1496,3,Furniture,Furnishings,UPI
B-29435,1869,-519,2,Clothing,Hankerchief,EMI
B-29436,1401,464,4,Electronics,Phones,COD
B-29436,5133,592,1,Furniture,Furnishings,EMI
B-29436,1863,646,5,Clothing,Skirt,UPI
B-29437,2140,1378,3,Electronics,Printers,Credit Card
B-29437,1394,-101,3,Clothing,Leggings,Credit Card
B-29438,5453,728,5,Electronics,Phones,COD
B-29439,137,-39,2,Clothing,Trousers,COD
B-29439,3892,782,3,Furniture,Furnishings,Credit Card
B-29440,3451,1209,1,Electronics,Electronic Games,UPI
B-29440,729,451,1,Clothing,Trousers,Credit Card
B-29441,906,370,2,Electronics,Electronic Games,COD
B-29442,2976,1579,5,Electronics,Electronic Games,COD
B-29443,491,-174,1,Clothing,Saree,Credit Card
B-29444,418,236,4,Clothing,Kurti,UPI
B-29445,1796,304,1,Furniture,Furnishings,UPI
B-29445,2656,304,4,Furniture,Furnishings,Credit Card
B-29445,559,306,2,Clothing,T-shirt,UPI
B-29446,2660,1118,5,Electronics,Electronic Games,Debit Card
B-29446,5859,1134,3,Furniture,Tables,COD
B-29446,46,-14,4,Clothing,Shirt,COD
B-29447,5743,2112,5,Electronics,Accessories,EMI
B-29447,74,-23,2,Clothing,Stole,COD
B-29448,4409,907,2,Furniture,Tables,UPI
B-29449,1342,558,5,Furniture,Tables,Credit Card
B-29449,4381,965,2,Furniture,Tables,COD
B-29449,926,-196,1,Clothing,T-shirt,EMI
B-29450,627,222,1,Electronics,Accessories,Debit Card
B-29450,2315,249,3,Furniture,Furnishings,Debit Card
B-29450,2830,1332,5,Electronics,Phones,COD
B-29451,534,80,4,Furniture,Furnishings,Credit Card
B-29451,465,278,5,Clothing,Kurti,Debit Card
B-29452,697,338,1,Clothing,Skirt,Debit Card
B-29452,5599,783,4,Furniture,Chairs,COD
B-29452,5680,185,1,Furniture,Bookcases,COD
B-29453,1303,309,2,Furniture,Tables,EMI
B-29453,5342,1338,3,Electronics,Accessories,UPI
B-29454,809,269,1,Clothing,Leggings,COD
B-29454,992,135,1,Electronics,Printers,COD
B-29455,1952,-124,2,Clothing,Shirt,COD
B-29456,1926,924,3,Furniture,Furnishings,UPI
B-29456,60,-15,1,Clothing,Kurti,UPI
B-29457,5509,601,3,Electronics,Electronic Games,UPI
B-29458,2247,1250,1,Electronics,Printers,COD
B-29459,324,155,4,Clothing,Stole,COD
B-29460,363,73,1,Clothing,Leggings,Debit Card
B-29460,3125,1428,3,Electronics,Phones,Credit Card
B-29461,1537,-329,5,Clothing,Trousers,Credit Card
B-29462,2584,980,4,Electronics,Electronic Games,COD
B-29463,369,-15,4,Clothing,Shirt,UPI
B-29463,1354,582,3,Electronics,Printers,Debit Card
B-29464,2377,1219,3,Electronics,Accessories,Credit Card
B-29464,69,-5,5,Clothing,Skirt,UPI
B-29465,3309,264,5,Furniture,Bookcases,Debit Card
B-29466,1566,-37,4,Clothing,Shirt,COD
B-29467,1768,12,2,Clothing,Saree,UPI
B-29468,2802,143,3,Furniture,Chairs,EMI
B-29469,926,336,1,Electronics,Accessories,UPI
B-29470,1328,162,5,Furniture,Furnishings,EMI
B-29471,592,24,4,Clothing,Trousers,COD
B-29471,3137,1456,4,Electronics,Accessories,UPI
B-29472,2875,1286,3,Electronics,Phones,UPI
B-29473,676,11,1,Clothing,Shirt,Debit Card
B-29473,5048,700,3,Electronics,Printers,COD
B-29474,2664,1104,2,Furniture,Chairs,Debit Card
B-29474,1397,388,5,Clothing,Shirt,Debit Card
B-29474,509,218,5,Clothing,Skirt,COD
B-29475,2994,893,5,Electronics,Electronic Games,Debit Card
B-29475,879,47,3,Electronics,Phones,EMI
B-29475,1660,93,4,Clothing,Shirt,UPI
B-29476,4982,2090,1,Electronics,Phones,COD
B-29476,2843,929,3,Furniture,Bookcases,EMI
B-29476,5108,2248,4,Electronics,Phones,UPI
B-29477,1901,-262,4,Clothing,Kurti,COD
B-29477,1929,408,3,Electronics,Electronic Games,COD
B-29478,4554,1166,4,Furniture,Chairs,Credit Card
B-29478,1440,367,2,Electronics,Electronic Games,UPI
B-29478,840,-155,5,Clothing,Leggings,Credit Card
B-29479,1167,-373,4,Clothing,Skirt,EMI
B-29480,3904,1537,1,Furniture,Tables,COD
B-29480,222,-12,4,Clothing,Shirt,UPI
B-29481,3809,1214,4,Furniture,Furnishings,UPI
B-29482,5234,1006,2,Furniture,Bookcases,COD
B-29482,3890,1374,5,Furniture,Chairs,EMI
B-29482,4604,2296,5,Furniture,Bookcases,COD
B-29483,1030,682,3,Clothing,Shirt,Credit Card
B-29484,3866,696,4,Electronics,Accessories,UPI
B-29485,437,-169,2,Clothing,Stole,COD
B-29486,153,-63,4,Clothing,Kurti,Credit Card
B-29486,5277,528,1,Electronics,Printers,COD
B-29486,2352,1420,3,Electronics,Printers,Credit Card
B-29487,1034,477,3,Clothing,Kurti,EMI
B-29488,4906,2490,5,Electronics,Accessories,COD
B-29488,1878,1157,3,Clothing,Trousers,Debit Card
B-29489,5693,1422,5,Furniture,Bookcases,UPI
B-29490,1228,565,2,Clothing,Leggings,COD
B-29491,1265,288,5,Furniture,Bookcases,COD
B-29491,3574,1294,5,Furniture,Tables,COD
B-29492,1124,-333,2,Clothing,T-shirt,COD
B-29493,3860,2360,4,Electronics,Printers,COD
B-29494,1810,-202,2,Clothing,Leggings,UPI
B-29495,2600,511,2,Furniture,Tables,UPI
B-29496,1817,-546,2,Clothing,Skirt,UPI
B-29497,222,22,2,Clothing,Trousers,Debit Card
B-29498,5745,220,5,Furniture,Furnishings,Debit Card
B-29499,1079,219,4,Electronics,Electronic Games,UPI
B-29499,5262,409,2,Electronics,Printers,COD
B-29500,1403,-366,2,Clothing,Skirt,UPI
B-29500,3763,1444,4,Furniture,Tables,Credit Card
B-29501,5055,1649,3,Electronics,Printers,COD
B-29502,5429,2897,2,Electronics,Phones,Debit Card
B-29503,335,133,5,Electronics,Accessories,Credit Card
B-29503,5306,1756,1,Electronics,Printers,COD
B-29504,1265,476,3,Clothing,Trousers,EMI
B-29504,375,244,3,Clothing,T-shirt,COD
B-29505,1721,1099,3,Clothing,Skirt,UPI
B-29506,4592,2835,5,Electronics,Printers,Debit Card
B-29507,1507,843,5,Clothing,Kurti,UPI
B-29507,569,-148,5,Clothing,T-shirt,Debit Card
B-29508,1010,379,1,Furniture,Tables,UPI
B-29508,5091,1424,1,Furniture,Bookcases,UPI
B-29509,1446,645,2,Electronics,Phones,Credit Card
B-29509,3715,1520,3,Electronics,Phones,UPI
B-29510,4811,1021,1,Electronics,Electronic Games,UPI
B-29510,763,121,5,Furniture,Furnishings,COD
B-29511,3682,122,3,Furniture,Bookcases,COD
B-29511,4504,883,5,Electronics,Phones,UPI
B-29511,3767,1825,4,Electronics,Accessories,COD
B-29512,2000,-51,1,Clothing,Shirt,COD
B-29512,3156,1497,3,Electronics,Accessories,COD
B-29513,5114,607,4,Furniture,Furnishings,COD
B-29513,1600,614,2,Clothing,Shirt,COD
B-29514,2572,1197,2,Electronics,Printers,UPI
B-29515,3349,179,1,Furniture,Bookcases,EMI
B-29516,1827,750,2,Electronics,Phones,EMI
B-29517,1044,-126,1,Clothing,Stole,COD
B-29518,426,36,4,Electronics,Phones,COD
B-29519,3429,1603,4,Furniture,Furnishings,Credit Card
B-29519,757,252,1,Clothing,T-shirt,Credit Card
B-29520,4033,1087,3,Electronics,Phones,UPI
B-29521,1353,413,2,Electronics,Phones,COD
B-29522,3750,571,1,Electronics,Printers,EMI
B-29523,5459,3441,3,Electronics,Phones,EMI
B-29524,1398,717,1,Clothing,Saree,UPI
B-29525,5205,1033,4,Furniture,Furnishings,COD
B-29526,1332,-639,2,Clothing,Saree,EMI
B-29527,2195,284,3,Electronics,Accessories,UPI
B-29527,384,-35,3,Clothing,Kurti,EMI
B-29528,17,6,5,Clothing,Saree,COD
B-29529,1325,725,3,Electronics,Accessories,COD
B-29530,1310,563,4,Clothing,Shirt,EMI
B-29531,272,72,1,Clothing,Saree,Credit Card
B-29532,444,167,3,Clothing,Hankerchief,UPI
B-29533,5361,3128,4,Electronics,Accessories,Credit Card
B-29534,5580,1221,2,Furniture,Chairs,Debit Card
B-29535,4986,1688,2,Furniture,Chairs,UPI
B-29536,5790,1085,4,Furniture,Tables,UPI
B-29536,772,64,5,Furniture,Furnishings,UPI
B-29537,1381,621,1,Electronics,Accessories,Debit Card
B-29538,776,-205,3,Clothing,Shirt,Debit Card
B-29539,3171,1148,4,Electronics,Accessories,Credit Card
B-29540,1166,646,3,Clothing,Skirt,EMI
B-29541,3223,1475,5,Furniture,Tables,COD
B-29542,257,-62,3,Clothing,Leggings,UPI
B-29543,2296,604,1,Electronics,Phones,COD
B-29543,5173,2713,2,Electronics,Phones,COD
B-29544,95,21,4,Clothing,Leggings,EMI
B-29545,1767,454,2,Electronics,Electronic Games,EMI
B-29546,1510,448,1,Furniture,Furnishings,COD
B-29546,617,253,5,Clothing,Saree,COD
B-29546,1447,483,5,Clothing,Shirt,COD
B-29547,2438,368,4,Furniture,Furnishings,COD
B-29547,2957,1696,5,Electronics,Accessories,Credit Card
B-29548,3390,1069,5,Electronics,Printers,COD
B-29549,74,46,1,Clothing,Saree,Debit Card
B-29549,554,188,5,Clothing,Shirt,EMI
B-29550,385,206,5,Clothing,Leggings,EMI
B-29551,4818,1157,5,Furniture,Tables,Debit Card
B-29552,1903,1075,3,Clothing,Saree,Debit Card
B-29552,5236,899,3,Electronics,Printers,Credit Card
B-29553,540,37,4,Clothing,Shirt,COD
B-29553,4145,1950,3,Furniture,Bookcases,UPI
B-29554,3644,957,2,Furniture,Tables,UPI
B-29555,1035,-85,1,Clothing,Hankerchief,COD
B-29555,2570,855,1,Electronics,Printers,COD
B-29556,4757,2178,2,Electronics,Accessories,Credit Card
B-29557,194,62,2,Clothing,Hankerchief,UPI
B-29558,1299,792,1,Electronics,Accessories,Debit Card
B-29558,1988,965,5,Electronics,Accessories,Credit Card
B-29558,1659,156,1,Furniture,Tables,Debit Card
B-29559,2167,218,4,Furniture,Tables,Credit Card
B-29559,598,-256,3,Clothing,Trousers,COD
B-29560,1342,91,5,Clothing,Trousers,UPI
B-29560,3094,1241,2,Furniture,Furnishings,COD
B-29561,1380,118,1,Clothing,T-shirt,EMI
B-29561,5541,1882,2,Furniture,Chairs,UPI
B-29562,26,7,5,Clothing,Hankerchief,Debit Card
B-29562,2936,1422,4,Furniture,Chairs,COD
B-29563,1315,694,2,Clothing,Trousers,EMI
B-29564,445,-123,3,Clothing,T-shirt,Debit Card
B-29564,1774,130,1,Electronics,Electronic Games,COD
B-29565,4107,1513,3,Electronics,Accessories,COD
B-29566,2079,862,3,Furniture,Bookcases,COD
B-29567,3134,706,4,Furniture,Bookcases,UPI
B-29567,2053,409,5,Furniture,Chairs,UPI
B-29568,951,205,1,Furniture,Bookcases,COD
B-29569,1733,-247,1,Clothing,Hankerchief,COD
B-29570,932,375,2,Electronics,Electronic Games,EMI
B-29570,3642,331,2,Furniture,Bookcases,UPI
B-29570,3681,1655,4,Electronics,Accessories,COD
B-29571,5420,946,3,Electronics,Phones,EMI
B-29571,709,415,3,Electronics,Phones,Debit Card
B-29572,1846,618,2,Electronics,Accessories,Debit Card
B-29573,507,231,4,Clothing,Trousers,EMI
B-29574,2263,166,5,Electronics,Electronic Games,COD
B-29574,2012,537,4,Electronics,Printers,COD
B-29575,3512,633,1,Furniture,Bookcases,UPI
B-29576,2178,393,4,Electronics,Printers,Credit Card
B-29577,422,127,3,Clothing,Skirt,Debit Card
B-29577,1332,835,1,Electronics,Accessories,UPI
B-29577,2345,1139,5,Electronics,Phones,UPI
B-29578,2749,1285,1,Electronics,Accessories,COD
B-29578,540,-154,1,Clothing,Shirt,Debit Card
B-29579,3270,201,1,Electronics,Printers,UPI
B-29579,516,-68,4,Clothing,Shirt,COD
B-29579,1826,-396,4,Clothing,Hankerchief,COD
B-29580,48,-20,2,Clothing,Saree,UPI
B-29580,1514,157,1,Clothing,T-shirt,Credit Card
B-29581,5089,2959,2,Electronics,Phones,COD
B-29581,395,221,5,Clothing,Leggings,EMI
B-29582,1266,285,4,Clothing,Skirt,Credit Card
B-29583,1086,519,5,Clothing,Stole,UPI
B-29584,3342,342,5,Furniture,Bookcases,Debit Card
B-29584,1483,-60,5,Clothing,Hankerchief,COD
B-29585,1508,88,2,Furniture,Bookcases,COD
B-29586,505,133,2,Furniture,Furnishings,COD
B-29586,714,198,4,Furniture,Bookcases,COD
B-29587,4773,2102,2,Furniture,Chairs,Credit Card
B-29588,2528,956,4,Furniture,Furnishings,COD
B-29588,4644,2821,4,Electronics,Accessories,COD
B-29589,1261,131,1,Electronics,Electronic Games,COD
B-29589,937,463,3,Furniture,Tables,COD
B-29590,3994,638,2,Electronics,Electronic Games,UPI
B-29591,2515,178,4,Furniture,Bookcases,Debit Card
B-29592,1207,640,4,Clothing,Leggings,UPI
B-29593,392,-80,3,Clothing,Leggings,UPI
B-29594,1443,686,5,Electronics,Printers,UPI
B-29595,5320,2820,5,Electronics,Phones,EMI
B-29595,4963,1596,4,Furniture,Chairs,COD
B-29596,644,-275,3,Clothing,Shirt,Credit Card
B-29597,840,245,2,Furniture,Bookcases,UPI
B-29598,1130,256,4,Furniture,Tables,COD
B-29599,5055,2213,2,Furniture,Chairs,UPI
B-29599,898,363,1,Electronics,Electronic Games,UPI
B-29600,2185,464,2,Electronics,Electronic Games,Credit Card
B-29600,2778,1793,2,Electronics,Electronic Games,UPI
B-29601,5780,3210,5,Electronics,Electronic Games,Debit Card
B-29601,4661,354,1,Electronics,Accessories,COD
B-29602,5399,2371,4,Electronics,Printers,COD
B-29603,2029,182,3,Electronics,Accessories,UPI
B-29603,3815,195,4,Electronics,Printers,EMI
B-29604,1050,460,5,Electronics,Phones,UPI
B-29605,484,247,3,Clothing,Stole,COD
B-29606,3171,1271,2,Electronics,Printers,COD
B-29607,704,-59,2,Clothing,Shirt,UPI
B-29607,2613,833,5,Electronics,Electronic Games,UPI
B-29608,906,-69,3,Clothing,Kurti,UPI
B-29609,4729,2510,3,Electronics,Printers,COD
B-29610,1302,191,5,Clothing,Shirt,Debit Card
B-29610,393,-79,2,Clothing,Shirt,EMI
B-29611,1258,-297,4,Clothing,T-shirt,UPI
B-29612,3873,1553,1,Electronics,Accessories,COD
B-29613,1770,-801,3,Clothing,Leggings,Credit Card
B-29613,4502,2100,4,Electronics,Printers,COD
B-29614,4486,353,2,Electronics,Accessories,COD
B-29615,4962,1101,4,Electronics,Accessories,Debit Card
B-29616,2084,662,4,Electronics,Accessories,Debit Card
B-29616,1273,584,3,Electronics,Phones,COD
B-29617,13,6,5,Clothing,Kurti,Debit Card
B-29617,1652,-35,1,Clothing,Saree,UPI
B-29618,2821,1550,1,Electronics,Accessories,COD
B-29618,2919,1178,3,Electronics,Printers,EMI
B-29619,938,471,3,Electronics,Phones,COD
B-29619,3421,788,2,Furniture,Tables,COD
B-29620,1643,-352,2,Clothing,Saree,Credit Card
B-29621,753,54,5,Clothing,Leggings,Credit Card
B-29622,5071,1807,4,Electronics,Phones,Credit Card
B-29623,1128,61,4,Furniture,Furnishings,COD
B-29624,1486,-260,3,Clothing,Saree,Credit Card
B-29625,1179,321,4,Furniture,Bookcases,EMI
B-29626,1237,473,5,Clothing,Kurti,UPI
B-29626,5100,2678,2,Electronics,Electronic Games,COD
B-29627,1953,830,1,Electronics,Phones,Debit Card
B-29627,1458,264,3,Electronics,Electronic Games,COD
B-29627,366,139,4,Electronics,Phones,COD
B-29628,1114,556,2,Furniture,Furnishings,Credit Card
B-29629,4895,2311,5,Furniture,Chairs,UPI
B-29630,2473,885,3,Electronics,Printers,Credit Card
B-29631,1693,1143,1,Clothing,Stole,UPI
B-29632,3210,166,5,Electronics,Accessories,EMI
B-29633,5901,1810,3,Furniture,Tables,Credit Card
B-29634,1093,261,1,Furniture,Chairs,Credit Card
B-29635,5791,1208,4,Furniture,Furnishings,UPI
B-29636,363,102,2,Electronics,Electronic Games,Credit Card
B-29636,3188,1877,3,Electronics,Printers,Credit Card
B-29637,1381,185,3,Clothing,Shirt,EMI
B-29637,5633,2444,1,Furniture,Chairs,COD
B-29638,5556,2777,3,Electronics,Phones,COD
B-29638,1628,728,2,Clothing,Hankerchief,UPI
B-29638,3327,842,3,Electronics,Phones,UPI
B-29639,1007,492,5,Clothing,Stole,Credit Card
B-29640,935,-299,4,Clothing,Skirt,UPI
B-29641,807,-257,1,Clothing,Leggings,UPI
B-29642,3228,733,3,Electronics,Electronic Games,Credit Card
B-29643,1063,636,4,Clothing,Skirt,COD
B-29643,1688,715,2,Clothing,Skirt,Credit Card
B-29644,1089,-106,2,Clothing,Leggings,Credit Card
B-29645,384,35,5,Clothing,Hankerchief,Credit Card
B-29645,939,382,4,Furniture,Bookcases,COD
B-29646,3560,1664,1,Electronics,Phones,UPI
B-29647,5970,1517,4,Furniture,Chairs,Credit Card
B-29647,1841,413,1,Furniture,Tables,UPI
B-29647,2744,832,5,Electronics,Phones,COD
B-29648,4432,1746,2,Furniture,Furnishings,EMI
B-29649,4039,349,4,Furniture,Furnishings,COD
B-29650,1443,-508,1,Clothing,Stole,UPI
B-29651,1761,505,4,Clothing,Skirt,UPI
B-29651,1921,865,4,Electronics,Printers,UPI
B-29652,3360,1750,1,Electronics,Phones,Debit Card
B-29652,1803,-829,4,Clothing,Stole,Credit Card
B-29653,492,275,4,Clothing,Hankerchief,EMI
B-29653,5790,2891,4,Electronics,Phones,COD
B-29654,2394,940,2,Furniture,Furnishings,Credit Card
B-29654,1570,515,4,Electronics,Accessories,EMI
B-29655,290,-100,4,Clothing,T-shirt,UPI
B-29655,389,182,5,Clothing,Hankerchief,Debit Card
B-29656,4277,1514,3,Electronics,Accessories,Credit Card
B-29656,1494,371,4,Electronics,Electronic Games,Debit Card
B-29656,3582,379,4,Furniture,Bookcases,Debit Card
B-29657,231,-104,1,Clothing,T-shirt,UPI
B-29657,2809,1793,5,Electronics,Printers,Debit Card
B-29658,1560,533,5,Clothing,Leggings,Debit Card
B-29659,4559,857,4,Furniture,Chairs,Debit Card
B-29659,1140,669,4,Clothing,Kurti,Debit Card
B-29659,1984,1106,1,Electronics,Accessories,UPI
B-29660,3067,976,5,Electronics,Accessories,COD
B-29661,273,61,5,Clothing,Saree,COD
B-29662,3783,1863,5,Furniture,Chairs,Credit Card
B-29662,647,60,2,Furniture,Tables,UPI
B-29662,2694,197,1,Electronics,Printers,Credit Card
B-29663,962,471,1,Electronics,Accessories,COD
B-29663,1350,-158,4,Clothing,Leggings,Debit Card
B-29663,878,297,5,Electronics,Electronic Games,UPI
B-29664,3555,1256,3,Electronics,Accessories,COD
B-29664,1416,536,1,Clothing,Stole,Credit Card
B-29665,355,166,1,Clothing,Hankerchief,EMI
B-29666,736,443,4,Clothing,Stole,Debit Card
B-29666,1738,613,4,Clothing,Trousers,COD
B-29667,4192,1508,3,Furniture,Bookcases,Credit Card
B-29668,187,-1,2,Clothing,Shirt,UPI
B-29668,1896,-530,1,Clothing,Leggings,Debit Card
B-29668,752,410,3,Clothing,Shirt,UPI
B-29669,2477,1008,2,Furniture,Chairs,COD
B-29670,940,114,2,Furniture,Bookcases,COD
B-29671,1757,677,5,Clothing,T-shirt,COD
B-29672,1970,-749,5,Clothing,Saree,COD
B-29673,5246,1555,5,Electronics,Phones,Credit Card
B-29673,4404,830,3,Electronics,Phones,Debit Card
B-29673,1353,-224,3,Clothing,Trousers,Debit Card
B-29674,994,326,2,Clothing,Leggings,COD
B-29675,1339,-48,5,Clothing,Shirt,UPI
B-29676,3221,2019,1,Electronics,Printers,Debit Card
B-29677,3760,2414,5,Electronics,Electronic Games,COD
B-29678,4767,1869,3,Electronics,Printers,UPI
B-29679,2571,541,2,Furniture,Tables,UPI
B-29680,1571,777,4,Electronics,Printers,UPI
B-29681,1273,-60,3,Clothing,Saree,Credit Card
B-29681,113,-42,3,Clothing,Shirt,Credit Card
B-29682,403,216,2,Electronics,Accessories,UPI
B-29683,1192,201,2,Electronics,Printers,COD
B-29683,5864,2460,1,Furniture,Chairs,UPI
B-29683,1678,293,2,Clothing,Shirt,EMI
B-29684,2724,1680,3,Electronics,Accessories,Credit Card
B-29684,725,58,5,Electronics,Electronic Games,COD
B-29685,695,439,2,Clothing,Leggings,EMI
B-29685,1533,207,2,Electronics,Phones,COD
B-29686,1247,406,1,Clothing,Skirt,Credit Card
B-29687,1470,737,5,Clothing,Hankerchief,UPI
B-29688,2830,1390,5,Furniture,Chairs,COD
B-29689,3978,2475,3,Electronics,Printers,COD
B-29690,5377,3285,2,Electronics,Electronic Games,UPI
B-29690,866,558,2,Electronics,Printers,Debit Card
B-29691,3247,1716,4,Electronics,Accessories,Debit Card
B-29692,1382,225,4,Clothing,Kurti,COD
B-29693,1024,79,5,Furniture,Bookcases,Debit Card
B-29694,713,64,1,Furniture,Bookcases,Debit Card
B-29694,4201,1828,4,Electronics,Electronic Games,UPI
B-29695,4872,450,3,Electronics,Electronic Games,Credit Card
B-29696,5313,2774,1,Electronics,Printers,Debit Card
B-29697,482,30,4,Clothing,Stole,COD
B-29697,1095,552,4,Clothing,Hankerchief,EMI
B-29697,642,187,2,Furniture,Bookcases,COD
B-29698,1859,905,3,Electronics,Printers,COD
B-29699,3371,955,3,Electronics,Phones,COD
B-29700,370,-5,2,Clothing,Kurti,COD
B-29701,4118,1732,2,Furniture,Furnishings,COD
B-29701,2668,313,2,Electronics,Phones,UPI
B-29702,4695,2088,3,Electronics,Accessories,COD
B-29702,2076,764,3,Electronics,Phones,EMI
B-29703,2552,776,3,Electronics,Accessories,COD
B-29704,1023,363,2,Electronics,Printers,UPI
B-29705,4369,281,5,Electronics,Printers,Credit Card
B-29706,1964,395,5,Furniture,Furnishings,EMI
B-29707,1960,-334,3,Clothing,Stole,Debit Card
B-29707,496,325,2,Clothing,Saree,Debit Card
B-29707,3759,679,3,Electronics,Phones,EMI
B-29708,3274,809,2,Furniture,Chairs,Credit Card
B-29708,5798,1155,2,Furniture,Tables,Credit Card
B-29709,2374,786,3,Furniture,Tables,Credit Card
B-29710,5891,2825,4,Furniture,Tables,Debit Card
B-29711,432,71,2,Electronics,Electronic Games,COD
B-29711,514,257,1,Electronics,Phones,EMI
B-29712,4131,2669,4,Electronics,Phones,UPI
B-29712,1299,644,1,Furniture,Chairs,UPI
B-29713,1846,-198,4,Clothing,Skirt,UPI
B-29714,1187,276,2,Clothing,Skirt,UPI
B-29715,294,204,4,Clothing,Saree,UPI
B-29715,1062,-420,4,Clothing,Shirt,Debit Card
B-29716,3365,1220,2,Electronics,Printers,UPI
B-29716,2762,1006,4,Electronics,Phones,UPI
B-29717,4446,2401,3,Electronics,Electronic Games,COD
B-29717,2269,782,1,Electronics,Printers,Credit Card
B-29717,1558,-466,1,Clothing,Kurti,Credit Card
B-29718,4592,426,1,Electronics,Electronic Games,Credit Card
B-29718,1816,285,5,Furniture,Tables,UPI
B-29719,5475,2902,2,Electronics,Printers,COD
B-29719,4193,2409,5,Electronics,Printers,UPI
B-29720,2309,551,4,Electronics,Accessories,COD
B-29720,5786,3363,4,Electronics,Accessories,UPI
B-29721,5455,893,2,Furniture,Bookcases,Credit Card
B-29721,1586,971,4,Clothing,Stole,UPI
B-29722,1993,410,3,Furniture,Chairs,EMI
B-29723,1730,466,3,Electronics,Printers,COD
B-29723,4559,1239,3,Electronics,Printers,EMI
B-29723,2751,1526,3,Electronics,Printers,Credit Card
B-29724,2464,1331,2,Electronics,Accessories,COD
B-29725,1620,534,2,Furniture,Bookcases,COD
B-29726,3756,1356,2,Electronics,Phones,Debit Card
B-29726,1651,-637,4,Clothing,Trousers,Credit Card
B-29726,3437,2175,1,Electronics,Printers,Credit Card
B-29727,1501,243,5,Furniture,Bookcases,UPI
B-29727,457,-77,4,Clothing,T-shirt,Debit Card
B-29728,4867,1545,5,Electronics,Accessories,UPI
B-29729,255,64,5,Clothing,Kurti,Debit Card
B-29729,1761,364,5,Clothing,Kurti,COD
B-29729,1336,482,4,Clothing,Shirt,Credit Card
B-29730,3561,1588,4,Electronics,Electronic Games,UPI
B-29730,2595,1376,3,Electronics,Accessories,COD
B-29731,5007,1424,2,Electronics,Electronic Games,UPI
B-29731,544,-159,4,Clothing,Saree,Debit Card
B-29732,372,100,2,Clothing,Skirt,Credit Card
B-29733,2653,637,3,Furniture,Furnishings,COD
B-29733,1909,-539,2,Clothing,Hankerchief,COD
B-29734,656,-231,5,Clothing,Trousers,Debit Card
B-29735,1952,938,2,Clothing,Hankerchief,UPI
B-29736,1472,-175,3,Clothing,Kurti,COD
B-29736,1367,-51,4,Clothing,Skirt,EMI
B-29737,1003,-443,1,Clothing,Stole,EMI
B-29737,83,-5,4,Clothing,Hankerchief,Credit Card
B-29738,1415,128,2,Clothing,T-shirt,UPI
B-29739,4901,2261,3,Furniture,Bookcases,COD
B-29739,2882,676,1,Electronics,Electronic Games,COD
B-29740,1705,149,3,Electronics,Accessories,EMI
B-29740,1442,763,1,Electronics,Phones,Credit Card
B-29740,544,-169,1,Clothing,Skirt,Credit Card
B-29741,839,309,5,Electronics,Accessories,UPI
B-29741,476,81,1,Clothing,Stole,Credit Card
B-29742,3212,394,5,Electronics,Accessories,COD
B-29743,179,-18,3,Clothing,Hankerchief,COD
B-29744,4126,1504,5,Furniture,Bookcases,Credit Card
B-29745,342,67,5,Electronics,Electronic Games,UPI
B-29746,493,300,3,Clothing,Hankerchief,COD
B-29747,902,-258,5,Clothing,Stole,UPI
B-29748,4416,1655,4,Electronics,Phones,Credit Card
B-29749,4867,1220,1,Electronics,Phones,UPI
B-29750,646,303,5,Furniture,Tables,UPI
B-29750,5988,1881,4,Furniture,Chairs,EMI
B-29750,809,497,1,Electronics,Accessories,UPI
B-29751,2151,433,3,Electronics,Accessories,UPI
B-29752,902,-21,1,Clothing,Skirt,Debit Card
B-29752,239,28,5,Clothing,Skirt,COD
B-29753,1911,643,2,Furniture,Chairs,Debit Card
B-29754,1991,-710,3,Clothing,Skirt,Debit Card
B-29755,1580,647,1,Furniture,Furnishings,COD
B-29755,403,36,1,Clothing,Leggings,Credit Card
B-29756,1018,345,2,Clothing,Leggings,COD
B-29756,774,-163,4,Clothing,Kurti,COD
B-29757,1407,468,3,Clothing,Saree,Credit Card
B-29758,2441,1577,4,Electronics,Printers,Credit Card
B-29759,4401,408,1,Electronics,Accessories,COD
B-29760,1604,779,2,Electronics,Printers,EMI
B-29761,89,60,3,Clothing,Stole,COD
B-29761,3316,1180,2,Electronics,Printers,EMI
B-29762,2369,1029,3,Furniture,Chairs,Credit Card
B-29763,2573,322,5,Furniture,Tables,Debit Card
B-29764,795,-153,5,Clothing,Leggings,COD
B-29765,1264,119,4,Clothing,Hankerchief,COD
B-29765,2296,991,5,Furniture,Tables,COD
B-29766,1189,-43,2,Clothing,Saree,Credit Card
B-29766,1252,117,4,Clothing,Hankerchief,EMI
B-29766,3439,1060,5,Electronics,Phones,Credit Card
B-29767,4143,1908,3,Electronics,Electronic Games,COD
B-29767,3498,291,1,Electronics,Phones,COD
B-29768,331,173,1,Clothing,T-shirt,UPI
B-29769,3662,874,1,Electronics,Accessories,UPI
B-29770,1101,-266,3,Clothing,Shirt,EMI
B-29770,1622,613,5,Electronics,Printers,UPI
B-29771,1641,290,1,Furniture,Tables,COD
B-29771,4343,597,4,Electronics,Accessories,EMI
B-29772,2644,1709,1,Electronics,Electronic Games,COD
B-29773,5676,2581,3,Electronics,Phones,EMI
B-29774,1328,-413,5,Clothing,T-shirt,Credit Card
B-29774,1334,611,2,Clothing,Skirt,COD
B-29775,5633,2924,1,Electronics,Printers,Debit Card
B-29776,1738,-760,3,Clothing,Hankerchief,Credit Card
B-29777,5403,162,5,Furniture,Chairs,Debit Card
B-29777,1040,344,4,Furniture,Chairs,COD
B-29778,3719,1649,5,Furniture,Tables,COD
B-29779,1299,565,4,Clothing,Hankerchief,Credit Card
B-29779,5690,2242,2,Furniture,Furnishings,UPI
B-29780,1825,-636,1,Clothing,Stole,Debit Card
B-29781,672,331,1,Furniture,Chairs,Credit Card
B-29782,4355,1195,4,Furniture,Furnishings,COD
B-29782,364,79,1,Clothing,Shirt,UPI
B-29782,1759,835,4,Clothing,Skirt,Debit Card
B-29783,4802,948,1,Furniture,Furnishings,Debit Card
B-29783,2657,728,4,Electronics,Accessories,COD
B-29784,3730,733,1,Electronics,Printers,EMI
B-29785,969,123,3,Furniture,Bookcases,UPI
B-29785,2486,280,4,Electronics,Accessories,COD
B-29786,4730,533,2,Furniture,Chairs,Debit Card
B-29787,1995,-523,5,Clothing,Saree,UPI
B-29788,1936,202,3,Electronics,Phones,Debit Card
B-29789,564,211,1,Electronics,Phones,UPI
B-29790,770,-323,3,Clothing,Hankerchief,Debit Card
B-29790,702,85,5,Electronics,Printers,COD
B-29791,4045,2244,2,Electronics,Printers,COD
B-29792,740,37,1,Electronics,Phones,COD
B-29792,4695,1422,2,Furniture,Tables,Credit Card
B-29792,5909,2884,3,Furniture,Chairs,COD
B-29793,949,449,4,Clothing,Hankerchief,UPI
B-29794,999,667,3,Clothing,T-shirt,Debit Card
B-29795,4710,2339,3,Furniture,Bookcases,Debit Card
B-29796,4835,2958,2,Electronics,Phones,COD
B-29797,4701,1388,4,Furniture,Chairs,COD
B-29798,2236,643,5,Electronics,Accessories,COD
B-29798,4883,1915,2,Electronics,Printers,UPI
B-29798,4304,377,1,Electronics,Electronic Games,EMI
B-29799,2805,803,2,Furniture,Tables,COD
B-29800,4992,1790,4,Electronics,Phones,UPI
B-29801,4473,2753,5,Electronics,Printers,COD
B-29802,3441,563,4,Furniture,Bookcases,UPI
B-29803,1810,-516,3,Clothing,Skirt,Credit Card
B-29803,4287,1144,3,Electronics,Accessories,COD
B-29804,5422,1730,5,Furniture,Furnishings,COD
B-29805,5949,273,1,Furniture,Bookcases,Debit Card
B-29806,2860,801,1,Furniture,Chairs,COD
B-29806,1030,248,2,Furniture,Furnishings,Credit Card
B-29806,71,7,4,Clothing,Leggings,Debit Card
B-29807,2609,1037,4,Electronics,Electronic Games,UPI
B-29808,1102,62,4,Clothing,Skirt,COD
B-29809,3533,387,1,Electronics,Printers,COD
B-29809,1264,687,2,Clothing,Hankerchief,UPI
B-29810,2009,799,4,Furniture,Bookcases,COD
B-29811,453,201,1,Clothing,Shirt,COD
B-29811,1325,42,5,Clothing,Leggings,EMI
B-29811,1454,468,4,Clothing,Skirt,Credit Card
B-29812,760,213,1,Clothing,Stole,EMI
B-29812,2243,347,5,Furniture,Bookcases,Credit Card
B-29812,2408,625,4,Electronics,Electronic Games,COD
B-29813,4443,2818,3,Electronics,Printers,COD
B-29813,1604,-793,5,Clothing,T-shirt,UPI
B-29813,5950,2563,5,Furniture,Furnishings,COD
B-29814,889,-282,2,Clothing,Shirt,COD
B-29814,4632,1294,3,Furniture,Chairs,UPI
B-29815,485,99,1,Clothing,Leggings,UPI
B-29816,1506,-543,4,Clothing,Trousers,EMI
B-29816,2030,407,2,Electronics,Printers,COD
B-29816,4558,1480,5,Furniture,Furnishings,EMI
B-29817,848,178,1,Electronics,Electronic Games,Debit Card
B-29817,2729,1584,3,Electronics,Accessories,COD
B-29818,1069,460,3,Electronics,Accessories,COD
B-29818,800,64,1,Electronics,Accessories,COD
B-29819,2038,391,5,Electronics,Printers,COD
B-29820,4096,1580,5,Furniture,Furnishings,COD
B-29821,1537,505,3,Furniture,Tables,EMI
B-29821,586,358,5,Clothing,Leggings,UPI
B-29822,4304,1488,4,Electronics,Accessories,COD
B-29822,1871,-274,4,Clothing,Leggings,UPI
B-29822,133,-44,2,Clothing,T-shirt,Credit Card
B-29823,4865,1180,4,Electronics,Phones,Credit Card
B-29824,1633,-396,5,Clothing,Stole,UPI
B-29825,1503,956,2,Clothing,Trousers,EMI
B-29826,1836,849,5,Clothing,Skirt,COD
B-29827,1852,786,5,Furniture,Bookcases,Credit Card
B-29828,4887,1520,3,Furniture,Furnishings,EMI
B-29829,3692,489,1,Electronics,Electronic Games,Debit Card
B-29830,1778,817,5,Clothing,Shirt,Credit Card
B-29831,3600,320,3,Electronics,Electronic Games,Credit Card
B-29831,4618,2970,3,Electronics,Electronic Games,EMI
B-29832,563,-177,3,Clothing,Trousers,COD
B-29832,1107,-408,3,Clothing,Shirt,COD
B-29832,4302,1436,4,Electronics,Printers,COD
B-29833,5595,2440,1,Electronics,Electronic Games,UPI
B-29834,1848,554,5,Electronics,Printers,Debit Card
B-29834,7,2,3,Clothing,Stole,COD
B-29835,4340,261,2,Electronics,Printers,UPI
B-29836,1735,857,1,Clothing,Stole,COD
B-29837,5890,1291,4,Furniture,Furnishings,Credit Card
B-29837,5235,2898,2,Electronics,Phones,COD
B-29837,3331,2000,2,Electronics,Phones,UPI
B-29838,1537,300,2,Clothing,Shirt,UPI
B-29839,3559,1339,4,Furniture,Bookcases,COD
B-29839,761,327,3,Furniture,Chairs,UPI
B-29840,5699,263,4,Furniture,Bookcases,COD
B-29841,1639,735,1,Furniture,Furnishings,Debit Card
B-29841,944,583,1,Electronics,Phones,UPI
B-29842,1769,-290,4,Clothing,Kurti,EMI
B-29843,3731,2370,2,Electronics,Printers,UPI
B-29844,2202,360,5,Electronics,Printers,COD
B-29845,1751,758,2,Clothing,Stole,Credit Card
B-29846,1705,147,2,Clothing,Saree,COD
B-29846,3504,644,5,Electronics,Printers,Credit Card
B-29847,1311,553,4,Electronics,Printers,COD
B-29847,1959,487,2,Electronics,Phones,COD
B-29848,1217,75,3,Electronics,Electronic Games,EMI
B-29848,990,268,5,Furniture,Chairs,Credit Card
B-29849,2774,973,1,Electronics,Printers,COD
B-29850,3206,1636,2,Electronics,Accessories,Debit Card
B-29851,1586,617,1,Clothing,Skirt,EMI
B-29851,13,-5,3,Clothing,Trousers,COD
B-29852,2631,1246,2,Electronics,Phones,COD
B-29853,526,-56,5,Clothing,Stole,Debit Card
B-29853,1681,-231,3,Clothing,Hankerchief,Credit Card
B-29854,553,-114,1,Clothing,Hankerchief,Credit Card
B-29855,333,173,5,Electronics,Accessories,COD
B-29855,1901,734,1,Furniture,Tables,EMI
B-29856,1923,708,3,Furniture,Bookcases,UPI
B-29857,3123,1057,1,Electronics,Accessories,UPI
B-29858,151,-36,1,Clothing,Hankerchief,COD
B-29859,1011,343,5,Clothing,T-shirt,COD
B-29860,1569,272,2,Furniture,Furnishings,Debit Card
B-29861,1900,910,3,Furniture,Bookcases,Credit Card
B-29862,779,51,1,Furniture,Bookcases,EMI
B-29863,1635,59,3,Furniture,Bookcases,Credit Card
B-29863,1654,-776,2,Clothing,Kurti,COD
B-29864,857,102,3,Electronics,Electronic Games,Credit Card
B-29865,2218,258,2,Electronics,Printers,EMI
B-29865,532,-99,1,Clothing,Leggings,UPI
B-29866,3914,1672,3,Electronics,Electronic Games,Debit Card
B-29867,1279,774,5,Electronics,Electronic Games,COD
B-29867,5048,297,1,Furniture,Furnishings,Credit Card
B-29868,17,-5,1,Clothing,Saree,COD
B-29869,2575,1019,4,Electronics,Accessories,Debit Card
B-29870,3446,1319,3,Furniture,Chairs,Credit Card
B-29871,3884,1272,4,Furniture,Furnishings,UPI
B-29872,3005,1700,2,Electronics,Electronic Games,COD
B-29873,3916,1288,3,Furniture,Furnishings,Debit Card
B-29873,1562,775,1,Electronics,Printers,Credit Card
B-29874,2938,1637,2,Electronics,Phones,Credit Card
B-29875,4957,2506,4,Electronics,Printers,UPI
B-29876,5064,2428,1,Furniture,Bookcases,EMI
B-29877,3519,1200,1,Electronics,Electronic Games,Debit Card
B-29878,5528,3345,1,Electronics,Electronic Games,UPI
B-29878,343,226,2,Clothing,Leggings,COD
B-29878,1585,695,5,Clothing,Trousers,UPI
B-29879,4436,2290,2,Electronics,Printers,Debit Card
B-29879,515,190,3,Furniture,Bookcases,COD
B-29880,139,59,1,Clothing,Hankerchief,UPI
B-29880,1279,52,5,Clothing,Leggings,Debit Card
B-29881,1029,-363,2,Clothing,Trousers,UPI
B-29882,1834,-140,5,Clothing,Kurti,COD
B-29883,1528,-514,5,Clothing,Leggings,COD
B-29883,3253,1762,3,Electronics,Electronic Games,Debit Card
B-29884,1165,-417,2,Clothing,Shirt,UPI
B-29884,516,136,1,Electronics,Printers,Credit Card
B-29884,553,183,5,Clothing,Shirt,UPI
B-29885,1104,73,3,Clothing,Trousers,COD
B-29885,5545,1548,2,Electronics,Electronic Games,EMI
B-29886,5456,1880,3,Furniture,Chairs,Debit Card
B-29887,2245,206,1,Electronics,Phones,Debit Card
B-29888,4487,1120,5,Furniture,Tables,COD
B-29889,4764,837,1,Electronics,Phones,Debit Card
B-29889,1817,-50,4,Clothing,Shirt,COD
B-29890,4777,948,4,Electronics,Accessories,COD
B-29891,1411,711,4,Clothing,Hankerchief,EMI
B-29891,4353,1950,2,Electronics,Printers,EMI
B-29892,361,-115,1,Clothing,Trousers,Credit Card
B-29892,1895,145,4,Clothing,Stole,Credit Card
B-29893,1303,607,2,Electronics,Electronic Games,Credit Card
B-29894,5053,531,4,Furniture,Tables,Credit Card
B-29894,182,7,3,Clothing,Stole,Debit Card
B-29895,1829,656,1,Clothing,Hankerchief,EMI
B-29895,1858,-815,3,Clothing,T-shirt,COD
B-29896,5195,433,1,Furniture,Bookcases,UPI
B-29896,107,56,2,Clothing,Shirt,UPI
B-29896,1666,-718,3,Clothing,Shirt,COD
B-29897,4659,2974,5,Electronics,Printers,Debit Card
B-29898,870,409,5,Electronics,Electronic Games,UPI
B-29899,1294,233,1,Furniture,Tables,UPI
B-29900,5341,166,3,Furniture,Chairs,Credit Card
B-29900,355,66,3,Electronics,Accessories,Debit Card
B-29901,26,-1,1,Clothing,T-shirt,Credit Card
B-29901,2449,241,5,Furniture,Bookcases,UPI
B-29901,3249,1113,5,Electronics,Accessories,UPI
B-29902,1469,415,2,Electronics,Phones,UPI
B-29903,1018,642,5,Clothing,T-shirt,Credit Card
B-29904,1151,-473,3,Clothing,T-shirt,Debit Card
B-29904,5381,1907,5,Furniture,Chairs,UPI
B-29905,3046,584,5,Electronics,Printers,UPI
B-29906,2741,1108,2,Electronics,Phones,UPI
B-29907,977,480,3,Furniture,Furnishings,COD
B-29908,2487,696,5,Furniture,Tables,Credit Card
B-29909,1342,264,1,Clothing,Hankerchief,UPI
B-29909,2384,859,3,Furniture,Chairs,UPI
B-29910,3814,598,2,Furniture,Tables,Credit Card
B-29911,1748,236,1,Clothing,Skirt,Debit Card
B-29911,3339,996,1,Furniture,Bookcases,Debit Card
B-29912,957,373,2,Clothing,Saree,Credit Card
B-29912,1856,790,3,Furniture,Tables,Credit Card
B-29912,874,291,3,Clothing,Shirt,Credit Card
B-29913,2005,882,4,Electronics,Printers,Debit Card
B-29914,5609,2945,3,Electronics,Accessories,Debit Card
B-29914,1729,87,5,Furniture,Furnishings,Debit Card
B-29914,2432,697,3,Electronics,Accessories,EMI
B-29915,5014,671,5,Electronics,Accessories,UPI
B-29916,151,58,3,Clothing,Saree,Credit Card
B-29917,2881,592,5,Electronics,Phones,Debit Card
B-29917,2112,253,5,Furniture,Bookcases,EMI
B-29918,931,-275,1,Clothing,Skirt,EMI
B-29918,5744,256,4,Furniture,Furnishings,COD
B-29918,174,66,1,Clothing,Shirt,UPI
B-29919,4636,2768,2,Electronics,Phones,COD
B-29920,4219,2165,1,Electronics,Printers,UPI
B-29920,1953,810,3,Electronics,Printers,COD
B-29921,382,-89,1,Clothing,Leggings,COD
B-29922,1182,239,2,Clothing,Skirt,Credit Card
B-29923,3602,649,5,Electronics,Electronic Games,Credit Card
B-29924,1012,315,2,Furniture,Tables,COD
B-29925,1889,51,5,Clothing,Hankerchief,UPI
B-29926,482,77,1,Clothing,Kurti,UPI
B-29927,3285,2106,4,Electronics,Phones,COD
B-29928,3339,890,1,Electronics,Electronic Games,Credit Card
B-29929,4581,689,4,Electronics,Accessories,UPI
B-29929,684,221,5,Furniture,Furnishings,UPI
B-29929,725,345,4,Furniture,Bookcases,UPI
B-29930,313,174,2,Clothing,Hankerchief,Credit Card
B-29931,1101,-532,5,Clothing,Hankerchief,COD
B-29931,1234,581,4,Electronics,Electronic Games,Credit Card
B-29932,1951,-236,3,Clothing,T-shirt,COD
B-29932,1219,-76,3,Clothing,Saree,Debit Card
B-29933,574,28,5,Clothing,Stole,UPI
B-29934,1929,-78,5,Clothing,Trousers,Credit Card
B-29935,3757,1394,1,Furniture,Tables,Credit Card
B-29936,1994,-584,2,Clothing,Saree,COD
B-29936,4414,1590,5,Furniture,Bookcases,UPI
B-29937,4319,2715,4,Electronics,Accessories,Credit Card
B-29937,4162,1814,5,Furniture,Tables,COD
B-29938,826,-45,3,Clothing,Hankerchief,COD
B-29939,3614,1111,2,Furniture,Bookcases,UPI
B-29940,825,-379,2,Clothing,Skirt,COD
B-29941,4096,1705,1,Electronics,Phones,UPI
B-29942,1013,-5,2,Clothing,Shirt,UPI
B-29943,1600,129,5,Clothing,T-shirt,UPI
B-29943,3760,1047,1,Electronics,Accessories,Credit Card
B-29944,3384,1056,3,Furniture,Furnishings,Credit Card
B-29944,3310,1791,2,Electronics,Printers,UPI
B-29945,3628,1793,2,Electronics,Printers,Credit Card
B-29945,997,582,3,Clothing,Shirt,Debit Card
B-29946,4746,461,2,Electronics,Phones,COD
B-29946,5793,1697,2,Furniture,Chairs,Credit Card
B-29947,2911,803,1,Electronics,Electronic Games,COD
B-29948,1768,437,5,Clothing,Shirt,COD
B-29949,860,219,4,Clothing,T-shirt,UPI
B-29950,923,133,2,Electronics,Printers,Debit Card
B-29951,5498,3268,4,Electronics,Phones,UPI
B-29952,1520,779,1,Clothing,Hankerchief,COD
B-29952,1921,739,5,Clothing,Hankerchief,UPI
B-29952,3210,1271,2,Electronics,Electronic Games,COD
B-29953,5354,1944,5,Electronics,Electronic Games,COD
B-29953,1271,221,5,Furniture,Chairs,Credit Card
B-29954,743,429,4,Electronics,Printers,UPI
B-29954,2048,254,3,Furniture,Furnishings,COD
B-29955,3549,1900,2,Electronics,Phones,UPI
B-29956,1705,297,5,Furniture,Chairs,COD
B-29957,1501,732,5,Clothing,Saree,Credit Card
B-29958,177,35,5,Clothing,T-shirt,COD
B-29959,2323,612,4,Electronics,Printers,EMI
B-29960,1785,-287,5,Clothing,Hankerchief,COD
B-29961,1931,948,5,Clothing,Leggings,COD
B-29962,1445,686,1,Clothing,Trousers,Debit Card
B-29962,5166,165,2,Furniture,Chairs,COD
B-29962,4901,1695,2,Furniture,Bookcases,UPI
B-29963,1278,320,3,Furniture,Furnishings,UPI
B-29963,3317,1825,5,Electronics,Accessories,COD
B-29964,5352,1742,5,Electronics,Printers,Credit Card
B-29965,1882,640,3,Electronics,Electronic Games,Debit Card
B-29965,594,-139,4,Clothing,Skirt,COD
B-29966,202,112,4,Clothing,Skirt,EMI
B-29967,4961,747,4,Furniture,Furnishings,Credit Card
B-29967,2359,768,2,Electronics,Electronic Games,Credit Card
B-29968,4132,642,3,Furniture,Furnishings,UPI
B-29969,579,-123,3,Clothing,Leggings,UPI
B-29969,73,-35,4,Clothing,Stole,UPI
B-29970,3423,1492,3,Furniture,Bookcases,Debit Card
B-29971,1185,389,2,Electronics,Accessories,Credit Card
B-29972,592,107,3,Clothing,Hankerchief,COD
B-29973,3120,1544,1,Electronics,Electronic Games,EMI
B-29974,1510,634,4,Clothing,Saree,UPI
B-29975,5503,1146,3,Electronics,Accessories,COD
B-29976,1450,-343,1,Clothing,Stole,Debit Card
B-29977,4691,2413,5,Electronics,Electronic Games,EMI
B-29977,1802,-359,2,Clothing,Stole,UPI
B-29978,382,-29,5,Clothing,Trousers,UPI
B-29978,830,320,5,Furniture,Chairs,Credit Card
B-29979,1986,397,2,Clothing,Leggings,COD
B-29980,3879,1094,5,Furniture,Furnishings,Debit Card
B-29981,4946,2536,1,Electronics,Phones,UPI
B-29981,1596,698,2,Electronics,Electronic Games,Debit Card
B-29981,1019,375,2,Clothing,Trousers,COD
B-29982,1001,-248,2,Clothing,Trousers,COD
B-29983,1237,-245,5,Clothing,Leggings,Credit Card
B-29983,4670,2704,4,Electronics,Accessories,UPI
B-29984,3294,1888,1,Electronics,Electronic Games,COD
B-29985,20,0,5,Clothing,Leggings,Debit Card
B-29986,409,25,4,Clothing,T-shirt,COD
B-29987,782,62,4,Clothing,Skirt,Debit Card
B-29988,369,-71,5,Clothing,T-shirt,Debit Card
B-29988,1725,421,5,Furniture,Chairs,Credit Card
B-29989,1388,383,5,Furniture,Furnishings,Credit Card
B-29989,1921,372,1,Electronics,Phones,COD
B-29990,1887,191,2,Furniture,Chairs,Credit Card
B-29990,443,60,2,Clothing,Shirt,COD
B-29991,3386,1600,5,Electronics,Phones,Credit Card
B-29992,2685,597,3,Furniture,Bookcases,EMI
B-29993,1593,628,3,Clothing,Kurti,Credit Card
B-29993,3909,870,3,Electronics,Accessories,UPI
B-29994,157,13,1,Clothing,T-shirt,UPI
B-29995,1264,465,1,Electronics,Printers,Debit Card
B-29996,555,74,1,Clothing,Stole,UPI
B-29997,4428,1274,1,Furniture,Furnishings,Debit Card
B-29998,5151,1038,2,Furniture,Chairs,UPI
B-29998,1164,436,2,Clothing,Stole,Debit Card
B-29999,839,484,2,Electronics,Printers,COD
B-29999,1115,480,5,Furniture,Furnishings,UPI
