Order ID,Order Date,CustomerName,State,City
B-20000,2/8/2021,Pooja Sharma,Rajasthan,Jodhpur
B-20001,3/4/2019,Amit Malhotra,Uttar Pradesh,Varanasi
B-20002,28-06-2018,Tushar Bose,Uttar Pradesh,Mathura
B-20003,24-03-2019,Sanjay Mehta,Punjab,Jalandhar
B-20004,12/2/2019,Jyoti Bose,Maharashtra,Nagpur
B-20005,14-01-2018,Kiran Pandey,Gujarat,Vadodara
B-20006,15-11-2018,Neha Mishra,Uttar Pradesh,Kanpur
B-20007,18-07-2018,Gopal Yadav,Punjab,Amritsar
B-20008,29-07-2020,Jyoti Kumar,Goa,Margao
B-20009,11/6/2018,Sunil Joshi,Karnataka,Hubli
B-20010,11/1/2020,Parvati Nair,Haryana,Gurugram
B-20011,16-09-2021,Sanjay Joshi,Goa,Panaji
B-20012,26-07-2018,Madan Iyer,Gujarat,Vadodara
B-20013,30-11-2018,Vishakha Yadav,Maharashtra,Nagpur
B-20014,8/12/2021,Suresh Desai,Kerala,Kozhikode
B-20015,17-05-2019,Kiran Das,Andhra Pradesh,Tirupati
B-20016,10/11/2021,Sunil Reddy,Haryana,Gurugram
B-20017,15-04-2019,Priya Mishra,Andhra Pradesh,Visakhapatnam
B-20018,9/3/2019,Parvati Pandey,Madhya Pradesh,Jabalpur
B-20019,21-03-2020,Ravi Gupta,Maharashtra,Pune
B-20020,23-02-2021,Jyoti Iyer,Rajasthan,Kota
B-20021,10/4/2021,Rohit Yadav,Maharashtra,Pune
B-20022,9/11/2020,Dinesh Singh,Rajasthan,Jaipur
B-20023,10/11/2018,Kiran Tiwari,Gujarat,Ahmedabad
B-20024,28-02-2020,Madan Desai,Sikkim,Namchi
B-20025,7/2/2021,Aarav Tiwari,Rajasthan,Udaipur
B-20026,5/8/2021,Madhav Kumar,Madhya Pradesh,Bhopal
B-20027,18-07-2020,Aarav Malhotra,Tamil Nadu,Coimbatore
B-20028,22-10-2020,Sunita Mehta,West Bengal,Siliguri
B-20029,4/9/2019,Lalita Desai,Maharashtra,Nagpur
B-20030,27-11-2018,Jyoti Mehta,West Bengal,Siliguri
B-20031,26-10-2019,Dinesh Sharma,Delhi,New Delhi
B-20032,22-09-2019,Kavita Verma,Maharashtra,Mumbai
B-20033,25-06-2018,Dinesh Singh,Goa,Panaji
B-20034,20-09-2018,Shalini Shah,Delhi,Dwarka
B-20035,27-05-2021,Arun Nair,West Bengal,Siliguri
B-20036,13-11-2021,Rajesh Pandey,Madhya Pradesh,Gwalior
B-20037,16-06-2020,Nikhil Das,Delhi,Delhi
B-20038,12/5/2018,Madhav Sharma,Punjab,Amritsar
B-20039,20-04-2021,Sanjay Sharma,Uttar Pradesh,Mathura
B-20040,14-04-2019,Suresh Verma,Tamil Nadu,Chennai
B-20041,18-11-2020,Kavita Iyer,Nagaland,Kohima
B-20042,9/1/2021,Amit Malhotra,Jammu and Kashmir,Jammu
B-20043,13-05-2019,Shalini Bose,Delhi,Delhi
B-20044,11/9/2021,Arun Yadav,Gujarat,Rajkot
B-20045,21-04-2018,Vikram Verma,Andhra Pradesh,Vijayawada
B-20046,12/8/2018,Kavita Nair,Delhi,New Delhi
B-20047,15-10-2018,Arun Patel,Maharashtra,Pune
B-20048,4/6/2018,Geeta Shah,Uttar Pradesh,Varanasi
B-20049,31-01-2018,Meena Reddy,Delhi,New Delhi
B-20050,12/9/2020,Neha Agarwal,West Bengal,Kolkata
B-20051,16-02-2020,Aarav Agarwal,Maharashtra,Nashik
B-20052,8/8/2019,Arun Pandey,Jammu and Kashmir,Jammu
B-20053,14-11-2018,Rajesh Joshi,Maharashtra,Mumbai
B-20054,1/4/2021,Jyoti Verma,Rajasthan,Jaipur
B-20055,13-04-2018,Tushar Chopra,Bihar,Muzaffarpur
B-20056,19-11-2018,Anita Mehta,Uttar Pradesh,Lucknow
B-20057,21-05-2018,Nandita Singh,Haryana,Gurugram
B-20058,6/4/2020,Pooja Pillai,Maharashtra,Mumbai
B-20059,22-06-2021,Meena Bose,Kerala,Kozhikode
B-20060,6/12/2020,Harivansh Iyer,Maharashtra,Nagpur
B-20061,4/5/2019,Manoj Agarwal,Delhi,Dwarka
B-20062,7/9/2019,Ravi Mishra,West Bengal,Kolkata
B-20063,20-01-2018,Ravi Desai,Sikkim,Gangtok
B-20064,31-05-2018,Jyoti Nair,Bihar,Patna
B-20065,16-12-2019,Suresh Reddy,Andhra Pradesh,Visakhapatnam
B-20066,16-06-2020,Jyoti Pandey,Madhya Pradesh,Indore
B-20067,29-09-2021,Sunil Joshi,Jammu and Kashmir,Srinagar
B-20068,3/10/2018,Manoj Kumar,Tamil Nadu,Madurai
B-20069,7/2/2021,Deepa Iyer,Maharashtra,Pune
B-20070,4/12/2019,Neha Tiwari,Kerala,Thiruvananthapuram
B-20071,1/11/2020,Dinesh Iyer,West Bengal,Kolkata
B-20072,9/7/2018,Arun Iyer,Uttar Pradesh,Agra
B-20073,25-09-2018,Manoj Patel,Rajasthan,Kota
B-20074,22-02-2021,Aarav Kumar,Uttar Pradesh,Lucknow
B-20075,22-01-2021,Priya Yadav,Punjab,Amritsar
B-20076,30-05-2020,Amit Verma,Madhya Pradesh,Indore
B-20077,3/1/2020,Neha Tiwari,Maharashtra,Mumbai
B-20078,26-12-2019,Sunil Bose,Goa,Panaji
B-20079,30-04-2019,Kiran Patel,Tamil Nadu,Chennai
B-20080,3/1/2019,Madhav Bose,Karnataka,Hubli
B-20081,24-05-2019,Rekha Patel,Karnataka,Bengaluru
B-20082,23-02-2020,Priya Chopra,Maharashtra,Nashik
B-20083,18-12-2019,Asha Reddy,Maharashtra,Pune
B-20084,27-03-2020,Madhav Iyer,Tamil Nadu,Coimbatore
B-20085,21-12-2019,Lalita Agarwal,Haryana,Hisar
B-20086,10/11/2019,Rahul Kumar,Tamil Nadu,Coimbatore
B-20087,1/1/2019,Tushar Iyer,Uttar Pradesh,Varanasi
B-20088,8/6/2020,Gopal Malhotra,Karnataka,Mysuru
B-20089,26-05-2021,Lalita Kumar,Andhra Pradesh,Tirupati
B-20090,25-01-2019,Manoj Verma,Haryana,Gurugram
B-20091,30-11-2020,Jyoti Tiwari,Rajasthan,Jodhpur
B-20092,16-01-2020,Arun Singh,Jammu and Kashmir,Jammu
B-20093,30-06-2021,Harivansh Tiwari,Tamil Nadu,Madurai
B-20094,8/9/2019,Lalita Joshi,Nagaland,Dimapur
B-20095,4/4/2020,Vikas Shah,Delhi,New Delhi
B-20096,23-09-2021,Madan Tiwari,Rajasthan,Jodhpur
B-20097,14-06-2021,Parvati Joshi,Andhra Pradesh,Visakhapatnam
B-20098,15-09-2019,Vikas Nair,Gujarat,Vadodara
B-20099,10/8/2020,Geeta Das,Haryana,Hisar
B-20100,27-08-2020,Kiran Tiwari,Uttar Pradesh,Varanasi
B-20101,21-09-2021,Gaurav Mishra,Uttar Pradesh,Lucknow
B-20102,9/10/2021,Asha Reddy,Karnataka,Bengaluru
B-20103,20-02-2018,Priya Reddy,Goa,Panaji
B-20104,21-07-2020,Sneha Mohan,Punjab,Jalandhar
B-20105,27-11-2021,Madan Chopra,Andhra Pradesh,Visakhapatnam
B-20106,5/9/2021,Aarav Kumar,Rajasthan,Jodhpur
B-20107,27-12-2018,Nikhil Das,Uttar Pradesh,Lucknow
B-20108,6/9/2018,Ravi Gupta,Karnataka,Hubli
B-20109,23-12-2020,Sunil Desai,Madhya Pradesh,Jabalpur
B-20110,8/6/2021,Lalita Bose,Karnataka,Hubli
B-20111,2/7/2020,Kiran Malhotra,Tamil Nadu,Coimbatore
B-20112,15-06-2019,Kavita Mohan,Maharashtra,Nashik
B-20113,7/7/2021,Kavita Iyer,Gujarat,Vadodara
B-20114,26-04-2019,Rekha Mishra,Madhya Pradesh,Indore
B-20115,11/10/2018,Deepa Reddy,Andhra Pradesh,Visakhapatnam
B-20116,17-12-2021,Neha Singh,Gujarat,Vadodara
B-20117,16-01-2021,Ravi Bose,Uttar Pradesh,Kanpur
B-20118,8/3/2020,Tushar Pandey,Uttar Pradesh,Varanasi
B-20119,19-02-2020,Shalini Sharma,Jammu and Kashmir,Jammu
B-20120,9/3/2020,Sneha Shah,Rajasthan,Jodhpur
B-20121,26-09-2020,Sanjay Iyer,Gujarat,Ahmedabad
B-20122,7/3/2020,Madhav Tiwari,Haryana,Faridabad
B-20123,5/12/2018,Ravi Gupta,Goa,Panaji
B-20124,17-03-2020,Tushar Pillai,Nagaland,Kohima
B-20125,9/8/2021,Arun Gupta,Tamil Nadu,Chennai
B-20126,13-04-2018,Manoj Agarwal,Madhya Pradesh,Jabalpur
B-20127,1/11/2019,Madhav Agarwal,Maharashtra,Nashik
B-20128,1/6/2019,Meena Chopra,Uttar Pradesh,Varanasi
B-20129,17-04-2018,Gopal Reddy,Kerala,Kozhikode
B-20130,24-03-2018,Rahul Reddy,Maharashtra,Mumbai
B-20131,26-06-2021,Deepa Reddy,Delhi,Dwarka
B-20132,23-08-2018,Parvati Nair,Gujarat,Vadodara
B-20133,26-01-2020,Kiran Desai,Punjab,Jalandhar
B-20134,23-08-2018,Kiran Joshi,Uttar Pradesh,Mathura
B-20135,1/10/2019,Parvati Tiwari,West Bengal,Howrah
B-20136,23-03-2020,Rajesh Singh,Punjab,Jalandhar
B-20137,13-05-2019,Vikram Pandey,Rajasthan,Jaipur
B-20138,5/3/2021,Priya Yadav,Bihar,Muzaffarpur
B-20139,29-01-2020,Suresh Mehta,Kerala,Kochi
B-20140,10/5/2020,Dinesh Kumar,Gujarat,Vadodara
B-20141,25-07-2021,Ravi Pandey,Delhi,Delhi
B-20142,4/12/2020,Rekha Desai,Karnataka,Hubli
B-20143,17-09-2020,Ravi Bose,Karnataka,Hubli
B-20144,4/7/2019,Harivansh Reddy,Karnataka,Bengaluru
B-20145,26-07-2019,Geeta Reddy,Rajasthan,Kota
B-20146,20-11-2019,Rahul Chopra,Tamil Nadu,Chennai
B-20147,25-09-2020,Neha Yadav,Karnataka,Mysuru
B-20148,27-07-2019,Nandita Pandey,Tamil Nadu,Madurai
B-20149,21-01-2018,Nikhil Nair,Uttar Pradesh,Kanpur
B-20150,27-09-2020,Sunil Reddy,Haryana,Hisar
B-20151,28-12-2021,Dinesh Das,Karnataka,Bengaluru
B-20152,26-08-2019,Sanjay Agarwal,Haryana,Faridabad
B-20153,21-09-2021,Tushar Yadav,Gujarat,Vadodara
B-20154,21-05-2020,Sunil Mishra,Madhya Pradesh,Jabalpur
B-20155,9/7/2019,Asha Iyer,Maharashtra,Pune
B-20156,9/10/2019,Pooja Malhotra,Himachal Pradesh,Dharamsala
B-20157,15-01-2019,Rajesh Nair,Rajasthan,Udaipur
B-20158,22-04-2021,Nikhil Desai,Maharashtra,Mumbai
B-20159,2/2/2019,Vikas Reddy,Andhra Pradesh,Vijayawada
B-20160,29-01-2018,Jyoti Gupta,Maharashtra,Mumbai
B-20161,7/2/2021,Vikas Pandey,Jammu and Kashmir,Jammu
B-20162,30-07-2018,Aarav Pillai,Maharashtra,Nashik
B-20163,21-06-2020,Madhav Patel,Goa,Margao
B-20164,5/9/2020,Pooja Singh,Andhra Pradesh,Visakhapatnam
B-20165,27-03-2021,Anita Gupta,Delhi,Dwarka
B-20166,15-09-2019,Meena Reddy,Delhi,New Delhi
B-20167,26-05-2021,Nandita Desai,Maharashtra,Nashik
B-20168,11/7/2020,Geeta Joshi,Tamil Nadu,Coimbatore
B-20169,18-09-2019,Parvati Desai,Uttar Pradesh,Mathura
B-20170,2/3/2019,Neha Iyer,Nagaland,Kohima
B-20171,7/5/2019,Sunita Shah,Uttar Pradesh,Mathura
B-20172,16-04-2020,Geeta Pandey,Punjab,Ludhiana
B-20173,8/3/2018,Sanjay Joshi,Haryana,Hisar
B-20174,18-07-2020,Suresh Tiwari,Maharashtra,Nagpur
B-20175,4/7/2021,Tushar Tiwari,Karnataka,Bengaluru
B-20176,20-05-2020,Pooja Shah,Maharashtra,Pune
B-20177,29-06-2019,Deepa Singh,Uttar Pradesh,Agra
B-20178,3/5/2021,Parvati Joshi,Gujarat,Rajkot
B-20179,11/11/2021,Asha Pandey,Andhra Pradesh,Vijayawada
B-20180,21-10-2020,Jyoti Chopra,Gujarat,Ahmedabad
B-20181,3/6/2020,Harivansh Desai,Maharashtra,Mumbai
B-20182,14-04-2019,Parvati Pillai,Jammu and Kashmir,Jammu
B-20183,26-03-2021,Priya Patel,Gujarat,Rajkot
B-20184,24-07-2019,Sunita Pillai,Gujarat,Rajkot
B-20185,6/7/2018,Shalini Yadav,Andhra Pradesh,Vijayawada
B-20186,4/10/2021,Vikram Patel,Madhya Pradesh,Jabalpur
B-20187,14-08-2019,Rohit Shah,Uttar Pradesh,Mathura
B-20188,7/10/2019,Manoj Mishra,Delhi,New Delhi
B-20189,19-11-2020,Aarav Tiwari,Tamil Nadu,Coimbatore
B-20190,26-04-2020,Anita Nair,Bihar,Muzaffarpur
B-20191,17-10-2020,Geeta Verma,Maharashtra,Pune
B-20192,13-08-2019,Geeta Pandey,Bihar,Patna
B-20193,14-07-2021,Nandita Reddy,Haryana,Faridabad
B-20194,2/2/2021,Aarav Shah,Andhra Pradesh,Visakhapatnam
B-20195,21-08-2018,Ravi Kumar,Kerala,Kochi
B-20196,17-10-2020,Vikas Mehta,Haryana,Faridabad
B-20197,15-09-2020,Shalini Reddy,Gujarat,Surat
B-20198,25-02-2020,Rajesh Desai,Bihar,Patna
B-20199,23-05-2018,Rekha Bose,Madhya Pradesh,Gwalior
B-20200,6/1/2018,Vikas Malhotra,Madhya Pradesh,Jabalpur
B-20201,1/11/2018,Geeta Shah,Bihar,Gaya
B-20202,4/2/2021,Jyoti Agarwal,Gujarat,Vadodara
B-20203,22-01-2019,Kavita Pillai,Andhra Pradesh,Vijayawada
B-20204,31-03-2018,Harivansh Malhotra,Gujarat,Rajkot
B-20205,1/3/2020,Deepa Chopra,Goa,Panaji
B-20206,25-10-2020,Tushar Mishra,Tamil Nadu,Coimbatore
B-20207,24-07-2018,Nikhil Das,Uttar Pradesh,Lucknow
B-20208,19-04-2020,Deepa Singh,Gujarat,Vadodara
B-20209,25-11-2019,Gaurav Pandey,Andhra Pradesh,Visakhapatnam
B-20210,4/11/2019,Jyoti Agarwal,Jammu and Kashmir,Jammu
B-20211,13-01-2021,Priya Desai,Uttar Pradesh,Agra
B-20212,11/4/2019,Meena Bose,Goa,Panaji
B-20213,27-06-2020,Kiran Pandey,Madhya Pradesh,Indore
B-20214,5/4/2018,Harivansh Verma,Madhya Pradesh,Gwalior
B-20215,1/6/2020,Deepa Reddy,Bihar,Muzaffarpur
B-20216,28-10-2021,Sunita Patel,Delhi,Dwarka
B-20217,23-02-2020,Gaurav Tiwari,Maharashtra,Pune
B-20218,21-04-2019,Ravi Mohan,Maharashtra,Nagpur
B-20219,27-09-2021,Aarav Das,West Bengal,Siliguri
B-20220,24-01-2021,Kiran Singh,Gujarat,Vadodara
B-20221,18-04-2021,Asha Mohan,Goa,Margao
B-20222,24-07-2020,Asha Nair,Sikkim,Namchi
B-20223,7/8/2018,Kavita Agarwal,Punjab,Jalandhar
B-20224,29-08-2019,Vikas Sharma,Goa,Margao
B-20225,17-07-2019,Aarav Pillai,Tamil Nadu,Madurai
B-20226,11/4/2018,Nandita Malhotra,Bihar,Gaya
B-20227,17-04-2019,Nandita Yadav,Maharashtra,Pune
B-20228,25-06-2021,Manoj Tiwari,Rajasthan,Jodhpur
B-20229,10/7/2021,Vikram Mohan,Kerala,Thiruvananthapuram
B-20230,21-06-2020,Priya Pillai,Andhra Pradesh,Visakhapatnam
B-20231,4/7/2018,Vikas Mishra,Rajasthan,Jodhpur
B-20232,16-02-2019,Amit Shah,Tamil Nadu,Coimbatore
B-20233,23-12-2020,Lalita Iyer,Karnataka,Mysuru
B-20234,13-09-2020,Vikas Malhotra,Tamil Nadu,Chennai
B-20235,17-08-2020,Suresh Gupta,Rajasthan,Jodhpur
B-20236,17-10-2021,Rohit Shah,Andhra Pradesh,Vijayawada
B-20237,29-01-2018,Manoj Shah,Delhi,New Delhi
B-20238,9/10/2021,Manoj Pillai,Andhra Pradesh,Tirupati
B-20239,31-01-2020,Vikram Tiwari,Maharashtra,Mumbai
B-20240,22-06-2021,Sunil Mishra,West Bengal,Kolkata
B-20241,19-08-2021,Suresh Mohan,Karnataka,Hubli
B-20242,11/9/2019,Sneha Kumar,Delhi,Delhi
B-20243,16-09-2019,Dinesh Kumar,Uttar Pradesh,Varanasi
B-20244,5/10/2018,Madan Das,Andhra Pradesh,Tirupati
B-20245,27-11-2021,Jyoti Bose,Punjab,Jalandhar
B-20246,13-11-2018,Sneha Mohan,Uttar Pradesh,Kanpur
B-20247,14-06-2021,Sneha Iyer,Uttar Pradesh,Agra
B-20248,21-03-2019,Geeta Das,Jammu and Kashmir,Jammu
B-20249,23-07-2018,Vishakha Shah,West Bengal,Siliguri
B-20250,5/1/2020,Anita Agarwal,Maharashtra,Mumbai
B-20251,20-07-2020,Meena Tiwari,Maharashtra,Mumbai
B-20252,14-04-2018,Madhav Reddy,Sikkim,Gangtok
B-20253,21-05-2018,Sunil Nair,Punjab,Amritsar
B-20254,4/11/2019,Deepa Desai,Uttar Pradesh,Lucknow
B-20255,24-09-2018,Jyoti Iyer,Karnataka,Bengaluru
B-20256,15-09-2021,Rahul Gupta,Uttar Pradesh,Lucknow
B-20257,20-04-2021,Harivansh Sharma,Delhi,Delhi
B-20258,17-09-2018,Sneha Mehta,Delhi,Delhi
B-20259,2/9/2020,Geeta Yadav,Bihar,Patna
B-20260,14-07-2020,Lalita Reddy,Jammu and Kashmir,Srinagar
B-20261,11/9/2021,Nikhil Joshi,Gujarat,Ahmedabad
B-20262,5/5/2018,Shalini Agarwal,Gujarat,Ahmedabad
B-20263,1/10/2020,Geeta Singh,West Bengal,Howrah
B-20264,30-05-2021,Deepa Singh,Delhi,Dwarka
B-20265,20-07-2021,Tushar Shah,Haryana,Faridabad
B-20266,8/5/2021,Nikhil Joshi,Gujarat,Rajkot
B-20267,23-07-2018,Pooja Mohan,Kerala,Kozhikode
B-20268,17-03-2019,Arun Das,Tamil Nadu,Coimbatore
B-20269,26-11-2019,Ravi Agarwal,Gujarat,Ahmedabad
B-20270,3/10/2019,Arun Mishra,Nagaland,Dimapur
B-20271,9/11/2018,Shalini Singh,Uttar Pradesh,Mathura
B-20272,10/7/2018,Arun Kumar,Rajasthan,Udaipur
B-20273,24-09-2018,Sunil Verma,Punjab,Jalandhar
B-20274,24-02-2021,Madhav Tiwari,Delhi,New Delhi
B-20275,24-09-2021,Arun Malhotra,Uttar Pradesh,Agra
B-20276,14-05-2021,Asha Yadav,Uttar Pradesh,Varanasi
B-20277,12/3/2019,Deepa Tiwari,Bihar,Patna
B-20278,19-12-2019,Sunil Yadav,Delhi,New Delhi
B-20279,21-03-2021,Sanjay Bose,Tamil Nadu,Madurai
B-20280,10/6/2021,Sunil Sharma,Punjab,Jalandhar
B-20281,21-11-2021,Rekha Sharma,Delhi,Dwarka
B-20282,25-09-2019,Madhav Yadav,Uttar Pradesh,Lucknow
B-20283,5/3/2021,Rohit Singh,Delhi,Dwarka
B-20284,4/3/2018,Meena Malhotra,Bihar,Gaya
B-20285,9/5/2020,Ravi Mishra,Delhi,New Delhi
B-20286,27-10-2019,Parvati Desai,Uttar Pradesh,Mathura
B-20287,15-11-2018,Kiran Desai,Uttar Pradesh,Mathura
B-20288,12/7/2019,Geeta Tiwari,Gujarat,Rajkot
B-20289,28-04-2020,Rekha Nair,Rajasthan,Jaipur
B-20290,8/12/2019,Arun Kumar,Maharashtra,Nashik
B-20291,15-12-2020,Asha Verma,Maharashtra,Mumbai
B-20292,16-01-2018,Neha Joshi,Jammu and Kashmir,Srinagar
B-20293,8/6/2019,Vikas Mishra,Delhi,New Delhi
B-20294,31-05-2020,Sunita Gupta,Andhra Pradesh,Tirupati
B-20295,17-04-2019,Lalita Shah,Karnataka,Mysuru
B-20296,28-05-2018,Rohit Malhotra,Uttar Pradesh,Mathura
B-20297,30-07-2020,Suresh Mishra,Punjab,Jalandhar
B-20298,8/4/2020,Sneha Joshi,Delhi,Delhi
B-20299,28-10-2019,Kiran Desai,Gujarat,Vadodara
B-20300,30-06-2018,Arun Kumar,Maharashtra,Nashik
B-20301,9/12/2020,Meena Agarwal,Tamil Nadu,Madurai
B-20302,27-11-2019,Sanjay Mishra,Rajasthan,Jaipur
B-20303,11/11/2020,Pooja Mehta,Bihar,Gaya
B-20304,21-12-2019,Deepa Reddy,Uttar Pradesh,Agra
B-20305,9/2/2019,Sunita Desai,Delhi,Dwarka
B-20306,4/6/2018,Sunita Mohan,Bihar,Muzaffarpur
B-20307,1/4/2021,Geeta Tiwari,West Bengal,Siliguri
B-20308,9/8/2021,Gaurav Mishra,Tamil Nadu,Madurai
B-20309,10/10/2019,Deepa Das,Uttar Pradesh,Kanpur
B-20310,17-07-2021,Asha Iyer,Punjab,Ludhiana
B-20311,5/11/2020,Suresh Joshi,Gujarat,Ahmedabad
B-20312,27-04-2018,Vishakha Joshi,Uttar Pradesh,Mathura
B-20313,13-06-2021,Nandita Mehta,Andhra Pradesh,Tirupati
B-20314,9/2/2021,Priya Das,West Bengal,Siliguri
B-20315,27-08-2021,Rajesh Mishra,Punjab,Jalandhar
B-20316,5/11/2018,Anita Das,Uttar Pradesh,Agra
B-20317,22-06-2018,Lalita Mohan,Delhi,Delhi
B-20318,20-12-2021,Geeta Das,Bihar,Muzaffarpur
B-20319,22-11-2018,Vishakha Yadav,West Bengal,Howrah
B-20320,17-04-2020,Madhav Tiwari,Punjab,Jalandhar
B-20321,18-08-2021,Madhav Singh,Madhya Pradesh,Jabalpur
B-20322,5/8/2019,Manoj Malhotra,Tamil Nadu,Madurai
B-20323,4/11/2018,Madhav Singh,Punjab,Amritsar
B-20324,18-12-2019,Asha Mohan,Haryana,Faridabad
B-20325,22-09-2018,Nandita Pandey,Jammu and Kashmir,Jammu
B-20326,18-02-2021,Madan Mohan,Karnataka,Bengaluru
B-20327,4/10/2021,Nikhil Singh,Kerala,Thiruvananthapuram
B-20328,7/11/2020,Vishakha Sharma,Andhra Pradesh,Visakhapatnam
B-20329,15-03-2019,Madhav Chopra,Maharashtra,Pune
B-20330,14-11-2018,Suresh Joshi,Tamil Nadu,Chennai
B-20331,5/11/2020,Jyoti Malhotra,Tamil Nadu,Chennai
B-20332,17-09-2021,Madhav Desai,Delhi,New Delhi
B-20333,12/11/2018,Kiran Patel,Karnataka,Hubli
B-20334,6/12/2018,Geeta Verma,Andhra Pradesh,Tirupati
B-20335,2/5/2019,Geeta Desai,Maharashtra,Nashik
B-20336,25-04-2019,Jyoti Reddy,Madhya Pradesh,Jabalpur
B-20337,2/2/2019,Vishakha Tiwari,Jammu and Kashmir,Jammu
B-20338,3/8/2020,Vikas Agarwal,Bihar,Gaya
B-20339,28-11-2018,Rajesh Desai,Delhi,New Delhi
B-20340,17-04-2018,Shalini Yadav,Himachal Pradesh,Shimla
B-20341,27-12-2021,Nikhil Kumar,Maharashtra,Pune
B-20342,13-07-2019,Geeta Mehta,Delhi,New Delhi
B-20343,7/7/2018,Sanjay Das,Tamil Nadu,Chennai
B-20344,29-04-2020,Anita Agarwal,Bihar,Patna
B-20345,1/3/2020,Meena Yadav,Maharashtra,Nagpur
B-20346,22-07-2018,Madhav Gupta,Delhi,New Delhi
B-20347,25-08-2020,Amit Pandey,Gujarat,Ahmedabad
B-20348,12/6/2018,Rahul Iyer,Maharashtra,Pune
B-20349,28-01-2021,Nandita Mehta,Gujarat,Vadodara
B-20350,2/5/2019,Asha Kumar,Uttar Pradesh,Kanpur
B-20351,1/8/2021,Gaurav Das,Uttar Pradesh,Kanpur
B-20352,7/5/2021,Jyoti Sharma,Kerala,Kozhikode
B-20353,11/5/2019,Deepa Joshi,Gujarat,Vadodara
B-20354,8/5/2019,Parvati Bose,Delhi,Dwarka
B-20355,25-06-2018,Nikhil Yadav,Uttar Pradesh,Varanasi
B-20356,19-01-2021,Lalita Mehta,Himachal Pradesh,Manali
B-20357,20-08-2020,Priya Mohan,Andhra Pradesh,Vijayawada
B-20358,4/6/2019,Rahul Yadav,Karnataka,Mysuru
B-20359,9/5/2019,Vikram Pillai,Rajasthan,Udaipur
B-20360,1/10/2018,Priya Yadav,Himachal Pradesh,Dharamsala
B-20361,25-12-2018,Ravi Pandey,Gujarat,Surat
B-20362,4/10/2018,Suresh Pandey,Rajasthan,Kota
B-20363,17-03-2018,Vikas Nair,Uttar Pradesh,Lucknow
B-20364,27-03-2018,Harivansh Joshi,Bihar,Muzaffarpur
B-20365,27-08-2020,Manoj Verma,Rajasthan,Jodhpur
B-20366,9/8/2019,Gopal Verma,Tamil Nadu,Coimbatore
B-20367,14-07-2019,Pooja Yadav,Gujarat,Rajkot
B-20368,19-06-2020,Madan Mishra,Goa,Margao
B-20369,18-11-2021,Dinesh Yadav,West Bengal,Siliguri
B-20370,1/7/2019,Meena Malhotra,Gujarat,Rajkot
B-20371,18-05-2021,Sunita Shah,Madhya Pradesh,Indore
B-20372,13-06-2018,Harivansh Tiwari,Madhya Pradesh,Jabalpur
B-20373,19-05-2021,Arun Patel,Haryana,Faridabad
B-20374,4/7/2020,Priya Malhotra,Tamil Nadu,Coimbatore
B-20375,13-06-2021,Arun Iyer,Kerala,Kochi
B-20376,3/6/2018,Rohit Yadav,Bihar,Muzaffarpur
B-20377,23-10-2021,Kiran Sharma,Delhi,Dwarka
B-20378,20-10-2021,Geeta Verma,Delhi,Delhi
B-20379,14-08-2021,Vishakha Yadav,Andhra Pradesh,Tirupati
B-20380,8/3/2018,Nandita Gupta,Haryana,Faridabad
B-20381,1/2/2020,Geeta Singh,Punjab,Jalandhar
B-20382,22-01-2020,Rohit Mishra,Kerala,Kochi
B-20383,21-08-2018,Rahul Malhotra,Delhi,Dwarka
B-20384,3/3/2020,Sunil Kumar,Maharashtra,Nagpur
B-20385,12/12/2021,Geeta Nair,Sikkim,Namchi
B-20386,22-11-2021,Dinesh Nair,Delhi,Delhi
B-20387,14-07-2020,Sunita Pandey,Gujarat,Ahmedabad
B-20388,28-10-2021,Harivansh Tiwari,Madhya Pradesh,Indore
B-20389,31-01-2021,Jyoti Joshi,West Bengal,Kolkata
B-20390,28-12-2021,Sunita Yadav,Bihar,Patna
B-20391,16-02-2019,Amit Reddy,Karnataka,Bengaluru
B-20392,10/1/2020,Sunil Pillai,Andhra Pradesh,Tirupati
B-20393,23-09-2018,Gaurav Singh,Uttar Pradesh,Kanpur
B-20394,7/9/2020,Nikhil Bose,Rajasthan,Jaipur
B-20395,14-09-2018,Harivansh Mohan,Uttar Pradesh,Kanpur
B-20396,24-10-2021,Nikhil Yadav,Delhi,Dwarka
B-20397,3/8/2021,Tushar Patel,Rajasthan,Jodhpur
B-20398,5/6/2020,Lalita Verma,Karnataka,Hubli
B-20399,10/11/2018,Asha Patel,Delhi,Dwarka
B-20400,7/4/2019,Gopal Mehta,West Bengal,Kolkata
B-20401,29-05-2019,Rajesh Mohan,Jammu and Kashmir,Jammu
B-20402,14-09-2018,Asha Desai,Bihar,Muzaffarpur
B-20403,5/8/2021,Kiran Pillai,Jammu and Kashmir,Srinagar
B-20404,17-12-2018,Gaurav Malhotra,West Bengal,Howrah
B-20405,28-02-2021,Priya Sharma,Uttar Pradesh,Varanasi
B-20406,27-06-2019,Neha Pillai,Gujarat,Ahmedabad
B-20407,16-10-2020,Jyoti Joshi,Kerala,Thiruvananthapuram
B-20408,16-09-2020,Kavita Tiwari,Andhra Pradesh,Vijayawada
B-20409,30-05-2018,Anita Patel,Gujarat,Rajkot
B-20410,9/8/2020,Neha Mishra,Punjab,Ludhiana
B-20411,16-10-2019,Gopal Agarwal,Delhi,New Delhi
B-20412,20-11-2020,Sunil Kumar,Madhya Pradesh,Jabalpur
B-20413,8/9/2018,Rekha Das,Maharashtra,Mumbai
B-20414,14-04-2018,Vikas Agarwal,Tamil Nadu,Coimbatore
B-20415,24-05-2019,Kiran Mishra,Jammu and Kashmir,Jammu
B-20416,24-01-2019,Kiran Chopra,Sikkim,Namchi
B-20417,18-10-2020,Asha Chopra,Uttar Pradesh,Kanpur
B-20418,1/11/2020,Ravi Reddy,Maharashtra,Nagpur
B-20419,10/4/2018,Anita Joshi,Bihar,Muzaffarpur
B-20420,9/10/2021,Shalini Joshi,Himachal Pradesh,Shimla
B-20421,1/6/2020,Amit Iyer,Rajasthan,Kota
B-20422,20-01-2020,Priya Agarwal,Uttar Pradesh,Varanasi
B-20423,3/2/2019,Vishakha Shah,Madhya Pradesh,Jabalpur
B-20424,29-10-2020,Geeta Shah,Maharashtra,Mumbai
B-20425,21-09-2018,Vikram Agarwal,Andhra Pradesh,Vijayawada
B-20426,16-02-2021,Vishakha Gupta,Maharashtra,Nashik
B-20427,21-10-2020,Priya Verma,Uttar Pradesh,Agra
B-20428,28-08-2020,Nikhil Das,Delhi,Dwarka
B-20429,14-10-2018,Harivansh Desai,Madhya Pradesh,Jabalpur
B-20430,16-06-2021,Asha Pillai,Madhya Pradesh,Jabalpur
B-20431,22-12-2021,Parvati Joshi,Gujarat,Ahmedabad
B-20432,25-01-2020,Madhav Tiwari,Delhi,New Delhi
B-20433,10/4/2021,Asha Malhotra,Tamil Nadu,Madurai
B-20434,24-02-2018,Nandita Chopra,Maharashtra,Pune
B-20435,16-04-2018,Tushar Chopra,Delhi,Dwarka
B-20436,23-06-2021,Madan Gupta,Karnataka,Bengaluru
B-20437,6/3/2018,Parvati Pandey,Delhi,Delhi
B-20438,22-06-2020,Harivansh Bose,Delhi,Dwarka
B-20439,22-02-2019,Sneha Mehta,Rajasthan,Kota
B-20440,8/5/2018,Amit Mehta,Maharashtra,Nagpur
B-20441,18-09-2021,Shalini Mehta,Andhra Pradesh,Visakhapatnam
B-20442,30-07-2020,Jyoti Mishra,Himachal Pradesh,Dharamsala
B-20443,26-10-2021,Manoj Desai,Bihar,Patna
B-20444,26-07-2019,Sunil Joshi,Maharashtra,Nagpur
B-20445,15-08-2019,Neha Pandey,Haryana,Faridabad
B-20446,9/9/2020,Gopal Shah,Jammu and Kashmir,Jammu
B-20447,13-08-2019,Pooja Pillai,Haryana,Faridabad
B-20448,19-03-2020,Gopal Gupta,Madhya Pradesh,Gwalior
B-20449,11/6/2018,Gopal Das,Kerala,Kozhikode
B-20450,8/9/2020,Neha Nair,Karnataka,Mysuru
B-20451,25-02-2021,Rekha Gupta,Uttar Pradesh,Varanasi
B-20452,6/5/2019,Kavita Verma,Nagaland,Kohima
B-20453,30-07-2021,Sanjay Verma,Uttar Pradesh,Agra
B-20454,25-08-2020,Vikram Tiwari,Rajasthan,Jaipur
B-20455,1/2/2021,Kiran Bose,Kerala,Thiruvananthapuram
B-20456,4/9/2020,Rajesh Joshi,Madhya Pradesh,Indore
B-20457,3/7/2018,Parvati Reddy,Himachal Pradesh,Dharamsala
B-20458,18-03-2018,Sunita Bose,Tamil Nadu,Chennai
B-20459,16-03-2018,Rohit Chopra,Delhi,Dwarka
B-20460,16-08-2019,Priya Sharma,Madhya Pradesh,Indore
B-20461,18-11-2019,Vikas Das,Sikkim,Namchi
B-20462,2/10/2018,Lalita Das,Maharashtra,Mumbai
B-20463,9/11/2019,Kiran Malhotra,Gujarat,Vadodara
B-20464,17-01-2019,Aarav Malhotra,Madhya Pradesh,Gwalior
B-20465,8/3/2021,Rajesh Patel,Punjab,Jalandhar
B-20466,10/4/2020,Arun Mehta,Madhya Pradesh,Jabalpur
B-20467,2/10/2021,Vikram Patel,Goa,Margao
B-20468,25-10-2019,Kavita Sharma,Maharashtra,Pune
B-20469,3/7/2020,Rekha Mishra,Madhya Pradesh,Indore
B-20470,20-06-2019,Vishakha Pandey,Maharashtra,Mumbai
B-20471,11/8/2020,Asha Patel,Andhra Pradesh,Tirupati
B-20472,11/12/2021,Asha Pandey,Delhi,New Delhi
B-20473,23-01-2020,Gaurav Reddy,Maharashtra,Pune
B-20474,6/9/2020,Deepa Das,Rajasthan,Udaipur
B-20475,1/5/2020,Sunil Chopra,Rajasthan,Jodhpur
B-20476,22-05-2019,Nandita Singh,Bihar,Muzaffarpur
B-20477,12/12/2021,Vishakha Singh,West Bengal,Kolkata
B-20478,7/5/2018,Sunil Mehta,Maharashtra,Pune
B-20479,3/12/2018,Harivansh Mehta,Gujarat,Surat
B-20480,9/4/2021,Dinesh Singh,West Bengal,Howrah
B-20481,24-04-2018,Ravi Gupta,Bihar,Gaya
B-20482,28-02-2021,Anita Shah,Gujarat,Vadodara
B-20483,14-02-2018,Rohit Iyer,Karnataka,Hubli
B-20484,23-03-2019,Tushar Singh,Uttar Pradesh,Agra
B-20485,5/12/2021,Suresh Shah,Sikkim,Gangtok
B-20486,24-08-2020,Priya Joshi,Andhra Pradesh,Visakhapatnam
B-20487,6/8/2021,Sneha Yadav,Sikkim,Namchi
B-20488,7/7/2020,Madan Agarwal,Uttar Pradesh,Varanasi
B-20489,30-09-2018,Gopal Kumar,Delhi,Dwarka
B-20490,15-03-2020,Nikhil Gupta,Rajasthan,Jodhpur
B-20491,8/1/2018,Rahul Joshi,Gujarat,Rajkot
B-20492,25-12-2020,Madan Reddy,Maharashtra,Nagpur
B-20493,14-11-2018,Rekha Nair,Jammu and Kashmir,Srinagar
B-20494,7/3/2018,Sneha Desai,Rajasthan,Jaipur
B-20495,8/5/2019,Neha Singh,Uttar Pradesh,Mathura
B-20496,3/7/2020,Nandita Tiwari,Haryana,Gurugram
B-20497,17-05-2019,Priya Agarwal,Gujarat,Surat
B-20498,26-04-2018,Amit Mehta,Sikkim,Gangtok
B-20499,25-03-2021,Harivansh Pillai,Punjab,Jalandhar
B-20500,19-10-2019,Kavita Joshi,Tamil Nadu,Madurai
B-20501,3/12/2020,Sanjay Bose,Madhya Pradesh,Indore
B-20502,14-02-2021,Tushar Malhotra,West Bengal,Siliguri
B-20503,22-10-2021,Arun Shah,Bihar,Gaya
B-20504,10/8/2021,Madan Mehta,Madhya Pradesh,Jabalpur
B-20505,16-04-2020,Deepa Joshi,Andhra Pradesh,Tirupati
B-20506,27-08-2020,Kavita Reddy,Madhya Pradesh,Bhopal
B-20507,6/8/2020,Anita Shah,Gujarat,Rajkot
B-20508,15-02-2021,Nikhil Gupta,Andhra Pradesh,Vijayawada
B-20509,21-02-2019,Madhav Mohan,Uttar Pradesh,Kanpur
B-20510,30-01-2020,Meena Shah,Rajasthan,Jodhpur
B-20511,16-04-2018,Rekha Agarwal,Haryana,Hisar
B-20512,22-03-2018,Suresh Nair,Karnataka,Hubli
B-20513,7/10/2021,Sunil Nair,Gujarat,Vadodara
B-20514,13-09-2019,Aarav Nair,Jammu and Kashmir,Srinagar
B-20515,7/9/2020,Kavita Pandey,Punjab,Amritsar
B-20516,23-03-2020,Kavita Shah,Madhya Pradesh,Gwalior
B-20517,19-02-2020,Ravi Shah,Kerala,Thiruvananthapuram
B-20518,20-06-2019,Vishakha Mehta,Tamil Nadu,Coimbatore
B-20519,21-07-2018,Shalini Mishra,West Bengal,Howrah
B-20520,3/10/2019,Sneha Verma,Punjab,Amritsar
B-20521,26-10-2018,Rahul Iyer,Himachal Pradesh,Dharamsala
B-20522,1/4/2021,Sneha Joshi,Delhi,New Delhi
B-20523,17-04-2019,Madan Pillai,Karnataka,Mysuru
B-20524,1/2/2021,Madhav Iyer,Rajasthan,Kota
B-20525,7/8/2021,Dinesh Das,Delhi,New Delhi
B-20526,13-12-2018,Amit Malhotra,Himachal Pradesh,Shimla
B-20527,15-01-2021,Anita Mehta,Uttar Pradesh,Mathura
B-20528,30-09-2021,Anita Sharma,Gujarat,Surat
B-20529,20-05-2018,Deepa Sharma,Maharashtra,Nashik
B-20530,4/2/2020,Anita Desai,Kerala,Kozhikode
B-20531,16-09-2020,Dinesh Sharma,Uttar Pradesh,Varanasi
B-20532,22-04-2020,Aarav Sharma,Bihar,Gaya
B-20533,2/1/2021,Vikas Sharma,Bihar,Muzaffarpur
B-20534,12/10/2021,Arun Patel,Uttar Pradesh,Mathura
B-20535,9/12/2020,Deepa Reddy,Maharashtra,Nagpur
B-20536,27-12-2019,Rekha Agarwal,Uttar Pradesh,Kanpur
B-20537,29-07-2020,Parvati Reddy,Sikkim,Gangtok
B-20538,7/9/2019,Meena Mohan,Sikkim,Gangtok
B-20539,11/7/2018,Rohit Agarwal,Andhra Pradesh,Vijayawada
B-20540,25-04-2018,Aarav Pandey,Delhi,New Delhi
B-20541,7/6/2020,Madhav Pillai,Goa,Panaji
B-20542,17-12-2020,Priya Reddy,Maharashtra,Nashik
B-20543,10/7/2019,Priya Singh,Haryana,Faridabad
B-20544,17-01-2021,Parvati Tiwari,Uttar Pradesh,Agra
B-20545,2/2/2018,Neha Pillai,Delhi,Dwarka
B-20546,26-03-2020,Suresh Joshi,Delhi,Delhi
B-20547,6/3/2021,Madan Tiwari,West Bengal,Howrah
B-20548,26-02-2020,Amit Pandey,Rajasthan,Udaipur
B-20549,20-04-2018,Vikram Bose,Maharashtra,Mumbai
B-20550,29-11-2019,Nandita Desai,Jammu and Kashmir,Jammu
B-20551,31-10-2019,Rahul Mohan,Maharashtra,Nashik
B-20552,1/10/2020,Sanjay Yadav,Himachal Pradesh,Manali
B-20553,3/6/2020,Sunita Tiwari,Punjab,Ludhiana
B-20554,25-06-2018,Gaurav Joshi,Karnataka,Hubli
B-20555,31-05-2018,Meena Iyer,Delhi,Dwarka
B-20556,22-07-2021,Deepa Malhotra,Andhra Pradesh,Vijayawada
B-20557,7/8/2018,Meena Sharma,Jammu and Kashmir,Jammu
B-20558,8/1/2020,Rekha Kumar,Delhi,Delhi
B-20559,1/6/2020,Geeta Shah,Himachal Pradesh,Manali
B-20560,31-07-2018,Rahul Singh,Madhya Pradesh,Indore
B-20561,7/5/2021,Nandita Mishra,Tamil Nadu,Chennai
B-20562,21-08-2019,Sneha Agarwal,Rajasthan,Jodhpur
B-20563,17-03-2021,Nikhil Patel,Haryana,Gurugram
B-20564,12/10/2018,Rekha Joshi,Maharashtra,Pune
B-20565,10/5/2018,Kiran Bose,Maharashtra,Nagpur
B-20566,18-09-2020,Suresh Yadav,Maharashtra,Pune
B-20567,4/7/2021,Dinesh Desai,Kerala,Thiruvananthapuram
B-20568,8/8/2018,Amit Joshi,Uttar Pradesh,Kanpur
B-20569,12/11/2019,Gaurav Agarwal,Karnataka,Mysuru
B-20570,20-06-2020,Madhav Bose,Karnataka,Hubli
B-20571,2/5/2021,Amit Joshi,Madhya Pradesh,Bhopal
B-20572,8/9/2020,Harivansh Patel,Goa,Margao
B-20573,20-08-2019,Dinesh Pillai,Karnataka,Mysuru
B-20574,10/2/2020,Rekha Agarwal,Andhra Pradesh,Tirupati
B-20575,14-02-2019,Tushar Shah,Delhi,Dwarka
B-20576,25-02-2018,Ravi Pandey,Maharashtra,Nagpur
B-20577,19-11-2021,Suresh Bose,Haryana,Gurugram
B-20578,21-07-2021,Asha Reddy,Maharashtra,Pune
B-20579,16-05-2020,Madan Singh,Gujarat,Rajkot
B-20580,7/4/2021,Rohit Shah,Bihar,Muzaffarpur
B-20581,6/5/2020,Jyoti Verma,Karnataka,Mysuru
B-20582,7/12/2021,Jyoti Desai,Kerala,Kochi
B-20583,12/8/2018,Kavita Tiwari,Nagaland,Kohima
B-20584,18-08-2021,Gaurav Verma,Punjab,Jalandhar
B-20585,19-10-2021,Rohit Mishra,Goa,Margao
B-20586,5/8/2018,Aarav Kumar,Maharashtra,Pune
B-20587,1/7/2020,Vishakha Agarwal,Gujarat,Surat
B-20588,8/12/2019,Rahul Chopra,Uttar Pradesh,Kanpur
B-20589,25-06-2018,Pooja Malhotra,Delhi,New Delhi
B-20590,4/12/2019,Ravi Nair,Bihar,Gaya
B-20591,2/9/2020,Vikram Das,Rajasthan,Kota
B-20592,16-10-2019,Suresh Joshi,Uttar Pradesh,Mathura
B-20593,16-02-2018,Madhav Mohan,Uttar Pradesh,Lucknow
B-20594,15-05-2019,Nikhil Patel,Himachal Pradesh,Manali
B-20595,20-02-2021,Arun Das,Maharashtra,Nashik
B-20596,13-07-2021,Sunita Patel,Kerala,Thiruvananthapuram
B-20597,21-03-2020,Rahul Malhotra,Punjab,Amritsar
B-20598,9/7/2020,Tushar Bose,Andhra Pradesh,Tirupati
B-20599,16-03-2019,Neha Iyer,Rajasthan,Jaipur
B-20600,28-03-2021,Vikram Shah,Delhi,New Delhi
B-20601,8/2/2019,Ravi Kumar,Maharashtra,Nashik
B-20602,16-12-2020,Harivansh Desai,Andhra Pradesh,Vijayawada
B-20603,17-04-2021,Pooja Yadav,Madhya Pradesh,Jabalpur
B-20604,18-06-2021,Sunita Tiwari,Haryana,Faridabad
B-20605,12/6/2021,Tushar Singh,Haryana,Faridabad
B-20606,30-08-2018,Kavita Joshi,Delhi,New Delhi
B-20607,21-11-2021,Deepa Mehta,Andhra Pradesh,Tirupati
B-20608,10/10/2018,Parvati Agarwal,Gujarat,Rajkot
B-20609,25-07-2021,Jyoti Pandey,West Bengal,Kolkata
B-20610,10/2/2021,Kiran Chopra,Madhya Pradesh,Bhopal
B-20611,7/10/2019,Geeta Desai,Uttar Pradesh,Agra
B-20612,20-01-2018,Dinesh Gupta,Maharashtra,Nashik
B-20613,24-02-2021,Lalita Mohan,Bihar,Muzaffarpur
B-20614,4/10/2020,Sneha Pandey,Tamil Nadu,Coimbatore
B-20615,9/12/2018,Meena Pillai,Uttar Pradesh,Lucknow
B-20616,22-08-2019,Priya Iyer,Maharashtra,Nagpur
B-20617,11/12/2018,Ravi Pillai,Rajasthan,Kota
B-20618,30-01-2021,Lalita Kumar,Punjab,Ludhiana
B-20619,17-01-2021,Vishakha Shah,Karnataka,Bengaluru
B-20620,22-06-2020,Jyoti Nair,Sikkim,Gangtok
B-20621,31-08-2021,Kavita Joshi,Tamil Nadu,Chennai
B-20622,10/7/2020,Manoj Yadav,Tamil Nadu,Chennai
B-20623,18-06-2020,Pooja Reddy,Maharashtra,Nagpur
B-20624,26-12-2021,Gaurav Mohan,Gujarat,Surat
B-20625,28-02-2019,Neha Verma,Punjab,Jalandhar
B-20626,30-07-2019,Nandita Shah,Delhi,Dwarka
B-20627,23-08-2019,Vikas Pillai,Maharashtra,Mumbai
B-20628,5/10/2018,Sneha Verma,Sikkim,Gangtok
B-20629,7/12/2021,Amit Reddy,Delhi,New Delhi
B-20630,22-05-2019,Rohit Chopra,Delhi,Dwarka
B-20631,5/7/2019,Sneha Agarwal,Gujarat,Ahmedabad
B-20632,5/4/2020,Lalita Malhotra,Maharashtra,Nagpur
B-20633,20-07-2020,Dinesh Mishra,Punjab,Jalandhar
B-20634,10/7/2018,Ravi Mohan,Nagaland,Dimapur
B-20635,10/5/2018,Jyoti Agarwal,Maharashtra,Nashik
B-20636,10/3/2019,Dinesh Iyer,Madhya Pradesh,Gwalior
B-20637,23-11-2019,Sunil Pillai,Delhi,New Delhi
B-20638,5/12/2019,Anita Verma,Uttar Pradesh,Kanpur
B-20639,3/2/2018,Pooja Patel,Gujarat,Ahmedabad
B-20640,26-05-2020,Rajesh Pandey,West Bengal,Siliguri
B-20641,11/9/2019,Kiran Iyer,Uttar Pradesh,Agra
B-20642,28-05-2019,Meena Yadav,Nagaland,Kohima
B-20643,17-04-2018,Rohit Mohan,Madhya Pradesh,Bhopal
B-20644,29-05-2020,Meena Pandey,Uttar Pradesh,Lucknow
B-20645,3/9/2020,Suresh Gupta,Punjab,Jalandhar
B-20646,24-10-2021,Geeta Sharma,Uttar Pradesh,Agra
B-20647,4/9/2018,Arun Pandey,Delhi,Delhi
B-20648,14-04-2019,Madan Singh,Rajasthan,Jaipur
B-20649,31-07-2018,Harivansh Yadav,Tamil Nadu,Chennai
B-20650,23-02-2020,Amit Mohan,Sikkim,Gangtok
B-20651,21-05-2018,Nikhil Pillai,Uttar Pradesh,Lucknow
B-20652,20-06-2020,Gopal Malhotra,Maharashtra,Pune
B-20653,23-04-2020,Gaurav Tiwari,Gujarat,Surat
B-20654,27-06-2018,Vikram Gupta,Rajasthan,Kota
B-20655,21-12-2019,Arun Mishra,Karnataka,Bengaluru
B-20656,22-07-2019,Meena Reddy,Himachal Pradesh,Dharamsala
B-20657,29-05-2021,Vikas Pandey,Uttar Pradesh,Agra
B-20658,25-02-2019,Nikhil Desai,Bihar,Muzaffarpur
B-20659,13-03-2020,Vikas Mohan,Uttar Pradesh,Lucknow
B-20660,10/10/2020,Madan Kumar,Maharashtra,Mumbai
B-20661,17-12-2020,Aarav Yadav,Jammu and Kashmir,Srinagar
B-20662,3/3/2020,Parvati Bose,Andhra Pradesh,Tirupati
B-20663,20-12-2018,Shalini Singh,Uttar Pradesh,Mathura
B-20664,29-01-2018,Manoj Nair,Uttar Pradesh,Mathura
B-20665,26-03-2020,Lalita Joshi,Kerala,Kozhikode
B-20666,30-04-2020,Arun Pandey,Andhra Pradesh,Tirupati
B-20667,3/1/2021,Jyoti Desai,Delhi,Delhi
B-20668,27-09-2019,Meena Mehta,West Bengal,Kolkata
B-20669,3/1/2021,Harivansh Agarwal,Punjab,Jalandhar
B-20670,26-10-2021,Suresh Joshi,Haryana,Hisar
B-20671,4/5/2019,Anita Reddy,Uttar Pradesh,Kanpur
B-20672,26-08-2018,Ravi Desai,Punjab,Ludhiana
B-20673,26-09-2021,Sunita Kumar,Uttar Pradesh,Lucknow
B-20674,7/12/2021,Aarav Patel,Bihar,Gaya
B-20675,7/12/2020,Nikhil Malhotra,Maharashtra,Nagpur
B-20676,17-09-2018,Rekha Malhotra,Tamil Nadu,Chennai
B-20677,18-11-2019,Arun Iyer,Bihar,Gaya
B-20678,29-12-2021,Parvati Mohan,Uttar Pradesh,Kanpur
B-20679,12/11/2020,Vishakha Verma,Bihar,Muzaffarpur
B-20680,8/12/2018,Vishakha Patel,Maharashtra,Mumbai
B-20681,21-03-2021,Pooja Reddy,Rajasthan,Jaipur
B-20682,1/4/2018,Aarav Reddy,Uttar Pradesh,Agra
B-20683,24-02-2020,Deepa Patel,West Bengal,Kolkata
B-20684,6/2/2021,Sneha Reddy,Madhya Pradesh,Jabalpur
B-20685,18-10-2019,Rekha Singh,Punjab,Amritsar
B-20686,25-10-2020,Anita Patel,Maharashtra,Mumbai
B-20687,1/4/2020,Suresh Das,Tamil Nadu,Coimbatore
B-20688,2/11/2019,Meena Shah,Gujarat,Vadodara
B-20689,15-02-2019,Vikas Pillai,Karnataka,Hubli
B-20690,29-06-2021,Kavita Das,Andhra Pradesh,Vijayawada
B-20691,5/2/2019,Jyoti Reddy,Delhi,New Delhi
B-20692,18-02-2018,Sanjay Shah,Madhya Pradesh,Indore
B-20693,18-11-2019,Aarav Tiwari,Andhra Pradesh,Tirupati
B-20694,22-09-2019,Vikram Nair,Bihar,Patna
B-20695,9/5/2020,Dinesh Verma,Goa,Panaji
B-20696,28-12-2021,Rekha Singh,Uttar Pradesh,Lucknow
B-20697,30-11-2020,Sneha Pandey,West Bengal,Howrah
B-20698,23-06-2018,Tushar Kumar,Bihar,Muzaffarpur
B-20699,18-03-2020,Suresh Pillai,Punjab,Ludhiana
B-20700,18-09-2021,Amit Reddy,Madhya Pradesh,Gwalior
B-20701,15-03-2020,Harivansh Mishra,Gujarat,Surat
B-20702,2/6/2018,Rajesh Gupta,Rajasthan,Jaipur
B-20703,15-11-2018,Vikram Patel,Gujarat,Vadodara
B-20704,12/4/2020,Pooja Shah,Andhra Pradesh,Visakhapatnam
B-20705,14-07-2020,Asha Das,Maharashtra,Mumbai
B-20706,5/7/2018,Kiran Tiwari,Madhya Pradesh,Indore
B-20707,17-03-2019,Harivansh Gupta,Uttar Pradesh,Lucknow
B-20708,30-12-2019,Rohit Mehta,Uttar Pradesh,Agra
B-20709,17-06-2019,Sunita Sharma,Jammu and Kashmir,Jammu
B-20710,12/2/2021,Sunil Reddy,Uttar Pradesh,Mathura
B-20711,14-10-2018,Pooja Sharma,Uttar Pradesh,Lucknow
B-20712,25-09-2018,Rajesh Agarwal,Andhra Pradesh,Tirupati
B-20713,13-08-2021,Meena Pillai,Punjab,Amritsar
B-20714,14-02-2018,Suresh Nair,West Bengal,Howrah
B-20715,21-09-2018,Meena Mishra,Delhi,New Delhi
B-20716,14-04-2018,Kiran Pillai,Gujarat,Rajkot
B-20717,13-10-2020,Rahul Agarwal,Haryana,Gurugram
B-20718,26-12-2019,Neha Patel,Maharashtra,Nashik
B-20719,1/11/2018,Priya Desai,Kerala,Kochi
B-20720,18-08-2021,Vikas Chopra,Gujarat,Rajkot
B-20721,5/5/2018,Meena Iyer,Andhra Pradesh,Vijayawada
B-20722,13-02-2019,Nikhil Reddy,Kerala,Kozhikode
B-20723,9/2/2018,Madan Pandey,Andhra Pradesh,Tirupati
B-20724,19-09-2020,Gopal Pillai,Bihar,Gaya
B-20725,8/7/2019,Sunita Sharma,Madhya Pradesh,Bhopal
B-20726,2/3/2018,Rekha Verma,Karnataka,Mysuru
B-20727,20-12-2020,Gopal Pillai,Sikkim,Gangtok
B-20728,25-07-2018,Kavita Tiwari,Maharashtra,Mumbai
B-20729,26-03-2019,Parvati Agarwal,Madhya Pradesh,Bhopal
B-20730,27-12-2018,Kavita Pillai,Madhya Pradesh,Gwalior
B-20731,26-04-2021,Rahul Pandey,Haryana,Hisar
B-20732,28-02-2021,Deepa Pillai,Jammu and Kashmir,Jammu
B-20733,15-01-2021,Asha Patel,Bihar,Patna
B-20734,26-04-2018,Sanjay Desai,Maharashtra,Nashik
B-20735,2/1/2018,Madhav Desai,Maharashtra,Pune
B-20736,29-11-2019,Sunita Mishra,Uttar Pradesh,Lucknow
B-20737,16-04-2021,Deepa Kumar,Tamil Nadu,Coimbatore
B-20738,29-05-2018,Vishakha Pandey,Jammu and Kashmir,Jammu
B-20739,15-04-2021,Vikram Mishra,Madhya Pradesh,Bhopal
B-20740,19-11-2018,Arun Mohan,Goa,Margao
B-20741,23-12-2018,Sunil Pandey,Tamil Nadu,Madurai
B-20742,1/1/2020,Sanjay Tiwari,Punjab,Amritsar
B-20743,14-02-2020,Asha Malhotra,Haryana,Gurugram
B-20744,30-12-2018,Aarav Pandey,Jammu and Kashmir,Jammu
B-20745,8/3/2021,Priya Patel,Punjab,Jalandhar
B-20746,29-03-2019,Parvati Kumar,Jammu and Kashmir,Srinagar
B-20747,10/11/2019,Suresh Reddy,Madhya Pradesh,Gwalior
B-20748,10/12/2018,Meena Pandey,Nagaland,Dimapur
B-20749,3/7/2020,Aarav Iyer,Maharashtra,Mumbai
B-20750,19-12-2019,Manoj Kumar,Rajasthan,Jaipur
B-20751,1/3/2020,Geeta Malhotra,Gujarat,Surat
B-20752,27-04-2020,Dinesh Agarwal,Madhya Pradesh,Jabalpur
B-20753,27-07-2018,Shalini Pillai,Kerala,Kozhikode
B-20754,7/4/2019,Kiran Das,Uttar Pradesh,Mathura
B-20755,27-08-2019,Rahul Mishra,Maharashtra,Mumbai
B-20756,1/6/2018,Madhav Patel,Tamil Nadu,Chennai
B-20757,3/6/2018,Sunil Singh,Madhya Pradesh,Jabalpur
B-20758,13-12-2021,Rahul Bose,Jammu and Kashmir,Srinagar
B-20759,28-05-2021,Arun Patel,Uttar Pradesh,Agra
B-20760,25-02-2019,Rajesh Bose,Haryana,Hisar
B-20761,11/1/2021,Manoj Tiwari,Maharashtra,Pune
B-20762,16-07-2018,Anita Agarwal,Punjab,Ludhiana
B-20763,11/11/2018,Anita Yadav,Uttar Pradesh,Mathura
B-20764,27-08-2019,Nandita Chopra,Maharashtra,Mumbai
B-20765,28-02-2019,Kiran Mohan,Madhya Pradesh,Indore
B-20766,27-08-2020,Pooja Joshi,Karnataka,Mysuru
B-20767,28-09-2020,Manoj Singh,Kerala,Thiruvananthapuram
B-20768,14-01-2019,Vishakha Agarwal,Andhra Pradesh,Vijayawada
B-20769,2/4/2018,Manoj Das,Gujarat,Surat
B-20770,5/7/2019,Parvati Verma,Delhi,Dwarka
B-20771,28-09-2021,Vikram Singh,Nagaland,Dimapur
B-20772,22-04-2021,Sanjay Shah,Uttar Pradesh,Kanpur
B-20773,6/12/2020,Sneha Shah,Haryana,Faridabad
B-20774,18-03-2021,Kavita Chopra,Madhya Pradesh,Jabalpur
B-20775,13-03-2018,Lalita Pillai,West Bengal,Siliguri
B-20776,19-10-2021,Gaurav Gupta,Delhi,New Delhi
B-20777,21-12-2018,Kiran Nair,Karnataka,Bengaluru
B-20778,29-03-2018,Arun Singh,Sikkim,Namchi
B-20779,18-02-2019,Deepa Desai,Maharashtra,Mumbai
B-20780,28-06-2018,Madan Shah,Andhra Pradesh,Vijayawada
B-20781,20-07-2019,Nikhil Das,West Bengal,Kolkata
B-20782,5/12/2021,Gaurav Pillai,Bihar,Gaya
B-20783,19-08-2018,Sneha Gupta,Delhi,Dwarka
B-20784,8/4/2021,Vikram Kumar,Punjab,Amritsar
B-20785,9/8/2019,Jyoti Yadav,Tamil Nadu,Coimbatore
B-20786,24-02-2020,Dinesh Pillai,Punjab,Amritsar
B-20787,19-12-2018,Rekha Agarwal,Delhi,Dwarka
B-20788,26-10-2021,Rohit Verma,Andhra Pradesh,Vijayawada
B-20789,15-11-2021,Kavita Verma,Rajasthan,Udaipur
B-20790,2/2/2020,Rahul Mishra,Karnataka,Mysuru
B-20791,29-09-2019,Rekha Chopra,Tamil Nadu,Madurai
B-20792,21-07-2018,Sanjay Gupta,Madhya Pradesh,Jabalpur
B-20793,20-10-2019,Rekha Malhotra,Gujarat,Ahmedabad
B-20794,20-01-2019,Geeta Nair,West Bengal,Howrah
B-20795,19-09-2020,Nikhil Yadav,Karnataka,Hubli
B-20796,22-11-2018,Suresh Joshi,Haryana,Faridabad
B-20797,5/10/2018,Nikhil Pillai,Uttar Pradesh,Lucknow
B-20798,16-02-2019,Anita Reddy,Uttar Pradesh,Mathura
B-20799,9/1/2020,Rajesh Iyer,Andhra Pradesh,Vijayawada
B-20800,31-10-2020,Rohit Mohan,West Bengal,Siliguri
B-20801,4/3/2018,Kavita Yadav,Bihar,Gaya
B-20802,30-12-2018,Shalini Pillai,Himachal Pradesh,Manali
B-20803,1/12/2018,Manoj Malhotra,Karnataka,Bengaluru
B-20804,7/8/2019,Rahul Agarwal,Uttar Pradesh,Varanasi
B-20805,15-03-2019,Sanjay Mohan,Maharashtra,Pune
B-20806,6/7/2019,Sneha Mehta,Uttar Pradesh,Mathura
B-20807,28-08-2020,Amit Mohan,Delhi,Delhi
B-20808,4/4/2019,Manoj Desai,Karnataka,Mysuru
B-20809,30-12-2021,Rekha Bose,West Bengal,Howrah
B-20810,29-07-2020,Manoj Nair,Gujarat,Rajkot
B-20811,12/4/2021,Vikram Sharma,Bihar,Muzaffarpur
B-20812,6/2/2020,Sunil Mohan,Punjab,Ludhiana
B-20813,4/9/2019,Vikram Chopra,Uttar Pradesh,Agra
B-20814,4/8/2021,Harivansh Iyer,Maharashtra,Nagpur
B-20815,21-01-2019,Deepa Mehta,Rajasthan,Jaipur
B-20816,13-05-2021,Rohit Tiwari,Madhya Pradesh,Bhopal
B-20817,22-02-2018,Dinesh Joshi,Maharashtra,Nashik
B-20818,8/4/2020,Madan Malhotra,Uttar Pradesh,Varanasi
B-20819,24-01-2019,Madhav Malhotra,Rajasthan,Kota
B-20820,7/10/2021,Gopal Mehta,Madhya Pradesh,Bhopal
B-20821,8/9/2021,Sunil Patel,Madhya Pradesh,Jabalpur
B-20822,20-09-2018,Manoj Malhotra,Karnataka,Bengaluru
B-20823,24-10-2021,Madhav Mohan,Uttar Pradesh,Agra
B-20824,3/4/2019,Asha Bose,Karnataka,Mysuru
B-20825,1/2/2020,Manoj Pillai,Madhya Pradesh,Indore
B-20826,21-08-2020,Anita Mohan,Punjab,Jalandhar
B-20827,26-05-2018,Shalini Nair,Bihar,Muzaffarpur
B-20828,21-02-2020,Nikhil Joshi,Gujarat,Surat
B-20829,9/10/2018,Rajesh Mishra,Andhra Pradesh,Tirupati
B-20830,26-07-2020,Deepa Mishra,Tamil Nadu,Chennai
B-20831,15-06-2018,Dinesh Mishra,Kerala,Kochi
B-20832,4/10/2019,Anita Sharma,Gujarat,Surat
B-20833,12/12/2018,Parvati Patel,Bihar,Patna
B-20834,23-09-2018,Gaurav Bose,Kerala,Thiruvananthapuram
B-20835,28-05-2020,Shalini Agarwal,Uttar Pradesh,Varanasi
B-20836,13-02-2019,Vishakha Sharma,West Bengal,Siliguri
B-20837,26-01-2019,Rahul Tiwari,Uttar Pradesh,Lucknow
B-20838,9/4/2019,Gopal Joshi,Delhi,New Delhi
B-20839,27-10-2020,Tushar Joshi,Delhi,Delhi
B-20840,3/9/2019,Vikas Das,Rajasthan,Udaipur
B-20841,7/6/2020,Amit Mishra,Sikkim,Namchi
B-20842,6/1/2020,Rajesh Patel,Jammu and Kashmir,Jammu
B-20843,9/2/2018,Sanjay Reddy,Rajasthan,Jodhpur
B-20844,9/3/2019,Rahul Pillai,Bihar,Patna
B-20845,21-01-2020,Priya Agarwal,Tamil Nadu,Coimbatore
B-20846,31-12-2020,Gaurav Verma,Punjab,Amritsar
B-20847,17-09-2021,Vikram Mohan,Tamil Nadu,Chennai
B-20848,13-11-2021,Pooja Bose,Gujarat,Ahmedabad
B-20849,25-01-2021,Manoj Chopra,Haryana,Gurugram
B-20850,24-11-2021,Aarav Joshi,Gujarat,Ahmedabad
B-20851,18-09-2021,Nikhil Iyer,Kerala,Kozhikode
B-20852,8/10/2018,Sneha Kumar,Bihar,Muzaffarpur
B-20853,30-08-2018,Vikas Kumar,Karnataka,Mysuru
B-20854,11/2/2019,Nandita Nair,Rajasthan,Jodhpur
B-20855,4/1/2020,Sneha Joshi,Delhi,Dwarka
B-20856,13-10-2020,Neha Pandey,Jammu and Kashmir,Jammu
B-20857,26-04-2019,Aarav Sharma,Haryana,Gurugram
B-20858,21-03-2021,Dinesh Gupta,Jammu and Kashmir,Srinagar
B-20859,27-07-2018,Manoj Mohan,Maharashtra,Nagpur
B-20860,25-06-2019,Ravi Verma,Uttar Pradesh,Lucknow
B-20861,22-03-2018,Vikas Yadav,Karnataka,Mysuru
B-20862,22-05-2020,Pooja Kumar,Tamil Nadu,Chennai
B-20863,20-01-2018,Amit Tiwari,Kerala,Thiruvananthapuram
B-20864,3/1/2020,Geeta Desai,Maharashtra,Mumbai
B-20865,3/2/2020,Madhav Patel,Delhi,New Delhi
B-20866,23-07-2020,Rekha Agarwal,Haryana,Faridabad
B-20867,13-05-2020,Kiran Kumar,Delhi,Dwarka
B-20868,1/5/2018,Kiran Kumar,Gujarat,Rajkot
B-20869,11/3/2021,Geeta Patel,Punjab,Ludhiana
B-20870,6/6/2021,Rahul Tiwari,Tamil Nadu,Madurai
B-20871,25-09-2018,Shalini Chopra,Delhi,New Delhi
B-20872,21-06-2020,Priya Singh,Maharashtra,Nagpur
B-20873,26-01-2018,Nikhil Malhotra,Punjab,Jalandhar
B-20874,4/4/2019,Madhav Mehta,Bihar,Muzaffarpur
B-20875,20-06-2021,Vikram Bose,Nagaland,Kohima
B-20876,13-09-2020,Gopal Tiwari,Haryana,Faridabad
B-20877,1/11/2018,Sunil Desai,Uttar Pradesh,Lucknow
B-20878,1/11/2020,Shalini Chopra,Tamil Nadu,Chennai
B-20879,3/10/2020,Harivansh Reddy,Madhya Pradesh,Gwalior
B-20880,14-04-2018,Lalita Reddy,Himachal Pradesh,Manali
B-20881,5/4/2020,Kavita Singh,Gujarat,Rajkot
B-20882,30-06-2018,Dinesh Das,Madhya Pradesh,Jabalpur
B-20883,31-08-2021,Rahul Kumar,Andhra Pradesh,Visakhapatnam
B-20884,15-02-2021,Sunil Sharma,Karnataka,Hubli
B-20885,21-06-2021,Asha Mehta,Punjab,Jalandhar
B-20886,7/10/2021,Ravi Mishra,Andhra Pradesh,Visakhapatnam
B-20887,2/4/2019,Ravi Mishra,Himachal Pradesh,Dharamsala
B-20888,13-05-2021,Shalini Pandey,Kerala,Kozhikode
B-20889,15-07-2020,Pooja Kumar,Rajasthan,Jodhpur
B-20890,5/1/2018,Madhav Yadav,Karnataka,Mysuru
B-20891,26-01-2021,Nikhil Yadav,Haryana,Gurugram
B-20892,3/12/2018,Dinesh Gupta,Karnataka,Hubli
B-20893,18-04-2020,Vikram Iyer,Punjab,Amritsar
B-20894,5/9/2018,Rohit Nair,Gujarat,Surat
B-20895,24-11-2019,Vikram Bose,Uttar Pradesh,Varanasi
B-20896,10/9/2018,Geeta Das,Nagaland,Kohima
B-20897,18-10-2020,Aarav Mehta,Rajasthan,Kota
B-20898,13-04-2021,Shalini Mehta,Karnataka,Bengaluru
B-20899,17-11-2021,Tushar Patel,Rajasthan,Jodhpur
B-20900,1/8/2018,Madan Tiwari,Punjab,Ludhiana
B-20901,29-10-2020,Madan Bose,Goa,Panaji
B-20902,15-07-2019,Rohit Mishra,Goa,Margao
B-20903,1/10/2018,Amit Bose,Punjab,Jalandhar
B-20904,15-11-2020,Asha Pandey,Himachal Pradesh,Manali
B-20905,28-12-2021,Sunil Mohan,Maharashtra,Pune
B-20906,2/7/2021,Vikas Tiwari,Madhya Pradesh,Bhopal
B-20907,25-12-2021,Sunita Mehta,Himachal Pradesh,Dharamsala
B-20908,23-10-2019,Pooja Yadav,Punjab,Jalandhar
B-20909,14-03-2021,Sneha Tiwari,Rajasthan,Udaipur
B-20910,15-05-2020,Aarav Mehta,Uttar Pradesh,Kanpur
B-20911,25-10-2018,Anita Tiwari,Uttar Pradesh,Agra
B-20912,26-11-2018,Vikas Tiwari,Maharashtra,Mumbai
B-20913,15-11-2021,Vikas Nair,Rajasthan,Jaipur
B-20914,5/1/2020,Geeta Kumar,Punjab,Jalandhar
B-20915,24-02-2021,Sanjay Malhotra,Kerala,Thiruvananthapuram
B-20916,2/5/2019,Lalita Pandey,Maharashtra,Mumbai
B-20917,21-02-2020,Madan Bose,Jammu and Kashmir,Jammu
B-20918,4/2/2021,Anita Sharma,Rajasthan,Jodhpur
B-20919,24-06-2021,Geeta Reddy,West Bengal,Siliguri
B-20920,24-12-2021,Vishakha Pillai,Himachal Pradesh,Dharamsala
B-20921,7/2/2019,Rajesh Joshi,Gujarat,Ahmedabad
B-20922,18-01-2019,Sunita Malhotra,Bihar,Gaya
B-20923,25-03-2018,Arun Iyer,Himachal Pradesh,Shimla
B-20924,26-11-2018,Tushar Iyer,Uttar Pradesh,Kanpur
B-20925,24-12-2021,Deepa Verma,Delhi,New Delhi
B-20926,7/5/2021,Anita Mohan,Punjab,Jalandhar
B-20927,9/9/2019,Dinesh Pillai,Himachal Pradesh,Shimla
B-20928,20-12-2021,Harivansh Mehta,Maharashtra,Pune
B-20929,2/12/2020,Suresh Mehta,Delhi,Dwarka
B-20930,4/1/2021,Rohit Singh,Madhya Pradesh,Bhopal
B-20931,20-09-2021,Madhav Mishra,Andhra Pradesh,Visakhapatnam
B-20932,20-06-2021,Nikhil Chopra,Sikkim,Gangtok
B-20933,23-08-2018,Gopal Das,Maharashtra,Pune
B-20934,23-03-2018,Harivansh Agarwal,West Bengal,Kolkata
B-20935,1/3/2020,Manoj Shah,Rajasthan,Jaipur
B-20936,24-11-2020,Vishakha Mehta,Karnataka,Mysuru
B-20937,23-09-2020,Priya Joshi,West Bengal,Kolkata
B-20938,19-10-2019,Lalita Singh,Jammu and Kashmir,Srinagar
B-20939,6/1/2021,Jyoti Sharma,Kerala,Kochi
B-20940,4/10/2021,Neha Tiwari,Gujarat,Ahmedabad
B-20941,26-02-2019,Jyoti Pandey,Tamil Nadu,Madurai
B-20942,10/6/2020,Suresh Malhotra,Haryana,Gurugram
B-20943,29-07-2020,Madhav Verma,Uttar Pradesh,Mathura
B-20944,31-12-2018,Manoj Shah,Uttar Pradesh,Lucknow
B-20945,14-06-2019,Sneha Agarwal,Gujarat,Rajkot
B-20946,5/6/2020,Harivansh Sharma,Andhra Pradesh,Visakhapatnam
B-20947,31-12-2020,Aarav Mohan,Rajasthan,Jaipur
B-20948,14-04-2021,Priya Pandey,Tamil Nadu,Coimbatore
B-20949,26-10-2020,Vikram Joshi,Karnataka,Mysuru
B-20950,27-05-2021,Meena Joshi,Rajasthan,Kota
B-20951,21-02-2020,Rohit Tiwari,Uttar Pradesh,Lucknow
B-20952,28-12-2020,Sanjay Gupta,Rajasthan,Udaipur
B-20953,22-07-2021,Deepa Joshi,Haryana,Hisar
B-20954,19-08-2021,Vishakha Sharma,Himachal Pradesh,Dharamsala
B-20955,17-10-2018,Pooja Verma,Uttar Pradesh,Varanasi
B-20956,18-03-2020,Jyoti Shah,Jammu and Kashmir,Jammu
B-20957,7/3/2019,Gopal Nair,Gujarat,Surat
B-20958,26-11-2018,Sunita Reddy,Kerala,Thiruvananthapuram
B-20959,2/2/2019,Pooja Patel,Nagaland,Kohima
B-20960,29-01-2021,Ravi Mohan,Himachal Pradesh,Manali
B-20961,7/10/2021,Suresh Iyer,Uttar Pradesh,Varanasi
B-20962,24-09-2020,Madhav Yadav,Delhi,Dwarka
B-20963,26-04-2019,Vikram Joshi,Kerala,Kochi
B-20964,13-10-2019,Dinesh Das,Madhya Pradesh,Gwalior
B-20965,21-11-2021,Tushar Gupta,Punjab,Ludhiana
B-20966,10/10/2019,Arun Patel,Uttar Pradesh,Lucknow
B-20967,30-03-2019,Arun Iyer,Tamil Nadu,Chennai
B-20968,23-10-2021,Madhav Chopra,Gujarat,Vadodara
B-20969,18-09-2019,Dinesh Shah,Uttar Pradesh,Varanasi
B-20970,17-06-2018,Rekha Gupta,West Bengal,Kolkata
B-20971,24-06-2019,Suresh Malhotra,Uttar Pradesh,Mathura
B-20972,4/11/2020,Rahul Pillai,Punjab,Jalandhar
B-20973,12/3/2019,Priya Shah,Maharashtra,Nashik
B-20974,1/9/2021,Deepa Yadav,Andhra Pradesh,Tirupati
B-20975,19-08-2019,Amit Das,Bihar,Patna
B-20976,23-03-2020,Vishakha Mehta,Uttar Pradesh,Lucknow
B-20977,11/6/2021,Kiran Mehta,Delhi,Delhi
B-20978,2/1/2019,Parvati Pillai,Nagaland,Kohima
B-20979,17-09-2020,Gopal Verma,Maharashtra,Nashik
B-20980,20-04-2019,Suresh Iyer,Andhra Pradesh,Visakhapatnam
B-20981,1/10/2021,Neha Mehta,West Bengal,Howrah
B-20982,5/3/2020,Shalini Das,Tamil Nadu,Chennai
B-20983,21-08-2021,Harivansh Kumar,Haryana,Hisar
B-20984,21-07-2021,Rekha Malhotra,Maharashtra,Pune
B-20985,11/2/2020,Madan Yadav,Punjab,Amritsar
B-20986,24-11-2020,Manoj Agarwal,Goa,Panaji
B-20987,23-11-2020,Rohit Yadav,Karnataka,Mysuru
B-20988,24-09-2020,Shalini Desai,Uttar Pradesh,Lucknow
B-20989,19-06-2020,Kiran Reddy,Uttar Pradesh,Agra
B-20990,10/3/2019,Deepa Patel,Delhi,Dwarka
B-20991,31-08-2018,Sanjay Bose,Karnataka,Hubli
B-20992,21-08-2018,Shalini Tiwari,Gujarat,Surat
B-20993,24-04-2021,Kiran Mohan,Karnataka,Bengaluru
B-20994,15-05-2019,Priya Gupta,Punjab,Amritsar
B-20995,3/10/2018,Lalita Verma,West Bengal,Kolkata
B-20996,25-04-2018,Kiran Iyer,West Bengal,Siliguri
B-20997,10/4/2020,Nandita Pillai,Kerala,Kozhikode
B-20998,17-09-2021,Vikas Singh,Maharashtra,Nashik
B-20999,13-09-2020,Kiran Reddy,Karnataka,Hubli
B-21000,20-10-2018,Tushar Patel,Kerala,Kozhikode
B-21001,26-06-2019,Kiran Malhotra,Haryana,Faridabad
B-21002,6/5/2021,Tushar Singh,Maharashtra,Nashik
B-21003,28-09-2018,Vikram Sharma,Maharashtra,Nashik
B-21004,3/11/2018,Nandita Kumar,Delhi,Dwarka
B-21005,13-05-2021,Priya Shah,Bihar,Patna
B-21006,10/7/2018,Shalini Tiwari,Delhi,Dwarka
B-21007,9/1/2021,Aarav Tiwari,Kerala,Kozhikode
B-21008,11/5/2020,Vishakha Verma,Haryana,Faridabad
B-21009,15-04-2019,Shalini Agarwal,Madhya Pradesh,Indore
B-21010,21-05-2020,Amit Iyer,Gujarat,Surat
B-21011,21-06-2018,Vikas Desai,Tamil Nadu,Coimbatore
B-21012,12/6/2019,Rajesh Sharma,Haryana,Gurugram
B-21013,29-03-2021,Nikhil Kumar,Bihar,Gaya
B-21014,2/9/2021,Neha Pandey,Karnataka,Mysuru
B-21015,12/1/2020,Vikram Gupta,Gujarat,Vadodara
B-21016,20-06-2019,Jyoti Bose,Punjab,Jalandhar
B-21017,19-07-2019,Rohit Nair,Gujarat,Rajkot
B-21018,2/1/2019,Vishakha Shah,Himachal Pradesh,Manali
B-21019,21-09-2019,Parvati Yadav,Rajasthan,Kota
B-21020,10/10/2018,Pooja Malhotra,Maharashtra,Pune
B-21021,25-07-2018,Neha Mehta,Andhra Pradesh,Vijayawada
B-21022,1/2/2021,Gaurav Pandey,Haryana,Gurugram
B-21023,26-11-2018,Madan Mohan,Uttar Pradesh,Mathura
B-21024,25-10-2018,Shalini Desai,Gujarat,Ahmedabad
B-21025,23-06-2019,Sanjay Yadav,Uttar Pradesh,Mathura
B-21026,27-02-2020,Rohit Desai,Kerala,Thiruvananthapuram
B-21027,28-12-2021,Nandita Verma,Jammu and Kashmir,Srinagar
B-21028,4/8/2021,Dinesh Das,Uttar Pradesh,Varanasi
B-21029,9/8/2019,Rajesh Verma,Karnataka,Hubli
B-21030,22-11-2020,Sanjay Desai,Delhi,Delhi
B-21031,7/1/2020,Kavita Mohan,Uttar Pradesh,Lucknow
B-21032,27-06-2018,Rekha Agarwal,Madhya Pradesh,Jabalpur
B-21033,10/4/2020,Tushar Nair,Bihar,Muzaffarpur
B-21034,12/12/2021,Suresh Singh,Himachal Pradesh,Dharamsala
B-21035,19-02-2021,Tushar Yadav,Madhya Pradesh,Gwalior
B-21036,9/4/2019,Nandita Nair,Gujarat,Rajkot
B-21037,23-03-2021,Aarav Iyer,Delhi,Dwarka
B-21038,7/8/2018,Sunil Singh,Bihar,Gaya
B-21039,28-08-2018,Lalita Iyer,Tamil Nadu,Madurai
B-21040,28-05-2019,Geeta Agarwal,Punjab,Amritsar
B-21041,27-11-2019,Ravi Tiwari,Gujarat,Ahmedabad
B-21042,14-09-2020,Pooja Iyer,Uttar Pradesh,Lucknow
B-21043,18-10-2021,Sanjay Mishra,Gujarat,Vadodara
B-21044,23-11-2020,Jyoti Sharma,Haryana,Faridabad
B-21045,24-05-2019,Vikas Singh,Andhra Pradesh,Tirupati
B-21046,2/12/2019,Suresh Shah,West Bengal,Howrah
B-21047,5/10/2019,Gopal Nair,West Bengal,Howrah
B-21048,10/1/2019,Rajesh Chopra,Rajasthan,Jodhpur
B-21049,11/5/2019,Manoj Nair,Maharashtra,Pune
B-21050,20-06-2021,Gopal Gupta,Rajasthan,Jaipur
B-21051,10/6/2018,Dinesh Desai,Uttar Pradesh,Varanasi
B-21052,28-03-2018,Shalini Yadav,Kerala,Thiruvananthapuram
B-21053,22-03-2021,Rekha Chopra,Delhi,Dwarka
B-21054,28-07-2019,Rohit Reddy,Rajasthan,Jodhpur
B-21055,21-04-2018,Nikhil Bose,Gujarat,Ahmedabad
B-21056,26-10-2020,Gopal Agarwal,Tamil Nadu,Chennai
B-21057,25-07-2020,Pooja Pandey,Bihar,Gaya
B-21058,12/11/2021,Aarav Sharma,Haryana,Faridabad
B-21059,4/4/2021,Vikram Mishra,Andhra Pradesh,Vijayawada
B-21060,19-01-2019,Sunil Iyer,Maharashtra,Nashik
B-21061,9/6/2021,Madhav Yadav,Delhi,New Delhi
B-21062,8/3/2019,Sneha Pandey,Rajasthan,Udaipur
B-21063,31-03-2020,Rekha Das,Delhi,Delhi
B-21064,25-03-2021,Sanjay Kumar,Rajasthan,Jodhpur
B-21065,11/2/2021,Arun Agarwal,Maharashtra,Pune
B-21066,26-08-2020,Aarav Patel,Gujarat,Surat
B-21067,15-07-2021,Nikhil Shah,Rajasthan,Kota
B-21068,7/9/2019,Manoj Shah,Tamil Nadu,Chennai
B-21069,26-03-2020,Vikram Pandey,Delhi,Delhi
B-21070,5/6/2019,Shalini Mohan,Uttar Pradesh,Agra
B-21071,17-06-2019,Vishakha Yadav,Himachal Pradesh,Manali
B-21072,6/12/2019,Rahul Bose,Delhi,Dwarka
B-21073,25-05-2021,Rajesh Pillai,Punjab,Jalandhar
B-21074,7/1/2021,Sunita Joshi,Madhya Pradesh,Jabalpur
B-21075,4/7/2020,Meena Agarwal,Punjab,Ludhiana
B-21076,17-07-2021,Deepa Patel,Kerala,Thiruvananthapuram
B-21077,13-05-2020,Gaurav Pillai,Andhra Pradesh,Visakhapatnam
B-21078,12/6/2018,Kiran Mishra,Maharashtra,Nagpur
B-21079,30-08-2021,Vikas Pandey,Maharashtra,Nashik
B-21080,10/7/2019,Geeta Yadav,Rajasthan,Kota
B-21081,27-04-2020,Kiran Patel,Tamil Nadu,Chennai
B-21082,26-04-2019,Manoj Malhotra,Haryana,Gurugram
B-21083,8/3/2019,Kiran Agarwal,Uttar Pradesh,Mathura
B-21084,27-08-2020,Sunil Verma,Uttar Pradesh,Kanpur
B-21085,9/12/2020,Meena Kumar,Maharashtra,Pune
B-21086,22-06-2018,Madan Joshi,Maharashtra,Nagpur
B-21087,26-06-2020,Amit Gupta,Bihar,Patna
B-21088,28-02-2018,Priya Tiwari,Andhra Pradesh,Vijayawada
B-21089,2/9/2020,Ravi Shah,Jammu and Kashmir,Jammu
B-21090,4/10/2018,Jyoti Patel,Punjab,Ludhiana
B-21091,16-07-2021,Parvati Bose,Bihar,Muzaffarpur
B-21092,29-12-2020,Asha Yadav,Bihar,Patna
B-21093,3/7/2018,Geeta Joshi,Andhra Pradesh,Vijayawada
B-21094,15-11-2018,Asha Sharma,Uttar Pradesh,Lucknow
B-21095,6/12/2019,Vikas Chopra,Himachal Pradesh,Dharamsala
B-21096,4/10/2020,Shalini Joshi,Uttar Pradesh,Kanpur
B-21097,23-08-2019,Nandita Reddy,Karnataka,Hubli
B-21098,5/2/2020,Rajesh Bose,Tamil Nadu,Coimbatore
B-21099,19-03-2020,Kavita Patel,Rajasthan,Kota
B-21100,14-02-2020,Sanjay Iyer,Uttar Pradesh,Lucknow
B-21101,24-11-2020,Gaurav Pandey,Haryana,Faridabad
B-21102,21-08-2021,Jyoti Iyer,Gujarat,Ahmedabad
B-21103,9/1/2019,Amit Joshi,Delhi,New Delhi
B-21104,19-06-2021,Geeta Iyer,Haryana,Faridabad
B-21105,20-01-2019,Harivansh Sharma,Delhi,Dwarka
B-21106,15-02-2018,Sunita Kumar,Maharashtra,Pune
B-21107,16-06-2020,Aarav Reddy,Uttar Pradesh,Mathura
B-21108,7/10/2020,Neha Mishra,Gujarat,Rajkot
B-21109,31-01-2020,Ravi Pandey,Karnataka,Mysuru
B-21110,14-06-2018,Deepa Verma,Maharashtra,Nashik
B-21111,27-05-2018,Jyoti Chopra,Delhi,New Delhi
B-21112,21-02-2020,Aarav Kumar,Goa,Panaji
B-21113,28-02-2020,Geeta Reddy,Rajasthan,Jaipur
B-21114,12/2/2019,Ravi Malhotra,Rajasthan,Jodhpur
B-21115,26-08-2020,Madan Tiwari,Goa,Margao
B-21116,21-11-2018,Priya Malhotra,Jammu and Kashmir,Srinagar
B-21117,3/6/2019,Shalini Mohan,Madhya Pradesh,Gwalior
B-21118,17-04-2018,Neha Kumar,Maharashtra,Nashik
B-21119,27-10-2019,Aarav Patel,Karnataka,Hubli
B-21120,3/9/2018,Rohit Reddy,Uttar Pradesh,Mathura
B-21121,5/4/2021,Shalini Pandey,Punjab,Ludhiana
B-21122,3/7/2018,Kavita Patel,Bihar,Muzaffarpur
B-21123,20-06-2021,Madhav Mohan,Uttar Pradesh,Agra
B-21124,13-08-2021,Deepa Pandey,Himachal Pradesh,Shimla
B-21125,15-09-2018,Dinesh Reddy,Madhya Pradesh,Gwalior
B-21126,17-06-2020,Rajesh Sharma,Haryana,Faridabad
B-21127,3/10/2018,Manoj Verma,Bihar,Gaya
B-21128,18-02-2021,Vikas Shah,Haryana,Gurugram
B-21129,6/3/2021,Sunita Shah,Madhya Pradesh,Jabalpur
B-21130,18-07-2019,Nandita Shah,Delhi,Dwarka
B-21131,14-11-2018,Geeta Joshi,Karnataka,Hubli
B-21132,22-01-2020,Ravi Sharma,Rajasthan,Kota
B-21133,15-01-2019,Rahul Desai,Tamil Nadu,Madurai
B-21134,5/5/2019,Harivansh Malhotra,Uttar Pradesh,Varanasi
B-21135,4/3/2020,Rajesh Mehta,Haryana,Hisar
B-21136,12/11/2018,Gaurav Joshi,Madhya Pradesh,Gwalior
B-21137,15-08-2018,Vikram Mehta,Nagaland,Kohima
B-21138,23-09-2018,Sunita Verma,Maharashtra,Nashik
B-21139,28-01-2019,Vikram Verma,Punjab,Ludhiana
B-21140,9/9/2021,Dinesh Mehta,Kerala,Kozhikode
B-21141,9/6/2019,Anita Yadav,Maharashtra,Mumbai
B-21142,27-01-2018,Neha Mohan,Bihar,Patna
B-21143,16-08-2020,Anita Yadav,Himachal Pradesh,Manali
B-21144,26-01-2020,Anita Desai,Maharashtra,Mumbai
B-21145,25-05-2018,Asha Singh,Jammu and Kashmir,Srinagar
B-21146,27-07-2018,Sanjay Shah,Andhra Pradesh,Visakhapatnam
B-21147,13-12-2020,Kavita Pillai,Kerala,Kochi
B-21148,17-02-2021,Sunil Bose,Rajasthan,Udaipur
B-21149,13-10-2021,Ravi Pandey,Nagaland,Kohima
B-21150,8/12/2018,Sunita Shah,Andhra Pradesh,Vijayawada
B-21151,8/9/2021,Kiran Shah,Sikkim,Namchi
B-21152,23-12-2019,Harivansh Shah,Sikkim,Namchi
B-21153,1/2/2020,Sneha Mohan,Gujarat,Vadodara
B-21154,31-05-2021,Kavita Pillai,Himachal Pradesh,Manali
B-21155,31-01-2021,Manoj Yadav,Goa,Margao
B-21156,24-03-2020,Aarav Malhotra,Uttar Pradesh,Agra
B-21157,5/5/2021,Rahul Mehta,Delhi,New Delhi
B-21158,14-01-2018,Asha Reddy,Maharashtra,Nagpur
B-21159,14-02-2018,Rekha Shah,Bihar,Muzaffarpur
B-21160,16-03-2021,Deepa Kumar,Uttar Pradesh,Agra
B-21161,16-11-2018,Amit Iyer,Andhra Pradesh,Tirupati
B-21162,27-05-2019,Sanjay Iyer,Karnataka,Bengaluru
B-21163,14-03-2021,Rohit Pillai,West Bengal,Siliguri
B-21164,8/6/2018,Harivansh Chopra,Delhi,Dwarka
B-21165,10/12/2021,Parvati Kumar,Punjab,Ludhiana
B-21166,18-03-2018,Parvati Agarwal,Uttar Pradesh,Mathura
B-21167,16-11-2019,Gopal Bose,Gujarat,Ahmedabad
B-21168,10/4/2019,Nandita Sharma,Kerala,Kozhikode
B-21169,23-02-2020,Anita Joshi,Bihar,Gaya
B-21170,10/1/2021,Parvati Gupta,Madhya Pradesh,Bhopal
B-21171,10/11/2018,Anita Tiwari,Rajasthan,Kota
B-21172,1/7/2020,Nandita Pillai,Bihar,Patna
B-21173,3/6/2020,Vikas Agarwal,Delhi,New Delhi
B-21174,19-06-2018,Shalini Pillai,Rajasthan,Kota
B-21175,22-06-2019,Meena Agarwal,Bihar,Muzaffarpur
B-21176,25-09-2018,Amit Chopra,Himachal Pradesh,Manali
B-21177,20-03-2020,Parvati Nair,Himachal Pradesh,Dharamsala
B-21178,9/12/2020,Kavita Reddy,Uttar Pradesh,Kanpur
B-21179,25-10-2019,Parvati Singh,Delhi,New Delhi
B-21180,17-05-2020,Vishakha Yadav,Delhi,New Delhi
B-21181,1/5/2021,Rahul Joshi,Delhi,New Delhi
B-21182,16-06-2021,Geeta Desai,Delhi,Delhi
B-21183,24-04-2019,Rajesh Tiwari,Andhra Pradesh,Tirupati
B-21184,25-06-2018,Pooja Malhotra,Uttar Pradesh,Varanasi
B-21185,30-10-2018,Vikas Sharma,Madhya Pradesh,Indore
B-21186,17-09-2019,Geeta Chopra,Uttar Pradesh,Lucknow
B-21187,6/1/2021,Neha Nair,Himachal Pradesh,Manali
B-21188,28-01-2021,Shalini Desai,Rajasthan,Jodhpur
B-21189,24-11-2021,Rahul Agarwal,Punjab,Jalandhar
B-21190,14-12-2020,Priya Iyer,Delhi,New Delhi
B-21191,16-02-2019,Gaurav Iyer,Uttar Pradesh,Mathura
B-21192,17-05-2018,Madan Tiwari,Maharashtra,Nagpur
B-21193,9/8/2018,Rahul Joshi,Tamil Nadu,Madurai
B-21194,2/3/2020,Sanjay Agarwal,Bihar,Muzaffarpur
B-21195,23-07-2018,Harivansh Chopra,Tamil Nadu,Madurai
B-21196,30-06-2018,Sunita Nair,Bihar,Gaya
B-21197,22-02-2021,Rahul Verma,Maharashtra,Nagpur
B-21198,15-11-2019,Dinesh Agarwal,Rajasthan,Jaipur
B-21199,12/12/2019,Gopal Yadav,Kerala,Kochi
B-21200,23-10-2020,Rekha Verma,Kerala,Thiruvananthapuram
B-21201,2/3/2018,Sunil Iyer,Maharashtra,Nagpur
B-21202,15-03-2020,Amit Singh,Rajasthan,Jodhpur
B-21203,4/5/2020,Kavita Pillai,Delhi,New Delhi
B-21204,24-05-2021,Madhav Das,Himachal Pradesh,Shimla
B-21205,29-08-2021,Amit Pillai,Himachal Pradesh,Shimla
B-21206,10/10/2018,Asha Pandey,Haryana,Hisar
B-21207,4/10/2018,Arun Gupta,Kerala,Kozhikode
B-21208,20-11-2018,Harivansh Singh,Himachal Pradesh,Dharamsala
B-21209,31-08-2018,Sunita Mishra,Tamil Nadu,Chennai
B-21210,2/3/2018,Harivansh Bose,Goa,Margao
B-21211,26-06-2020,Rekha Gupta,Rajasthan,Jaipur
B-21212,27-09-2018,Sunita Sharma,Rajasthan,Udaipur
B-21213,25-05-2021,Parvati Desai,Maharashtra,Pune
B-21214,18-04-2019,Rahul Yadav,Uttar Pradesh,Kanpur
B-21215,2/10/2018,Lalita Desai,Gujarat,Vadodara
B-21216,12/1/2019,Madan Chopra,Gujarat,Surat
B-21217,31-01-2019,Sanjay Verma,Andhra Pradesh,Visakhapatnam
B-21218,7/7/2019,Sneha Reddy,Rajasthan,Jodhpur
B-21219,23-02-2019,Suresh Patel,West Bengal,Howrah
B-21220,17-06-2021,Dinesh Pandey,Madhya Pradesh,Jabalpur
B-21221,21-05-2019,Arun Agarwal,Rajasthan,Kota
B-21222,3/10/2019,Rohit Desai,Jammu and Kashmir,Srinagar
B-21223,2/12/2020,Vikram Das,Gujarat,Ahmedabad
B-21224,19-05-2019,Nikhil Shah,Andhra Pradesh,Tirupati
B-21225,22-03-2018,Sunil Agarwal,Bihar,Muzaffarpur
B-21226,11/4/2018,Rajesh Joshi,Gujarat,Vadodara
B-21227,9/8/2019,Ravi Patel,Gujarat,Ahmedabad
B-21228,14-11-2021,Nikhil Gupta,Gujarat,Rajkot
B-21229,5/7/2018,Lalita Kumar,Delhi,Dwarka
B-21230,26-11-2021,Jyoti Gupta,Andhra Pradesh,Vijayawada
B-21231,12/7/2020,Rahul Patel,Gujarat,Surat
B-21232,20-07-2020,Meena Iyer,Madhya Pradesh,Bhopal
B-21233,11/9/2018,Meena Kumar,Haryana,Hisar
B-21234,14-01-2020,Meena Mehta,Haryana,Hisar
B-21235,13-11-2020,Gaurav Patel,Andhra Pradesh,Vijayawada
B-21236,31-03-2018,Kiran Mishra,Punjab,Jalandhar
B-21237,4/11/2018,Kiran Gupta,Delhi,Dwarka
B-21238,16-04-2018,Sneha Joshi,Madhya Pradesh,Jabalpur
B-21239,15-08-2019,Sunita Kumar,West Bengal,Kolkata
B-21240,8/1/2018,Gaurav Iyer,Uttar Pradesh,Kanpur
B-21241,18-10-2020,Jyoti Sharma,Punjab,Ludhiana
B-21242,3/5/2019,Neha Pillai,Nagaland,Dimapur
B-21243,19-04-2020,Geeta Singh,Punjab,Amritsar
B-21244,17-05-2019,Sunil Iyer,Kerala,Kozhikode
B-21245,2/3/2019,Anita Patel,Delhi,Dwarka
B-21246,16-12-2019,Priya Gupta,Tamil Nadu,Madurai
B-21247,29-03-2021,Nandita Joshi,Madhya Pradesh,Indore
B-21248,11/4/2018,Vikram Bose,Sikkim,Gangtok
B-21249,8/10/2021,Vikas Desai,Nagaland,Kohima
B-21250,21-07-2020,Tushar Yadav,West Bengal,Kolkata
B-21251,5/9/2019,Harivansh Yadav,West Bengal,Kolkata
B-21252,25-05-2020,Sunil Singh,Madhya Pradesh,Bhopal
B-21253,7/9/2018,Rekha Mishra,Bihar,Muzaffarpur
B-21254,6/3/2019,Neha Desai,Uttar Pradesh,Varanasi
B-21255,12/7/2021,Nikhil Singh,Bihar,Muzaffarpur
B-21256,23-05-2021,Vikas Bose,Punjab,Ludhiana
B-21257,16-06-2019,Nikhil Pillai,Sikkim,Namchi
B-21258,23-09-2018,Gaurav Pillai,Bihar,Muzaffarpur
B-21259,18-07-2021,Dinesh Chopra,Karnataka,Hubli
B-21260,22-04-2019,Vikas Nair,Uttar Pradesh,Mathura
B-21261,10/8/2020,Pooja Malhotra,Tamil Nadu,Madurai
B-21262,29-04-2020,Sneha Verma,Madhya Pradesh,Bhopal
B-21263,24-01-2018,Rajesh Pandey,Maharashtra,Mumbai
B-21264,23-09-2019,Asha Mehta,Himachal Pradesh,Shimla
B-21265,22-08-2018,Madhav Mishra,Andhra Pradesh,Tirupati
B-21266,15-06-2021,Rahul Patel,Maharashtra,Nagpur
B-21267,9/10/2021,Shalini Chopra,Karnataka,Hubli
B-21268,6/10/2018,Shalini Gupta,Kerala,Kozhikode
B-21269,18-11-2019,Ravi Bose,West Bengal,Kolkata
B-21270,3/12/2020,Asha Pillai,Rajasthan,Udaipur
B-21271,11/2/2021,Jyoti Sharma,Maharashtra,Nagpur
B-21272,26-12-2019,Suresh Gupta,Maharashtra,Mumbai
B-21273,26-11-2019,Madan Mohan,Himachal Pradesh,Shimla
B-21274,15-03-2021,Nandita Agarwal,Delhi,Delhi
B-21275,24-09-2019,Harivansh Pandey,Uttar Pradesh,Kanpur
B-21276,27-06-2018,Dinesh Reddy,Andhra Pradesh,Vijayawada
B-21277,19-03-2019,Nikhil Joshi,Delhi,New Delhi
B-21278,18-03-2018,Rajesh Singh,Gujarat,Ahmedabad
B-21279,15-09-2020,Lalita Gupta,Delhi,New Delhi
B-21280,8/12/2020,Asha Mishra,Delhi,Delhi
B-21281,23-11-2020,Amit Nair,Rajasthan,Kota
B-21282,4/3/2020,Nikhil Kumar,Uttar Pradesh,Mathura
B-21283,8/11/2021,Nandita Singh,Madhya Pradesh,Indore
B-21284,31-07-2018,Nikhil Tiwari,Rajasthan,Jaipur
B-21285,28-03-2021,Asha Mohan,West Bengal,Howrah
B-21286,15-02-2019,Rajesh Joshi,Maharashtra,Nagpur
B-21287,22-06-2020,Pooja Iyer,Delhi,New Delhi
B-21288,23-08-2018,Aarav Desai,Himachal Pradesh,Shimla
B-21289,28-02-2019,Jyoti Yadav,Himachal Pradesh,Manali
B-21290,17-10-2018,Vikas Pillai,Maharashtra,Mumbai
B-21291,30-09-2019,Gaurav Mishra,Himachal Pradesh,Shimla
B-21292,24-09-2018,Rahul Chopra,West Bengal,Kolkata
B-21293,5/8/2018,Madan Verma,Uttar Pradesh,Kanpur
B-21294,2/1/2019,Nandita Pillai,Kerala,Kozhikode
B-21295,3/12/2021,Geeta Desai,Madhya Pradesh,Gwalior
B-21296,10/2/2019,Jyoti Singh,Goa,Margao
B-21297,8/3/2021,Amit Singh,Karnataka,Hubli
B-21298,17-08-2020,Vikram Das,Madhya Pradesh,Jabalpur
B-21299,21-08-2020,Sanjay Reddy,Delhi,Dwarka
B-21300,13-06-2019,Vishakha Agarwal,Delhi,Dwarka
B-21301,8/11/2019,Harivansh Das,Bihar,Patna
B-21302,31-08-2020,Pooja Yadav,Gujarat,Surat
B-21303,2/8/2019,Gopal Desai,Punjab,Jalandhar
B-21304,30-07-2018,Rohit Pandey,Karnataka,Mysuru
B-21305,12/2/2021,Suresh Joshi,Bihar,Gaya
B-21306,24-04-2021,Sneha Reddy,Kerala,Kozhikode
B-21307,22-11-2018,Shalini Agarwal,Uttar Pradesh,Lucknow
B-21308,22-11-2021,Tushar Bose,Karnataka,Mysuru
B-21309,7/3/2021,Madhav Shah,Haryana,Gurugram
B-21310,19-09-2021,Suresh Malhotra,West Bengal,Siliguri
B-21311,23-09-2020,Pooja Pillai,Punjab,Ludhiana
B-21312,10/2/2021,Vikram Das,Delhi,New Delhi
B-21313,23-05-2018,Nandita Kumar,Haryana,Hisar
B-21314,16-02-2020,Harivansh Chopra,Kerala,Kochi
B-21315,5/7/2018,Neha Gupta,Tamil Nadu,Madurai
B-21316,1/1/2018,Deepa Tiwari,Delhi,Dwarka
B-21317,20-08-2019,Madan Desai,Punjab,Amritsar
B-21318,26-02-2019,Harivansh Joshi,Punjab,Jalandhar
B-21319,16-09-2019,Arun Pandey,Goa,Margao
B-21320,2/7/2018,Tushar Sharma,Punjab,Jalandhar
B-21321,7/4/2020,Amit Joshi,Uttar Pradesh,Varanasi
B-21322,19-04-2018,Aarav Pandey,Himachal Pradesh,Manali
B-21323,13-08-2018,Vikas Sharma,Maharashtra,Nashik
B-21324,4/7/2021,Harivansh Pandey,Andhra Pradesh,Vijayawada
B-21325,10/6/2020,Jyoti Nair,Nagaland,Dimapur
B-21326,12/10/2018,Rajesh Shah,Andhra Pradesh,Vijayawada
B-21327,4/5/2020,Deepa Joshi,Sikkim,Gangtok
B-21328,3/10/2018,Aarav Singh,Kerala,Kochi
B-21329,23-09-2020,Arun Gupta,Uttar Pradesh,Kanpur
B-21330,22-07-2020,Nandita Bose,Kerala,Thiruvananthapuram
B-21331,9/11/2020,Arun Shah,Karnataka,Mysuru
B-21332,29-12-2019,Sanjay Patel,Gujarat,Ahmedabad
B-21333,29-03-2021,Dinesh Malhotra,Maharashtra,Nagpur
B-21334,21-04-2020,Jyoti Pillai,Andhra Pradesh,Visakhapatnam
B-21335,9/3/2021,Shalini Pandey,Andhra Pradesh,Tirupati
B-21336,13-09-2020,Meena Gupta,Rajasthan,Udaipur
B-21337,10/8/2020,Nikhil Singh,Bihar,Muzaffarpur
B-21338,1/7/2018,Kavita Chopra,Kerala,Kozhikode
B-21339,1/10/2021,Suresh Tiwari,Kerala,Kozhikode
B-21340,2/10/2019,Gaurav Verma,West Bengal,Siliguri
B-21341,23-01-2018,Shalini Das,Bihar,Gaya
B-21342,21-03-2021,Madhav Bose,Madhya Pradesh,Gwalior
B-21343,16-08-2019,Kiran Verma,Haryana,Hisar
B-21344,15-09-2019,Parvati Iyer,Uttar Pradesh,Kanpur
B-21345,30-03-2021,Kiran Pillai,Uttar Pradesh,Agra
B-21346,2/7/2021,Rahul Joshi,Bihar,Patna
B-21347,1/11/2020,Suresh Iyer,Maharashtra,Nagpur
B-21348,18-07-2019,Manoj Sharma,Rajasthan,Jodhpur
B-21349,26-04-2021,Deepa Tiwari,Gujarat,Surat
B-21350,20-06-2019,Kavita Chopra,Delhi,Dwarka
B-21351,9/3/2018,Madhav Singh,Goa,Panaji
B-21352,12/10/2020,Sneha Agarwal,Maharashtra,Nashik
B-21353,29-07-2021,Kiran Nair,Punjab,Ludhiana
B-21354,22-04-2018,Manoj Kumar,Uttar Pradesh,Kanpur
B-21355,27-03-2020,Shalini Joshi,Gujarat,Surat
B-21356,17-02-2020,Madan Chopra,Maharashtra,Nashik
B-21357,25-01-2018,Vikas Das,Andhra Pradesh,Vijayawada
B-21358,21-12-2020,Priya Kumar,West Bengal,Siliguri
B-21359,26-12-2019,Arun Desai,West Bengal,Howrah
B-21360,18-11-2019,Rekha Iyer,Karnataka,Mysuru
B-21361,2/9/2021,Tushar Agarwal,Gujarat,Surat
B-21362,8/10/2021,Tushar Nair,Bihar,Muzaffarpur
B-21363,14-11-2021,Sunita Mishra,Himachal Pradesh,Dharamsala
B-21364,18-01-2018,Suresh Sharma,Gujarat,Ahmedabad
B-21365,4/11/2021,Geeta Yadav,Maharashtra,Nagpur
B-21366,31-05-2019,Rajesh Verma,Uttar Pradesh,Mathura
B-21367,27-04-2018,Nandita Tiwari,West Bengal,Kolkata
B-21368,12/5/2021,Pooja Pandey,Jammu and Kashmir,Srinagar
B-21369,23-05-2021,Amit Agarwal,Kerala,Kozhikode
B-21370,5/3/2021,Sunita Kumar,Haryana,Faridabad
B-21371,27-08-2019,Ravi Tiwari,Jammu and Kashmir,Jammu
B-21372,21-07-2019,Arun Pandey,West Bengal,Howrah
B-21373,12/6/2019,Kiran Singh,Maharashtra,Mumbai
B-21374,23-02-2020,Madan Mishra,Sikkim,Namchi
B-21375,27-06-2019,Sunita Das,Uttar Pradesh,Lucknow
B-21376,3/6/2021,Rohit Patel,Kerala,Kochi
B-21377,22-10-2018,Jyoti Bose,Maharashtra,Mumbai
B-21378,23-06-2020,Manoj Kumar,Uttar Pradesh,Mathura
B-21379,16-03-2021,Manoj Das,Uttar Pradesh,Kanpur
B-21380,1/11/2018,Aarav Verma,Nagaland,Dimapur
B-21381,7/11/2018,Madhav Agarwal,Punjab,Jalandhar
B-21382,20-12-2021,Dinesh Chopra,Gujarat,Ahmedabad
B-21383,11/1/2021,Sanjay Sharma,Andhra Pradesh,Tirupati
B-21384,14-09-2020,Pooja Pillai,Himachal Pradesh,Manali
B-21385,14-11-2019,Asha Agarwal,Uttar Pradesh,Mathura
B-21386,19-01-2020,Jyoti Mishra,Uttar Pradesh,Kanpur
B-21387,17-08-2019,Rajesh Patel,Himachal Pradesh,Manali
B-21388,15-09-2021,Rajesh Joshi,Haryana,Gurugram
B-21389,15-07-2021,Gopal Chopra,Uttar Pradesh,Kanpur
B-21390,24-01-2019,Amit Verma,Maharashtra,Pune
B-21391,28-09-2020,Madan Singh,Karnataka,Hubli
B-21392,23-09-2019,Dinesh Shah,Goa,Margao
B-21393,3/2/2018,Priya Mishra,Uttar Pradesh,Mathura
B-21394,10/4/2020,Pooja Nair,Karnataka,Hubli
B-21395,7/12/2020,Ravi Tiwari,Tamil Nadu,Madurai
B-21396,2/11/2018,Tushar Reddy,West Bengal,Kolkata
B-21397,17-10-2018,Dinesh Mohan,Uttar Pradesh,Varanasi
B-21398,4/4/2018,Kavita Pandey,Kerala,Kochi
B-21399,19-12-2018,Anita Joshi,Karnataka,Bengaluru
B-21400,23-07-2020,Gaurav Patel,Karnataka,Bengaluru
B-21401,6/8/2018,Pooja Chopra,Punjab,Jalandhar
B-21402,28-03-2019,Suresh Nair,Gujarat,Rajkot
B-21403,27-10-2019,Pooja Tiwari,Punjab,Amritsar
B-21404,21-10-2019,Neha Verma,Punjab,Ludhiana
B-21405,10/5/2018,Pooja Iyer,Delhi,New Delhi
B-21406,11/12/2018,Vishakha Shah,Delhi,Delhi
B-21407,6/4/2021,Priya Gupta,Uttar Pradesh,Varanasi
B-21408,10/2/2020,Kiran Sharma,Tamil Nadu,Chennai
B-21409,14-01-2018,Aarav Patel,West Bengal,Siliguri
B-21410,27-08-2021,Tushar Joshi,Gujarat,Rajkot
B-21411,18-11-2021,Amit Nair,Delhi,New Delhi
B-21412,7/12/2020,Geeta Bose,Maharashtra,Pune
B-21413,4/6/2021,Priya Desai,Delhi,New Delhi
B-21414,7/6/2021,Meena Mohan,Karnataka,Mysuru
B-21415,14-12-2019,Sneha Sharma,Himachal Pradesh,Shimla
B-21416,29-08-2018,Nikhil Kumar,Kerala,Kozhikode
B-21417,5/11/2020,Sanjay Das,Rajasthan,Jodhpur
B-21418,21-07-2019,Anita Nair,Delhi,Delhi
B-21419,4/11/2021,Shalini Chopra,Delhi,Dwarka
B-21420,30-03-2018,Anita Mohan,Andhra Pradesh,Visakhapatnam
B-21421,9/6/2020,Manoj Mishra,Kerala,Thiruvananthapuram
B-21422,30-03-2018,Vikram Malhotra,Uttar Pradesh,Varanasi
B-21423,27-12-2018,Kiran Sharma,Bihar,Patna
B-21424,26-05-2018,Kavita Malhotra,Gujarat,Vadodara
B-21425,8/5/2020,Rajesh Malhotra,Haryana,Faridabad
B-21426,17-04-2019,Pooja Mishra,Maharashtra,Pune
B-21427,24-04-2020,Rajesh Agarwal,West Bengal,Kolkata
B-21428,22-08-2020,Tushar Chopra,Uttar Pradesh,Kanpur
B-21429,24-10-2018,Neha Desai,Gujarat,Rajkot
B-21430,4/2/2020,Amit Das,Rajasthan,Udaipur
B-21431,7/7/2019,Rajesh Mishra,Delhi,Dwarka
B-21432,10/3/2021,Anita Iyer,Delhi,New Delhi
B-21433,28-07-2020,Sneha Patel,Rajasthan,Jodhpur
B-21434,28-08-2019,Nandita Patel,Karnataka,Hubli
B-21435,6/6/2021,Kiran Pillai,Goa,Panaji
B-21436,27-06-2018,Sneha Mehta,Bihar,Patna
B-21437,26-04-2021,Shalini Das,Maharashtra,Nashik
B-21438,21-05-2019,Kavita Mishra,Gujarat,Surat
B-21439,26-04-2021,Deepa Pillai,West Bengal,Howrah
B-21440,1/4/2018,Priya Chopra,Rajasthan,Jaipur
B-21441,21-05-2020,Nikhil Agarwal,Gujarat,Ahmedabad
B-21442,15-07-2020,Dinesh Reddy,Uttar Pradesh,Mathura
B-21443,20-11-2021,Sneha Nair,Delhi,New Delhi
B-21444,5/5/2019,Meena Sharma,Bihar,Gaya
B-21445,28-11-2018,Ravi Pillai,Rajasthan,Jaipur
B-21446,20-07-2020,Ravi Gupta,Tamil Nadu,Coimbatore
B-21447,14-01-2019,Vishakha Mohan,Gujarat,Ahmedabad
B-21448,8/7/2021,Suresh Agarwal,West Bengal,Howrah
B-21449,23-12-2020,Priya Joshi,Gujarat,Vadodara
B-21450,30-11-2021,Gaurav Shah,Punjab,Amritsar
B-21451,3/11/2021,Meena Desai,Tamil Nadu,Madurai
B-21452,23-04-2018,Lalita Tiwari,Andhra Pradesh,Visakhapatnam
B-21453,16-08-2018,Madan Yadav,Gujarat,Ahmedabad
B-21454,19-01-2020,Vishakha Patel,Kerala,Kozhikode
B-21455,18-05-2018,Sunil Pandey,Rajasthan,Jodhpur
B-21456,17-11-2019,Kavita Shah,Delhi,New Delhi
B-21457,3/4/2021,Neha Malhotra,Rajasthan,Udaipur
B-21458,24-12-2019,Rekha Mehta,Haryana,Faridabad
B-21459,22-04-2018,Suresh Yadav,Madhya Pradesh,Jabalpur
B-21460,23-10-2020,Nikhil Kumar,Gujarat,Vadodara
B-21461,14-07-2020,Gaurav Yadav,Karnataka,Hubli
B-21462,15-05-2018,Rajesh Das,Uttar Pradesh,Kanpur
B-21463,2/1/2019,Vikas Singh,Uttar Pradesh,Agra
B-21464,18-08-2018,Deepa Chopra,Delhi,Delhi
B-21465,2/12/2020,Rahul Joshi,Gujarat,Surat
B-21466,28-08-2020,Gopal Bose,Gujarat,Ahmedabad
B-21467,21-08-2019,Rajesh Singh,Uttar Pradesh,Lucknow
B-21468,30-11-2020,Madhav Bose,Punjab,Jalandhar
B-21469,16-08-2021,Harivansh Chopra,Punjab,Jalandhar
B-21470,21-12-2020,Sunil Das,Gujarat,Surat
B-21471,20-09-2019,Kiran Iyer,Maharashtra,Nagpur
B-21472,14-08-2019,Anita Gupta,Madhya Pradesh,Jabalpur
B-21473,7/12/2018,Gaurav Patel,Haryana,Faridabad
B-21474,9/1/2019,Sunita Pandey,Haryana,Hisar
B-21475,11/11/2018,Kiran Reddy,Delhi,New Delhi
B-21476,22-03-2021,Amit Das,Maharashtra,Pune
B-21477,25-02-2019,Sunil Pandey,Uttar Pradesh,Agra
B-21478,6/12/2019,Deepa Yadav,Gujarat,Surat
B-21479,28-12-2020,Asha Kumar,West Bengal,Howrah
B-21480,19-10-2020,Deepa Das,West Bengal,Kolkata
B-21481,9/1/2018,Jyoti Mehta,Madhya Pradesh,Gwalior
B-21482,28-08-2020,Vikas Pillai,Nagaland,Dimapur
B-21483,25-11-2019,Pooja Malhotra,Gujarat,Ahmedabad
B-21484,13-10-2018,Sunil Kumar,Madhya Pradesh,Jabalpur
B-21485,18-06-2021,Sanjay Das,Andhra Pradesh,Vijayawada
B-21486,23-04-2018,Nandita Mohan,Maharashtra,Pune
B-21487,24-07-2019,Rajesh Sharma,Uttar Pradesh,Kanpur
B-21488,18-10-2021,Meena Mehta,Andhra Pradesh,Vijayawada
B-21489,13-10-2019,Nandita Desai,Bihar,Patna
B-21490,27-09-2021,Vishakha Agarwal,Delhi,New Delhi
B-21491,28-01-2020,Madan Yadav,Uttar Pradesh,Agra
B-21492,21-12-2019,Asha Das,Tamil Nadu,Chennai
B-21493,18-03-2019,Geeta Malhotra,Sikkim,Namchi
B-21494,15-08-2019,Kiran Malhotra,Goa,Margao
B-21495,28-04-2020,Amit Pillai,Punjab,Amritsar
B-21496,2/3/2019,Asha Chopra,Sikkim,Namchi
B-21497,16-05-2018,Tushar Agarwal,Uttar Pradesh,Kanpur
B-21498,1/8/2021,Rekha Bose,Delhi,New Delhi
B-21499,25-12-2021,Parvati Gupta,Maharashtra,Nashik
B-21500,16-08-2019,Sunil Chopra,Uttar Pradesh,Agra
B-21501,13-04-2021,Asha Chopra,Himachal Pradesh,Manali
B-21502,5/4/2019,Rahul Sharma,Delhi,New Delhi
B-21503,4/8/2021,Shalini Kumar,Kerala,Thiruvananthapuram
B-21504,4/5/2020,Sunita Chopra,West Bengal,Siliguri
B-21505,17-05-2019,Rahul Kumar,Rajasthan,Kota
B-21506,17-05-2018,Nandita Malhotra,Andhra Pradesh,Vijayawada
B-21507,4/3/2021,Arun Iyer,Kerala,Thiruvananthapuram
B-21508,22-11-2021,Pooja Yadav,Bihar,Muzaffarpur
B-21509,5/2/2018,Manoj Patel,Punjab,Amritsar
B-21510,17-10-2019,Ravi Pandey,Delhi,Delhi
B-21511,19-04-2018,Rekha Yadav,Gujarat,Vadodara
B-21512,10/4/2018,Vikas Joshi,Bihar,Patna
B-21513,18-11-2020,Rajesh Mohan,Delhi,Delhi
B-21514,11/5/2021,Kiran Shah,Madhya Pradesh,Gwalior
B-21515,3/11/2021,Asha Iyer,Haryana,Hisar
B-21516,13-01-2020,Vikram Shah,Punjab,Amritsar
B-21517,27-01-2018,Amit Mehta,Maharashtra,Nashik
B-21518,23-04-2020,Madhav Patel,Uttar Pradesh,Lucknow
B-21519,27-10-2020,Sanjay Nair,Karnataka,Hubli
B-21520,10/6/2021,Nikhil Shah,Rajasthan,Jaipur
B-21521,4/5/2020,Ravi Singh,Delhi,Delhi
B-21522,5/2/2018,Shalini Yadav,Madhya Pradesh,Gwalior
B-21523,12/10/2018,Geeta Desai,Bihar,Gaya
B-21524,19-12-2018,Asha Sharma,Rajasthan,Jaipur
B-21525,1/4/2019,Amit Pandey,Delhi,Delhi
B-21526,22-09-2019,Amit Nair,Delhi,Delhi
B-21527,20-05-2020,Pooja Singh,Uttar Pradesh,Kanpur
B-21528,2/6/2020,Priya Nair,Uttar Pradesh,Varanasi
B-21529,29-04-2021,Anita Chopra,Delhi,New Delhi
B-21530,30-03-2018,Suresh Joshi,Nagaland,Kohima
B-21531,11/9/2018,Nandita Nair,Punjab,Amritsar
B-21532,14-01-2019,Gopal Sharma,Uttar Pradesh,Agra
B-21533,2/4/2021,Gopal Yadav,Delhi,Dwarka
B-21534,9/6/2021,Kavita Mehta,Punjab,Amritsar
B-21535,30-03-2021,Aarav Mehta,Maharashtra,Pune
B-21536,1/8/2019,Kiran Shah,Uttar Pradesh,Mathura
B-21537,15-03-2019,Lalita Pandey,Gujarat,Surat
B-21538,19-06-2020,Vikram Patel,Karnataka,Mysuru
B-21539,18-05-2020,Neha Mehta,Maharashtra,Mumbai
B-21540,6/10/2019,Pooja Das,Delhi,Delhi
B-21541,12/10/2020,Vishakha Pandey,Madhya Pradesh,Indore
B-21542,18-06-2018,Harivansh Chopra,Delhi,New Delhi
B-21543,24-07-2020,Nandita Malhotra,Madhya Pradesh,Jabalpur
B-21544,8/4/2019,Sunil Bose,Madhya Pradesh,Jabalpur
B-21545,22-01-2019,Suresh Chopra,Jammu and Kashmir,Jammu
B-21546,3/1/2019,Aarav Tiwari,Bihar,Patna
B-21547,22-03-2020,Geeta Mehta,Nagaland,Kohima
B-21548,2/9/2018,Deepa Agarwal,Andhra Pradesh,Tirupati
B-21549,28-07-2018,Kiran Singh,Andhra Pradesh,Visakhapatnam
B-21550,25-11-2019,Rajesh Desai,Tamil Nadu,Coimbatore
B-21551,9/9/2018,Sanjay Bose,Rajasthan,Udaipur
B-21552,6/4/2021,Tushar Iyer,Rajasthan,Kota
B-21553,31-12-2019,Shalini Tiwari,Punjab,Ludhiana
B-21554,19-09-2020,Lalita Iyer,Delhi,New Delhi
B-21555,10/8/2018,Pooja Iyer,Bihar,Patna
B-21556,10/7/2021,Amit Sharma,Uttar Pradesh,Mathura
B-21557,20-05-2018,Dinesh Tiwari,Uttar Pradesh,Lucknow
B-21558,23-02-2020,Nandita Tiwari,Madhya Pradesh,Gwalior
B-21559,27-06-2021,Gaurav Kumar,Rajasthan,Kota
B-21560,12/8/2020,Rajesh Joshi,Nagaland,Dimapur
B-21561,30-10-2020,Manoj Shah,Madhya Pradesh,Indore
B-21562,6/3/2018,Arun Kumar,Andhra Pradesh,Vijayawada
B-21563,10/2/2020,Geeta Das,Uttar Pradesh,Lucknow
B-21564,14-02-2021,Asha Pandey,Delhi,New Delhi
B-21565,3/10/2018,Asha Pandey,Andhra Pradesh,Visakhapatnam
B-21566,11/3/2021,Dinesh Tiwari,Himachal Pradesh,Dharamsala
B-21567,17-03-2021,Shalini Chopra,Punjab,Amritsar
B-21568,3/11/2020,Anita Agarwal,Maharashtra,Nashik
B-21569,17-06-2021,Gopal Joshi,Madhya Pradesh,Indore
B-21570,24-04-2021,Priya Gupta,Tamil Nadu,Coimbatore
B-21571,10/4/2021,Rahul Mohan,Madhya Pradesh,Indore
B-21572,26-05-2020,Gopal Yadav,Gujarat,Ahmedabad
B-21573,16-09-2021,Kavita Reddy,Maharashtra,Nagpur
B-21574,28-04-2021,Meena Pandey,Uttar Pradesh,Agra
B-21575,23-08-2018,Madhav Patel,Uttar Pradesh,Agra
B-21576,18-03-2018,Ravi Tiwari,Tamil Nadu,Madurai
B-21577,20-11-2020,Sneha Iyer,Uttar Pradesh,Kanpur
B-21578,19-04-2021,Rahul Mishra,Andhra Pradesh,Vijayawada
B-21579,23-10-2019,Parvati Kumar,Karnataka,Bengaluru
B-21580,15-11-2021,Neha Mishra,Bihar,Muzaffarpur
B-21581,27-11-2019,Kiran Desai,Madhya Pradesh,Jabalpur
B-21582,18-02-2019,Dinesh Mohan,Tamil Nadu,Chennai
B-21583,2/1/2021,Neha Joshi,Maharashtra,Nagpur
B-21584,20-03-2021,Rohit Reddy,Kerala,Kochi
B-21585,30-03-2021,Vikram Pillai,Madhya Pradesh,Indore
B-21586,6/3/2021,Nikhil Chopra,Gujarat,Vadodara
B-21587,7/6/2018,Asha Mehta,Karnataka,Mysuru
B-21588,20-09-2021,Jyoti Mishra,Maharashtra,Nashik
B-21589,30-05-2019,Gaurav Mehta,Gujarat,Surat
B-21590,8/2/2018,Nikhil Patel,Punjab,Amritsar
B-21591,15-09-2021,Ravi Iyer,Jammu and Kashmir,Jammu
B-21592,5/3/2021,Anita Mehta,Maharashtra,Nashik
B-21593,30-10-2018,Kavita Gupta,Rajasthan,Udaipur
B-21594,10/6/2020,Sneha Mishra,Tamil Nadu,Chennai
B-21595,22-07-2021,Neha Bose,Maharashtra,Nagpur
B-21596,16-08-2021,Kiran Iyer,Haryana,Gurugram
B-21597,11/4/2020,Kavita Kumar,Delhi,Delhi
B-21598,18-05-2019,Asha Das,Bihar,Gaya
B-21599,14-05-2020,Priya Nair,Delhi,Delhi
B-21600,1/3/2018,Manoj Iyer,Nagaland,Kohima
B-21601,12/8/2021,Priya Malhotra,Bihar,Patna
B-21602,24-04-2018,Meena Mishra,Punjab,Amritsar
B-21603,13-04-2020,Vishakha Tiwari,Kerala,Kochi
B-21604,23-03-2020,Amit Reddy,Delhi,Dwarka
B-21605,21-10-2020,Pooja Mehta,Nagaland,Dimapur
B-21606,13-10-2020,Meena Reddy,Punjab,Ludhiana
B-21607,6/11/2019,Tushar Malhotra,Andhra Pradesh,Tirupati
B-21608,29-04-2019,Arun Nair,Delhi,Delhi
B-21609,15-03-2019,Rekha Das,Andhra Pradesh,Tirupati
B-21610,25-04-2018,Dinesh Shah,Andhra Pradesh,Visakhapatnam
B-21611,11/10/2019,Jyoti Bose,Gujarat,Surat
B-21612,23-07-2019,Deepa Yadav,Gujarat,Vadodara
B-21613,24-09-2019,Rahul Mohan,Goa,Panaji
B-21614,18-09-2021,Anita Pandey,West Bengal,Siliguri
B-21615,6/5/2019,Manoj Shah,Andhra Pradesh,Tirupati
B-21616,5/12/2021,Vishakha Tiwari,Delhi,Delhi
B-21617,25-06-2020,Madan Sharma,West Bengal,Howrah
B-21618,8/6/2019,Asha Singh,Jammu and Kashmir,Srinagar
B-21619,2/9/2019,Neha Patel,West Bengal,Siliguri
B-21620,12/10/2019,Sneha Verma,Maharashtra,Mumbai
B-21621,3/10/2020,Shalini Malhotra,Gujarat,Vadodara
B-21622,15-05-2020,Vikram Patel,Haryana,Hisar
B-21623,16-05-2018,Gopal Bose,Punjab,Jalandhar
B-21624,1/11/2019,Ravi Pandey,Uttar Pradesh,Mathura
B-21625,6/8/2021,Sunita Mohan,Gujarat,Surat
B-21626,7/1/2018,Rohit Nair,Kerala,Thiruvananthapuram
B-21627,25-03-2021,Meena Kumar,Delhi,Dwarka
B-21628,22-08-2021,Amit Desai,Haryana,Faridabad
B-21629,13-07-2020,Shalini Malhotra,Delhi,Delhi
B-21630,8/11/2021,Tushar Mishra,Karnataka,Bengaluru
B-21631,22-06-2018,Sneha Yadav,Delhi,New Delhi
B-21632,14-03-2021,Sanjay Sharma,Jammu and Kashmir,Srinagar
B-21633,2/7/2018,Ravi Nair,Maharashtra,Pune
B-21634,12/4/2018,Rohit Desai,Gujarat,Vadodara
B-21635,2/11/2018,Meena Yadav,Delhi,Dwarka
B-21636,29-08-2018,Aarav Pandey,Bihar,Gaya
B-21637,11/10/2021,Dinesh Kumar,Maharashtra,Pune
B-21638,26-01-2019,Rekha Joshi,Rajasthan,Kota
B-21639,24-09-2018,Arun Nair,Punjab,Ludhiana
B-21640,18-10-2021,Rajesh Bose,Delhi,Delhi
B-21641,28-02-2018,Vikas Iyer,Maharashtra,Nashik
B-21642,24-05-2019,Vishakha Pillai,Haryana,Faridabad
B-21643,25-06-2018,Aarav Chopra,Delhi,New Delhi
B-21644,20-11-2021,Rohit Tiwari,Maharashtra,Nashik
B-21645,21-12-2021,Arun Malhotra,Punjab,Amritsar
B-21646,15-07-2018,Sunil Verma,Uttar Pradesh,Lucknow
B-21647,22-08-2020,Gopal Desai,Jammu and Kashmir,Srinagar
B-21648,11/1/2018,Manoj Mehta,Kerala,Thiruvananthapuram
B-21649,19-03-2020,Vishakha Gupta,Goa,Panaji
B-21650,3/4/2021,Sunita Iyer,Delhi,New Delhi
B-21651,26-11-2019,Ravi Gupta,Uttar Pradesh,Varanasi
B-21652,5/6/2020,Deepa Iyer,Delhi,Delhi
B-21653,19-09-2018,Dinesh Iyer,Rajasthan,Kota
B-21654,3/8/2019,Manoj Desai,Karnataka,Mysuru
B-21655,24-11-2020,Harivansh Bose,West Bengal,Howrah
B-21656,3/10/2020,Deepa Shah,Tamil Nadu,Madurai
B-21657,27-07-2021,Geeta Verma,Delhi,Delhi
B-21658,16-04-2019,Sunita Verma,Gujarat,Surat
B-21659,16-12-2021,Ravi Bose,Delhi,New Delhi
B-21660,25-03-2018,Geeta Yadav,Sikkim,Namchi
B-21661,26-07-2020,Dinesh Kumar,Tamil Nadu,Chennai
B-21662,11/9/2018,Gopal Singh,Maharashtra,Nagpur
B-21663,5/1/2019,Kiran Malhotra,Bihar,Gaya
B-21664,27-02-2021,Tushar Nair,Punjab,Amritsar
B-21665,13-12-2020,Parvati Patel,Gujarat,Ahmedabad
B-21666,20-05-2019,Dinesh Tiwari,Uttar Pradesh,Agra
B-21667,23-02-2018,Vikas Tiwari,Goa,Panaji
B-21668,18-03-2020,Vishakha Pillai,West Bengal,Kolkata
B-21669,25-10-2019,Deepa Sharma,Uttar Pradesh,Kanpur
B-21670,18-07-2020,Rekha Desai,Nagaland,Dimapur
B-21671,31-03-2018,Gaurav Das,Madhya Pradesh,Bhopal
B-21672,9/3/2019,Anita Mohan,Maharashtra,Mumbai
B-21673,25-05-2018,Sunil Desai,Andhra Pradesh,Vijayawada
B-21674,7/6/2019,Sunita Reddy,Goa,Margao
B-21675,2/7/2018,Rahul Nair,Delhi,New Delhi
B-21676,7/8/2019,Deepa Kumar,Madhya Pradesh,Jabalpur
B-21677,28-09-2019,Nandita Gupta,Andhra Pradesh,Visakhapatnam
B-21678,23-01-2020,Lalita Nair,Bihar,Gaya
B-21679,2/9/2020,Rekha Pillai,Punjab,Amritsar
B-21680,15-05-2020,Vishakha Desai,Delhi,Dwarka
B-21681,22-05-2020,Meena Verma,Bihar,Gaya
B-21682,17-10-2021,Sanjay Mohan,Haryana,Gurugram
B-21683,11/10/2020,Nikhil Mohan,Kerala,Kochi
B-21684,19-08-2019,Ravi Bose,Uttar Pradesh,Kanpur
B-21685,8/9/2019,Deepa Gupta,Haryana,Faridabad
B-21686,25-05-2019,Nikhil Bose,Madhya Pradesh,Indore
B-21687,2/2/2021,Suresh Verma,Bihar,Muzaffarpur
B-21688,20-05-2020,Sneha Kumar,Gujarat,Vadodara
B-21689,29-12-2019,Manoj Pillai,Uttar Pradesh,Varanasi
B-21690,3/2/2018,Pooja Malhotra,Nagaland,Kohima
B-21691,9/1/2019,Rohit Verma,Uttar Pradesh,Agra
B-21692,5/10/2019,Tushar Malhotra,Gujarat,Rajkot
B-21693,1/7/2021,Manoj Mishra,Goa,Panaji
B-21694,9/3/2019,Sunita Singh,Rajasthan,Udaipur
B-21695,11/10/2021,Vikram Bose,Himachal Pradesh,Shimla
B-21696,19-03-2020,Pooja Sharma,Delhi,New Delhi
B-21697,31-07-2020,Rohit Tiwari,Goa,Margao
B-21698,13-09-2019,Gaurav Desai,Andhra Pradesh,Tirupati
B-21699,14-11-2021,Rohit Joshi,Uttar Pradesh,Lucknow
B-21700,29-01-2018,Rajesh Kumar,Karnataka,Hubli
B-21701,21-01-2019,Rahul Nair,Bihar,Patna
B-21702,23-08-2021,Kavita Bose,Tamil Nadu,Madurai
B-21703,26-01-2019,Meena Joshi,Rajasthan,Jodhpur
B-21704,28-08-2020,Arun Sharma,Delhi,Delhi
B-21705,9/12/2021,Geeta Chopra,Gujarat,Rajkot
B-21706,13-04-2021,Kavita Nair,Madhya Pradesh,Jabalpur
B-21707,15-04-2018,Madhav Sharma,Uttar Pradesh,Kanpur
B-21708,1/5/2020,Dinesh Malhotra,Punjab,Jalandhar
B-21709,9/2/2021,Vikas Verma,Bihar,Gaya
B-21710,17-11-2020,Tushar Malhotra,Punjab,Jalandhar
B-21711,26-09-2020,Sanjay Pandey,Uttar Pradesh,Mathura
B-21712,14-05-2020,Parvati Mishra,Himachal Pradesh,Manali
B-21713,20-08-2021,Sneha Chopra,Delhi,Dwarka
B-21714,16-08-2021,Gopal Das,Haryana,Gurugram
B-21715,27-11-2018,Vikas Malhotra,Maharashtra,Nagpur
B-21716,16-06-2020,Sanjay Mehta,Maharashtra,Nagpur
B-21717,18-05-2021,Ravi Gupta,Tamil Nadu,Madurai
B-21718,27-12-2021,Madan Bose,Karnataka,Hubli
B-21719,29-08-2021,Vishakha Chopra,Karnataka,Bengaluru
B-21720,27-06-2021,Neha Joshi,Haryana,Gurugram
B-21721,28-09-2021,Shalini Gupta,Delhi,Delhi
B-21722,25-05-2021,Dinesh Kumar,Karnataka,Mysuru
B-21723,14-09-2019,Kavita Nair,Himachal Pradesh,Shimla
B-21724,5/1/2020,Manoj Yadav,Haryana,Gurugram
B-21725,28-10-2020,Priya Singh,Madhya Pradesh,Indore
B-21726,18-06-2021,Sanjay Kumar,Punjab,Ludhiana
B-21727,13-06-2019,Madhav Yadav,Rajasthan,Udaipur
B-21728,6/11/2018,Lalita Desai,Nagaland,Kohima
B-21729,15-06-2020,Ravi Kumar,Goa,Panaji
B-21730,25-02-2021,Priya Mehta,Uttar Pradesh,Mathura
B-21731,25-02-2019,Vishakha Patel,Rajasthan,Kota
B-21732,2/11/2020,Dinesh Malhotra,Tamil Nadu,Chennai
B-21733,18-08-2021,Vishakha Mishra,Karnataka,Bengaluru
B-21734,18-02-2019,Geeta Bose,Rajasthan,Jaipur
B-21735,18-05-2019,Shalini Mishra,Maharashtra,Pune
B-21736,24-06-2018,Rekha Yadav,Rajasthan,Kota
B-21737,9/1/2020,Kavita Gupta,Rajasthan,Kota
B-21738,13-04-2019,Amit Bose,Gujarat,Rajkot
B-21739,28-07-2020,Nikhil Tiwari,Andhra Pradesh,Visakhapatnam
B-21740,25-06-2020,Deepa Sharma,Rajasthan,Jaipur
B-21741,23-06-2018,Madhav Mishra,Andhra Pradesh,Visakhapatnam
B-21742,7/6/2020,Anita Agarwal,Rajasthan,Jodhpur
B-21743,22-03-2021,Anita Mohan,Goa,Margao
B-21744,8/5/2020,Rohit Tiwari,Haryana,Faridabad
B-21745,5/10/2019,Gopal Sharma,Karnataka,Hubli
B-21746,4/6/2021,Deepa Pandey,Andhra Pradesh,Tirupati
B-21747,25-02-2019,Jyoti Desai,Karnataka,Hubli
B-21748,24-06-2020,Gopal Mohan,Andhra Pradesh,Visakhapatnam
B-21749,10/9/2019,Meena Verma,Himachal Pradesh,Manali
B-21750,16-09-2018,Nikhil Shah,Maharashtra,Mumbai
B-21751,13-11-2020,Sunil Joshi,Bihar,Muzaffarpur
B-21752,24-11-2018,Rahul Sharma,Tamil Nadu,Madurai
B-21753,28-04-2021,Manoj Reddy,Karnataka,Mysuru
B-21754,15-05-2020,Lalita Kumar,Rajasthan,Udaipur
B-21755,16-06-2019,Lalita Yadav,Delhi,Dwarka
B-21756,13-09-2018,Geeta Joshi,Punjab,Amritsar
B-21757,17-07-2020,Madhav Reddy,Karnataka,Hubli
B-21758,4/3/2021,Jyoti Desai,Maharashtra,Nagpur
B-21759,6/8/2019,Parvati Tiwari,Delhi,New Delhi
B-21760,30-11-2020,Kavita Kumar,Madhya Pradesh,Bhopal
B-21761,10/1/2020,Ravi Kumar,Delhi,New Delhi
B-21762,23-04-2020,Meena Singh,Uttar Pradesh,Lucknow
B-21763,2/9/2020,Neha Das,Uttar Pradesh,Varanasi
B-21764,4/4/2020,Tushar Shah,Bihar,Gaya
B-21765,25-06-2019,Tushar Chopra,Kerala,Thiruvananthapuram
B-21766,12/11/2021,Dinesh Malhotra,Goa,Panaji
B-21767,23-10-2018,Lalita Gupta,Bihar,Gaya
B-21768,22-09-2018,Lalita Mehta,Delhi,Delhi
B-21769,21-07-2020,Shalini Verma,Rajasthan,Udaipur
B-21770,1/9/2018,Nandita Bose,Delhi,New Delhi
B-21771,16-03-2021,Vikas Verma,Bihar,Patna
B-21772,31-01-2020,Asha Yadav,Madhya Pradesh,Jabalpur
B-21773,27-02-2018,Deepa Gupta,Karnataka,Mysuru
B-21774,10/4/2018,Asha Joshi,Maharashtra,Nashik
B-21775,5/1/2018,Pooja Shah,Madhya Pradesh,Indore
B-21776,5/5/2020,Shalini Pillai,Madhya Pradesh,Jabalpur
B-21777,23-11-2019,Madan Chopra,Karnataka,Hubli
B-21778,29-09-2018,Amit Mehta,Kerala,Thiruvananthapuram
B-21779,28-09-2021,Geeta Gupta,Tamil Nadu,Coimbatore
B-21780,2/7/2018,Gaurav Tiwari,Kerala,Thiruvananthapuram
B-21781,22-04-2019,Rohit Mishra,Himachal Pradesh,Dharamsala
B-21782,26-06-2020,Rekha Mohan,Uttar Pradesh,Lucknow
B-21783,19-12-2021,Rahul Pillai,Kerala,Kozhikode
B-21784,25-09-2019,Sunil Mohan,Delhi,Dwarka
B-21785,24-06-2018,Rajesh Desai,Himachal Pradesh,Shimla
B-21786,13-03-2021,Nikhil Nair,Rajasthan,Jaipur
B-21787,4/9/2018,Jyoti Patel,Goa,Margao
B-21788,26-02-2019,Kavita Pandey,Tamil Nadu,Madurai
B-21789,28-06-2020,Meena Shah,Punjab,Ludhiana
B-21790,21-04-2021,Priya Chopra,Tamil Nadu,Chennai
B-21791,28-11-2019,Arun Patel,Gujarat,Vadodara
B-21792,22-02-2020,Manoj Singh,Delhi,Delhi
B-21793,14-01-2021,Kiran Joshi,Delhi,New Delhi
B-21794,3/7/2018,Deepa Joshi,Jammu and Kashmir,Srinagar
B-21795,1/5/2018,Gaurav Mishra,Delhi,Dwarka
B-21796,30-04-2018,Asha Agarwal,Uttar Pradesh,Lucknow
B-21797,25-04-2020,Harivansh Iyer,Andhra Pradesh,Visakhapatnam
B-21798,17-04-2018,Rajesh Reddy,Rajasthan,Jodhpur
B-21799,6/10/2020,Lalita Mehta,Andhra Pradesh,Visakhapatnam
B-21800,6/7/2019,Anita Mishra,Gujarat,Rajkot
B-21801,15-05-2018,Shalini Sharma,Andhra Pradesh,Visakhapatnam
B-21802,8/2/2018,Rekha Shah,Goa,Panaji
B-21803,20-05-2019,Sunil Mohan,Karnataka,Mysuru
B-21804,9/3/2021,Sneha Das,Uttar Pradesh,Varanasi
B-21805,21-02-2019,Deepa Yadav,Himachal Pradesh,Shimla
B-21806,18-05-2019,Jyoti Bose,Goa,Margao
B-21807,27-03-2018,Aarav Das,Goa,Margao
B-21808,30-08-2021,Kiran Sharma,Uttar Pradesh,Kanpur
B-21809,14-07-2019,Nandita Iyer,Tamil Nadu,Coimbatore
B-21810,21-12-2019,Neha Pillai,Tamil Nadu,Coimbatore
B-21811,4/4/2018,Kiran Malhotra,Bihar,Patna
B-21812,8/9/2019,Meena Agarwal,Haryana,Gurugram
B-21813,13-02-2021,Rekha Bose,Maharashtra,Nagpur
B-21814,28-10-2021,Madhav Mohan,Maharashtra,Nashik
B-21815,14-07-2019,Kavita Tiwari,Goa,Margao
B-21816,8/3/2019,Ravi Desai,Madhya Pradesh,Bhopal
B-21817,16-08-2021,Aarav Desai,Gujarat,Ahmedabad
B-21818,9/10/2021,Sunita Bose,Himachal Pradesh,Dharamsala
B-21819,11/12/2021,Dinesh Agarwal,Himachal Pradesh,Dharamsala
B-21820,26-08-2021,Suresh Shah,Uttar Pradesh,Kanpur
B-21821,8/10/2021,Pooja Yadav,Goa,Margao
B-21822,16-05-2021,Gopal Agarwal,Delhi,Dwarka
B-21823,18-01-2018,Pooja Das,Andhra Pradesh,Visakhapatnam
B-21824,29-06-2020,Aarav Reddy,Rajasthan,Udaipur
B-21825,25-10-2021,Gopal Nair,Uttar Pradesh,Varanasi
B-21826,4/7/2021,Asha Pandey,Maharashtra,Nashik
B-21827,14-01-2020,Priya Iyer,Bihar,Muzaffarpur
B-21828,18-12-2021,Nandita Nair,Uttar Pradesh,Kanpur
B-21829,16-08-2018,Rekha Pillai,Bihar,Patna
B-21830,4/2/2021,Rajesh Tiwari,Rajasthan,Jodhpur
B-21831,14-05-2018,Tushar Gupta,Rajasthan,Jodhpur
B-21832,16-06-2019,Parvati Reddy,Tamil Nadu,Madurai
B-21833,16-07-2019,Rajesh Tiwari,Uttar Pradesh,Varanasi
B-21834,12/6/2021,Manoj Tiwari,Himachal Pradesh,Manali
B-21835,5/1/2018,Arun Mohan,Haryana,Hisar
B-21836,17-04-2018,Harivansh Bose,Tamil Nadu,Coimbatore
B-21837,16-07-2019,Pooja Tiwari,Bihar,Gaya
B-21838,11/1/2020,Nikhil Verma,Tamil Nadu,Chennai
B-21839,7/4/2018,Rekha Bose,Bihar,Gaya
B-21840,11/1/2018,Rohit Nair,Madhya Pradesh,Indore
B-21841,8/4/2019,Arun Singh,West Bengal,Kolkata
B-21842,3/12/2018,Madhav Joshi,Uttar Pradesh,Mathura
B-21843,27-02-2018,Shalini Bose,Karnataka,Hubli
B-21844,6/7/2021,Madhav Iyer,Maharashtra,Nashik
B-21845,4/5/2019,Madhav Verma,Karnataka,Hubli
B-21846,30-04-2019,Suresh Desai,Kerala,Kochi
B-21847,4/7/2021,Geeta Pillai,Delhi,Delhi
B-21848,10/3/2018,Madan Mishra,Tamil Nadu,Madurai
B-21849,14-05-2018,Amit Verma,West Bengal,Howrah
B-21850,23-04-2018,Asha Desai,Kerala,Kochi
B-21851,28-07-2018,Anita Shah,Uttar Pradesh,Kanpur
B-21852,2/4/2020,Vikram Desai,Rajasthan,Jodhpur
B-21853,12/5/2021,Gaurav Sharma,Gujarat,Rajkot
B-21854,26-05-2020,Gaurav Desai,Uttar Pradesh,Mathura
B-21855,18-07-2020,Nikhil Mishra,Punjab,Amritsar
B-21856,30-07-2018,Aarav Desai,Rajasthan,Jodhpur
B-21857,19-03-2021,Amit Mohan,Bihar,Gaya
B-21858,12/5/2020,Shalini Malhotra,Kerala,Kochi
B-21859,13-05-2019,Amit Verma,Uttar Pradesh,Agra
B-21860,12/4/2021,Arun Mehta,Goa,Margao
B-21861,30-09-2019,Tushar Shah,Rajasthan,Jodhpur
B-21862,19-08-2020,Asha Desai,Madhya Pradesh,Gwalior
B-21863,17-01-2018,Nikhil Pillai,Nagaland,Kohima
B-21864,28-04-2018,Kavita Mehta,Karnataka,Hubli
B-21865,22-04-2018,Arun Yadav,Maharashtra,Pune
B-21866,4/8/2021,Rajesh Singh,Madhya Pradesh,Jabalpur
B-21867,23-11-2021,Ravi Desai,Haryana,Hisar
B-21868,5/3/2021,Madhav Desai,Madhya Pradesh,Gwalior
B-21869,29-11-2018,Vikram Das,Tamil Nadu,Chennai
B-21870,12/10/2020,Sanjay Sharma,Kerala,Kozhikode
B-21871,17-04-2019,Ravi Desai,Maharashtra,Nashik
B-21872,10/11/2019,Madan Nair,Andhra Pradesh,Visakhapatnam
B-21873,14-01-2020,Aarav Singh,Andhra Pradesh,Tirupati
B-21874,24-08-2018,Deepa Joshi,Gujarat,Vadodara
B-21875,31-03-2018,Rahul Nair,Maharashtra,Pune
B-21876,25-03-2019,Manoj Malhotra,Delhi,Dwarka
B-21877,19-05-2019,Sunita Nair,Uttar Pradesh,Agra
B-21878,27-07-2018,Rahul Tiwari,Delhi,Dwarka
B-21879,16-08-2018,Madhav Nair,Madhya Pradesh,Bhopal
B-21880,28-01-2020,Vishakha Tiwari,Delhi,Dwarka
B-21881,30-06-2021,Arun Pandey,Uttar Pradesh,Lucknow
B-21882,25-09-2018,Rajesh Nair,Bihar,Muzaffarpur
B-21883,6/2/2020,Harivansh Desai,Gujarat,Surat
B-21884,5/4/2018,Gaurav Pillai,Delhi,Dwarka
B-21885,26-08-2019,Deepa Mishra,Maharashtra,Nagpur
B-21886,16-09-2018,Lalita Pillai,Tamil Nadu,Chennai
B-21887,16-06-2018,Shalini Tiwari,Punjab,Amritsar
B-21888,7/11/2020,Madan Mohan,Rajasthan,Udaipur
B-21889,18-10-2020,Nikhil Das,Delhi,Dwarka
B-21890,5/2/2020,Nikhil Pandey,Bihar,Gaya
B-21891,28-08-2020,Rekha Pillai,Andhra Pradesh,Tirupati
B-21892,23-08-2021,Priya Nair,Maharashtra,Pune
B-21893,14-07-2020,Kavita Agarwal,Maharashtra,Nashik
B-21894,12/2/2020,Parvati Patel,Jammu and Kashmir,Jammu
B-21895,6/6/2019,Sunil Singh,Delhi,Delhi
B-21896,28-08-2019,Geeta Mehta,Madhya Pradesh,Indore
B-21897,10/8/2020,Lalita Desai,Madhya Pradesh,Jabalpur
B-21898,15-08-2020,Arun Bose,Andhra Pradesh,Vijayawada
B-21899,12/10/2019,Rekha Agarwal,Uttar Pradesh,Kanpur
B-21900,24-04-2019,Manoj Mohan,Uttar Pradesh,Mathura
B-21901,27-08-2019,Lalita Mehta,Himachal Pradesh,Shimla
B-21902,21-07-2019,Sanjay Kumar,Delhi,New Delhi
B-21903,20-03-2018,Jyoti Nair,Madhya Pradesh,Gwalior
B-21904,28-05-2019,Asha Malhotra,Karnataka,Hubli
B-21905,17-07-2019,Rajesh Pandey,Punjab,Amritsar
B-21906,17-01-2021,Manoj Sharma,Rajasthan,Udaipur
B-21907,11/12/2019,Rohit Agarwal,Karnataka,Hubli
B-21908,25-01-2018,Shalini Mohan,Bihar,Patna
B-21909,25-03-2020,Sanjay Reddy,Rajasthan,Jodhpur
B-21910,29-08-2020,Sanjay Mehta,Punjab,Jalandhar
B-21911,17-08-2020,Ravi Mishra,Karnataka,Mysuru
B-21912,20-01-2019,Arun Pandey,Gujarat,Rajkot
B-21913,10/7/2020,Sunil Sharma,Andhra Pradesh,Tirupati
B-21914,20-09-2018,Asha Malhotra,Uttar Pradesh,Agra
B-21915,27-11-2019,Sanjay Bose,Gujarat,Rajkot
B-21916,15-11-2021,Jyoti Joshi,Madhya Pradesh,Indore
B-21917,8/3/2021,Priya Gupta,Delhi,New Delhi
B-21918,9/3/2021,Nandita Desai,Punjab,Ludhiana
B-21919,20-02-2020,Neha Agarwal,Uttar Pradesh,Kanpur
B-21920,21-01-2019,Shalini Kumar,Madhya Pradesh,Jabalpur
B-21921,1/8/2021,Asha Singh,Delhi,Dwarka
B-21922,6/2/2021,Sunita Verma,Karnataka,Hubli
B-21923,27-09-2020,Rahul Patel,Maharashtra,Nashik
B-21924,5/8/2019,Neha Reddy,Madhya Pradesh,Indore
B-21925,20-07-2020,Anita Yadav,Bihar,Patna
B-21926,1/11/2019,Sneha Agarwal,Delhi,Delhi
B-21927,22-09-2018,Jyoti Bose,Gujarat,Ahmedabad
B-21928,7/3/2020,Neha Gupta,Tamil Nadu,Coimbatore
B-21929,4/6/2020,Shalini Patel,Punjab,Ludhiana
B-21930,18-04-2021,Rajesh Mehta,Rajasthan,Kota
B-21931,19-07-2019,Rajesh Sharma,Sikkim,Namchi
B-21932,12/5/2018,Rohit Desai,Karnataka,Hubli
B-21933,5/11/2019,Parvati Chopra,Gujarat,Ahmedabad
B-21934,6/7/2018,Vikas Mohan,Tamil Nadu,Coimbatore
B-21935,12/12/2019,Asha Agarwal,Punjab,Amritsar
B-21936,30-04-2020,Kavita Patel,West Bengal,Siliguri
B-21937,3/6/2020,Ravi Agarwal,West Bengal,Kolkata
B-21938,1/12/2021,Parvati Kumar,Andhra Pradesh,Visakhapatnam
B-21939,6/5/2019,Kiran Iyer,Tamil Nadu,Madurai
B-21940,21-08-2019,Suresh Pandey,Rajasthan,Jodhpur
B-21941,7/10/2020,Sneha Shah,Delhi,New Delhi
B-21942,6/6/2018,Vikram Mehta,Rajasthan,Udaipur
B-21943,19-04-2020,Geeta Patel,Maharashtra,Mumbai
B-21944,4/8/2020,Rahul Singh,Kerala,Kozhikode
B-21945,3/8/2020,Madan Mishra,Rajasthan,Jodhpur
B-21946,23-03-2020,Priya Sharma,Maharashtra,Pune
B-21947,1/11/2019,Ravi Chopra,Gujarat,Ahmedabad
B-21948,28-01-2021,Kavita Pandey,Jammu and Kashmir,Srinagar
B-21949,22-08-2020,Rekha Patel,Delhi,Delhi
B-21950,28-05-2021,Vikram Patel,Madhya Pradesh,Jabalpur
B-21951,11/12/2018,Suresh Tiwari,Rajasthan,Udaipur
B-21952,11/11/2018,Geeta Yadav,Delhi,Dwarka
B-21953,12/3/2018,Jyoti Nair,Gujarat,Ahmedabad
B-21954,24-07-2021,Nikhil Mohan,Nagaland,Kohima
B-21955,10/3/2020,Asha Das,Uttar Pradesh,Mathura
B-21956,10/4/2018,Madan Nair,West Bengal,Howrah
B-21957,4/5/2019,Rajesh Singh,Uttar Pradesh,Mathura
B-21958,30-01-2018,Madhav Nair,Haryana,Gurugram
B-21959,28-03-2019,Vikram Tiwari,Delhi,Delhi
B-21960,1/4/2018,Sneha Mehta,Uttar Pradesh,Agra
B-21961,23-10-2019,Sunil Mohan,Delhi,Delhi
B-21962,14-01-2021,Rohit Bose,Delhi,Delhi
B-21963,5/8/2018,Gopal Mishra,Delhi,New Delhi
B-21964,1/9/2021,Harivansh Sharma,Andhra Pradesh,Vijayawada
B-21965,27-03-2019,Suresh Tiwari,Karnataka,Hubli
B-21966,1/7/2021,Vishakha Verma,Uttar Pradesh,Lucknow
B-21967,21-04-2020,Asha Desai,Bihar,Patna
B-21968,30-12-2021,Jyoti Pillai,Delhi,Delhi
B-21969,13-05-2021,Harivansh Mohan,Haryana,Hisar
B-21970,21-11-2021,Amit Mishra,Delhi,Dwarka
B-21971,14-10-2019,Shalini Singh,Madhya Pradesh,Jabalpur
B-21972,23-02-2020,Lalita Mohan,Rajasthan,Jaipur
B-21973,22-04-2019,Rahul Desai,Rajasthan,Jaipur
B-21974,25-09-2019,Kavita Malhotra,Gujarat,Surat
B-21975,23-06-2021,Meena Verma,Delhi,New Delhi
B-21976,31-08-2019,Rajesh Gupta,Andhra Pradesh,Tirupati
B-21977,19-03-2018,Kavita Malhotra,Punjab,Ludhiana
B-21978,5/11/2019,Amit Iyer,Madhya Pradesh,Indore
B-21979,2/12/2020,Sneha Mohan,Karnataka,Bengaluru
B-21980,15-04-2019,Madhav Mishra,Maharashtra,Mumbai
B-21981,23-09-2021,Kavita Tiwari,Haryana,Gurugram
B-21982,30-05-2021,Madan Mehta,Madhya Pradesh,Jabalpur
B-21983,13-07-2021,Aarav Singh,Tamil Nadu,Chennai
B-21984,30-01-2019,Anita Mohan,Sikkim,Gangtok
B-21985,15-09-2018,Meena Patel,Punjab,Amritsar
B-21986,29-04-2019,Lalita Singh,Gujarat,Rajkot
B-21987,30-09-2019,Kiran Malhotra,Maharashtra,Nashik
B-21988,28-12-2018,Nandita Reddy,Madhya Pradesh,Jabalpur
B-21989,25-07-2021,Rajesh Iyer,Tamil Nadu,Coimbatore
B-21990,13-06-2018,Vishakha Agarwal,Andhra Pradesh,Vijayawada
B-21991,22-06-2020,Arun Mehta,Punjab,Ludhiana
B-21992,16-11-2018,Shalini Sharma,Rajasthan,Kota
B-21993,20-06-2018,Asha Desai,Himachal Pradesh,Dharamsala
B-21994,26-12-2018,Manoj Agarwal,Gujarat,Rajkot
B-21995,4/8/2019,Madan Shah,Punjab,Amritsar
B-21996,14-11-2019,Amit Pandey,Gujarat,Surat
B-21997,24-01-2019,Aarav Sharma,Tamil Nadu,Madurai
B-21998,6/2/2020,Dinesh Agarwal,West Bengal,Howrah
B-21999,4/2/2020,Madan Chopra,Madhya Pradesh,Indore
B-22000,17-04-2020,Priya Kumar,Andhra Pradesh,Tirupati
B-22001,29-11-2018,Rajesh Bose,Jammu and Kashmir,Jammu
B-22002,9/11/2020,Dinesh Mohan,Haryana,Hisar
B-22003,29-04-2018,Madan Bose,Rajasthan,Jodhpur
B-22004,5/9/2020,Priya Yadav,Kerala,Kozhikode
B-22005,27-02-2018,Deepa Iyer,Punjab,Jalandhar
B-22006,29-10-2018,Manoj Reddy,Punjab,Jalandhar
B-22007,27-11-2018,Aarav Kumar,Rajasthan,Kota
B-22008,25-03-2020,Tushar Singh,Bihar,Patna
B-22009,16-05-2020,Kiran Bose,Maharashtra,Nagpur
B-22010,22-10-2020,Jyoti Tiwari,Tamil Nadu,Madurai
B-22011,23-09-2019,Sneha Malhotra,Tamil Nadu,Chennai
B-22012,26-07-2021,Parvati Yadav,Karnataka,Mysuru
B-22013,6/3/2019,Rohit Pandey,Madhya Pradesh,Bhopal
B-22014,4/10/2020,Aarav Kumar,Uttar Pradesh,Kanpur
B-22015,11/12/2020,Sneha Mohan,Madhya Pradesh,Jabalpur
B-22016,16-12-2018,Sunita Yadav,Delhi,Delhi
B-22017,10/2/2019,Dinesh Patel,Bihar,Patna
B-22018,11/7/2020,Parvati Nair,Delhi,Delhi
B-22019,10/1/2019,Rajesh Iyer,Goa,Margao
B-22020,21-06-2020,Gaurav Kumar,Tamil Nadu,Chennai
B-22021,13-06-2018,Vikas Singh,Andhra Pradesh,Vijayawada
B-22022,12/5/2018,Madhav Sharma,Punjab,Ludhiana
B-22023,20-09-2020,Vikram Sharma,Uttar Pradesh,Mathura
B-22024,24-09-2021,Tushar Verma,Uttar Pradesh,Varanasi
B-22025,15-01-2018,Madan Desai,Bihar,Gaya
B-22026,22-09-2020,Shalini Mishra,Punjab,Ludhiana
B-22027,30-01-2020,Madhav Mishra,Karnataka,Mysuru
B-22028,24-09-2021,Rohit Agarwal,Punjab,Ludhiana
B-22029,8/11/2019,Vikram Sharma,Gujarat,Rajkot
B-22030,12/10/2018,Rahul Desai,Delhi,Dwarka
B-22031,27-07-2019,Kavita Yadav,Gujarat,Rajkot
B-22032,20-11-2020,Sneha Tiwari,Delhi,Dwarka
B-22033,22-10-2019,Rahul Mohan,Andhra Pradesh,Visakhapatnam
B-22034,29-10-2019,Geeta Reddy,Punjab,Ludhiana
B-22035,8/6/2021,Meena Yadav,Gujarat,Rajkot
B-22036,10/9/2021,Vikram Malhotra,Andhra Pradesh,Tirupati
B-22037,4/2/2019,Deepa Mehta,Tamil Nadu,Madurai
B-22038,30-10-2020,Priya Gupta,Bihar,Patna
B-22039,10/9/2019,Sunil Das,Delhi,New Delhi
B-22040,25-08-2018,Shalini Tiwari,Himachal Pradesh,Shimla
B-22041,10/3/2019,Kiran Tiwari,Haryana,Gurugram
B-22042,9/6/2020,Rahul Patel,West Bengal,Howrah
B-22043,25-02-2020,Rekha Reddy,Rajasthan,Kota
B-22044,5/10/2021,Pooja Tiwari,Delhi,Dwarka
B-22045,21-07-2021,Dinesh Singh,Karnataka,Mysuru
B-22046,4/4/2019,Parvati Desai,Uttar Pradesh,Agra
B-22047,12/2/2020,Madan Mohan,Kerala,Kozhikode
B-22048,13-06-2020,Sanjay Reddy,Maharashtra,Nagpur
B-22049,29-06-2018,Pooja Singh,Madhya Pradesh,Bhopal
B-22050,26-08-2018,Parvati Yadav,Delhi,New Delhi
B-22051,18-02-2020,Parvati Malhotra,Uttar Pradesh,Mathura
B-22052,23-04-2021,Jyoti Nair,Tamil Nadu,Coimbatore
B-22053,17-10-2019,Vishakha Tiwari,Jammu and Kashmir,Srinagar
B-22054,30-11-2020,Nandita Pillai,Maharashtra,Nashik
B-22055,19-01-2018,Jyoti Das,Madhya Pradesh,Gwalior
B-22056,25-03-2019,Dinesh Tiwari,Gujarat,Vadodara
B-22057,26-10-2018,Priya Desai,Madhya Pradesh,Indore
B-22058,15-07-2019,Parvati Chopra,Kerala,Kochi
B-22059,10/10/2020,Vikas Pandey,Goa,Panaji
B-22060,14-11-2019,Deepa Pandey,Maharashtra,Pune
B-22061,5/12/2021,Anita Patel,Tamil Nadu,Madurai
B-22062,13-03-2020,Asha Tiwari,West Bengal,Kolkata
B-22063,14-02-2018,Sunil Agarwal,Madhya Pradesh,Jabalpur
B-22064,15-12-2019,Rohit Agarwal,Uttar Pradesh,Agra
B-22065,2/8/2019,Rajesh Pandey,Tamil Nadu,Coimbatore
B-22066,19-07-2018,Amit Mishra,Rajasthan,Jaipur
B-22067,24-12-2021,Asha Das,Kerala,Kozhikode
B-22068,9/10/2018,Geeta Pandey,Bihar,Patna
B-22069,6/3/2019,Neha Malhotra,Maharashtra,Mumbai
B-22070,12/1/2020,Parvati Kumar,Haryana,Gurugram
B-22071,11/2/2020,Arun Tiwari,Tamil Nadu,Chennai
B-22072,16-07-2018,Gopal Chopra,Delhi,Delhi
B-22073,29-08-2018,Lalita Mohan,Madhya Pradesh,Jabalpur
B-22074,1/11/2018,Rohit Reddy,Uttar Pradesh,Lucknow
B-22075,23-03-2020,Dinesh Joshi,Haryana,Gurugram
B-22076,29-08-2021,Madan Pandey,Sikkim,Gangtok
B-22077,7/8/2020,Madan Iyer,Kerala,Thiruvananthapuram
B-22078,23-01-2020,Aarav Kumar,Delhi,Delhi
B-22079,28-09-2020,Lalita Reddy,Uttar Pradesh,Varanasi
B-22080,18-03-2021,Shalini Iyer,Haryana,Gurugram
B-22081,29-04-2021,Sunita Agarwal,Bihar,Muzaffarpur
B-22082,10/12/2021,Arun Joshi,Punjab,Amritsar
B-22083,29-10-2019,Suresh Pandey,West Bengal,Siliguri
B-22084,14-01-2019,Rohit Pandey,Uttar Pradesh,Varanasi
B-22085,3/1/2021,Nikhil Chopra,Uttar Pradesh,Varanasi
B-22086,8/1/2021,Pooja Nair,Goa,Panaji
B-22087,6/1/2019,Nandita Pandey,Delhi,Dwarka
B-22088,4/7/2020,Harivansh Kumar,Uttar Pradesh,Varanasi
B-22089,27-02-2019,Kiran Singh,Punjab,Amritsar
B-22090,23-06-2018,Pooja Mehta,Madhya Pradesh,Bhopal
B-22091,16-05-2020,Aarav Reddy,Madhya Pradesh,Gwalior
B-22092,11/9/2021,Jyoti Das,Delhi,New Delhi
B-22093,24-11-2021,Harivansh Mehta,West Bengal,Howrah
B-22094,26-05-2021,Jyoti Mehta,Maharashtra,Mumbai
B-22095,19-09-2021,Priya Reddy,Uttar Pradesh,Lucknow
B-22096,6/9/2019,Neha Gupta,Punjab,Amritsar
B-22097,26-04-2021,Gopal Iyer,Delhi,Dwarka
B-22098,14-05-2020,Suresh Shah,Maharashtra,Nashik
B-22099,23-08-2021,Kiran Agarwal,Gujarat,Vadodara
B-22100,17-10-2021,Arun Pandey,Delhi,Delhi
B-22101,25-05-2018,Rekha Mohan,Haryana,Gurugram
B-22102,2/2/2020,Parvati Tiwari,Kerala,Kozhikode
B-22103,23-05-2021,Kiran Bose,Karnataka,Mysuru
B-22104,7/6/2020,Madan Sharma,Goa,Panaji
B-22105,8/6/2018,Rekha Kumar,Bihar,Muzaffarpur
B-22106,28-01-2021,Sneha Singh,Madhya Pradesh,Indore
B-22107,14-01-2020,Madhav Iyer,Delhi,Delhi
B-22108,15-07-2019,Aarav Kumar,Andhra Pradesh,Visakhapatnam
B-22109,15-02-2020,Vikram Kumar,Delhi,Dwarka
B-22110,20-09-2019,Tushar Chopra,Uttar Pradesh,Agra
B-22111,5/12/2021,Parvati Joshi,Himachal Pradesh,Dharamsala
B-22112,22-07-2018,Anita Patel,Madhya Pradesh,Jabalpur
B-22113,6/1/2019,Gopal Malhotra,Haryana,Hisar
B-22114,3/2/2021,Nandita Agarwal,Gujarat,Surat
B-22115,15-06-2019,Aarav Tiwari,Bihar,Patna
B-22116,8/9/2021,Amit Gupta,Andhra Pradesh,Tirupati
B-22117,2/7/2019,Anita Malhotra,Kerala,Thiruvananthapuram
B-22118,19-12-2021,Kavita Tiwari,Punjab,Jalandhar
B-22119,26-07-2020,Sunita Das,Goa,Margao
B-22120,25-10-2020,Vikas Iyer,Jammu and Kashmir,Srinagar
B-22121,18-09-2019,Meena Joshi,Andhra Pradesh,Vijayawada
B-22122,4/7/2018,Meena Singh,Rajasthan,Jaipur
B-22123,5/12/2018,Parvati Verma,Uttar Pradesh,Agra
B-22124,8/2/2021,Dinesh Sharma,Goa,Margao
B-22125,18-10-2021,Lalita Malhotra,Delhi,New Delhi
B-22126,20-11-2020,Jyoti Pandey,Delhi,Delhi
B-22127,16-06-2021,Rajesh Malhotra,Uttar Pradesh,Kanpur
B-22128,9/12/2021,Jyoti Malhotra,Madhya Pradesh,Indore
B-22129,28-05-2021,Geeta Patel,Haryana,Hisar
B-22130,6/4/2019,Sunita Singh,Andhra Pradesh,Visakhapatnam
B-22131,18-11-2020,Gopal Verma,Gujarat,Rajkot
B-22132,16-12-2018,Vishakha Kumar,Madhya Pradesh,Bhopal
B-22133,9/1/2021,Pooja Joshi,Madhya Pradesh,Gwalior
B-22134,27-06-2019,Neha Sharma,Rajasthan,Kota
B-22135,22-03-2019,Asha Mohan,Bihar,Patna
B-22136,6/8/2020,Gaurav Chopra,Uttar Pradesh,Mathura
B-22137,14-06-2021,Ravi Mishra,Madhya Pradesh,Indore
B-22138,11/1/2018,Gopal Malhotra,Delhi,New Delhi
B-22139,19-01-2018,Vikram Bose,Bihar,Patna
B-22140,19-12-2020,Lalita Gupta,Andhra Pradesh,Vijayawada
B-22141,15-01-2018,Deepa Tiwari,Maharashtra,Nashik
B-22142,20-03-2020,Vishakha Joshi,Andhra Pradesh,Visakhapatnam
B-22143,3/1/2021,Rekha Kumar,Sikkim,Namchi
B-22144,28-11-2018,Amit Yadav,Rajasthan,Jaipur
B-22145,6/1/2020,Rajesh Kumar,Delhi,Delhi
B-22146,1/10/2018,Rohit Bose,Rajasthan,Jaipur
B-22147,25-11-2018,Rajesh Chopra,Goa,Margao
B-22148,1/9/2018,Sneha Chopra,Himachal Pradesh,Dharamsala
B-22149,18-09-2018,Harivansh Agarwal,Bihar,Muzaffarpur
B-22150,7/3/2020,Amit Kumar,Jammu and Kashmir,Srinagar
B-22151,16-09-2018,Deepa Yadav,Bihar,Muzaffarpur
B-22152,30-04-2019,Anita Tiwari,Karnataka,Mysuru
B-22153,7/5/2021,Aarav Bose,Bihar,Gaya
B-22154,22-09-2020,Meena Bose,Maharashtra,Pune
B-22155,13-11-2020,Sunita Reddy,Maharashtra,Mumbai
B-22156,24-06-2019,Kavita Tiwari,Karnataka,Bengaluru
B-22157,28-08-2020,Vikram Pandey,Rajasthan,Jodhpur
B-22158,22-01-2019,Tushar Mohan,Kerala,Kochi
B-22159,4/9/2018,Amit Agarwal,Uttar Pradesh,Lucknow
B-22160,27-10-2018,Arun Sharma,Kerala,Kochi
B-22161,15-04-2018,Madan Bose,Bihar,Muzaffarpur
B-22162,21-07-2021,Sanjay Reddy,Madhya Pradesh,Jabalpur
B-22163,6/5/2018,Lalita Bose,Kerala,Thiruvananthapuram
B-22164,14-08-2018,Rekha Yadav,Maharashtra,Nagpur
B-22165,28-12-2021,Sneha Reddy,Madhya Pradesh,Indore
B-22166,8/1/2019,Priya Sharma,Uttar Pradesh,Agra
B-22167,11/3/2019,Vikas Chopra,Maharashtra,Mumbai
B-22168,1/6/2020,Sunita Iyer,Jammu and Kashmir,Jammu
B-22169,16-11-2019,Asha Kumar,Uttar Pradesh,Mathura
B-22170,30-10-2021,Sunil Gupta,Madhya Pradesh,Gwalior
B-22171,21-04-2021,Nikhil Desai,Andhra Pradesh,Tirupati
B-22172,20-07-2019,Neha Pillai,Andhra Pradesh,Visakhapatnam
B-22173,25-09-2018,Nandita Kumar,Uttar Pradesh,Lucknow
B-22174,31-01-2019,Geeta Kumar,Uttar Pradesh,Varanasi
B-22175,21-06-2021,Madhav Joshi,Rajasthan,Jodhpur
B-22176,28-12-2020,Deepa Verma,Delhi,New Delhi
B-22177,1/2/2021,Manoj Shah,Goa,Margao
B-22178,7/7/2020,Pooja Bose,Uttar Pradesh,Kanpur
B-22179,8/12/2020,Lalita Sharma,Delhi,New Delhi
B-22180,27-11-2021,Amit Joshi,Uttar Pradesh,Varanasi
B-22181,5/5/2018,Rajesh Malhotra,Karnataka,Mysuru
B-22182,3/11/2021,Jyoti Mehta,Goa,Panaji
B-22183,15-06-2020,Lalita Agarwal,Punjab,Ludhiana
B-22184,31-03-2020,Nandita Iyer,Maharashtra,Mumbai
B-22185,24-11-2018,Parvati Nair,Punjab,Amritsar
B-22186,16-11-2020,Ravi Mehta,Haryana,Hisar
B-22187,15-06-2019,Asha Reddy,Madhya Pradesh,Gwalior
B-22188,4/2/2021,Pooja Patel,Maharashtra,Pune
B-22189,21-08-2019,Priya Mohan,Delhi,New Delhi
B-22190,30-09-2018,Rekha Verma,Kerala,Kochi
B-22191,7/3/2019,Jyoti Kumar,Uttar Pradesh,Agra
B-22192,19-07-2021,Nandita Yadav,Madhya Pradesh,Gwalior
B-22193,1/10/2018,Sneha Desai,Madhya Pradesh,Indore
B-22194,5/7/2021,Aarav Yadav,Maharashtra,Nagpur
B-22195,28-12-2018,Manoj Sharma,Himachal Pradesh,Dharamsala
B-22196,6/8/2018,Madan Mohan,Maharashtra,Pune
B-22197,24-06-2020,Sanjay Mishra,Maharashtra,Nashik
B-22198,15-11-2018,Geeta Reddy,Rajasthan,Kota
B-22199,25-01-2020,Deepa Chopra,Uttar Pradesh,Lucknow
B-22200,29-07-2020,Sunita Patel,Delhi,New Delhi
B-22201,5/1/2019,Vikas Sharma,Madhya Pradesh,Bhopal
B-22202,18-03-2020,Nandita Nair,Uttar Pradesh,Mathura
B-22203,23-05-2020,Kavita Das,West Bengal,Howrah
B-22204,25-07-2018,Nikhil Gupta,Rajasthan,Jaipur
B-22205,20-05-2021,Vikram Agarwal,Andhra Pradesh,Visakhapatnam
B-22206,28-01-2018,Priya Gupta,Maharashtra,Mumbai
B-22207,3/7/2019,Deepa Mohan,Punjab,Amritsar
B-22208,6/8/2018,Jyoti Malhotra,Karnataka,Hubli
B-22209,24-06-2018,Rajesh Gupta,Bihar,Muzaffarpur
B-22210,28-06-2020,Kiran Joshi,Madhya Pradesh,Bhopal
B-22211,15-05-2019,Anita Shah,Haryana,Hisar
B-22212,18-01-2021,Pooja Sharma,Karnataka,Bengaluru
B-22213,20-01-2021,Vikas Kumar,Bihar,Gaya
B-22214,18-10-2018,Aarav Reddy,Uttar Pradesh,Kanpur
B-22215,29-02-2020,Deepa Yadav,Kerala,Kochi
B-22216,2/11/2021,Madan Tiwari,Tamil Nadu,Chennai
B-22217,4/10/2020,Kiran Kumar,Maharashtra,Nagpur
B-22218,2/1/2020,Suresh Desai,Madhya Pradesh,Gwalior
B-22219,23-06-2018,Priya Desai,Delhi,New Delhi
B-22220,22-12-2020,Madhav Desai,Delhi,New Delhi
B-22221,4/11/2018,Asha Desai,Karnataka,Mysuru
B-22222,1/8/2018,Rekha Chopra,Nagaland,Dimapur
B-22223,27-12-2021,Suresh Sharma,Tamil Nadu,Chennai
B-22224,5/9/2021,Deepa Mishra,Delhi,New Delhi
B-22225,6/9/2020,Suresh Kumar,Punjab,Jalandhar
B-22226,25-07-2019,Deepa Singh,Madhya Pradesh,Bhopal
B-22227,8/1/2019,Madan Yadav,Madhya Pradesh,Jabalpur
B-22228,12/9/2020,Sneha Desai,Karnataka,Mysuru
B-22229,11/10/2018,Kavita Agarwal,Gujarat,Rajkot
B-22230,8/1/2021,Jyoti Chopra,Bihar,Patna
B-22231,27-02-2020,Meena Pillai,Rajasthan,Jodhpur
B-22232,10/12/2021,Meena Reddy,Andhra Pradesh,Visakhapatnam
B-22233,5/2/2018,Vishakha Shah,Gujarat,Surat
B-22234,14-08-2018,Anita Yadav,Andhra Pradesh,Visakhapatnam
B-22235,27-08-2019,Ravi Gupta,Karnataka,Hubli
B-22236,12/5/2020,Kavita Nair,Karnataka,Bengaluru
B-22237,10/10/2018,Pooja Pandey,Haryana,Faridabad
B-22238,23-02-2018,Arun Yadav,Uttar Pradesh,Mathura
B-22239,19-09-2021,Tushar Singh,Gujarat,Surat
B-22240,3/3/2018,Deepa Yadav,Delhi,Delhi
B-22241,7/6/2018,Aarav Pillai,Karnataka,Mysuru
B-22242,3/11/2018,Sunita Chopra,Rajasthan,Udaipur
B-22243,20-08-2020,Sneha Malhotra,Madhya Pradesh,Indore
B-22244,11/8/2019,Pooja Gupta,Uttar Pradesh,Mathura
B-22245,22-05-2021,Sunita Mehta,Delhi,New Delhi
B-22246,17-05-2020,Ravi Shah,Haryana,Faridabad
B-22247,17-03-2021,Lalita Joshi,Haryana,Faridabad
B-22248,18-11-2018,Rekha Singh,Bihar,Patna
B-22249,10/3/2019,Rohit Desai,Uttar Pradesh,Kanpur
B-22250,12/1/2019,Sunil Desai,Tamil Nadu,Madurai
B-22251,17-08-2020,Shalini Mishra,Kerala,Thiruvananthapuram
B-22252,19-02-2020,Kiran Verma,Karnataka,Hubli
B-22253,18-05-2020,Rajesh Iyer,Uttar Pradesh,Mathura
B-22254,13-01-2020,Nandita Mishra,Uttar Pradesh,Agra
B-22255,30-11-2018,Jyoti Kumar,Uttar Pradesh,Varanasi
B-22256,23-01-2018,Asha Nair,Himachal Pradesh,Dharamsala
B-22257,8/3/2018,Kavita Iyer,Uttar Pradesh,Varanasi
B-22258,2/3/2021,Priya Pillai,Sikkim,Namchi
B-22259,4/4/2018,Anita Mishra,Uttar Pradesh,Agra
B-22260,18-01-2018,Gopal Joshi,Jammu and Kashmir,Srinagar
B-22261,7/10/2019,Rohit Malhotra,Madhya Pradesh,Bhopal
B-22262,10/12/2021,Vikram Mishra,Andhra Pradesh,Tirupati
B-22263,28-10-2020,Vikram Mehta,Karnataka,Bengaluru
B-22264,18-02-2018,Tushar Agarwal,Gujarat,Ahmedabad
B-22265,18-08-2019,Kiran Gupta,Haryana,Gurugram
B-22266,5/7/2021,Meena Pandey,Maharashtra,Pune
B-22267,27-10-2021,Deepa Pandey,Delhi,Dwarka
B-22268,23-11-2020,Nandita Mohan,Bihar,Gaya
B-22269,5/7/2020,Amit Mishra,Madhya Pradesh,Jabalpur
B-22270,23-03-2018,Madan Reddy,Maharashtra,Mumbai
B-22271,9/11/2018,Parvati Mohan,Sikkim,Gangtok
B-22272,31-01-2018,Deepa Joshi,Himachal Pradesh,Shimla
B-22273,18-10-2020,Vikram Das,Madhya Pradesh,Gwalior
B-22274,27-11-2018,Suresh Iyer,Punjab,Ludhiana
B-22275,2/7/2018,Suresh Patel,Haryana,Faridabad
B-22276,13-06-2019,Shalini Iyer,Rajasthan,Kota
B-22277,24-08-2021,Amit Kumar,Goa,Margao
B-22278,23-03-2018,Vishakha Joshi,Andhra Pradesh,Tirupati
B-22279,25-10-2021,Amit Das,Andhra Pradesh,Tirupati
B-22280,5/10/2019,Vishakha Singh,Haryana,Hisar
B-22281,10/7/2020,Manoj Tiwari,Uttar Pradesh,Mathura
B-22282,17-05-2019,Sunil Sharma,Delhi,Delhi
B-22283,19-08-2019,Madan Patel,Punjab,Amritsar
B-22284,2/4/2019,Madan Das,Nagaland,Dimapur
B-22285,12/8/2020,Ravi Mohan,Himachal Pradesh,Manali
B-22286,12/8/2018,Meena Patel,Rajasthan,Kota
B-22287,6/6/2020,Rajesh Agarwal,Madhya Pradesh,Gwalior
B-22288,3/12/2019,Nandita Chopra,Maharashtra,Nashik
B-22289,23-08-2018,Rekha Das,Uttar Pradesh,Lucknow
B-22290,20-08-2020,Deepa Mohan,Maharashtra,Mumbai
B-22291,16-05-2021,Madan Verma,Jammu and Kashmir,Jammu
B-22292,30-05-2020,Shalini Nair,Uttar Pradesh,Mathura
B-22293,1/11/2021,Arun Iyer,Maharashtra,Pune
B-22294,21-06-2018,Deepa Singh,Maharashtra,Mumbai
B-22295,3/9/2019,Geeta Bose,Bihar,Muzaffarpur
B-22296,16-06-2019,Sunita Verma,Uttar Pradesh,Kanpur
B-22297,2/12/2019,Asha Patel,Maharashtra,Nashik
B-22298,13-09-2020,Shalini Shah,Haryana,Gurugram
B-22299,27-11-2021,Arun Yadav,West Bengal,Siliguri
B-22300,7/3/2020,Aarav Shah,Karnataka,Hubli
B-22301,11/2/2019,Suresh Malhotra,Nagaland,Kohima
B-22302,26-10-2019,Harivansh Sharma,Delhi,New Delhi
B-22303,30-10-2018,Dinesh Mishra,Delhi,Dwarka
B-22304,12/4/2020,Manoj Mehta,Rajasthan,Kota
B-22305,15-09-2018,Geeta Mohan,Goa,Panaji
B-22306,16-03-2018,Neha Malhotra,Goa,Margao
B-22307,27-11-2021,Jyoti Patel,Punjab,Amritsar
B-22308,14-12-2019,Neha Nair,Goa,Panaji
B-22309,29-01-2020,Vishakha Sharma,Madhya Pradesh,Gwalior
B-22310,25-10-2020,Pooja Pandey,Bihar,Gaya
B-22311,27-04-2020,Sneha Yadav,Madhya Pradesh,Jabalpur
B-22312,7/12/2020,Madhav Kumar,West Bengal,Howrah
B-22313,27-05-2020,Vishakha Patel,Himachal Pradesh,Shimla
B-22314,16-01-2021,Arun Agarwal,Maharashtra,Nashik
B-22315,22-07-2021,Vikas Pandey,Kerala,Kochi
B-22316,29-06-2018,Vikram Singh,Kerala,Kozhikode
B-22317,22-04-2020,Vikram Chopra,Rajasthan,Jaipur
B-22318,21-07-2021,Geeta Mehta,Punjab,Amritsar
B-22319,29-09-2021,Vikas Bose,Maharashtra,Nashik
B-22320,3/2/2021,Madan Kumar,Maharashtra,Nashik
B-22321,12/9/2018,Gopal Das,Gujarat,Rajkot
B-22322,16-01-2018,Vishakha Reddy,Bihar,Gaya
B-22323,10/9/2021,Manoj Joshi,Tamil Nadu,Coimbatore
B-22324,10/10/2021,Kavita Sharma,West Bengal,Howrah
B-22325,8/3/2018,Aarav Sharma,Delhi,New Delhi
B-22326,28-11-2020,Nandita Mishra,Madhya Pradesh,Jabalpur
B-22327,11/5/2019,Sunil Agarwal,Maharashtra,Nashik
B-22328,16-04-2018,Parvati Bose,Delhi,Dwarka
B-22329,10/3/2020,Sunita Agarwal,West Bengal,Siliguri
B-22330,21-11-2018,Arun Reddy,Uttar Pradesh,Lucknow
B-22331,29-10-2020,Pooja Mohan,Punjab,Ludhiana
B-22332,8/7/2021,Manoj Shah,Delhi,New Delhi
B-22333,22-02-2019,Meena Singh,Uttar Pradesh,Mathura
B-22334,11/7/2021,Tushar Gupta,Uttar Pradesh,Varanasi
B-22335,11/6/2018,Parvati Agarwal,Uttar Pradesh,Lucknow
B-22336,18-07-2020,Gopal Patel,Maharashtra,Pune
B-22337,1/9/2019,Rajesh Shah,Tamil Nadu,Madurai
B-22338,14-02-2020,Manoj Tiwari,Uttar Pradesh,Mathura
B-22339,22-10-2018,Rahul Mohan,Goa,Panaji
B-22340,16-08-2018,Ravi Desai,Delhi,Delhi
B-22341,2/8/2019,Manoj Patel,Uttar Pradesh,Kanpur
B-22342,11/1/2020,Neha Agarwal,Uttar Pradesh,Mathura
B-22343,27-04-2020,Suresh Chopra,Goa,Panaji
B-22344,7/3/2019,Sneha Agarwal,Tamil Nadu,Madurai
B-22345,12/7/2020,Kiran Patel,Madhya Pradesh,Bhopal
B-22346,12/9/2021,Parvati Mohan,Punjab,Amritsar
B-22347,29-08-2018,Madhav Yadav,Bihar,Muzaffarpur
B-22348,13-05-2021,Jyoti Sharma,Delhi,Dwarka
B-22349,6/6/2019,Pooja Nair,Punjab,Jalandhar
B-22350,17-02-2018,Nikhil Mehta,Rajasthan,Jodhpur
B-22351,18-01-2020,Pooja Nair,Uttar Pradesh,Lucknow
B-22352,27-03-2019,Meena Malhotra,Haryana,Gurugram
B-22353,3/7/2019,Rekha Chopra,Maharashtra,Mumbai
B-22354,15-12-2019,Sunil Mohan,Madhya Pradesh,Jabalpur
B-22355,12/6/2020,Lalita Agarwal,West Bengal,Howrah
B-22356,21-12-2018,Rajesh Tiwari,Tamil Nadu,Madurai
B-22357,30-07-2019,Rohit Kumar,Punjab,Jalandhar
B-22358,1/10/2019,Kiran Nair,Jammu and Kashmir,Jammu
B-22359,6/6/2020,Geeta Bose,Punjab,Ludhiana
B-22360,15-10-2019,Gaurav Kumar,Punjab,Ludhiana
B-22361,14-02-2019,Parvati Yadav,Andhra Pradesh,Tirupati
B-22362,12/5/2018,Geeta Patel,Tamil Nadu,Madurai
B-22363,3/6/2019,Tushar Bose,Madhya Pradesh,Gwalior
B-22364,26-03-2020,Rahul Kumar,Delhi,New Delhi
B-22365,29-05-2020,Sunita Yadav,Maharashtra,Pune
B-22366,7/9/2021,Vishakha Yadav,Delhi,New Delhi
B-22367,8/9/2018,Aarav Mishra,Haryana,Hisar
B-22368,5/11/2019,Neha Das,Punjab,Ludhiana
B-22369,22-04-2019,Sunil Singh,Andhra Pradesh,Tirupati
B-22370,11/3/2019,Nikhil Nair,Uttar Pradesh,Agra
B-22371,29-05-2021,Suresh Pillai,West Bengal,Howrah
B-22372,29-10-2021,Arun Mishra,Karnataka,Bengaluru
B-22373,8/2/2019,Anita Chopra,Bihar,Gaya
B-22374,12/5/2020,Pooja Kumar,Gujarat,Vadodara
B-22375,25-04-2021,Madan Reddy,Punjab,Ludhiana
B-22376,6/2/2018,Parvati Sharma,West Bengal,Howrah
B-22377,26-09-2018,Rohit Verma,West Bengal,Siliguri
B-22378,22-03-2018,Madhav Mohan,Uttar Pradesh,Kanpur
B-22379,14-07-2018,Sneha Malhotra,Madhya Pradesh,Gwalior
B-22380,10/12/2019,Rohit Singh,Himachal Pradesh,Manali
B-22381,8/10/2020,Gaurav Verma,Andhra Pradesh,Tirupati
B-22382,19-07-2020,Dinesh Mohan,Goa,Panaji
B-22383,5/2/2020,Gaurav Kumar,Uttar Pradesh,Mathura
B-22384,22-01-2018,Amit Kumar,Sikkim,Namchi
B-22385,9/4/2019,Kiran Singh,Delhi,New Delhi
B-22386,5/1/2021,Aarav Pandey,Tamil Nadu,Coimbatore
B-22387,30-03-2018,Pooja Verma,Jammu and Kashmir,Srinagar
B-22388,25-06-2019,Madhav Pandey,Punjab,Ludhiana
B-22389,7/7/2019,Kiran Gupta,Punjab,Amritsar
B-22390,16-09-2018,Harivansh Gupta,Rajasthan,Kota
B-22391,28-07-2021,Geeta Tiwari,Delhi,Dwarka
B-22392,8/5/2019,Parvati Chopra,Nagaland,Dimapur
B-22393,22-10-2019,Shalini Reddy,Uttar Pradesh,Agra
B-22394,27-12-2021,Meena Yadav,Himachal Pradesh,Shimla
B-22395,12/9/2021,Neha Pandey,Uttar Pradesh,Kanpur
B-22396,4/5/2018,Neha Sharma,Nagaland,Dimapur
B-22397,28-02-2020,Rajesh Chopra,Uttar Pradesh,Lucknow
B-22398,24-04-2021,Nikhil Mehta,Tamil Nadu,Coimbatore
B-22399,22-12-2021,Ravi Mohan,Delhi,Dwarka
B-22400,5/8/2018,Amit Reddy,West Bengal,Howrah
B-22401,15-07-2020,Gaurav Mehta,Maharashtra,Nashik
B-22402,20-01-2019,Suresh Iyer,Gujarat,Vadodara
B-22403,28-03-2021,Vikram Gupta,Gujarat,Ahmedabad
B-22404,14-08-2018,Kavita Sharma,West Bengal,Kolkata
B-22405,1/7/2019,Rahul Chopra,Nagaland,Dimapur
B-22406,22-12-2019,Manoj Kumar,West Bengal,Kolkata
B-22407,27-12-2019,Arun Nair,Delhi,Dwarka
B-22408,1/6/2020,Lalita Mishra,Uttar Pradesh,Agra
B-22409,28-01-2020,Vikram Verma,Kerala,Kozhikode
B-22410,15-05-2020,Rajesh Joshi,Delhi,Delhi
B-22411,1/5/2021,Rekha Mehta,Punjab,Jalandhar
B-22412,6/6/2020,Vikram Tiwari,Uttar Pradesh,Lucknow
B-22413,16-08-2018,Sanjay Kumar,Uttar Pradesh,Mathura
B-22414,24-03-2021,Rekha Reddy,Uttar Pradesh,Mathura
B-22415,19-07-2019,Sanjay Desai,Haryana,Faridabad
B-22416,13-03-2020,Rohit Kumar,Maharashtra,Nagpur
B-22417,11/10/2020,Neha Patel,Karnataka,Mysuru
B-22418,28-07-2021,Vikas Pandey,Punjab,Jalandhar
B-22419,7/1/2018,Vikram Patel,Bihar,Muzaffarpur
B-22420,28-06-2021,Shalini Malhotra,Madhya Pradesh,Bhopal
B-22421,15-12-2018,Harivansh Tiwari,Uttar Pradesh,Lucknow
B-22422,12/11/2019,Ravi Gupta,Goa,Margao
B-22423,26-05-2020,Madhav Sharma,Delhi,New Delhi
B-22424,7/6/2018,Kiran Tiwari,Rajasthan,Jaipur
B-22425,1/5/2021,Gopal Chopra,Punjab,Ludhiana
B-22426,22-05-2019,Shalini Kumar,Uttar Pradesh,Mathura
B-22427,7/3/2021,Vikas Reddy,Bihar,Patna
B-22428,28-10-2018,Vikram Kumar,Madhya Pradesh,Gwalior
B-22429,15-07-2020,Dinesh Malhotra,Madhya Pradesh,Gwalior
B-22430,20-09-2021,Dinesh Iyer,Andhra Pradesh,Visakhapatnam
B-22431,24-12-2019,Asha Pandey,Madhya Pradesh,Jabalpur
B-22432,19-08-2018,Rekha Tiwari,Bihar,Muzaffarpur
B-22433,12/2/2018,Deepa Bose,Tamil Nadu,Madurai
B-22434,18-10-2018,Gopal Chopra,Uttar Pradesh,Varanasi
B-22435,26-11-2021,Arun Yadav,Maharashtra,Mumbai
B-22436,1/2/2019,Madan Mohan,Uttar Pradesh,Agra
B-22437,7/7/2021,Jyoti Das,Sikkim,Gangtok
B-22438,28-06-2019,Gopal Mishra,Andhra Pradesh,Vijayawada
B-22439,20-07-2019,Asha Nair,Uttar Pradesh,Varanasi
B-22440,8/12/2021,Madhav Desai,Delhi,New Delhi
B-22441,6/3/2021,Gopal Joshi,Delhi,Delhi
B-22442,18-10-2020,Deepa Das,Haryana,Hisar
B-22443,17-08-2019,Gaurav Shah,Nagaland,Dimapur
B-22444,24-09-2020,Vikas Singh,Karnataka,Bengaluru
B-22445,18-07-2020,Priya Nair,Maharashtra,Mumbai
B-22446,19-04-2018,Dinesh Joshi,Uttar Pradesh,Agra
B-22447,14-09-2021,Aarav Verma,Maharashtra,Nagpur
B-22448,4/8/2019,Lalita Tiwari,Jammu and Kashmir,Srinagar
B-22449,26-06-2018,Rekha Gupta,Sikkim,Gangtok
B-22450,3/6/2020,Tushar Singh,Madhya Pradesh,Indore
B-22451,27-08-2020,Gopal Reddy,Karnataka,Hubli
B-22452,2/3/2020,Arun Agarwal,Goa,Panaji
B-22453,20-06-2019,Asha Desai,Madhya Pradesh,Jabalpur
B-22454,22-10-2021,Harivansh Pillai,Delhi,Delhi
B-22455,28-05-2019,Amit Bose,Himachal Pradesh,Manali
B-22456,17-09-2019,Meena Joshi,Punjab,Jalandhar
B-22457,2/8/2020,Jyoti Patel,Andhra Pradesh,Vijayawada
B-22458,16-07-2018,Amit Mehta,Gujarat,Vadodara
B-22459,28-10-2020,Gopal Das,Madhya Pradesh,Jabalpur
B-22460,11/5/2020,Sneha Das,Uttar Pradesh,Varanasi
B-22461,24-02-2018,Sneha Singh,Rajasthan,Udaipur
B-22462,12/5/2019,Tushar Mehta,Andhra Pradesh,Tirupati
B-22463,17-01-2021,Parvati Joshi,Uttar Pradesh,Kanpur
B-22464,15-09-2018,Rohit Tiwari,Uttar Pradesh,Varanasi
B-22465,31-07-2020,Anita Singh,Uttar Pradesh,Mathura
B-22466,14-11-2019,Nandita Kumar,Karnataka,Hubli
B-22467,13-09-2020,Madhav Verma,Delhi,Dwarka
B-22468,13-10-2021,Lalita Malhotra,Rajasthan,Jodhpur
B-22469,23-11-2020,Deepa Shah,Rajasthan,Kota
B-22470,7/10/2018,Sanjay Tiwari,Kerala,Kochi
B-22471,9/9/2019,Asha Malhotra,Sikkim,Gangtok
B-22472,20-09-2020,Gaurav Pandey,Maharashtra,Mumbai
B-22473,1/1/2018,Deepa Desai,Tamil Nadu,Madurai
B-22474,18-07-2018,Kavita Nair,Uttar Pradesh,Mathura
B-22475,1/11/2020,Geeta Agarwal,Uttar Pradesh,Mathura
B-22476,7/9/2019,Rohit Chopra,Goa,Panaji
B-22477,24-01-2021,Manoj Desai,Haryana,Hisar
B-22478,17-06-2021,Pooja Bose,Delhi,Delhi
B-22479,14-01-2019,Deepa Malhotra,Kerala,Kochi
B-22480,13-11-2020,Jyoti Nair,Gujarat,Vadodara
B-22481,16-08-2019,Vikram Pillai,Bihar,Muzaffarpur
B-22482,18-07-2019,Rohit Agarwal,Haryana,Gurugram
B-22483,8/8/2020,Sneha Bose,Delhi,New Delhi
B-22484,25-07-2020,Pooja Pillai,Andhra Pradesh,Tirupati
B-22485,13-09-2019,Priya Mohan,Kerala,Kozhikode
B-22486,23-06-2021,Geeta Verma,West Bengal,Howrah
B-22487,13-10-2018,Ravi Malhotra,Gujarat,Ahmedabad
B-22488,21-11-2018,Gopal Mehta,Tamil Nadu,Madurai
B-22489,8/3/2019,Gopal Pandey,Bihar,Muzaffarpur
B-22490,9/5/2018,Sunita Mohan,Delhi,Dwarka
B-22491,27-02-2021,Madhav Das,Rajasthan,Jodhpur
B-22492,25-07-2019,Asha Agarwal,Uttar Pradesh,Kanpur
B-22493,11/2/2020,Shalini Desai,Nagaland,Dimapur
B-22494,23-09-2018,Harivansh Pillai,Jammu and Kashmir,Jammu
B-22495,12/4/2021,Gaurav Agarwal,Uttar Pradesh,Mathura
B-22496,22-11-2018,Sanjay Kumar,Nagaland,Dimapur
B-22497,23-10-2021,Shalini Mishra,Rajasthan,Jodhpur
B-22498,4/8/2018,Sunita Malhotra,West Bengal,Howrah
B-22499,12/5/2018,Anita Desai,Maharashtra,Mumbai
B-22500,30-05-2018,Geeta Yadav,Punjab,Amritsar
B-22501,23-12-2018,Harivansh Kumar,Haryana,Faridabad
B-22502,30-09-2018,Parvati Shah,Maharashtra,Nagpur
B-22503,2/10/2020,Geeta Tiwari,Maharashtra,Pune
B-22504,28-11-2018,Arun Mehta,Karnataka,Bengaluru
B-22505,26-06-2018,Tushar Sharma,Kerala,Kozhikode
B-22506,17-07-2018,Neha Verma,Karnataka,Bengaluru
B-22507,7/1/2020,Sneha Pillai,Himachal Pradesh,Shimla
B-22508,29-11-2019,Sunita Tiwari,Rajasthan,Kota
B-22509,25-01-2019,Neha Pillai,Karnataka,Hubli
B-22510,23-12-2019,Gopal Desai,West Bengal,Kolkata
B-22511,18-05-2018,Geeta Bose,Kerala,Kochi
B-22512,11/3/2021,Meena Gupta,Karnataka,Mysuru
B-22513,26-07-2018,Pooja Chopra,Maharashtra,Nagpur
B-22514,16-02-2018,Sanjay Joshi,West Bengal,Howrah
B-22515,10/3/2020,Gopal Singh,Tamil Nadu,Chennai
B-22516,13-08-2019,Suresh Shah,Punjab,Jalandhar
B-22517,5/6/2021,Lalita Joshi,Andhra Pradesh,Visakhapatnam
B-22518,23-01-2021,Pooja Pillai,Gujarat,Vadodara
B-22519,30-08-2021,Rahul Verma,Madhya Pradesh,Gwalior
B-22520,15-02-2019,Madhav Verma,Delhi,Dwarka
B-22521,7/11/2019,Anita Reddy,Bihar,Muzaffarpur
B-22522,3/6/2021,Priya Yadav,Goa,Margao
B-22523,10/5/2021,Gaurav Singh,Tamil Nadu,Coimbatore
B-22524,23-09-2018,Rekha Malhotra,Uttar Pradesh,Mathura
B-22525,14-10-2020,Lalita Reddy,Kerala,Thiruvananthapuram
B-22526,5/9/2020,Asha Reddy,Uttar Pradesh,Mathura
B-22527,23-02-2018,Rajesh Shah,Punjab,Ludhiana
B-22528,28-10-2021,Rahul Shah,Bihar,Gaya
B-22529,12/2/2020,Amit Bose,Haryana,Hisar
B-22530,10/10/2018,Pooja Das,Delhi,Dwarka
B-22531,24-01-2020,Gopal Nair,Madhya Pradesh,Indore
B-22532,3/5/2019,Sanjay Singh,Punjab,Amritsar
B-22533,25-04-2020,Jyoti Pillai,Uttar Pradesh,Mathura
B-22534,27-05-2019,Anita Singh,Uttar Pradesh,Kanpur
B-22535,5/1/2019,Vikas Verma,Madhya Pradesh,Bhopal
B-22536,22-08-2019,Amit Desai,Andhra Pradesh,Tirupati
B-22537,8/9/2018,Suresh Singh,Maharashtra,Pune
B-22538,10/10/2020,Gopal Reddy,Gujarat,Vadodara
B-22539,22-01-2020,Sunil Joshi,Tamil Nadu,Chennai
B-22540,14-12-2020,Rekha Mishra,Haryana,Hisar
B-22541,2/8/2018,Anita Yadav,West Bengal,Siliguri
B-22542,27-06-2021,Dinesh Iyer,Uttar Pradesh,Lucknow
B-22543,2/12/2020,Sanjay Joshi,Rajasthan,Jodhpur
B-22544,9/9/2018,Vishakha Malhotra,Karnataka,Bengaluru
B-22545,15-03-2018,Kavita Pandey,Gujarat,Rajkot
B-22546,22-08-2018,Rahul Chopra,Tamil Nadu,Coimbatore
B-22547,24-07-2019,Tushar Agarwal,Madhya Pradesh,Indore
B-22548,3/5/2018,Rekha Desai,Andhra Pradesh,Visakhapatnam
B-22549,23-02-2020,Madan Das,Uttar Pradesh,Lucknow
B-22550,16-02-2020,Sunita Tiwari,Gujarat,Ahmedabad
B-22551,14-09-2021,Asha Verma,Himachal Pradesh,Manali
B-22552,23-02-2018,Nandita Mishra,West Bengal,Howrah
B-22553,25-04-2021,Neha Sharma,Madhya Pradesh,Jabalpur
B-22554,25-05-2020,Anita Kumar,Himachal Pradesh,Dharamsala
B-22555,20-10-2021,Vikas Shah,Gujarat,Vadodara
B-22556,29-11-2018,Madan Das,Rajasthan,Jodhpur
B-22557,28-09-2018,Aarav Iyer,Karnataka,Mysuru
B-22558,25-06-2018,Kavita Shah,Madhya Pradesh,Jabalpur
B-22559,21-03-2018,Gaurav Iyer,Andhra Pradesh,Tirupati
B-22560,29-05-2019,Nandita Sharma,Delhi,Dwarka
B-22561,15-09-2021,Harivansh Iyer,Tamil Nadu,Coimbatore
B-22562,5/8/2020,Rahul Das,Uttar Pradesh,Mathura
B-22563,5/1/2020,Shalini Mohan,Tamil Nadu,Chennai
B-22564,16-04-2020,Anita Pillai,Jammu and Kashmir,Jammu
B-22565,3/6/2021,Sunil Mishra,Jammu and Kashmir,Jammu
B-22566,4/1/2019,Manoj Iyer,Maharashtra,Nashik
B-22567,18-09-2018,Sanjay Mohan,Delhi,Dwarka
B-22568,5/9/2021,Anita Reddy,Delhi,Delhi
B-22569,13-01-2019,Lalita Das,Punjab,Amritsar
B-22570,7/2/2021,Sanjay Verma,Jammu and Kashmir,Jammu
B-22571,12/6/2019,Rahul Tiwari,Tamil Nadu,Coimbatore
B-22572,11/1/2021,Priya Desai,Maharashtra,Mumbai
B-22573,8/6/2018,Lalita Das,Delhi,Delhi
B-22574,1/5/2019,Neha Mishra,Punjab,Jalandhar
B-22575,1/5/2020,Suresh Mohan,Gujarat,Vadodara
B-22576,21-10-2018,Rahul Mishra,Punjab,Ludhiana
B-22577,18-11-2019,Sneha Mohan,Andhra Pradesh,Vijayawada
B-22578,27-06-2021,Rahul Patel,Andhra Pradesh,Vijayawada
B-22579,4/11/2018,Tushar Sharma,Uttar Pradesh,Lucknow
B-22580,4/10/2019,Lalita Pandey,Karnataka,Hubli
B-22581,5/4/2021,Gopal Nair,Andhra Pradesh,Tirupati
B-22582,8/3/2018,Deepa Agarwal,Rajasthan,Jaipur
B-22583,8/6/2018,Sanjay Pillai,Bihar,Muzaffarpur
B-22584,14-07-2021,Sunil Malhotra,Gujarat,Ahmedabad
B-22585,16-12-2020,Anita Desai,Gujarat,Rajkot
B-22586,12/10/2019,Rekha Nair,Tamil Nadu,Coimbatore
B-22587,15-05-2019,Madhav Reddy,Karnataka,Mysuru
B-22588,18-04-2019,Ravi Mishra,Rajasthan,Jaipur
B-22589,20-11-2021,Kavita Das,Rajasthan,Kota
B-22590,12/1/2020,Meena Yadav,Himachal Pradesh,Shimla
B-22591,12/1/2020,Shalini Desai,Maharashtra,Nashik
B-22592,16-04-2019,Parvati Gupta,West Bengal,Kolkata
B-22593,14-04-2020,Tushar Tiwari,Delhi,New Delhi
B-22594,11/8/2019,Madhav Mishra,Delhi,New Delhi
B-22595,12/5/2020,Lalita Gupta,Punjab,Jalandhar
B-22596,10/2/2019,Sunita Das,Uttar Pradesh,Mathura
B-22597,7/5/2020,Manoj Shah,Haryana,Faridabad
B-22598,26-07-2018,Amit Verma,Karnataka,Bengaluru
B-22599,14-11-2021,Kiran Singh,Delhi,Dwarka
B-22600,5/3/2020,Arun Yadav,Delhi,Dwarka
B-22601,14-02-2021,Kavita Pandey,Madhya Pradesh,Gwalior
B-22602,21-11-2019,Tushar Desai,Kerala,Kozhikode
B-22603,3/4/2018,Suresh Malhotra,West Bengal,Howrah
B-22604,17-04-2020,Geeta Malhotra,Karnataka,Mysuru
B-22605,4/9/2020,Amit Malhotra,Delhi,Dwarka
B-22606,9/11/2020,Meena Gupta,West Bengal,Siliguri
B-22607,29-04-2021,Vishakha Tiwari,Kerala,Thiruvananthapuram
B-22608,19-10-2019,Geeta Patel,Bihar,Muzaffarpur
B-22609,27-07-2019,Vikram Reddy,Madhya Pradesh,Gwalior
B-22610,9/4/2018,Parvati Mehta,West Bengal,Siliguri
B-22611,6/11/2020,Arun Joshi,Madhya Pradesh,Gwalior
B-22612,1/1/2019,Deepa Verma,Karnataka,Hubli
B-22613,8/3/2019,Arun Mehta,Maharashtra,Nagpur
B-22614,23-07-2018,Gopal Joshi,Delhi,New Delhi
B-22615,15-07-2019,Dinesh Das,Maharashtra,Pune
B-22616,14-08-2019,Manoj Desai,Rajasthan,Jodhpur
B-22617,26-09-2021,Rekha Gupta,Uttar Pradesh,Varanasi
B-22618,7/11/2020,Kiran Sharma,Punjab,Amritsar
B-22619,10/1/2021,Jyoti Nair,Uttar Pradesh,Mathura
B-22620,27-01-2020,Neha Joshi,Jammu and Kashmir,Jammu
B-22621,30-06-2020,Nikhil Gupta,Karnataka,Mysuru
B-22622,13-08-2018,Pooja Das,Tamil Nadu,Coimbatore
B-22623,23-06-2019,Meena Gupta,Sikkim,Gangtok
B-22624,26-12-2019,Meena Malhotra,Karnataka,Hubli
B-22625,2/6/2018,Harivansh Patel,Bihar,Gaya
B-22626,17-07-2020,Lalita Tiwari,Rajasthan,Udaipur
B-22627,20-03-2018,Arun Kumar,Jammu and Kashmir,Jammu
B-22628,25-01-2019,Sunil Tiwari,Tamil Nadu,Madurai
B-22629,14-03-2018,Aarav Reddy,Delhi,New Delhi
B-22630,27-03-2019,Rajesh Iyer,Gujarat,Rajkot
B-22631,19-01-2019,Dinesh Joshi,Delhi,Dwarka
B-22632,1/7/2018,Nikhil Malhotra,Rajasthan,Jaipur
B-22633,8/6/2020,Suresh Chopra,Himachal Pradesh,Shimla
B-22634,25-12-2021,Sunita Verma,Gujarat,Vadodara
B-22635,10/6/2021,Madan Mohan,Punjab,Jalandhar
B-22636,16-12-2019,Shalini Mehta,Kerala,Kochi
B-22637,7/9/2019,Sanjay Joshi,Nagaland,Dimapur
B-22638,14-07-2021,Rohit Desai,Andhra Pradesh,Vijayawada
B-22639,29-08-2019,Vikram Reddy,Delhi,New Delhi
B-22640,9/5/2020,Geeta Mishra,Maharashtra,Nashik
B-22641,26-08-2018,Sunita Das,Jammu and Kashmir,Srinagar
B-22642,13-12-2019,Rohit Pandey,Delhi,New Delhi
B-22643,28-09-2020,Nandita Bose,Haryana,Gurugram
B-22644,19-08-2019,Rekha Mehta,Maharashtra,Nashik
B-22645,5/5/2018,Sunil Mishra,Maharashtra,Nagpur
B-22646,22-04-2020,Rohit Das,Gujarat,Vadodara
B-22647,22-04-2018,Rekha Chopra,Rajasthan,Udaipur
B-22648,27-07-2021,Priya Joshi,Gujarat,Surat
B-22649,18-03-2021,Kiran Shah,Maharashtra,Mumbai
B-22650,10/6/2021,Gaurav Mishra,Delhi,Dwarka
B-22651,10/2/2018,Rahul Agarwal,Uttar Pradesh,Agra
B-22652,24-12-2019,Sunil Singh,Kerala,Kozhikode
B-22653,8/3/2019,Vishakha Shah,Maharashtra,Pune
B-22654,2/1/2021,Rohit Pandey,Maharashtra,Pune
B-22655,5/2/2020,Madhav Bose,Maharashtra,Pune
B-22656,28-01-2018,Priya Sharma,Rajasthan,Jaipur
B-22657,24-10-2020,Rohit Chopra,Uttar Pradesh,Agra
B-22658,10/9/2019,Rahul Reddy,Kerala,Kozhikode
B-22659,22-05-2019,Priya Iyer,Rajasthan,Kota
B-22660,4/9/2021,Rohit Gupta,Karnataka,Mysuru
B-22661,23-06-2018,Suresh Singh,Bihar,Muzaffarpur
B-22662,30-04-2020,Rahul Sharma,Rajasthan,Jodhpur
B-22663,15-07-2018,Tushar Agarwal,Maharashtra,Nagpur
B-22664,25-10-2019,Arun Mehta,Rajasthan,Udaipur
B-22665,16-07-2019,Ravi Nair,Uttar Pradesh,Varanasi
B-22666,23-08-2020,Madan Joshi,Gujarat,Surat
B-22667,12/4/2020,Sunil Iyer,Bihar,Muzaffarpur
B-22668,28-12-2020,Lalita Reddy,Andhra Pradesh,Vijayawada
B-22669,17-03-2020,Vishakha Shah,Rajasthan,Kota
B-22670,4/4/2019,Parvati Sharma,Andhra Pradesh,Visakhapatnam
B-22671,4/7/2020,Vishakha Chopra,Punjab,Jalandhar
B-22672,29-09-2019,Madhav Gupta,Karnataka,Bengaluru
B-22673,15-07-2018,Sunil Patel,Maharashtra,Nashik
B-22674,30-04-2021,Kavita Singh,Delhi,Dwarka
B-22675,27-08-2020,Nikhil Malhotra,Tamil Nadu,Chennai
B-22676,1/5/2018,Dinesh Iyer,Gujarat,Vadodara
B-22677,5/11/2018,Priya Mishra,Haryana,Hisar
B-22678,12/4/2020,Aarav Iyer,Haryana,Hisar
B-22679,27-09-2020,Jyoti Chopra,Madhya Pradesh,Bhopal
B-22680,22-10-2019,Ravi Pandey,Bihar,Muzaffarpur
B-22681,16-06-2018,Vikram Bose,Haryana,Faridabad
B-22682,18-09-2018,Aarav Patel,Bihar,Patna
B-22683,7/12/2018,Rajesh Das,Tamil Nadu,Chennai
B-22684,21-03-2018,Arun Chopra,Delhi,Dwarka
B-22685,24-09-2020,Amit Malhotra,Tamil Nadu,Coimbatore
B-22686,28-03-2020,Aarav Joshi,Delhi,New Delhi
B-22687,17-10-2021,Rekha Mehta,Madhya Pradesh,Gwalior
B-22688,28-02-2021,Kiran Gupta,Madhya Pradesh,Bhopal
B-22689,11/6/2021,Vishakha Mehta,Punjab,Ludhiana
B-22690,5/8/2020,Neha Mishra,West Bengal,Siliguri
B-22691,5/10/2018,Kiran Mehta,Rajasthan,Kota
B-22692,21-01-2018,Harivansh Bose,Delhi,New Delhi
B-22693,18-05-2018,Aarav Joshi,Haryana,Gurugram
B-22694,22-11-2021,Vikram Shah,Gujarat,Ahmedabad
B-22695,6/5/2018,Gaurav Das,Punjab,Amritsar
B-22696,19-12-2019,Sunil Reddy,Madhya Pradesh,Indore
B-22697,30-01-2019,Rekha Joshi,Karnataka,Mysuru
B-22698,11/4/2021,Asha Yadav,Kerala,Thiruvananthapuram
B-22699,6/6/2019,Sunil Shah,Kerala,Kochi
B-22700,8/6/2018,Tushar Gupta,Uttar Pradesh,Lucknow
B-22701,28-07-2019,Sunita Iyer,Punjab,Amritsar
B-22702,5/12/2020,Tushar Mohan,Rajasthan,Udaipur
B-22703,24-03-2021,Tushar Desai,Maharashtra,Nashik
B-22704,5/3/2019,Kiran Sharma,Karnataka,Bengaluru
B-22705,7/7/2018,Gaurav Gupta,Delhi,New Delhi
B-22706,1/1/2018,Harivansh Singh,West Bengal,Kolkata
B-22707,8/10/2018,Lalita Das,Gujarat,Rajkot
B-22708,1/11/2019,Asha Mehta,Rajasthan,Jodhpur
B-22709,21-02-2021,Rohit Agarwal,Rajasthan,Kota
B-22710,29-12-2019,Asha Mehta,Madhya Pradesh,Indore
B-22711,24-05-2021,Neha Patel,Jammu and Kashmir,Jammu
B-22712,27-12-2021,Deepa Bose,Himachal Pradesh,Manali
B-22713,24-11-2021,Manoj Tiwari,Delhi,New Delhi
B-22714,28-08-2021,Gopal Patel,Uttar Pradesh,Agra
B-22715,12/8/2020,Gopal Malhotra,Gujarat,Surat
B-22716,23-02-2020,Vishakha Patel,Jammu and Kashmir,Srinagar
B-22717,6/2/2019,Geeta Yadav,Bihar,Patna
B-22718,15-04-2021,Asha Mishra,Uttar Pradesh,Agra
B-22719,4/6/2019,Lalita Sharma,Punjab,Amritsar
B-22720,18-08-2021,Rekha Mohan,Gujarat,Ahmedabad
B-22721,25-11-2021,Manoj Iyer,Kerala,Kozhikode
B-22722,4/3/2018,Shalini Desai,Kerala,Thiruvananthapuram
B-22723,22-12-2018,Shalini Malhotra,Tamil Nadu,Madurai
B-22724,1/8/2018,Priya Yadav,Uttar Pradesh,Lucknow
B-22725,16-12-2021,Sunita Gupta,Uttar Pradesh,Mathura
B-22726,25-04-2018,Geeta Mohan,Haryana,Faridabad
B-22727,19-07-2018,Jyoti Iyer,Goa,Panaji
B-22728,3/9/2021,Gaurav Malhotra,Uttar Pradesh,Agra
B-22729,23-12-2021,Kiran Pillai,Rajasthan,Udaipur
B-22730,23-11-2020,Aarav Tiwari,Andhra Pradesh,Tirupati
B-22731,3/10/2021,Anita Singh,Maharashtra,Pune
B-22732,1/7/2019,Meena Patel,Gujarat,Vadodara
B-22733,31-05-2021,Rajesh Pandey,Bihar,Patna
B-22734,25-07-2021,Aarav Joshi,Maharashtra,Nagpur
B-22735,30-08-2018,Madhav Das,Punjab,Jalandhar
B-22736,26-06-2018,Parvati Das,Uttar Pradesh,Mathura
B-22737,9/1/2019,Meena Patel,Madhya Pradesh,Indore
B-22738,13-12-2018,Aarav Nair,Kerala,Thiruvananthapuram
B-22739,16-06-2018,Kavita Joshi,Tamil Nadu,Madurai
B-22740,27-01-2019,Amit Joshi,Uttar Pradesh,Agra
B-22741,31-12-2018,Rekha Gupta,Punjab,Ludhiana
B-22742,8/4/2019,Rajesh Iyer,Tamil Nadu,Chennai
B-22743,28-08-2019,Manoj Pandey,Gujarat,Ahmedabad
B-22744,30-09-2020,Gopal Pillai,Andhra Pradesh,Tirupati
B-22745,7/12/2020,Geeta Mohan,Haryana,Gurugram
B-22746,17-03-2018,Tushar Agarwal,Delhi,Dwarka
B-22747,8/3/2019,Arun Yadav,Kerala,Kozhikode
B-22748,15-08-2019,Neha Mishra,Haryana,Hisar
B-22749,3/2/2021,Rekha Singh,Bihar,Patna
B-22750,13-06-2019,Neha Das,Maharashtra,Mumbai
B-22751,24-11-2020,Sunita Chopra,Delhi,Dwarka
B-22752,24-10-2019,Vishakha Pillai,Andhra Pradesh,Tirupati
B-22753,11/3/2018,Harivansh Pandey,Uttar Pradesh,Agra
B-22754,17-01-2018,Kiran Bose,Gujarat,Vadodara
B-22755,19-08-2021,Vikram Patel,West Bengal,Howrah
B-22756,30-11-2018,Ravi Shah,Delhi,Delhi
B-22757,18-06-2020,Gaurav Das,Punjab,Jalandhar
B-22758,9/6/2020,Rohit Chopra,Karnataka,Mysuru
B-22759,4/2/2020,Nandita Mishra,Bihar,Gaya
B-22760,7/9/2019,Priya Reddy,Rajasthan,Jaipur
B-22761,12/5/2020,Arun Iyer,Jammu and Kashmir,Jammu
B-22762,29-04-2021,Rahul Patel,Bihar,Gaya
B-22763,7/5/2021,Nikhil Nair,Jammu and Kashmir,Srinagar
B-22764,24-09-2018,Madhav Verma,Goa,Margao
B-22765,17-10-2018,Gopal Das,Andhra Pradesh,Vijayawada
B-22766,2/1/2018,Deepa Nair,Tamil Nadu,Coimbatore
B-22767,22-09-2019,Meena Patel,Maharashtra,Pune
B-22768,13-06-2020,Meena Malhotra,Maharashtra,Nagpur
B-22769,11/1/2018,Shalini Patel,Madhya Pradesh,Jabalpur
B-22770,31-01-2021,Rohit Pandey,Maharashtra,Nashik
B-22771,30-09-2021,Madan Das,Haryana,Gurugram
B-22772,4/3/2020,Amit Mishra,Rajasthan,Jodhpur
B-22773,29-03-2020,Harivansh Joshi,Karnataka,Hubli
B-22774,19-05-2020,Nandita Agarwal,Bihar,Gaya
B-22775,27-09-2020,Tushar Sharma,Maharashtra,Pune
B-22776,27-04-2019,Vishakha Yadav,Madhya Pradesh,Indore
B-22777,4/6/2021,Nandita Agarwal,West Bengal,Siliguri
B-22778,17-04-2019,Amit Chopra,Delhi,Delhi
B-22779,11/9/2019,Arun Singh,Madhya Pradesh,Bhopal
B-22780,21-05-2020,Deepa Joshi,Madhya Pradesh,Jabalpur
B-22781,13-03-2018,Manoj Bose,Delhi,New Delhi
B-22782,29-10-2021,Nikhil Kumar,Gujarat,Ahmedabad
B-22783,11/12/2019,Vikram Mohan,Tamil Nadu,Chennai
B-22784,26-11-2018,Harivansh Gupta,Punjab,Ludhiana
B-22785,6/11/2021,Ravi Sharma,Bihar,Muzaffarpur
B-22786,2/4/2020,Arun Verma,Madhya Pradesh,Gwalior
B-22787,22-07-2021,Pooja Desai,Karnataka,Mysuru
B-22788,25-10-2020,Vishakha Chopra,Haryana,Hisar
B-22789,18-01-2020,Pooja Patel,Goa,Margao
B-22790,13-10-2021,Meena Gupta,Uttar Pradesh,Varanasi
B-22791,13-06-2019,Rajesh Mehta,Karnataka,Hubli
B-22792,20-07-2020,Arun Verma,Gujarat,Ahmedabad
B-22793,6/9/2018,Dinesh Das,Andhra Pradesh,Tirupati
B-22794,6/11/2021,Vishakha Iyer,Gujarat,Vadodara
B-22795,18-02-2018,Jyoti Iyer,Delhi,New Delhi
B-22796,4/5/2020,Rahul Das,Madhya Pradesh,Indore
B-22797,5/5/2021,Pooja Yadav,Rajasthan,Kota
B-22798,25-05-2019,Sunita Singh,Himachal Pradesh,Shimla
B-22799,24-10-2018,Dinesh Bose,West Bengal,Howrah
B-22800,27-07-2020,Gaurav Reddy,West Bengal,Siliguri
B-22801,8/12/2020,Parvati Das,Uttar Pradesh,Agra
B-22802,3/2/2020,Priya Gupta,Punjab,Jalandhar
B-22803,30-07-2021,Vikram Agarwal,Bihar,Muzaffarpur
B-22804,11/6/2018,Madhav Mohan,Rajasthan,Kota
B-22805,31-03-2020,Rahul Patel,Jammu and Kashmir,Jammu
B-22806,30-08-2021,Meena Bose,Goa,Panaji
B-22807,15-03-2021,Manoj Joshi,Punjab,Jalandhar
B-22808,15-05-2019,Anita Yadav,Punjab,Amritsar
B-22809,13-06-2020,Rekha Malhotra,Haryana,Gurugram
B-22810,21-07-2019,Lalita Tiwari,Uttar Pradesh,Kanpur
B-22811,7/1/2019,Vikas Iyer,Uttar Pradesh,Lucknow
B-22812,8/2/2018,Sneha Tiwari,Delhi,New Delhi
B-22813,5/8/2020,Nandita Mohan,Madhya Pradesh,Bhopal
B-22814,6/4/2019,Rahul Pandey,Madhya Pradesh,Indore
B-22815,6/6/2021,Vikas Malhotra,Haryana,Faridabad
B-22816,19-04-2021,Sneha Mohan,Punjab,Jalandhar
B-22817,7/3/2020,Shalini Shah,Uttar Pradesh,Agra
B-22818,17-10-2019,Gopal Das,Delhi,Dwarka
B-22819,18-10-2020,Neha Shah,Haryana,Hisar
B-22820,9/3/2020,Manoj Agarwal,Uttar Pradesh,Varanasi
B-22821,10/6/2018,Dinesh Shah,Goa,Panaji
B-22822,2/3/2019,Nikhil Yadav,Madhya Pradesh,Gwalior
B-22823,13-07-2020,Ravi Sharma,Delhi,Dwarka
B-22824,8/12/2018,Gaurav Yadav,Punjab,Ludhiana
B-22825,17-02-2018,Vikas Shah,Rajasthan,Jodhpur
B-22826,8/2/2020,Jyoti Gupta,Andhra Pradesh,Visakhapatnam
B-22827,18-07-2018,Rohit Nair,Maharashtra,Mumbai
B-22828,14-03-2021,Vikas Patel,Tamil Nadu,Madurai
B-22829,1/4/2020,Sunil Bose,Madhya Pradesh,Bhopal
B-22830,6/5/2020,Nandita Iyer,Madhya Pradesh,Gwalior
B-22831,14-07-2021,Vikram Tiwari,Tamil Nadu,Madurai
B-22832,26-07-2021,Harivansh Mehta,Himachal Pradesh,Manali
B-22833,7/4/2019,Rohit Chopra,Rajasthan,Udaipur
B-22834,9/7/2020,Kiran Patel,Andhra Pradesh,Visakhapatnam
B-22835,26-12-2020,Madhav Das,Kerala,Kozhikode
B-22836,21-07-2018,Madan Pillai,Kerala,Thiruvananthapuram
B-22837,20-04-2020,Rajesh Mohan,Uttar Pradesh,Lucknow
B-22838,11/10/2018,Gaurav Desai,Bihar,Patna
B-22839,12/5/2021,Parvati Malhotra,Andhra Pradesh,Visakhapatnam
B-22840,28-10-2019,Gaurav Reddy,Delhi,Dwarka
B-22841,24-08-2020,Meena Yadav,Uttar Pradesh,Varanasi
B-22842,1/9/2021,Madan Shah,Bihar,Patna
B-22843,27-11-2018,Ravi Yadav,Rajasthan,Jodhpur
B-22844,25-12-2018,Shalini Pandey,West Bengal,Howrah
B-22845,29-09-2018,Vikas Singh,West Bengal,Kolkata
B-22846,28-03-2021,Ravi Das,Maharashtra,Nashik
B-22847,11/5/2019,Sunita Das,Bihar,Patna
B-22848,22-05-2021,Madhav Patel,Maharashtra,Mumbai
B-22849,15-01-2018,Priya Tiwari,Haryana,Hisar
B-22850,20-08-2020,Madan Singh,Karnataka,Mysuru
B-22851,5/1/2021,Pooja Pandey,Rajasthan,Jaipur
B-22852,17-06-2020,Shalini Malhotra,Uttar Pradesh,Kanpur
B-22853,23-03-2018,Vishakha Agarwal,Rajasthan,Kota
B-22854,27-05-2020,Pooja Kumar,Delhi,New Delhi
B-22855,2/4/2021,Pooja Malhotra,Delhi,New Delhi
B-22856,6/9/2021,Madhav Gupta,West Bengal,Howrah
B-22857,7/3/2019,Manoj Kumar,Madhya Pradesh,Indore
B-22858,27-07-2020,Dinesh Reddy,Rajasthan,Udaipur
B-22859,28-08-2019,Geeta Mishra,Karnataka,Hubli
B-22860,13-06-2019,Parvati Iyer,Punjab,Amritsar
B-22861,31-10-2018,Nikhil Joshi,Uttar Pradesh,Agra
B-22862,28-02-2021,Vishakha Pandey,Madhya Pradesh,Bhopal
B-22863,8/3/2021,Asha Chopra,Rajasthan,Udaipur
B-22864,13-11-2018,Amit Gupta,Punjab,Ludhiana
B-22865,11/6/2019,Sanjay Sharma,Tamil Nadu,Madurai
B-22866,13-09-2019,Deepa Pillai,Uttar Pradesh,Agra
B-22867,7/11/2020,Nikhil Agarwal,Gujarat,Surat
B-22868,6/12/2019,Deepa Pillai,Tamil Nadu,Coimbatore
B-22869,7/12/2020,Vishakha Agarwal,Tamil Nadu,Coimbatore
B-22870,20-08-2021,Kiran Mehta,Bihar,Gaya
B-22871,17-02-2020,Aarav Tiwari,Jammu and Kashmir,Jammu
B-22872,6/4/2019,Asha Nair,Maharashtra,Nagpur
B-22873,31-05-2021,Pooja Mohan,Maharashtra,Nashik
B-22874,29-07-2020,Parvati Mohan,West Bengal,Siliguri
B-22875,9/12/2020,Sanjay Malhotra,Maharashtra,Mumbai
B-22876,27-03-2020,Vikram Mishra,Bihar,Gaya
B-22877,7/2/2021,Jyoti Malhotra,Himachal Pradesh,Shimla
B-22878,25-04-2018,Geeta Pillai,Bihar,Patna
B-22879,9/6/2019,Sunita Pandey,Jammu and Kashmir,Srinagar
B-22880,13-04-2019,Ravi Patel,Uttar Pradesh,Varanasi
B-22881,29-06-2019,Sunil Iyer,Uttar Pradesh,Lucknow
B-22882,11/5/2018,Amit Mehta,Madhya Pradesh,Bhopal
B-22883,12/4/2019,Kavita Pillai,Rajasthan,Kota
B-22884,8/8/2020,Vikram Shah,Tamil Nadu,Chennai
B-22885,16-10-2019,Suresh Nair,Gujarat,Rajkot
B-22886,20-06-2018,Shalini Nair,Uttar Pradesh,Varanasi
B-22887,17-03-2019,Nandita Chopra,Madhya Pradesh,Indore
B-22888,6/4/2021,Arun Kumar,Rajasthan,Kota
B-22889,9/8/2021,Rajesh Pillai,Karnataka,Hubli
B-22890,23-07-2020,Aarav Iyer,Rajasthan,Udaipur
B-22891,5/10/2020,Sunita Mishra,Bihar,Muzaffarpur
B-22892,5/8/2019,Asha Iyer,Tamil Nadu,Chennai
B-22893,30-11-2019,Rekha Tiwari,Himachal Pradesh,Manali
B-22894,5/7/2021,Geeta Kumar,Goa,Panaji
B-22895,25-09-2020,Aarav Mishra,West Bengal,Siliguri
B-22896,21-08-2020,Dinesh Patel,Delhi,New Delhi
B-22897,10/10/2021,Asha Kumar,West Bengal,Howrah
B-22898,3/12/2019,Jyoti Patel,Maharashtra,Mumbai
B-22899,20-04-2019,Neha Joshi,Bihar,Gaya
B-22900,22-12-2020,Shalini Kumar,Haryana,Hisar
B-22901,7/3/2019,Parvati Tiwari,Delhi,Delhi
B-22902,29-01-2019,Rohit Patel,Tamil Nadu,Madurai
B-22903,18-09-2021,Kiran Mishra,Jammu and Kashmir,Jammu
B-22904,31-08-2021,Nandita Bose,Rajasthan,Udaipur
B-22905,14-04-2019,Manoj Chopra,Jammu and Kashmir,Jammu
B-22906,30-01-2020,Deepa Joshi,Madhya Pradesh,Gwalior
B-22907,8/10/2019,Geeta Joshi,Gujarat,Rajkot
B-22908,4/5/2020,Aarav Agarwal,Uttar Pradesh,Kanpur
B-22909,26-12-2019,Amit Das,Rajasthan,Jaipur
B-22910,13-12-2021,Rajesh Nair,Nagaland,Dimapur
B-22911,27-08-2019,Vishakha Sharma,Madhya Pradesh,Jabalpur
B-22912,30-10-2019,Sunil Shah,Rajasthan,Jodhpur
B-22913,18-06-2021,Lalita Das,Tamil Nadu,Chennai
B-22914,2/6/2018,Kavita Patel,Madhya Pradesh,Jabalpur
B-22915,29-04-2021,Shalini Verma,Karnataka,Mysuru
B-22916,9/11/2021,Dinesh Reddy,Maharashtra,Nashik
B-22917,2/5/2018,Vikram Verma,Kerala,Thiruvananthapuram
B-22918,6/1/2021,Vishakha Das,West Bengal,Kolkata
B-22919,24-08-2020,Amit Malhotra,Uttar Pradesh,Kanpur
B-22920,7/11/2018,Deepa Pillai,Madhya Pradesh,Bhopal
B-22921,24-02-2021,Meena Das,Maharashtra,Nagpur
B-22922,14-02-2021,Nikhil Joshi,Haryana,Gurugram
B-22923,20-05-2018,Harivansh Yadav,West Bengal,Howrah
B-22924,16-03-2019,Sunita Mishra,Gujarat,Rajkot
B-22925,12/1/2020,Madhav Nair,Haryana,Hisar
B-22926,15-06-2019,Manoj Desai,Rajasthan,Jaipur
B-22927,15-10-2018,Pooja Mohan,Andhra Pradesh,Vijayawada
B-22928,23-09-2020,Anita Mehta,Uttar Pradesh,Varanasi
B-22929,4/2/2020,Rahul Pillai,Gujarat,Ahmedabad
B-22930,29-10-2020,Harivansh Shah,Bihar,Muzaffarpur
B-22931,15-11-2019,Suresh Malhotra,Uttar Pradesh,Mathura
B-22932,17-02-2021,Pooja Shah,Delhi,Dwarka
B-22933,29-06-2018,Parvati Das,Punjab,Amritsar
B-22934,30-05-2018,Arun Iyer,Gujarat,Surat
B-22935,25-08-2021,Madhav Singh,Delhi,Dwarka
B-22936,27-11-2019,Ravi Mehta,Karnataka,Hubli
B-22937,4/6/2020,Rahul Agarwal,Punjab,Amritsar
B-22938,1/7/2021,Madan Sharma,Uttar Pradesh,Agra
B-22939,24-05-2020,Deepa Iyer,Tamil Nadu,Madurai
B-22940,13-10-2021,Harivansh Shah,Gujarat,Surat
B-22941,22-03-2021,Gopal Pandey,Tamil Nadu,Chennai
B-22942,22-01-2019,Deepa Nair,Madhya Pradesh,Indore
B-22943,23-02-2018,Jyoti Desai,Jammu and Kashmir,Srinagar
B-22944,18-09-2018,Jyoti Yadav,Jammu and Kashmir,Jammu
B-22945,8/10/2019,Sanjay Tiwari,Maharashtra,Nagpur
B-22946,1/12/2018,Arun Iyer,Maharashtra,Pune
B-22947,29-12-2019,Rahul Gupta,Tamil Nadu,Coimbatore
B-22948,10/9/2018,Madan Sharma,Gujarat,Surat
B-22949,19-02-2020,Anita Das,Gujarat,Surat
B-22950,26-02-2019,Madan Pillai,Karnataka,Bengaluru
B-22951,25-12-2018,Lalita Pillai,Rajasthan,Jaipur
B-22952,30-11-2018,Neha Kumar,Jammu and Kashmir,Jammu
B-22953,11/10/2019,Sneha Nair,Maharashtra,Mumbai
B-22954,4/11/2020,Vishakha Chopra,Maharashtra,Mumbai
B-22955,24-07-2020,Rahul Sharma,Andhra Pradesh,Vijayawada
B-22956,30-03-2020,Vikram Yadav,Andhra Pradesh,Vijayawada
B-22957,14-05-2018,Arun Mohan,Madhya Pradesh,Indore
B-22958,25-08-2021,Madan Chopra,Uttar Pradesh,Agra
B-22959,18-08-2021,Harivansh Verma,Delhi,Delhi
B-22960,30-12-2018,Parvati Sharma,Delhi,Delhi
B-22961,15-10-2018,Shalini Verma,Uttar Pradesh,Lucknow
B-22962,15-09-2021,Vikas Yadav,Kerala,Kochi
B-22963,8/5/2020,Sunita Patel,Jammu and Kashmir,Srinagar
B-22964,1/10/2021,Sunita Yadav,Tamil Nadu,Chennai
B-22965,29-11-2018,Rahul Chopra,Maharashtra,Nashik
B-22966,4/7/2021,Vishakha Iyer,Kerala,Kochi
B-22967,22-02-2018,Madhav Sharma,Tamil Nadu,Chennai
B-22968,23-10-2018,Sneha Verma,Himachal Pradesh,Dharamsala
B-22969,11/12/2020,Kiran Patel,Uttar Pradesh,Agra
B-22970,2/4/2019,Meena Bose,Sikkim,Gangtok
B-22971,1/9/2020,Ravi Bose,Tamil Nadu,Madurai
B-22972,20-06-2020,Amit Desai,Karnataka,Bengaluru
B-22973,30-09-2019,Shalini Chopra,West Bengal,Howrah
B-22974,20-09-2018,Harivansh Tiwari,Himachal Pradesh,Dharamsala
B-22975,30-09-2021,Vikram Chopra,Bihar,Muzaffarpur
B-22976,6/2/2019,Amit Reddy,Bihar,Patna
B-22977,7/4/2019,Meena Malhotra,Uttar Pradesh,Kanpur
B-22978,2/8/2019,Gaurav Kumar,Maharashtra,Nagpur
B-22979,14-01-2019,Asha Mishra,Haryana,Faridabad
B-22980,30-09-2021,Tushar Mehta,Bihar,Gaya
B-22981,27-09-2018,Harivansh Bose,Andhra Pradesh,Visakhapatnam
B-22982,1/4/2021,Priya Malhotra,West Bengal,Howrah
B-22983,18-07-2021,Anita Nair,Goa,Panaji
B-22984,20-10-2018,Priya Reddy,Delhi,New Delhi
B-22985,24-01-2018,Parvati Chopra,Bihar,Gaya
B-22986,20-01-2019,Parvati Agarwal,Gujarat,Surat
B-22987,17-07-2020,Gaurav Iyer,Himachal Pradesh,Shimla
B-22988,27-07-2019,Lalita Mishra,Madhya Pradesh,Bhopal
B-22989,7/6/2019,Madhav Chopra,Rajasthan,Kota
B-22990,20-09-2021,Vikram Tiwari,Tamil Nadu,Madurai
B-22991,23-06-2019,Suresh Yadav,Gujarat,Ahmedabad
B-22992,17-01-2021,Amit Kumar,Maharashtra,Nashik
B-22993,16-08-2018,Pooja Shah,Rajasthan,Jodhpur
B-22994,13-12-2019,Asha Das,Gujarat,Ahmedabad
B-22995,30-10-2020,Sunita Agarwal,Karnataka,Hubli
B-22996,4/2/2019,Deepa Tiwari,Maharashtra,Mumbai
B-22997,11/2/2019,Gopal Mehta,Punjab,Amritsar
B-22998,26-02-2021,Nikhil Mehta,Uttar Pradesh,Varanasi
B-22999,13-01-2020,Jyoti Reddy,Haryana,Hisar
B-23000,8/12/2018,Vishakha Patel,Uttar Pradesh,Lucknow
B-23001,24-07-2021,Gaurav Reddy,Tamil Nadu,Madurai
B-23002,8/11/2018,Jyoti Desai,Gujarat,Surat
B-23003,25-07-2019,Anita Agarwal,Madhya Pradesh,Jabalpur
B-23004,2/9/2020,Ravi Mishra,Delhi,New Delhi
B-23005,1/1/2018,Suresh Iyer,Haryana,Hisar
B-23006,1/10/2019,Neha Malhotra,Punjab,Amritsar
B-23007,2/5/2018,Sneha Gupta,Delhi,Delhi
B-23008,12/5/2019,Rohit Patel,Kerala,Thiruvananthapuram
B-23009,26-04-2021,Rajesh Reddy,Karnataka,Bengaluru
B-23010,9/4/2019,Rekha Gupta,West Bengal,Kolkata
B-23011,14-04-2021,Deepa Nair,Gujarat,Vadodara
B-23012,2/11/2019,Aarav Mohan,Delhi,New Delhi
B-23013,9/12/2020,Vikram Mohan,Punjab,Amritsar
B-23014,14-09-2021,Geeta Joshi,Karnataka,Hubli
B-23015,3/6/2021,Ravi Gupta,Uttar Pradesh,Agra
B-23016,12/7/2019,Priya Agarwal,Tamil Nadu,Coimbatore
B-23017,20-08-2018,Ravi Bose,Punjab,Jalandhar
B-23018,17-11-2021,Dinesh Joshi,Maharashtra,Mumbai
B-23019,1/7/2018,Nandita Desai,Tamil Nadu,Chennai
B-23020,23-09-2021,Dinesh Pandey,Goa,Margao
B-23021,27-04-2018,Vikram Iyer,Tamil Nadu,Madurai
B-23022,19-07-2019,Manoj Mohan,Bihar,Gaya
B-23023,27-09-2021,Manoj Yadav,Uttar Pradesh,Mathura
B-23024,31-12-2021,Dinesh Reddy,Punjab,Amritsar
B-23025,25-04-2021,Arun Tiwari,Maharashtra,Nashik
B-23026,22-02-2021,Nandita Pillai,Andhra Pradesh,Tirupati
B-23027,29-09-2021,Madan Verma,Punjab,Jalandhar
B-23028,9/8/2021,Vikram Pillai,Uttar Pradesh,Lucknow
B-23029,9/1/2020,Tushar Tiwari,Haryana,Hisar
B-23030,13-05-2020,Rohit Pandey,Rajasthan,Udaipur
B-23031,18-08-2021,Geeta Das,Punjab,Jalandhar
B-23032,18-03-2018,Rohit Mohan,Rajasthan,Kota
B-23033,2/10/2021,Rahul Nair,Punjab,Amritsar
B-23034,15-07-2021,Madhav Kumar,Madhya Pradesh,Jabalpur
B-23035,28-02-2018,Ravi Iyer,Andhra Pradesh,Tirupati
B-23036,6/12/2019,Gopal Reddy,Maharashtra,Mumbai
B-23037,27-10-2019,Ravi Pandey,Sikkim,Namchi
B-23038,25-11-2018,Neha Shah,Rajasthan,Udaipur
B-23039,1/4/2020,Gopal Patel,Tamil Nadu,Chennai
B-23040,15-11-2019,Gopal Desai,Himachal Pradesh,Shimla
B-23041,11/10/2019,Asha Kumar,West Bengal,Kolkata
B-23042,2/8/2021,Rohit Mishra,Kerala,Kozhikode
B-23043,17-01-2019,Madan Nair,Maharashtra,Nashik
B-23044,20-12-2019,Madhav Das,West Bengal,Kolkata
B-23045,12/12/2018,Harivansh Sharma,Delhi,Dwarka
B-23046,28-09-2019,Lalita Pandey,Kerala,Thiruvananthapuram
B-23047,20-02-2021,Jyoti Patel,Andhra Pradesh,Tirupati
B-23048,5/6/2018,Rajesh Singh,Uttar Pradesh,Varanasi
B-23049,20-09-2021,Rohit Iyer,Delhi,New Delhi
B-23050,27-12-2020,Gopal Agarwal,Delhi,New Delhi
B-23051,1/8/2018,Vikas Desai,Punjab,Amritsar
B-23052,26-10-2019,Sanjay Das,Karnataka,Bengaluru
B-23053,27-01-2021,Deepa Tiwari,Sikkim,Gangtok
B-23054,9/10/2020,Sanjay Pandey,Goa,Panaji
B-23055,8/4/2019,Geeta Mohan,Karnataka,Bengaluru
B-23056,26-01-2018,Vikas Reddy,Goa,Margao
B-23057,17-06-2020,Sneha Shah,Himachal Pradesh,Dharamsala
B-23058,29-01-2019,Sneha Patel,Tamil Nadu,Madurai
B-23059,29-03-2020,Parvati Agarwal,Rajasthan,Udaipur
B-23060,24-06-2019,Arun Yadav,Andhra Pradesh,Visakhapatnam
B-23061,18-10-2019,Jyoti Yadav,Uttar Pradesh,Lucknow
B-23062,21-10-2019,Kavita Shah,Punjab,Amritsar
B-23063,5/11/2020,Shalini Shah,Madhya Pradesh,Bhopal
B-23064,15-12-2019,Sunil Reddy,Gujarat,Ahmedabad
B-23065,31-07-2020,Gaurav Das,Bihar,Gaya
B-23066,13-05-2018,Kiran Sharma,Himachal Pradesh,Dharamsala
B-23067,24-08-2021,Anita Yadav,Gujarat,Surat
B-23068,11/5/2018,Gopal Singh,Jammu and Kashmir,Jammu
B-23069,12/3/2021,Manoj Malhotra,Uttar Pradesh,Varanasi
B-23070,2/10/2020,Arun Pandey,Rajasthan,Jodhpur
B-23071,22-03-2020,Neha Tiwari,Gujarat,Vadodara
B-23072,8/11/2019,Sanjay Pillai,Karnataka,Hubli
B-23073,13-04-2020,Deepa Shah,Goa,Margao
B-23074,14-01-2018,Gaurav Verma,Haryana,Faridabad
B-23075,18-04-2021,Pooja Singh,Punjab,Jalandhar
B-23076,27-04-2020,Kiran Malhotra,Maharashtra,Pune
B-23077,7/1/2019,Rahul Mohan,West Bengal,Siliguri
B-23078,2/9/2018,Madhav Singh,Uttar Pradesh,Kanpur
B-23079,21-03-2021,Madan Bose,Andhra Pradesh,Vijayawada
B-23080,11/10/2018,Madhav Patel,Uttar Pradesh,Agra
B-23081,30-12-2018,Arun Iyer,Bihar,Patna
B-23082,18-06-2019,Rohit Nair,Maharashtra,Mumbai
B-23083,27-11-2019,Geeta Kumar,Bihar,Patna
B-23084,26-05-2021,Anita Shah,Uttar Pradesh,Agra
B-23085,15-07-2018,Kiran Sharma,Goa,Panaji
B-23086,10/1/2018,Harivansh Agarwal,Madhya Pradesh,Gwalior
B-23087,23-05-2018,Sunita Nair,Kerala,Thiruvananthapuram
B-23088,8/1/2019,Jyoti Nair,Goa,Panaji
B-23089,31-10-2021,Deepa Desai,Andhra Pradesh,Visakhapatnam
B-23090,21-06-2020,Sunita Mehta,Delhi,New Delhi
B-23091,4/3/2018,Gaurav Verma,Jammu and Kashmir,Srinagar
B-23092,1/10/2019,Vikas Kumar,Madhya Pradesh,Bhopal
B-23093,23-04-2021,Nikhil Patel,West Bengal,Howrah
B-23094,31-01-2019,Nandita Gupta,Sikkim,Namchi
B-23095,20-07-2020,Sunil Agarwal,Karnataka,Bengaluru
B-23096,1/10/2021,Sunil Singh,Madhya Pradesh,Gwalior
B-23097,17-10-2018,Kavita Chopra,Delhi,New Delhi
B-23098,27-03-2018,Gopal Verma,West Bengal,Howrah
B-23099,12/9/2021,Tushar Kumar,Tamil Nadu,Chennai
B-23100,20-09-2021,Harivansh Mehta,Punjab,Jalandhar
B-23101,25-12-2020,Nikhil Agarwal,Rajasthan,Jodhpur
B-23102,2/8/2019,Harivansh Gupta,Gujarat,Surat
B-23103,23-08-2019,Arun Agarwal,Gujarat,Ahmedabad
B-23104,1/10/2020,Rahul Chopra,Uttar Pradesh,Varanasi
B-23105,18-09-2020,Gaurav Agarwal,Madhya Pradesh,Gwalior
B-23106,1/11/2021,Anita Mehta,Karnataka,Bengaluru
B-23107,2/7/2018,Asha Pillai,Rajasthan,Jodhpur
B-23108,5/8/2021,Harivansh Malhotra,Uttar Pradesh,Mathura
B-23109,7/4/2018,Asha Agarwal,Delhi,Dwarka
B-23110,18-04-2018,Arun Malhotra,Bihar,Patna
B-23111,7/11/2020,Vishakha Tiwari,Haryana,Gurugram
B-23112,22-07-2018,Ravi Patel,West Bengal,Siliguri
B-23113,18-10-2019,Suresh Pandey,Maharashtra,Pune
B-23114,15-03-2021,Gaurav Sharma,Uttar Pradesh,Kanpur
B-23115,26-02-2019,Pooja Joshi,Uttar Pradesh,Lucknow
B-23116,12/9/2021,Madhav Patel,Sikkim,Gangtok
B-23117,1/2/2020,Rohit Verma,Delhi,Dwarka
B-23118,20-05-2019,Gaurav Tiwari,Maharashtra,Nashik
B-23119,25-10-2021,Parvati Pandey,Tamil Nadu,Madurai
B-23120,27-09-2019,Neha Mohan,Rajasthan,Udaipur
B-23121,18-04-2020,Aarav Bose,Karnataka,Mysuru
B-23122,24-07-2019,Rajesh Chopra,Maharashtra,Mumbai
B-23123,7/7/2021,Rohit Verma,Haryana,Faridabad
B-23124,21-09-2018,Sanjay Singh,Kerala,Kochi
B-23125,22-11-2018,Dinesh Singh,Delhi,New Delhi
B-23126,9/12/2018,Manoj Tiwari,Rajasthan,Kota
B-23127,7/8/2019,Jyoti Joshi,Maharashtra,Nagpur
B-23128,11/8/2018,Pooja Agarwal,Karnataka,Bengaluru
B-23129,27-06-2018,Sunil Chopra,Maharashtra,Mumbai
B-23130,18-08-2020,Shalini Kumar,Delhi,Delhi
B-23131,5/3/2020,Sunita Singh,Rajasthan,Jaipur
B-23132,11/5/2019,Arun Desai,Andhra Pradesh,Tirupati
B-23133,20-10-2018,Geeta Desai,Rajasthan,Jodhpur
B-23134,7/3/2019,Harivansh Verma,Punjab,Amritsar
B-23135,1/12/2019,Manoj Patel,Madhya Pradesh,Bhopal
B-23136,12/8/2021,Anita Agarwal,Andhra Pradesh,Vijayawada
B-23137,1/11/2020,Suresh Reddy,Delhi,Delhi
B-23138,19-11-2019,Geeta Sharma,Tamil Nadu,Chennai
B-23139,19-05-2019,Nandita Mehta,Madhya Pradesh,Bhopal
B-23140,21-10-2018,Sunil Mishra,Uttar Pradesh,Mathura
B-23141,19-04-2020,Nikhil Shah,Uttar Pradesh,Lucknow
B-23142,21-10-2019,Vishakha Verma,Delhi,Delhi
B-23143,2/11/2021,Sanjay Sharma,Andhra Pradesh,Tirupati
B-23144,30-04-2018,Madan Pillai,Delhi,Delhi
B-23145,10/7/2021,Priya Pillai,Himachal Pradesh,Shimla
B-23146,21-08-2021,Shalini Pillai,Kerala,Thiruvananthapuram
B-23147,5/11/2021,Gaurav Agarwal,Gujarat,Surat
B-23148,30-10-2021,Dinesh Desai,Maharashtra,Nashik
B-23149,8/9/2020,Deepa Das,Himachal Pradesh,Manali
B-23150,4/4/2019,Deepa Joshi,Kerala,Kochi
B-23151,6/3/2020,Manoj Patel,Andhra Pradesh,Visakhapatnam
B-23152,3/6/2020,Asha Gupta,Uttar Pradesh,Kanpur
B-23153,26-12-2021,Jyoti Reddy,Sikkim,Gangtok
B-23154,7/7/2021,Gopal Nair,Jammu and Kashmir,Jammu
B-23155,5/5/2020,Ravi Malhotra,Gujarat,Rajkot
B-23156,7/8/2020,Vishakha Mishra,Madhya Pradesh,Jabalpur
B-23157,30-09-2018,Nikhil Nair,Maharashtra,Pune
B-23158,10/3/2021,Rajesh Malhotra,Nagaland,Dimapur
B-23159,6/8/2020,Sunil Bose,Andhra Pradesh,Vijayawada
B-23160,14-03-2019,Rohit Gupta,Gujarat,Rajkot
B-23161,8/9/2019,Gaurav Bose,Uttar Pradesh,Lucknow
B-23162,23-11-2019,Sunil Patel,Nagaland,Dimapur
B-23163,5/1/2019,Geeta Sharma,Haryana,Faridabad
B-23164,8/3/2021,Sunita Iyer,Goa,Panaji
B-23165,6/8/2021,Rohit Pillai,Karnataka,Bengaluru
B-23166,5/11/2018,Sneha Mishra,Gujarat,Surat
B-23167,23-09-2020,Harivansh Desai,Jammu and Kashmir,Srinagar
B-23168,16-10-2021,Vikram Singh,Uttar Pradesh,Mathura
B-23169,19-04-2018,Madhav Singh,Madhya Pradesh,Gwalior
B-23170,20-02-2019,Deepa Nair,Madhya Pradesh,Indore
B-23171,14-01-2020,Gaurav Mishra,Punjab,Ludhiana
B-23172,30-08-2020,Madhav Pandey,Delhi,New Delhi
B-23173,27-07-2018,Sunil Patel,West Bengal,Kolkata
B-23174,1/12/2018,Sneha Kumar,Bihar,Muzaffarpur
B-23175,19-04-2020,Kiran Shah,Himachal Pradesh,Manali
B-23176,4/12/2021,Rekha Pandey,Tamil Nadu,Chennai
B-23177,21-08-2018,Deepa Das,Uttar Pradesh,Mathura
B-23178,5/10/2018,Madan Chopra,Andhra Pradesh,Visakhapatnam
B-23179,10/2/2018,Tushar Pandey,Sikkim,Namchi
B-23180,22-06-2020,Tushar Pillai,Delhi,Delhi
B-23181,4/10/2020,Parvati Yadav,Tamil Nadu,Chennai
B-23182,28-01-2020,Suresh Patel,Delhi,New Delhi
B-23183,19-10-2021,Rohit Gupta,Delhi,Dwarka
B-23184,8/2/2019,Harivansh Joshi,Haryana,Gurugram
B-23185,28-12-2019,Nandita Chopra,Uttar Pradesh,Varanasi
B-23186,5/5/2020,Kiran Yadav,Tamil Nadu,Chennai
B-23187,17-11-2020,Rekha Mehta,West Bengal,Kolkata
B-23188,29-09-2020,Harivansh Patel,Uttar Pradesh,Lucknow
B-23189,5/12/2021,Asha Iyer,Gujarat,Rajkot
B-23190,23-11-2019,Priya Iyer,Rajasthan,Kota
B-23191,12/9/2021,Meena Mishra,Himachal Pradesh,Shimla
B-23192,2/7/2021,Aarav Malhotra,Punjab,Ludhiana
B-23193,19-02-2020,Rajesh Chopra,Andhra Pradesh,Visakhapatnam
B-23194,24-11-2021,Rekha Pandey,Andhra Pradesh,Vijayawada
B-23195,15-11-2020,Arun Bose,Haryana,Gurugram
B-23196,11/12/2019,Manoj Shah,Maharashtra,Nagpur
B-23197,1/7/2019,Meena Das,West Bengal,Kolkata
B-23198,26-09-2021,Harivansh Mehta,West Bengal,Kolkata
B-23199,21-09-2018,Vikram Reddy,Uttar Pradesh,Agra
B-23200,14-05-2018,Deepa Pillai,Karnataka,Bengaluru
B-23201,4/6/2018,Aarav Malhotra,Uttar Pradesh,Agra
B-23202,18-06-2021,Suresh Gupta,Punjab,Ludhiana
B-23203,16-07-2021,Madhav Tiwari,Uttar Pradesh,Mathura
B-23204,26-04-2018,Amit Nair,West Bengal,Kolkata
B-23205,16-01-2019,Meena Pandey,Jammu and Kashmir,Srinagar
B-23206,5/6/2020,Sanjay Nair,Uttar Pradesh,Mathura
B-23207,3/3/2020,Harivansh Mohan,Bihar,Gaya
B-23208,9/2/2019,Dinesh Desai,Haryana,Faridabad
B-23209,13-08-2019,Tushar Verma,Gujarat,Ahmedabad
B-23210,12/6/2018,Sunita Nair,Maharashtra,Pune
B-23211,4/12/2021,Pooja Pandey,Rajasthan,Jodhpur
B-23212,19-01-2019,Harivansh Reddy,Delhi,Dwarka
B-23213,28-04-2021,Vikas Desai,Gujarat,Vadodara
B-23214,23-03-2019,Arun Iyer,Karnataka,Hubli
B-23215,9/5/2019,Nikhil Sharma,Kerala,Kozhikode
B-23216,31-05-2019,Vikas Patel,Uttar Pradesh,Mathura
B-23217,8/10/2020,Gopal Malhotra,Uttar Pradesh,Kanpur
B-23218,13-06-2018,Geeta Sharma,Goa,Panaji
B-23219,15-10-2019,Tushar Yadav,Haryana,Hisar
B-23220,20-10-2021,Suresh Pillai,Maharashtra,Nagpur
B-23221,12/7/2020,Gopal Malhotra,Karnataka,Mysuru
B-23222,20-10-2020,Asha Chopra,Madhya Pradesh,Bhopal
B-23223,13-04-2019,Tushar Patel,Uttar Pradesh,Agra
B-23224,19-04-2020,Ravi Das,Madhya Pradesh,Jabalpur
B-23225,7/8/2020,Ravi Das,Delhi,Dwarka
B-23226,29-02-2020,Sneha Sharma,Tamil Nadu,Coimbatore
B-23227,21-02-2020,Deepa Agarwal,Andhra Pradesh,Vijayawada
B-23228,17-09-2021,Sunita Gupta,Punjab,Amritsar
B-23229,21-03-2019,Vikram Sharma,Andhra Pradesh,Visakhapatnam
B-23230,9/7/2019,Madhav Nair,Uttar Pradesh,Kanpur
B-23231,21-11-2018,Asha Shah,Maharashtra,Pune
B-23232,23-09-2020,Nandita Malhotra,Bihar,Gaya
B-23233,24-11-2018,Dinesh Tiwari,Uttar Pradesh,Mathura
B-23234,18-05-2018,Harivansh Pandey,Gujarat,Vadodara
B-23235,17-10-2018,Kavita Mehta,Jammu and Kashmir,Srinagar
B-23236,2/5/2020,Dinesh Sharma,Jammu and Kashmir,Srinagar
B-23237,25-11-2019,Asha Tiwari,Kerala,Kozhikode
B-23238,7/9/2018,Nandita Gupta,Bihar,Gaya
B-23239,4/2/2020,Amit Yadav,Punjab,Ludhiana
B-23240,10/5/2018,Rahul Das,Andhra Pradesh,Visakhapatnam
B-23241,5/3/2019,Harivansh Pandey,Maharashtra,Nagpur
B-23242,22-07-2021,Shalini Iyer,Himachal Pradesh,Dharamsala
B-23243,10/11/2019,Rajesh Gupta,Goa,Panaji
B-23244,21-12-2021,Tushar Desai,Maharashtra,Pune
B-23245,27-09-2020,Parvati Chopra,West Bengal,Howrah
B-23246,12/11/2020,Vikram Agarwal,Rajasthan,Udaipur
B-23247,16-06-2018,Nikhil Chopra,Gujarat,Vadodara
B-23248,18-05-2018,Geeta Agarwal,Rajasthan,Udaipur
B-23249,28-12-2021,Deepa Yadav,Tamil Nadu,Chennai
B-23250,28-08-2020,Kavita Reddy,Kerala,Thiruvananthapuram
B-23251,31-12-2019,Gaurav Chopra,Punjab,Ludhiana
B-23252,18-10-2019,Dinesh Mishra,Punjab,Jalandhar
B-23253,14-02-2019,Rajesh Desai,Punjab,Ludhiana
B-23254,5/5/2018,Rajesh Mehta,Karnataka,Mysuru
B-23255,24-05-2019,Madan Bose,Haryana,Gurugram
B-23256,3/9/2019,Manoj Nair,Delhi,Delhi
B-23257,1/3/2018,Sneha Singh,Andhra Pradesh,Visakhapatnam
B-23258,3/7/2020,Madan Shah,Delhi,New Delhi
B-23259,6/10/2019,Vikram Iyer,Gujarat,Surat
B-23260,17-12-2021,Nandita Das,Maharashtra,Pune
B-23261,24-10-2019,Rahul Kumar,Uttar Pradesh,Agra
B-23262,5/2/2021,Shalini Yadav,Delhi,Dwarka
B-23263,8/2/2020,Sunil Sharma,Kerala,Kozhikode
B-23264,26-10-2019,Rohit Patel,Madhya Pradesh,Indore
B-23265,11/8/2021,Vikas Mishra,Punjab,Jalandhar
B-23266,22-03-2018,Lalita Verma,Rajasthan,Jodhpur
B-23267,14-10-2020,Suresh Singh,Delhi,Delhi
B-23268,6/12/2020,Kiran Pandey,Maharashtra,Nagpur
B-23269,2/1/2020,Madhav Singh,Gujarat,Ahmedabad
B-23270,5/10/2020,Rohit Shah,Uttar Pradesh,Kanpur
B-23271,7/8/2021,Rohit Pandey,Delhi,Delhi
B-23272,1/3/2019,Geeta Patel,Delhi,New Delhi
B-23273,11/4/2019,Kavita Verma,Kerala,Kozhikode
B-23274,19-02-2018,Anita Mohan,Tamil Nadu,Chennai
B-23275,7/9/2020,Priya Verma,Maharashtra,Pune
B-23276,9/11/2018,Amit Mehta,Madhya Pradesh,Jabalpur
B-23277,23-07-2021,Rohit Sharma,Bihar,Gaya
B-23278,5/10/2020,Rahul Tiwari,Rajasthan,Kota
B-23279,31-01-2021,Suresh Verma,Maharashtra,Mumbai
B-23280,4/3/2019,Sanjay Pillai,Bihar,Gaya
B-23281,8/12/2021,Meena Pillai,Tamil Nadu,Madurai
B-23282,3/12/2018,Rohit Nair,Delhi,Delhi
B-23283,9/7/2021,Gaurav Joshi,Maharashtra,Nagpur
B-23284,12/11/2020,Madan Patel,Karnataka,Hubli
B-23285,9/6/2019,Madhav Nair,Madhya Pradesh,Gwalior
B-23286,15-03-2020,Pooja Mohan,Maharashtra,Mumbai
B-23287,1/7/2020,Nandita Mohan,Haryana,Faridabad
B-23288,24-02-2019,Sunita Kumar,Uttar Pradesh,Mathura
B-23289,26-02-2019,Rajesh Pillai,Rajasthan,Udaipur
B-23290,13-11-2021,Neha Pillai,Karnataka,Mysuru
B-23291,7/8/2020,Anita Mohan,Kerala,Kozhikode
B-23292,1/6/2019,Neha Mehta,Uttar Pradesh,Mathura
B-23293,20-03-2019,Sunita Mishra,Maharashtra,Nashik
B-23294,2/11/2019,Ravi Agarwal,Punjab,Amritsar
B-23295,3/10/2020,Shalini Shah,Punjab,Jalandhar
B-23296,24-05-2019,Suresh Desai,Uttar Pradesh,Mathura
B-23297,5/3/2018,Gaurav Verma,Tamil Nadu,Coimbatore
B-23298,1/1/2018,Asha Das,Andhra Pradesh,Tirupati
B-23299,23-11-2018,Vikram Verma,Andhra Pradesh,Tirupati
B-23300,26-01-2019,Arun Malhotra,Tamil Nadu,Chennai
B-23301,28-07-2019,Sneha Mohan,Uttar Pradesh,Mathura
B-23302,3/9/2018,Asha Gupta,Maharashtra,Pune
B-23303,4/9/2018,Rahul Chopra,Delhi,Delhi
B-23304,26-06-2018,Kavita Das,Tamil Nadu,Madurai
B-23305,24-11-2021,Sunil Iyer,Maharashtra,Nashik
B-23306,10/5/2018,Deepa Nair,Uttar Pradesh,Kanpur
B-23307,3/3/2018,Priya Chopra,Gujarat,Rajkot
B-23308,24-04-2020,Sunita Sharma,Punjab,Amritsar
B-23309,6/9/2021,Suresh Iyer,Haryana,Hisar
B-23310,8/9/2020,Rajesh Iyer,Uttar Pradesh,Agra
B-23311,21-01-2019,Kavita Pandey,Gujarat,Ahmedabad
B-23312,24-08-2021,Priya Pillai,Karnataka,Mysuru
B-23313,18-02-2021,Dinesh Reddy,Rajasthan,Jaipur
B-23314,10/8/2019,Vishakha Singh,Punjab,Ludhiana
B-23315,25-08-2020,Jyoti Patel,Andhra Pradesh,Vijayawada
B-23316,2/2/2021,Jyoti Gupta,Madhya Pradesh,Gwalior
B-23317,13-04-2020,Sunita Pillai,Andhra Pradesh,Vijayawada
B-23318,13-12-2019,Vikas Gupta,Karnataka,Mysuru
B-23319,15-10-2021,Jyoti Bose,Andhra Pradesh,Vijayawada
B-23320,27-06-2018,Nandita Iyer,Tamil Nadu,Coimbatore
B-23321,5/1/2020,Ravi Das,Rajasthan,Jodhpur
B-23322,29-03-2018,Madhav Mehta,West Bengal,Siliguri
B-23323,25-10-2018,Nandita Mishra,Himachal Pradesh,Dharamsala
B-23324,23-11-2018,Parvati Gupta,Goa,Panaji
B-23325,20-11-2021,Rohit Singh,Karnataka,Bengaluru
B-23326,23-10-2020,Jyoti Verma,Bihar,Muzaffarpur
B-23327,9/1/2018,Manoj Shah,Nagaland,Kohima
B-23328,10/4/2019,Madhav Chopra,Delhi,Dwarka
B-23329,4/2/2020,Sunil Agarwal,Bihar,Gaya
B-23330,25-03-2019,Parvati Yadav,Rajasthan,Jaipur
B-23331,8/4/2019,Ravi Gupta,Karnataka,Bengaluru
B-23332,2/1/2018,Lalita Kumar,Bihar,Patna
B-23333,24-11-2021,Asha Reddy,Rajasthan,Udaipur
B-23334,5/3/2019,Jyoti Mohan,Uttar Pradesh,Lucknow
B-23335,18-02-2018,Rahul Sharma,Madhya Pradesh,Bhopal
B-23336,16-01-2019,Suresh Singh,Maharashtra,Mumbai
B-23337,14-05-2020,Gopal Tiwari,Andhra Pradesh,Tirupati
B-23338,8/5/2021,Asha Mishra,Andhra Pradesh,Visakhapatnam
B-23339,15-09-2019,Arun Desai,Punjab,Ludhiana
B-23340,24-07-2021,Gaurav Pillai,Uttar Pradesh,Kanpur
B-23341,6/3/2018,Dinesh Mishra,Madhya Pradesh,Gwalior
B-23342,5/12/2021,Shalini Agarwal,Rajasthan,Jaipur
B-23343,15-05-2020,Tushar Desai,Tamil Nadu,Madurai
B-23344,1/10/2020,Rahul Agarwal,Uttar Pradesh,Kanpur
B-23345,27-06-2018,Shalini Iyer,Himachal Pradesh,Shimla
B-23346,18-05-2019,Vikram Das,Andhra Pradesh,Vijayawada
B-23347,10/5/2019,Nandita Chopra,Uttar Pradesh,Agra
B-23348,5/2/2021,Geeta Nair,Punjab,Amritsar
B-23349,22-01-2018,Amit Pillai,Tamil Nadu,Chennai
B-23350,2/11/2020,Geeta Singh,Bihar,Gaya
B-23351,17-07-2019,Parvati Agarwal,Karnataka,Hubli
B-23352,31-08-2021,Anita Iyer,Punjab,Jalandhar
B-23353,24-11-2020,Dinesh Patel,West Bengal,Howrah
B-23354,30-11-2018,Priya Joshi,Punjab,Ludhiana
B-23355,13-08-2018,Deepa Singh,Maharashtra,Nashik
B-23356,26-05-2019,Aarav Agarwal,Rajasthan,Jodhpur
B-23357,11/2/2020,Priya Joshi,Delhi,New Delhi
B-23358,30-10-2021,Tushar Chopra,Maharashtra,Nashik
B-23359,6/12/2021,Pooja Kumar,Delhi,Delhi
B-23360,24-05-2021,Parvati Sharma,Gujarat,Vadodara
B-23361,2/12/2021,Arun Sharma,Haryana,Hisar
B-23362,25-01-2020,Jyoti Kumar,Gujarat,Ahmedabad
B-23363,26-07-2019,Arun Shah,Haryana,Gurugram
B-23364,14-05-2018,Meena Iyer,Tamil Nadu,Madurai
B-23365,3/1/2020,Shalini Agarwal,Bihar,Patna
B-23366,9/10/2018,Pooja Sharma,Delhi,Dwarka
B-23367,18-01-2019,Rajesh Das,Nagaland,Dimapur
B-23368,15-02-2021,Manoj Chopra,Uttar Pradesh,Lucknow
B-23369,7/4/2021,Sneha Kumar,Himachal Pradesh,Shimla
B-23370,19-02-2019,Deepa Joshi,Delhi,Dwarka
B-23371,11/3/2020,Aarav Yadav,Uttar Pradesh,Mathura
B-23372,19-08-2018,Nikhil Tiwari,Maharashtra,Mumbai
B-23373,14-09-2019,Amit Mishra,West Bengal,Howrah
B-23374,14-03-2019,Rajesh Tiwari,Gujarat,Rajkot
B-23375,15-03-2019,Vikram Patel,Andhra Pradesh,Tirupati
B-23376,8/7/2021,Jyoti Singh,Delhi,Delhi
B-23377,10/11/2020,Deepa Singh,Gujarat,Ahmedabad
B-23378,5/3/2021,Kiran Reddy,Kerala,Thiruvananthapuram
B-23379,5/7/2021,Vishakha Reddy,Karnataka,Mysuru
B-23380,3/5/2018,Arun Verma,Tamil Nadu,Coimbatore
B-23381,26-02-2018,Rajesh Tiwari,Rajasthan,Udaipur
B-23382,11/3/2020,Geeta Desai,Tamil Nadu,Chennai
B-23383,18-09-2018,Shalini Desai,Jammu and Kashmir,Jammu
B-23384,16-08-2021,Kiran Reddy,Punjab,Ludhiana
B-23385,15-10-2020,Suresh Bose,Punjab,Ludhiana
B-23386,16-05-2018,Sunil Singh,Haryana,Gurugram
B-23387,6/8/2021,Priya Yadav,Maharashtra,Nagpur
B-23388,9/8/2020,Madhav Joshi,Tamil Nadu,Madurai
B-23389,1/11/2019,Asha Chopra,Bihar,Gaya
B-23390,10/11/2021,Tushar Pandey,Himachal Pradesh,Dharamsala
B-23391,24-05-2021,Nandita Tiwari,Karnataka,Bengaluru
B-23392,19-08-2020,Madhav Singh,Haryana,Faridabad
B-23393,27-12-2020,Nikhil Desai,Kerala,Thiruvananthapuram
B-23394,12/7/2021,Rekha Iyer,Tamil Nadu,Madurai
B-23395,17-11-2020,Sanjay Mishra,West Bengal,Howrah
B-23396,6/5/2019,Parvati Nair,Madhya Pradesh,Gwalior
B-23397,28-01-2019,Madhav Mehta,Haryana,Faridabad
B-23398,25-06-2019,Nandita Bose,Nagaland,Kohima
B-23399,9/6/2021,Amit Pandey,Madhya Pradesh,Gwalior
B-23400,30-12-2021,Jyoti Shah,Madhya Pradesh,Jabalpur
B-23401,6/4/2021,Nikhil Patel,Delhi,Dwarka
B-23402,20-08-2019,Kavita Nair,Punjab,Jalandhar
B-23403,22-11-2019,Sunita Mohan,Karnataka,Mysuru
B-23404,19-05-2019,Rohit Chopra,Rajasthan,Kota
B-23405,5/1/2021,Madhav Gupta,Maharashtra,Mumbai
B-23406,2/6/2019,Pooja Agarwal,Karnataka,Mysuru
B-23407,7/1/2018,Suresh Nair,Karnataka,Mysuru
B-23408,10/10/2020,Ravi Shah,Punjab,Ludhiana
B-23409,12/11/2020,Parvati Bose,Maharashtra,Mumbai
B-23410,25-05-2020,Dinesh Desai,Uttar Pradesh,Kanpur
B-23411,3/3/2020,Harivansh Kumar,Delhi,Delhi
B-23412,11/1/2020,Anita Verma,Tamil Nadu,Coimbatore
B-23413,9/8/2018,Sunil Shah,Maharashtra,Mumbai
B-23414,7/11/2021,Arun Nair,Uttar Pradesh,Varanasi
B-23415,3/5/2018,Aarav Kumar,Madhya Pradesh,Gwalior
B-23416,6/8/2019,Arun Reddy,Maharashtra,Nagpur
B-23417,5/2/2021,Gopal Reddy,Delhi,Dwarka
B-23418,11/4/2021,Harivansh Reddy,Delhi,New Delhi
B-23419,21-02-2019,Jyoti Desai,Uttar Pradesh,Lucknow
B-23420,6/7/2018,Parvati Malhotra,Punjab,Ludhiana
B-23421,22-09-2020,Pooja Kumar,Maharashtra,Nashik
B-23422,29-03-2019,Kavita Das,Punjab,Amritsar
B-23423,28-03-2019,Rekha Kumar,Uttar Pradesh,Agra
B-23424,10/6/2020,Tushar Desai,Tamil Nadu,Coimbatore
B-23425,14-03-2019,Sanjay Kumar,Tamil Nadu,Coimbatore
B-23426,30-12-2021,Geeta Das,Delhi,New Delhi
B-23427,13-06-2021,Madan Sharma,Himachal Pradesh,Manali
B-23428,25-02-2019,Dinesh Bose,Karnataka,Hubli
B-23429,3/12/2019,Harivansh Sharma,Bihar,Muzaffarpur
B-23430,5/3/2020,Geeta Desai,Maharashtra,Pune
B-23431,11/12/2021,Suresh Desai,Tamil Nadu,Madurai
B-23432,13-02-2020,Kiran Agarwal,Maharashtra,Nagpur
B-23433,25-12-2019,Rohit Iyer,Maharashtra,Nagpur
B-23434,18-04-2019,Madan Desai,Tamil Nadu,Chennai
B-23435,6/11/2021,Parvati Reddy,Kerala,Kochi
B-23436,15-07-2020,Rahul Agarwal,Punjab,Ludhiana
B-23437,20-02-2020,Rahul Chopra,Gujarat,Rajkot
B-23438,18-05-2020,Meena Bose,Maharashtra,Pune
B-23439,6/7/2019,Vishakha Iyer,Gujarat,Surat
B-23440,25-03-2019,Tushar Mohan,Bihar,Muzaffarpur
B-23441,5/2/2019,Priya Agarwal,Andhra Pradesh,Visakhapatnam
B-23442,4/7/2018,Kiran Singh,Punjab,Jalandhar
B-23443,13-04-2018,Manoj Singh,Bihar,Gaya
B-23444,16-07-2020,Deepa Joshi,Delhi,New Delhi
B-23445,25-07-2019,Sunita Reddy,Andhra Pradesh,Visakhapatnam
B-23446,2/12/2020,Suresh Reddy,Tamil Nadu,Madurai
B-23447,17-04-2018,Parvati Mohan,Karnataka,Hubli
B-23448,27-12-2018,Vikas Shah,Gujarat,Rajkot
B-23449,10/12/2018,Kavita Sharma,Karnataka,Bengaluru
B-23450,19-05-2021,Suresh Singh,Rajasthan,Udaipur
B-23451,2/1/2019,Jyoti Kumar,Rajasthan,Udaipur
B-23452,2/1/2019,Deepa Shah,Jammu and Kashmir,Srinagar
B-23453,18-01-2018,Harivansh Patel,Rajasthan,Jaipur
B-23454,22-10-2020,Lalita Verma,Andhra Pradesh,Visakhapatnam
B-23455,10/4/2018,Shalini Gupta,Tamil Nadu,Chennai
B-23456,1/6/2021,Vishakha Pillai,Karnataka,Mysuru
B-23457,19-05-2019,Ravi Patel,Haryana,Hisar
B-23458,24-05-2019,Kiran Mohan,Punjab,Amritsar
B-23459,18-05-2018,Madan Gupta,Uttar Pradesh,Kanpur
B-23460,19-12-2020,Dinesh Tiwari,Rajasthan,Kota
B-23461,11/12/2020,Ravi Mohan,Jammu and Kashmir,Jammu
B-23462,25-05-2021,Parvati Pandey,Tamil Nadu,Coimbatore
B-23463,30-05-2019,Nikhil Bose,Delhi,New Delhi
B-23464,16-09-2018,Priya Nair,Uttar Pradesh,Agra
B-23465,4/9/2019,Pooja Desai,West Bengal,Howrah
B-23466,9/2/2020,Asha Yadav,Uttar Pradesh,Kanpur
B-23467,11/2/2019,Rahul Nair,Gujarat,Surat
B-23468,10/7/2020,Tushar Malhotra,Delhi,New Delhi
B-23469,22-03-2020,Kavita Gupta,Uttar Pradesh,Lucknow
B-23470,18-06-2020,Manoj Chopra,Andhra Pradesh,Tirupati
B-23471,10/8/2020,Vishakha Nair,Gujarat,Rajkot
B-23472,16-04-2018,Kavita Gupta,West Bengal,Kolkata
B-23473,29-08-2019,Vishakha Verma,Madhya Pradesh,Jabalpur
B-23474,31-08-2021,Arun Singh,Punjab,Ludhiana
B-23475,15-11-2020,Sunil Chopra,Uttar Pradesh,Kanpur
B-23476,19-05-2018,Gopal Mishra,Maharashtra,Pune
B-23477,23-01-2018,Vikram Gupta,Rajasthan,Udaipur
B-23478,3/5/2018,Rahul Mehta,Maharashtra,Nagpur
B-23479,19-02-2018,Geeta Agarwal,Madhya Pradesh,Jabalpur
B-23480,12/12/2019,Gaurav Mishra,Maharashtra,Mumbai
B-23481,24-11-2020,Tushar Kumar,Tamil Nadu,Coimbatore
B-23482,6/6/2020,Lalita Verma,Nagaland,Kohima
B-23483,11/11/2018,Madan Mishra,Nagaland,Dimapur
B-23484,24-07-2021,Rekha Gupta,Delhi,Delhi
B-23485,10/7/2018,Gaurav Agarwal,Maharashtra,Pune
B-23486,27-03-2018,Priya Joshi,Uttar Pradesh,Lucknow
B-23487,3/2/2019,Sneha Pillai,Maharashtra,Pune
B-23488,24-05-2020,Sunil Pillai,Maharashtra,Pune
B-23489,2/1/2018,Suresh Patel,Tamil Nadu,Coimbatore
B-23490,15-09-2020,Suresh Reddy,Gujarat,Surat
B-23491,9/10/2021,Dinesh Kumar,Uttar Pradesh,Kanpur
B-23492,3/12/2019,Gaurav Malhotra,Goa,Margao
B-23493,13-06-2019,Parvati Shah,Himachal Pradesh,Dharamsala
B-23494,9/11/2019,Harivansh Mehta,Delhi,Dwarka
B-23495,22-04-2021,Nikhil Tiwari,Maharashtra,Pune
B-23496,9/4/2019,Rahul Bose,Bihar,Gaya
B-23497,8/11/2020,Asha Chopra,Goa,Margao
B-23498,16-04-2018,Tushar Joshi,Karnataka,Mysuru
B-23499,7/8/2018,Deepa Shah,Maharashtra,Pune
B-23500,25-05-2019,Ravi Gupta,West Bengal,Siliguri
B-23501,15-01-2021,Lalita Yadav,Gujarat,Rajkot
B-23502,8/5/2020,Parvati Mishra,Madhya Pradesh,Bhopal
B-23503,29-11-2018,Gaurav Chopra,Jammu and Kashmir,Srinagar
B-23504,5/10/2019,Anita Bose,Andhra Pradesh,Vijayawada
B-23505,12/11/2018,Sneha Chopra,Goa,Margao
B-23506,29-01-2020,Pooja Joshi,Maharashtra,Nashik
B-23507,22-03-2020,Tushar Nair,Andhra Pradesh,Visakhapatnam
B-23508,10/8/2019,Kavita Desai,Karnataka,Mysuru
B-23509,23-11-2018,Nandita Mishra,Punjab,Amritsar
B-23510,26-07-2018,Meena Singh,Karnataka,Bengaluru
B-23511,4/11/2018,Jyoti Bose,Bihar,Patna
B-23512,29-11-2021,Deepa Verma,Uttar Pradesh,Lucknow
B-23513,8/3/2018,Amit Joshi,Goa,Margao
B-23514,22-10-2021,Gopal Tiwari,Punjab,Amritsar
B-23515,5/12/2018,Asha Mishra,Uttar Pradesh,Varanasi
B-23516,18-06-2018,Priya Desai,Uttar Pradesh,Lucknow
B-23517,15-12-2018,Rohit Chopra,Uttar Pradesh,Varanasi
B-23518,20-08-2019,Gaurav Mehta,Uttar Pradesh,Varanasi
B-23519,6/8/2019,Amit Singh,Gujarat,Vadodara
B-23520,19-11-2018,Lalita Kumar,Bihar,Patna
B-23521,12/11/2021,Vikas Verma,Andhra Pradesh,Vijayawada
B-23522,23-09-2021,Kiran Pandey,Gujarat,Rajkot
B-23523,5/1/2020,Lalita Joshi,Madhya Pradesh,Jabalpur
B-23524,6/5/2020,Kavita Joshi,Nagaland,Kohima
B-23525,8/5/2019,Ravi Gupta,Haryana,Gurugram
B-23526,12/6/2018,Anita Pillai,Tamil Nadu,Chennai
B-23527,9/8/2018,Geeta Gupta,Delhi,Delhi
B-23528,2/8/2019,Madhav Pandey,Madhya Pradesh,Bhopal
B-23529,13-09-2020,Arun Bose,Delhi,Dwarka
B-23530,30-09-2021,Sunil Malhotra,Punjab,Jalandhar
B-23531,6/3/2019,Shalini Mohan,Uttar Pradesh,Lucknow
B-23532,11/3/2020,Rajesh Yadav,Uttar Pradesh,Mathura
B-23533,1/6/2019,Madan Patel,Karnataka,Mysuru
B-23534,10/9/2021,Rohit Pandey,Tamil Nadu,Coimbatore
B-23535,30-09-2018,Harivansh Malhotra,Goa,Margao
B-23536,10/9/2021,Harivansh Pillai,Tamil Nadu,Chennai
B-23537,16-01-2018,Kiran Iyer,Gujarat,Rajkot
B-23538,17-11-2019,Deepa Verma,Tamil Nadu,Chennai
B-23539,16-11-2020,Nandita Chopra,Jammu and Kashmir,Srinagar
B-23540,5/1/2019,Sneha Verma,Rajasthan,Udaipur
B-23541,27-12-2021,Madhav Desai,Andhra Pradesh,Visakhapatnam
B-23542,3/8/2018,Shalini Mehta,Maharashtra,Pune
B-23543,12/11/2019,Lalita Iyer,Bihar,Muzaffarpur
B-23544,24-04-2021,Gaurav Desai,Maharashtra,Mumbai
B-23545,20-07-2020,Tushar Shah,Madhya Pradesh,Jabalpur
B-23546,2/4/2018,Vikas Mishra,Uttar Pradesh,Varanasi
B-23547,8/7/2021,Suresh Chopra,Karnataka,Mysuru
B-23548,7/8/2020,Nandita Pillai,Maharashtra,Nagpur
B-23549,25-04-2021,Sanjay Das,Maharashtra,Mumbai
B-23550,15-04-2019,Tushar Iyer,Andhra Pradesh,Visakhapatnam
B-23551,22-12-2020,Sanjay Verma,Maharashtra,Nashik
B-23552,5/5/2019,Rohit Sharma,Gujarat,Ahmedabad
B-23553,15-07-2019,Jyoti Shah,Jammu and Kashmir,Srinagar
B-23554,24-10-2020,Asha Desai,Nagaland,Dimapur
B-23555,3/4/2021,Neha Shah,Nagaland,Dimapur
B-23556,26-08-2018,Kavita Agarwal,Himachal Pradesh,Manali
B-23557,29-12-2018,Jyoti Mohan,Maharashtra,Nashik
B-23558,13-06-2018,Madhav Mohan,Maharashtra,Nashik
B-23559,12/2/2018,Vikram Gupta,West Bengal,Siliguri
B-23560,13-06-2019,Kiran Tiwari,Madhya Pradesh,Gwalior
B-23561,1/5/2020,Kiran Bose,Maharashtra,Pune
B-23562,11/1/2020,Vikram Joshi,Madhya Pradesh,Indore
B-23563,6/6/2018,Deepa Kumar,Tamil Nadu,Chennai
B-23564,6/5/2019,Suresh Iyer,Goa,Panaji
B-23565,13-07-2020,Madhav Kumar,Bihar,Muzaffarpur
B-23566,10/8/2020,Lalita Kumar,Bihar,Muzaffarpur
B-23567,24-07-2019,Meena Yadav,Karnataka,Mysuru
B-23568,28-12-2018,Madan Nair,Himachal Pradesh,Manali
B-23569,7/2/2018,Gaurav Singh,Sikkim,Gangtok
B-23570,26-10-2018,Madhav Patel,Bihar,Muzaffarpur
B-23571,31-12-2020,Rajesh Chopra,Sikkim,Namchi
B-23572,3/3/2018,Madhav Agarwal,Karnataka,Mysuru
B-23573,1/8/2018,Lalita Agarwal,Maharashtra,Pune
B-23574,25-06-2021,Shalini Pillai,Rajasthan,Jaipur
B-23575,10/4/2019,Dinesh Shah,Rajasthan,Kota
B-23576,22-10-2019,Vishakha Nair,West Bengal,Kolkata
B-23577,16-07-2020,Rajesh Sharma,Punjab,Amritsar
B-23578,23-09-2021,Vishakha Mohan,Madhya Pradesh,Indore
B-23579,8/10/2019,Ravi Singh,Delhi,Delhi
B-23580,2/5/2021,Nikhil Shah,Rajasthan,Jodhpur
B-23581,27-08-2020,Dinesh Shah,Sikkim,Namchi
B-23582,3/9/2018,Gaurav Verma,Karnataka,Hubli
B-23583,12/10/2019,Kavita Joshi,Himachal Pradesh,Manali
B-23584,24-08-2019,Priya Kumar,Uttar Pradesh,Agra
B-23585,23-09-2021,Amit Pandey,Maharashtra,Nashik
B-23586,10/11/2018,Rekha Mishra,Tamil Nadu,Chennai
B-23587,23-12-2020,Vishakha Singh,Bihar,Muzaffarpur
B-23588,7/9/2019,Sneha Sharma,Uttar Pradesh,Agra
B-23589,3/11/2019,Sunita Pandey,Uttar Pradesh,Lucknow
B-23590,11/12/2020,Nandita Desai,Tamil Nadu,Coimbatore
B-23591,21-08-2018,Vikram Iyer,Rajasthan,Udaipur
B-23592,11/9/2018,Sunita Pillai,Maharashtra,Mumbai
B-23593,20-04-2019,Anita Iyer,Madhya Pradesh,Indore
B-23594,30-12-2021,Sunil Pillai,Tamil Nadu,Madurai
B-23595,1/9/2019,Sunil Tiwari,Madhya Pradesh,Jabalpur
B-23596,25-03-2018,Asha Bose,Uttar Pradesh,Agra
B-23597,6/7/2019,Anita Gupta,Uttar Pradesh,Varanasi
B-23598,9/1/2018,Vikram Chopra,Uttar Pradesh,Agra
B-23599,11/4/2020,Jyoti Kumar,Maharashtra,Pune
B-23600,17-06-2018,Madhav Patel,Delhi,Dwarka
B-23601,6/12/2021,Vikram Mohan,Karnataka,Mysuru
B-23602,24-03-2019,Amit Patel,Rajasthan,Jodhpur
B-23603,15-04-2020,Aarav Tiwari,Bihar,Gaya
B-23604,27-03-2021,Rajesh Chopra,Himachal Pradesh,Shimla
B-23605,30-05-2020,Neha Desai,Nagaland,Kohima
B-23606,16-12-2020,Vikas Yadav,Delhi,Dwarka
B-23607,22-04-2020,Tushar Joshi,Maharashtra,Mumbai
B-23608,18-12-2021,Sneha Iyer,Kerala,Thiruvananthapuram
B-23609,3/1/2018,Pooja Agarwal,Punjab,Jalandhar
B-23610,3/6/2019,Amit Pillai,Delhi,Dwarka
B-23611,3/4/2021,Pooja Tiwari,Maharashtra,Mumbai
B-23612,18-04-2019,Kavita Malhotra,Uttar Pradesh,Mathura
B-23613,1/11/2021,Rohit Gupta,Goa,Margao
B-23614,19-08-2018,Parvati Sharma,Kerala,Kozhikode
B-23615,15-08-2018,Aarav Bose,Uttar Pradesh,Lucknow
B-23616,4/7/2020,Deepa Gupta,Rajasthan,Jaipur
B-23617,26-01-2020,Harivansh Bose,Andhra Pradesh,Tirupati
B-23618,25-10-2021,Rekha Das,Nagaland,Kohima
B-23619,28-02-2019,Madan Yadav,Delhi,Dwarka
B-23620,18-09-2021,Kavita Chopra,Bihar,Gaya
B-23621,14-06-2020,Anita Iyer,Uttar Pradesh,Kanpur
B-23622,21-11-2018,Anita Verma,Rajasthan,Udaipur
B-23623,22-02-2019,Sneha Kumar,Tamil Nadu,Chennai
B-23624,4/8/2019,Rekha Patel,Gujarat,Ahmedabad
B-23625,27-08-2020,Nikhil Singh,Punjab,Ludhiana
B-23626,13-09-2019,Sanjay Das,Maharashtra,Nagpur
B-23627,3/9/2020,Madan Iyer,Delhi,Delhi
B-23628,16-06-2020,Amit Sharma,Karnataka,Hubli
B-23629,22-09-2020,Madan Reddy,Sikkim,Gangtok
B-23630,13-08-2018,Rekha Malhotra,Andhra Pradesh,Vijayawada
B-23631,13-11-2021,Vikram Iyer,Tamil Nadu,Madurai
B-23632,28-09-2019,Rohit Sharma,Uttar Pradesh,Mathura
B-23633,10/5/2019,Vikas Iyer,Karnataka,Hubli
B-23634,12/2/2021,Gaurav Pillai,Karnataka,Hubli
B-23635,10/1/2019,Dinesh Mehta,Uttar Pradesh,Mathura
B-23636,2/11/2019,Sunil Bose,Punjab,Amritsar
B-23637,12/9/2020,Rajesh Patel,Uttar Pradesh,Agra
B-23638,20-05-2020,Manoj Pandey,Karnataka,Hubli
B-23639,13-02-2019,Rohit Tiwari,Tamil Nadu,Madurai
B-23640,3/3/2021,Parvati Yadav,Uttar Pradesh,Kanpur
B-23641,3/7/2021,Rajesh Reddy,Madhya Pradesh,Gwalior
B-23642,1/1/2020,Shalini Reddy,Bihar,Gaya
B-23643,12/4/2019,Arun Shah,Uttar Pradesh,Mathura
B-23644,31-07-2018,Parvati Gupta,Maharashtra,Mumbai
B-23645,24-02-2019,Ravi Bose,Himachal Pradesh,Dharamsala
B-23646,29-05-2018,Vikram Tiwari,Sikkim,Namchi
B-23647,5/10/2018,Sanjay Malhotra,Maharashtra,Nagpur
B-23648,18-07-2018,Priya Iyer,Uttar Pradesh,Varanasi
B-23649,17-04-2020,Pooja Iyer,Kerala,Thiruvananthapuram
B-23650,5/3/2019,Meena Mishra,West Bengal,Siliguri
B-23651,1/9/2018,Meena Iyer,Karnataka,Hubli
B-23652,12/7/2021,Kavita Verma,Gujarat,Vadodara
B-23653,13-01-2021,Kiran Tiwari,Rajasthan,Jaipur
B-23654,29-09-2020,Neha Bose,Tamil Nadu,Chennai
B-23655,1/7/2018,Lalita Pillai,Maharashtra,Nagpur
B-23656,1/1/2018,Arun Pandey,Madhya Pradesh,Gwalior
B-23657,15-07-2020,Sunil Pandey,Delhi,Dwarka
B-23658,19-07-2018,Parvati Sharma,Nagaland,Kohima
B-23659,19-12-2018,Kiran Reddy,Rajasthan,Jodhpur
B-23660,6/2/2019,Neha Nair,Delhi,New Delhi
B-23661,6/5/2018,Geeta Reddy,Kerala,Kochi
B-23662,30-08-2018,Neha Yadav,Kerala,Thiruvananthapuram
B-23663,7/11/2021,Arun Gupta,Haryana,Gurugram
B-23664,28-08-2020,Madan Sharma,Delhi,Delhi
B-23665,27-12-2020,Sunita Tiwari,Tamil Nadu,Coimbatore
B-23666,11/8/2018,Meena Patel,Maharashtra,Pune
B-23667,30-04-2020,Vikram Bose,Maharashtra,Pune
B-23668,30-06-2019,Nikhil Pandey,Himachal Pradesh,Dharamsala
B-23669,23-12-2020,Tushar Pillai,Goa,Margao
B-23670,19-11-2018,Nandita Shah,Nagaland,Kohima
B-23671,8/7/2020,Arun Patel,Punjab,Ludhiana
B-23672,26-07-2019,Harivansh Iyer,Punjab,Jalandhar
B-23673,11/2/2018,Rajesh Agarwal,Madhya Pradesh,Jabalpur
B-23674,6/7/2018,Tushar Kumar,Karnataka,Bengaluru
B-23675,21-04-2018,Sanjay Malhotra,Haryana,Gurugram
B-23676,21-02-2021,Shalini Agarwal,West Bengal,Siliguri
B-23677,30-12-2021,Amit Verma,Bihar,Muzaffarpur
B-23678,20-04-2019,Amit Reddy,West Bengal,Siliguri
B-23679,27-05-2021,Jyoti Singh,Maharashtra,Mumbai
B-23680,26-11-2019,Nikhil Shah,Uttar Pradesh,Agra
B-23681,12/11/2019,Sunil Gupta,Karnataka,Bengaluru
B-23682,25-05-2020,Dinesh Nair,Delhi,Delhi
B-23683,2/12/2021,Meena Mehta,Delhi,New Delhi
B-23684,27-05-2018,Arun Malhotra,Kerala,Kochi
B-23685,22-10-2019,Ravi Patel,Haryana,Faridabad
B-23686,3/3/2018,Priya Sharma,Rajasthan,Jaipur
B-23687,4/3/2018,Meena Mishra,Delhi,Dwarka
B-23688,28-07-2021,Tushar Singh,Uttar Pradesh,Lucknow
B-23689,11/9/2020,Vikram Das,Karnataka,Hubli
B-23690,19-08-2021,Vishakha Verma,Karnataka,Hubli
B-23691,23-05-2021,Rahul Malhotra,Delhi,New Delhi
B-23692,3/10/2019,Madan Tiwari,Delhi,Dwarka
B-23693,15-08-2021,Vikas Joshi,Maharashtra,Mumbai
B-23694,22-01-2021,Deepa Desai,Nagaland,Dimapur
B-23695,12/8/2019,Dinesh Mehta,West Bengal,Kolkata
B-23696,5/11/2018,Sunita Joshi,Bihar,Patna
B-23697,6/10/2019,Madan Chopra,Uttar Pradesh,Kanpur
B-23698,15-08-2020,Rahul Verma,Punjab,Amritsar
B-23699,17-09-2021,Manoj Reddy,Andhra Pradesh,Tirupati
B-23700,1/12/2019,Meena Yadav,Rajasthan,Udaipur
B-23701,21-12-2020,Deepa Agarwal,Andhra Pradesh,Visakhapatnam
B-23702,28-04-2019,Sneha Gupta,Karnataka,Hubli
B-23703,12/4/2019,Harivansh Yadav,Nagaland,Dimapur
B-23704,28-09-2019,Kiran Pillai,Andhra Pradesh,Visakhapatnam
B-23705,5/2/2021,Priya Mohan,Gujarat,Rajkot
B-23706,2/3/2019,Kavita Bose,Punjab,Jalandhar
B-23707,17-02-2021,Ravi Desai,Madhya Pradesh,Indore
B-23708,2/7/2021,Nikhil Patel,Delhi,Delhi
B-23709,3/7/2019,Anita Kumar,Tamil Nadu,Coimbatore
B-23710,18-12-2020,Pooja Shah,West Bengal,Siliguri
B-23711,11/1/2018,Manoj Mohan,Rajasthan,Jodhpur
B-23712,26-01-2021,Shalini Chopra,Tamil Nadu,Chennai
B-23713,22-11-2020,Rajesh Agarwal,Rajasthan,Jodhpur
B-23714,18-12-2020,Suresh Agarwal,Maharashtra,Pune
B-23715,10/10/2021,Suresh Gupta,Haryana,Hisar
B-23716,20-10-2021,Vikas Malhotra,Delhi,Dwarka
B-23717,14-08-2021,Asha Bose,Madhya Pradesh,Indore
B-23718,13-05-2019,Sneha Pandey,Delhi,Dwarka
B-23719,18-12-2020,Arun Nair,Uttar Pradesh,Agra
B-23720,18-06-2018,Ravi Verma,Karnataka,Mysuru
B-23721,17-07-2021,Madan Patel,Madhya Pradesh,Gwalior
B-23722,19-08-2019,Priya Patel,Andhra Pradesh,Visakhapatnam
B-23723,15-10-2021,Vishakha Mishra,Himachal Pradesh,Shimla
B-23724,25-08-2019,Rajesh Malhotra,Uttar Pradesh,Mathura
B-23725,20-08-2020,Madan Joshi,Gujarat,Vadodara
B-23726,19-08-2019,Lalita Pillai,Goa,Panaji
B-23727,8/4/2019,Vikram Yadav,Maharashtra,Pune
B-23728,19-07-2019,Madhav Malhotra,Goa,Margao
B-23729,3/6/2021,Anita Tiwari,Haryana,Gurugram
B-23730,17-08-2019,Anita Joshi,Maharashtra,Pune
B-23731,4/3/2019,Gopal Nair,Karnataka,Mysuru
B-23732,17-04-2021,Harivansh Pandey,Delhi,Dwarka
B-23733,31-03-2019,Deepa Kumar,Uttar Pradesh,Varanasi
B-23734,20-07-2020,Nikhil Das,Rajasthan,Jaipur
B-23735,19-01-2021,Anita Desai,Goa,Panaji
B-23736,30-04-2021,Meena Mohan,Haryana,Faridabad
B-23737,20-03-2019,Amit Agarwal,Kerala,Kochi
B-23738,22-03-2018,Sneha Verma,Rajasthan,Jaipur
B-23739,7/6/2021,Lalita Chopra,Rajasthan,Udaipur
B-23740,8/3/2020,Vikram Das,Goa,Margao
B-23741,5/2/2021,Nikhil Sharma,Uttar Pradesh,Lucknow
B-23742,4/3/2019,Rahul Sharma,Punjab,Ludhiana
B-23743,29-04-2020,Pooja Shah,Delhi,Dwarka
B-23744,8/12/2020,Aarav Reddy,Haryana,Faridabad
B-23745,25-08-2020,Dinesh Iyer,Rajasthan,Jaipur
B-23746,30-04-2020,Aarav Desai,Haryana,Faridabad
B-23747,24-01-2020,Gaurav Yadav,Delhi,Delhi
B-23748,6/6/2018,Asha Desai,Uttar Pradesh,Mathura
B-23749,13-12-2020,Parvati Joshi,Uttar Pradesh,Agra
B-23750,8/4/2019,Sanjay Agarwal,Bihar,Gaya
B-23751,24-02-2018,Tushar Gupta,Rajasthan,Kota
B-23752,3/2/2019,Kiran Malhotra,Delhi,Delhi
B-23753,27-05-2021,Nandita Mehta,Delhi,Delhi
B-23754,13-07-2020,Rekha Mishra,Madhya Pradesh,Indore
B-23755,8/7/2018,Manoj Verma,Haryana,Hisar
B-23756,26-08-2019,Amit Mehta,Himachal Pradesh,Dharamsala
B-23757,29-03-2018,Vishakha Mohan,Uttar Pradesh,Agra
B-23758,2/5/2019,Dinesh Agarwal,Gujarat,Ahmedabad
B-23759,29-11-2020,Vikram Kumar,Rajasthan,Kota
B-23760,6/2/2018,Priya Nair,Tamil Nadu,Chennai
B-23761,1/12/2020,Neha Yadav,Andhra Pradesh,Tirupati
B-23762,1/7/2018,Rahul Agarwal,Delhi,New Delhi
B-23763,29-05-2018,Harivansh Malhotra,Maharashtra,Pune
B-23764,24-03-2019,Manoj Mishra,Madhya Pradesh,Jabalpur
B-23765,8/11/2020,Sunil Patel,Gujarat,Ahmedabad
B-23766,21-09-2020,Dinesh Bose,Rajasthan,Jodhpur
B-23767,26-06-2021,Neha Mehta,Karnataka,Mysuru
B-23768,24-03-2018,Pooja Reddy,Madhya Pradesh,Indore
B-23769,16-12-2020,Geeta Nair,Madhya Pradesh,Bhopal
B-23770,3/9/2020,Sunil Malhotra,West Bengal,Kolkata
B-23771,14-04-2020,Priya Nair,Maharashtra,Nagpur
B-23772,12/6/2021,Pooja Verma,Uttar Pradesh,Agra
B-23773,13-07-2020,Rahul Desai,Karnataka,Hubli
B-23774,25-01-2020,Parvati Pillai,Haryana,Faridabad
B-23775,9/8/2019,Parvati Patel,Jammu and Kashmir,Jammu
B-23776,7/6/2019,Tushar Patel,Andhra Pradesh,Tirupati
B-23777,17-12-2021,Parvati Desai,Jammu and Kashmir,Jammu
B-23778,2/7/2021,Parvati Agarwal,Tamil Nadu,Madurai
B-23779,31-08-2019,Sunil Mohan,Punjab,Jalandhar
B-23780,16-10-2021,Ravi Singh,Tamil Nadu,Coimbatore
B-23781,25-10-2018,Jyoti Yadav,Punjab,Jalandhar
B-23782,10/3/2021,Kavita Gupta,Madhya Pradesh,Indore
B-23783,26-08-2019,Rahul Mehta,Tamil Nadu,Madurai
B-23784,21-06-2021,Rajesh Patel,West Bengal,Kolkata
B-23785,14-01-2019,Sanjay Joshi,Rajasthan,Kota
B-23786,7/4/2020,Parvati Shah,Goa,Panaji
B-23787,15-04-2020,Gaurav Pandey,Uttar Pradesh,Varanasi
B-23788,26-08-2020,Deepa Agarwal,Kerala,Thiruvananthapuram
B-23789,5/5/2020,Rahul Mohan,Gujarat,Surat
B-23790,26-09-2019,Sunil Malhotra,Maharashtra,Pune
B-23791,30-10-2019,Nandita Yadav,Kerala,Kozhikode
B-23792,11/10/2018,Sunil Sharma,Tamil Nadu,Coimbatore
B-23793,7/1/2018,Gopal Bose,Tamil Nadu,Chennai
B-23794,19-10-2018,Parvati Desai,Gujarat,Ahmedabad
B-23795,29-01-2021,Deepa Agarwal,Punjab,Ludhiana
B-23796,20-01-2021,Deepa Bose,Nagaland,Kohima
B-23797,1/2/2021,Madan Pillai,Andhra Pradesh,Vijayawada
B-23798,14-07-2021,Suresh Nair,Uttar Pradesh,Kanpur
B-23799,22-05-2020,Vikram Tiwari,Karnataka,Bengaluru
B-23800,25-01-2019,Nikhil Mishra,Punjab,Amritsar
B-23801,31-05-2019,Rajesh Iyer,Andhra Pradesh,Visakhapatnam
B-23802,8/5/2019,Tushar Joshi,Tamil Nadu,Coimbatore
B-23803,6/7/2021,Priya Sharma,Karnataka,Bengaluru
B-23804,6/9/2020,Sanjay Sharma,Uttar Pradesh,Varanasi
B-23805,8/6/2020,Nandita Agarwal,West Bengal,Howrah
B-23806,9/5/2018,Anita Kumar,Karnataka,Mysuru
B-23807,28-10-2020,Rajesh Singh,Uttar Pradesh,Lucknow
B-23808,7/6/2021,Madhav Sharma,Uttar Pradesh,Mathura
B-23809,8/2/2020,Nikhil Verma,Punjab,Ludhiana
B-23810,14-06-2018,Vikas Mohan,Punjab,Jalandhar
B-23811,21-10-2019,Anita Das,Andhra Pradesh,Visakhapatnam
B-23812,13-07-2021,Nikhil Nair,Tamil Nadu,Coimbatore
B-23813,7/8/2021,Sneha Mohan,Delhi,Dwarka
B-23814,25-01-2020,Sanjay Mohan,Maharashtra,Mumbai
B-23815,11/10/2020,Geeta Das,Punjab,Ludhiana
B-23816,29-11-2018,Anita Pandey,Jammu and Kashmir,Srinagar
B-23817,5/4/2020,Sneha Tiwari,Delhi,Delhi
B-23818,7/12/2019,Rahul Shah,Karnataka,Hubli
B-23819,4/10/2020,Shalini Agarwal,West Bengal,Kolkata
B-23820,3/3/2021,Nandita Singh,Rajasthan,Udaipur
B-23821,16-02-2018,Rohit Mehta,Haryana,Faridabad
B-23822,18-05-2018,Rajesh Nair,Maharashtra,Pune
B-23823,2/7/2018,Amit Mishra,Andhra Pradesh,Visakhapatnam
B-23824,19-02-2019,Gopal Agarwal,Uttar Pradesh,Varanasi
B-23825,12/6/2018,Ravi Sharma,Maharashtra,Pune
B-23826,20-10-2021,Vikram Singh,Punjab,Amritsar
B-23827,17-02-2020,Pooja Reddy,Rajasthan,Jodhpur
B-23828,17-11-2020,Harivansh Gupta,Gujarat,Vadodara
B-23829,10/2/2020,Pooja Nair,Maharashtra,Mumbai
B-23830,29-09-2021,Jyoti Joshi,Madhya Pradesh,Indore
B-23831,12/12/2018,Tushar Mishra,Uttar Pradesh,Kanpur
B-23832,26-08-2019,Lalita Verma,Goa,Panaji
B-23833,2/6/2020,Rekha Joshi,Sikkim,Gangtok
B-23834,14-07-2020,Neha Tiwari,Maharashtra,Mumbai
B-23835,26-03-2020,Shalini Shah,Uttar Pradesh,Lucknow
B-23836,6/8/2020,Dinesh Tiwari,Bihar,Patna
B-23837,3/6/2018,Aarav Patel,Kerala,Thiruvananthapuram
B-23838,21-04-2021,Jyoti Patel,Uttar Pradesh,Lucknow
B-23839,19-06-2019,Nikhil Bose,Delhi,Dwarka
B-23840,28-11-2019,Dinesh Malhotra,Haryana,Faridabad
B-23841,24-04-2019,Arun Reddy,Tamil Nadu,Madurai
B-23842,13-05-2019,Pooja Mehta,Delhi,Dwarka
B-23843,15-10-2019,Sneha Sharma,Madhya Pradesh,Jabalpur
B-23844,16-02-2018,Dinesh Pandey,Punjab,Jalandhar
B-23845,27-07-2021,Arun Agarwal,Haryana,Gurugram
B-23846,17-07-2020,Shalini Pandey,Uttar Pradesh,Kanpur
B-23847,29-04-2019,Rohit Mehta,Rajasthan,Jodhpur
B-23848,1/2/2018,Vishakha Sharma,Andhra Pradesh,Visakhapatnam
B-23849,22-06-2018,Kiran Patel,Maharashtra,Nagpur
B-23850,3/11/2019,Kiran Singh,Sikkim,Namchi
B-23851,31-01-2018,Madhav Shah,Sikkim,Gangtok
B-23852,7/11/2021,Manoj Agarwal,Punjab,Jalandhar
B-23853,30-05-2018,Nikhil Mohan,Rajasthan,Jodhpur
B-23854,29-05-2018,Parvati Gupta,Madhya Pradesh,Jabalpur
B-23855,24-07-2020,Nandita Verma,Himachal Pradesh,Dharamsala
B-23856,28-10-2021,Rekha Reddy,Gujarat,Vadodara
B-23857,24-01-2021,Rahul Patel,Delhi,Delhi
B-23858,9/11/2019,Priya Desai,Haryana,Gurugram
B-23859,18-09-2021,Jyoti Bose,Goa,Margao
B-23860,5/11/2020,Vikas Mohan,Delhi,Dwarka
B-23861,23-11-2019,Gaurav Mehta,Himachal Pradesh,Shimla
B-23862,18-08-2021,Meena Joshi,Madhya Pradesh,Jabalpur
B-23863,15-03-2018,Geeta Singh,Andhra Pradesh,Visakhapatnam
B-23864,27-04-2019,Jyoti Agarwal,Gujarat,Rajkot
B-23865,6/2/2019,Jyoti Tiwari,Delhi,Dwarka
B-23866,14-07-2020,Rekha Agarwal,Rajasthan,Jaipur
B-23867,9/7/2021,Ravi Chopra,Punjab,Ludhiana
B-23868,27-02-2020,Jyoti Gupta,Tamil Nadu,Madurai
B-23869,12/6/2020,Lalita Chopra,Rajasthan,Jodhpur
B-23870,23-09-2018,Harivansh Mehta,Punjab,Ludhiana
B-23871,20-03-2018,Jyoti Mishra,Haryana,Gurugram
B-23872,27-03-2020,Sunita Tiwari,Kerala,Kochi
B-23873,26-01-2020,Anita Pandey,Maharashtra,Mumbai
B-23874,20-09-2021,Vishakha Agarwal,Andhra Pradesh,Tirupati
B-23875,11/11/2019,Ravi Pillai,Uttar Pradesh,Mathura
B-23876,10/12/2018,Rekha Shah,Delhi,Dwarka
B-23877,3/12/2019,Vishakha Iyer,Maharashtra,Nashik
B-23878,1/8/2020,Tushar Agarwal,Maharashtra,Nagpur
B-23879,6/6/2021,Vikas Patel,Kerala,Kozhikode
B-23880,30-09-2018,Jyoti Malhotra,Punjab,Ludhiana
B-23881,12/3/2020,Sanjay Nair,Himachal Pradesh,Dharamsala
B-23882,31-07-2018,Madhav Agarwal,Delhi,Delhi
B-23883,2/11/2021,Harivansh Patel,Bihar,Gaya
B-23884,16-09-2020,Sunita Mishra,Andhra Pradesh,Tirupati
B-23885,18-12-2018,Rohit Pillai,Maharashtra,Pune
B-23886,5/12/2019,Nikhil Desai,Karnataka,Mysuru
B-23887,29-07-2018,Sanjay Mehta,Uttar Pradesh,Kanpur
B-23888,27-01-2020,Vishakha Sharma,Jammu and Kashmir,Jammu
B-23889,28-11-2020,Manoj Agarwal,Jammu and Kashmir,Jammu
B-23890,2/2/2018,Gaurav Mishra,Rajasthan,Udaipur
B-23891,20-06-2019,Sanjay Sharma,Maharashtra,Mumbai
B-23892,15-10-2021,Lalita Pillai,Uttar Pradesh,Mathura
B-23893,12/9/2020,Nandita Chopra,Delhi,Delhi
B-23894,4/12/2020,Madhav Pillai,Maharashtra,Mumbai
B-23895,26-06-2018,Vishakha Nair,Andhra Pradesh,Visakhapatnam
B-23896,29-10-2019,Vikas Das,Uttar Pradesh,Agra
B-23897,19-02-2019,Vikram Nair,Rajasthan,Udaipur
B-23898,22-06-2021,Neha Bose,Gujarat,Ahmedabad
B-23899,3/5/2019,Arun Das,Tamil Nadu,Chennai
B-23900,2/2/2018,Gaurav Iyer,Jammu and Kashmir,Srinagar
B-23901,28-11-2021,Vikram Joshi,Jammu and Kashmir,Srinagar
B-23902,14-03-2018,Gopal Patel,Gujarat,Ahmedabad
B-23903,26-11-2021,Tushar Mehta,Gujarat,Ahmedabad
B-23904,24-05-2021,Amit Chopra,Uttar Pradesh,Agra
B-23905,23-09-2018,Kavita Mehta,Bihar,Gaya
B-23906,3/4/2020,Kiran Gupta,Jammu and Kashmir,Jammu
B-23907,2/5/2020,Anita Mishra,Tamil Nadu,Madurai
B-23908,3/11/2020,Sneha Das,Himachal Pradesh,Manali
B-23909,4/9/2019,Kiran Gupta,Bihar,Gaya
B-23910,10/11/2020,Madhav Malhotra,West Bengal,Howrah
B-23911,13-01-2021,Madhav Malhotra,Punjab,Ludhiana
B-23912,12/10/2019,Gaurav Joshi,Delhi,Delhi
B-23913,16-09-2019,Gaurav Kumar,Goa,Margao
B-23914,12/11/2019,Rahul Gupta,Jammu and Kashmir,Srinagar
B-23915,22-03-2018,Priya Gupta,Karnataka,Mysuru
B-23916,2/8/2021,Sanjay Pillai,Kerala,Kochi
B-23917,29-05-2018,Kavita Gupta,Kerala,Kochi
B-23918,30-10-2019,Harivansh Singh,Maharashtra,Nagpur
B-23919,28-11-2019,Shalini Verma,Bihar,Muzaffarpur
B-23920,20-07-2021,Arun Shah,Rajasthan,Jaipur
B-23921,5/8/2019,Asha Joshi,Tamil Nadu,Madurai
B-23922,17-06-2021,Madan Agarwal,Punjab,Jalandhar
B-23923,1/10/2020,Deepa Chopra,Goa,Panaji
B-23924,16-05-2020,Geeta Mohan,Karnataka,Hubli
B-23925,23-08-2019,Sneha Gupta,Rajasthan,Jodhpur
B-23926,21-01-2020,Lalita Malhotra,Haryana,Faridabad
B-23927,13-08-2019,Neha Singh,Bihar,Patna
B-23928,20-12-2021,Jyoti Kumar,Rajasthan,Jodhpur
B-23929,9/5/2018,Amit Nair,Punjab,Jalandhar
B-23930,15-01-2018,Asha Desai,Uttar Pradesh,Kanpur
B-23931,17-01-2018,Meena Mehta,Maharashtra,Nagpur
B-23932,29-09-2020,Kiran Nair,Rajasthan,Kota
B-23933,8/12/2019,Rahul Shah,Delhi,New Delhi
B-23934,7/4/2020,Nikhil Pandey,Uttar Pradesh,Kanpur
B-23935,29-12-2018,Sunita Yadav,Bihar,Gaya
B-23936,18-06-2019,Vishakha Shah,Kerala,Thiruvananthapuram
B-23937,5/10/2018,Madan Gupta,Tamil Nadu,Chennai
B-23938,29-10-2019,Deepa Desai,Uttar Pradesh,Kanpur
B-23939,23-02-2020,Sunil Reddy,Rajasthan,Kota
B-23940,19-04-2018,Sunil Patel,Rajasthan,Jaipur
B-23941,14-08-2021,Shalini Patel,Uttar Pradesh,Lucknow
B-23942,11/2/2019,Geeta Pandey,Rajasthan,Jodhpur
B-23943,1/3/2018,Harivansh Patel,Delhi,Dwarka
B-23944,6/3/2021,Gaurav Nair,Rajasthan,Jodhpur
B-23945,26-07-2018,Arun Mishra,Kerala,Kozhikode
B-23946,4/6/2018,Asha Reddy,Himachal Pradesh,Shimla
B-23947,30-04-2019,Kiran Mishra,Kerala,Kozhikode
B-23948,16-05-2019,Parvati Shah,Maharashtra,Nagpur
B-23949,1/7/2019,Sneha Kumar,Bihar,Muzaffarpur
B-23950,6/8/2020,Dinesh Reddy,Delhi,New Delhi
B-23951,17-08-2019,Kavita Sharma,Punjab,Ludhiana
B-23952,4/6/2019,Parvati Chopra,Punjab,Jalandhar
B-23953,27-08-2018,Sunita Das,Punjab,Jalandhar
B-23954,17-06-2020,Aarav Patel,Punjab,Ludhiana
B-23955,24-05-2018,Kiran Verma,Madhya Pradesh,Jabalpur
B-23956,15-12-2020,Dinesh Malhotra,Delhi,New Delhi
B-23957,20-12-2021,Harivansh Gupta,Punjab,Jalandhar
B-23958,28-11-2020,Kavita Gupta,Delhi,Dwarka
B-23959,21-07-2018,Amit Yadav,Andhra Pradesh,Tirupati
B-23960,22-04-2018,Sunil Nair,Delhi,Delhi
B-23961,28-06-2019,Sunil Chopra,Punjab,Jalandhar
B-23962,11/8/2020,Nikhil Mehta,Bihar,Muzaffarpur
B-23963,16-06-2020,Gopal Tiwari,Maharashtra,Nagpur
B-23964,28-09-2021,Lalita Yadav,Delhi,Dwarka
B-23965,31-12-2020,Rohit Verma,Karnataka,Bengaluru
B-23966,18-02-2019,Rahul Iyer,Goa,Panaji
B-23967,5/3/2020,Meena Pillai,Tamil Nadu,Madurai
B-23968,19-10-2019,Pooja Das,Uttar Pradesh,Lucknow
B-23969,7/3/2019,Parvati Singh,Uttar Pradesh,Lucknow
B-23970,9/8/2021,Parvati Patel,Rajasthan,Udaipur
B-23971,21-09-2021,Rahul Singh,Madhya Pradesh,Jabalpur
B-23972,22-07-2019,Lalita Nair,Uttar Pradesh,Lucknow
B-23973,11/1/2018,Parvati Bose,Sikkim,Gangtok
B-23974,7/3/2019,Tushar Chopra,Uttar Pradesh,Mathura
B-23975,25-10-2018,Rohit Verma,Kerala,Kozhikode
B-23976,7/11/2018,Pooja Nair,Delhi,Dwarka
B-23977,5/12/2021,Ravi Bose,Gujarat,Surat
B-23978,20-04-2018,Pooja Desai,Rajasthan,Jaipur
B-23979,26-08-2018,Pooja Agarwal,Andhra Pradesh,Visakhapatnam
B-23980,6/1/2019,Priya Kumar,Kerala,Kochi
B-23981,3/7/2020,Amit Malhotra,Madhya Pradesh,Jabalpur
B-23982,25-05-2019,Rajesh Desai,Rajasthan,Jodhpur
B-23983,17-03-2018,Vikas Pillai,Maharashtra,Nashik
B-23984,22-11-2019,Neha Shah,Uttar Pradesh,Lucknow
B-23985,21-07-2020,Asha Mehta,Uttar Pradesh,Agra
B-23986,27-12-2018,Vikram Singh,Maharashtra,Nashik
B-23987,4/7/2021,Nikhil Gupta,West Bengal,Kolkata
B-23988,26-03-2021,Harivansh Gupta,Delhi,New Delhi
B-23989,9/2/2020,Amit Sharma,Tamil Nadu,Madurai
B-23990,1/2/2019,Vishakha Yadav,Rajasthan,Jaipur
B-23991,3/9/2021,Aarav Nair,Rajasthan,Udaipur
B-23992,20-09-2018,Tushar Chopra,Karnataka,Bengaluru
B-23993,14-04-2019,Ravi Kumar,Delhi,Delhi
B-23994,18-05-2020,Gopal Shah,Madhya Pradesh,Gwalior
B-23995,4/3/2020,Asha Gupta,Maharashtra,Mumbai
B-23996,16-06-2019,Suresh Malhotra,Rajasthan,Jaipur
B-23997,16-10-2018,Shalini Verma,Gujarat,Vadodara
B-23998,11/6/2021,Kiran Chopra,Maharashtra,Nashik
B-23999,24-07-2019,Anita Patel,Punjab,Amritsar
B-24000,26-06-2020,Meena Bose,Gujarat,Ahmedabad
B-24001,24-04-2020,Sanjay Gupta,Delhi,New Delhi
B-24002,23-12-2020,Vikram Mishra,Madhya Pradesh,Bhopal
B-24003,2/11/2021,Aarav Reddy,Haryana,Faridabad
B-24004,8/3/2018,Kavita Verma,Delhi,Dwarka
B-24005,14-01-2020,Rohit Chopra,Punjab,Jalandhar
B-24006,13-07-2020,Vishakha Bose,West Bengal,Howrah
B-24007,29-06-2021,Suresh Yadav,Gujarat,Vadodara
B-24008,1/2/2020,Vikas Bose,Tamil Nadu,Chennai
B-24009,30-05-2019,Shalini Kumar,Delhi,New Delhi
B-24010,3/8/2020,Arun Sharma,Delhi,Dwarka
B-24011,2/5/2018,Pooja Mehta,Delhi,Delhi
B-24012,24-02-2018,Sneha Shah,Maharashtra,Nashik
B-24013,27-03-2020,Rekha Singh,Bihar,Gaya
B-24014,23-11-2020,Priya Shah,Uttar Pradesh,Mathura
B-24015,4/10/2021,Vishakha Das,Uttar Pradesh,Varanasi
B-24016,4/3/2018,Vikram Mishra,Haryana,Faridabad
B-24017,22-06-2018,Rajesh Mehta,Uttar Pradesh,Kanpur
B-24018,28-07-2018,Kavita Verma,Gujarat,Surat
B-24019,12/11/2019,Meena Verma,Karnataka,Mysuru
B-24020,10/1/2020,Nikhil Iyer,Bihar,Patna
B-24021,31-03-2020,Sunita Kumar,Haryana,Gurugram
B-24022,5/2/2018,Parvati Bose,Delhi,Dwarka
B-24023,17-12-2020,Gopal Das,Gujarat,Rajkot
B-24024,5/5/2021,Manoj Chopra,Uttar Pradesh,Mathura
B-24025,23-02-2021,Aarav Mishra,Maharashtra,Pune
B-24026,28-05-2021,Rohit Patel,Karnataka,Mysuru
B-24027,5/6/2019,Arun Agarwal,Gujarat,Surat
B-24028,11/6/2018,Gopal Pillai,Uttar Pradesh,Lucknow
B-24029,11/10/2018,Shalini Sharma,Uttar Pradesh,Agra
B-24030,5/4/2020,Sneha Bose,Uttar Pradesh,Agra
B-24031,7/7/2021,Tushar Sharma,Rajasthan,Jaipur
B-24032,14-04-2018,Geeta Pillai,Bihar,Gaya
B-24033,12/9/2018,Manoj Verma,Uttar Pradesh,Agra
B-24034,14-04-2021,Kavita Shah,Rajasthan,Jaipur
B-24035,26-02-2021,Rekha Pillai,Uttar Pradesh,Lucknow
B-24036,29-09-2021,Suresh Mishra,Karnataka,Bengaluru
B-24037,8/6/2019,Gaurav Desai,Bihar,Muzaffarpur
B-24038,2/9/2019,Nandita Chopra,West Bengal,Howrah
B-24039,26-05-2021,Nikhil Chopra,Kerala,Kozhikode
B-24040,14-05-2018,Rajesh Das,Punjab,Jalandhar
B-24041,4/9/2018,Sneha Agarwal,Punjab,Jalandhar
B-24042,23-08-2019,Vikram Bose,West Bengal,Kolkata
B-24043,1/11/2018,Neha Chopra,Maharashtra,Mumbai
B-24044,20-09-2020,Shalini Pillai,Maharashtra,Pune
B-24045,23-12-2018,Harivansh Bose,Delhi,Dwarka
B-24046,11/11/2021,Lalita Tiwari,Punjab,Ludhiana
B-24047,8/4/2021,Parvati Kumar,Sikkim,Namchi
B-24048,31-01-2018,Suresh Pandey,Karnataka,Mysuru
B-24049,5/12/2018,Arun Tiwari,Delhi,Delhi
B-24050,14-08-2020,Anita Mehta,Gujarat,Surat
B-24051,5/8/2018,Meena Bose,Uttar Pradesh,Lucknow
B-24052,15-09-2021,Rahul Mohan,Karnataka,Hubli
B-24053,16-06-2019,Vikram Shah,Jammu and Kashmir,Srinagar
B-24054,27-04-2019,Vishakha Tiwari,Haryana,Hisar
B-24055,16-03-2021,Lalita Desai,Bihar,Muzaffarpur
B-24056,7/7/2020,Deepa Kumar,Uttar Pradesh,Kanpur
B-24057,15-02-2018,Jyoti Mehta,Kerala,Thiruvananthapuram
B-24058,16-09-2021,Lalita Sharma,Karnataka,Bengaluru
B-24059,24-01-2021,Rohit Iyer,Madhya Pradesh,Bhopal
B-24060,26-11-2018,Pooja Das,Jammu and Kashmir,Jammu
B-24061,4/12/2020,Lalita Malhotra,West Bengal,Siliguri
B-24062,20-06-2020,Lalita Yadav,Gujarat,Ahmedabad
B-24063,9/1/2021,Sunita Verma,Karnataka,Mysuru
B-24064,11/1/2021,Priya Bose,Gujarat,Rajkot
B-24065,27-09-2021,Meena Patel,Tamil Nadu,Coimbatore
B-24066,27-02-2021,Meena Joshi,Punjab,Amritsar
B-24067,20-08-2021,Meena Patel,Bihar,Gaya
B-24068,13-10-2021,Tushar Iyer,Karnataka,Hubli
B-24069,5/10/2021,Arun Shah,West Bengal,Kolkata
B-24070,6/8/2020,Rohit Pillai,Jammu and Kashmir,Jammu
B-24071,23-09-2021,Anita Iyer,Uttar Pradesh,Agra
B-24072,15-04-2019,Pooja Iyer,West Bengal,Kolkata
B-24073,4/4/2021,Arun Kumar,Madhya Pradesh,Indore
B-24074,9/10/2020,Sunil Mohan,Maharashtra,Nashik
B-24075,5/8/2019,Sunil Shah,Maharashtra,Nashik
B-24076,27-12-2019,Vikram Das,Punjab,Jalandhar
B-24077,4/10/2021,Rohit Patel,Madhya Pradesh,Indore
B-24078,23-05-2021,Sneha Pandey,Kerala,Kozhikode
B-24079,10/2/2020,Madan Shah,Maharashtra,Nagpur
B-24080,6/6/2021,Arun Sharma,Maharashtra,Nagpur
B-24081,7/11/2018,Suresh Das,Uttar Pradesh,Varanasi
B-24082,24-11-2019,Vikram Agarwal,Delhi,New Delhi
B-24083,2/4/2021,Kavita Mohan,Andhra Pradesh,Tirupati
B-24084,24-01-2021,Amit Sharma,Bihar,Muzaffarpur
B-24085,31-03-2019,Rekha Shah,Andhra Pradesh,Tirupati
B-24086,24-10-2020,Sanjay Desai,Uttar Pradesh,Kanpur
B-24087,9/10/2018,Manoj Agarwal,Bihar,Muzaffarpur
B-24088,30-06-2020,Nandita Pillai,Uttar Pradesh,Mathura
B-24089,30-06-2021,Suresh Singh,Madhya Pradesh,Bhopal
B-24090,20-08-2018,Tushar Malhotra,Maharashtra,Pune
B-24091,23-02-2019,Sneha Kumar,Maharashtra,Nashik
B-24092,14-04-2020,Aarav Mishra,Delhi,Delhi
B-24093,31-03-2018,Manoj Mishra,Himachal Pradesh,Shimla
B-24094,31-03-2020,Madhav Pandey,Uttar Pradesh,Lucknow
B-24095,8/1/2020,Rekha Joshi,Bihar,Gaya
B-24096,13-09-2018,Gaurav Kumar,Gujarat,Ahmedabad
B-24097,31-01-2019,Vikas Iyer,Uttar Pradesh,Varanasi
B-24098,2/5/2020,Rohit Singh,Gujarat,Rajkot
B-24099,14-05-2018,Nikhil Gupta,Haryana,Hisar
B-24100,7/1/2021,Parvati Shah,Kerala,Kozhikode
B-24101,13-01-2021,Aarav Agarwal,Gujarat,Surat
B-24102,18-07-2018,Rekha Singh,Gujarat,Rajkot
B-24103,24-11-2020,Vikram Reddy,Tamil Nadu,Madurai
B-24104,14-01-2019,Rohit Mohan,Andhra Pradesh,Vijayawada
B-24105,23-01-2021,Arun Desai,Nagaland,Kohima
B-24106,2/12/2021,Tushar Agarwal,Haryana,Hisar
B-24107,20-06-2020,Asha Mehta,Andhra Pradesh,Vijayawada
B-24108,11/11/2021,Meena Mishra,Madhya Pradesh,Gwalior
B-24109,5/10/2019,Anita Kumar,Delhi,Delhi
B-24110,11/5/2021,Sunita Verma,Tamil Nadu,Coimbatore
B-24111,10/1/2020,Kavita Pandey,West Bengal,Siliguri
B-24112,2/4/2018,Gopal Kumar,Uttar Pradesh,Mathura
B-24113,15-05-2020,Anita Reddy,Karnataka,Hubli
B-24114,11/2/2021,Rohit Nair,Gujarat,Surat
B-24115,21-04-2020,Amit Kumar,Bihar,Gaya
B-24116,3/11/2019,Vishakha Desai,Uttar Pradesh,Kanpur
B-24117,16-01-2018,Anita Sharma,Punjab,Jalandhar
B-24118,18-03-2021,Asha Gupta,Madhya Pradesh,Gwalior
B-24119,2/1/2019,Anita Joshi,West Bengal,Howrah
B-24120,29-10-2021,Rekha Malhotra,Tamil Nadu,Madurai
B-24121,9/6/2020,Arun Chopra,Andhra Pradesh,Vijayawada
B-24122,11/6/2020,Manoj Patel,Uttar Pradesh,Agra
B-24123,7/10/2019,Arun Yadav,Bihar,Gaya
B-24124,28-11-2019,Jyoti Sharma,Punjab,Ludhiana
B-24125,16-10-2019,Sanjay Nair,Karnataka,Hubli
B-24126,1/3/2018,Arun Gupta,Maharashtra,Nagpur
B-24127,13-06-2019,Rohit Agarwal,Karnataka,Hubli
B-24128,13-01-2019,Sneha Mishra,Haryana,Gurugram
B-24129,11/8/2018,Rohit Mohan,Madhya Pradesh,Gwalior
B-24130,14-04-2019,Anita Sharma,Haryana,Hisar
B-24131,21-05-2020,Kiran Patel,Delhi,Delhi
B-24132,26-08-2019,Sunita Das,Gujarat,Rajkot
B-24133,22-11-2021,Shalini Joshi,Andhra Pradesh,Vijayawada
B-24134,9/6/2021,Suresh Agarwal,Uttar Pradesh,Mathura
B-24135,29-12-2018,Rekha Pandey,Goa,Panaji
B-24136,2/2/2020,Lalita Iyer,Bihar,Muzaffarpur
B-24137,2/8/2021,Madan Verma,Uttar Pradesh,Varanasi
B-24138,31-01-2018,Vikram Chopra,Punjab,Ludhiana
B-24139,12/9/2020,Dinesh Shah,Delhi,Delhi
B-24140,21-12-2018,Parvati Desai,Tamil Nadu,Coimbatore
B-24141,28-06-2020,Aarav Iyer,Gujarat,Rajkot
B-24142,23-06-2019,Kiran Mohan,Karnataka,Bengaluru
B-24143,29-10-2018,Pooja Patel,Uttar Pradesh,Varanasi
B-24144,30-05-2019,Sanjay Malhotra,Rajasthan,Kota
B-24145,2/12/2019,Sanjay Bose,Madhya Pradesh,Jabalpur
B-24146,26-12-2020,Anita Das,Himachal Pradesh,Dharamsala
B-24147,12/12/2018,Vishakha Iyer,Jammu and Kashmir,Srinagar
B-24148,27-09-2019,Amit Kumar,Haryana,Hisar
B-24149,22-04-2019,Lalita Mishra,Tamil Nadu,Coimbatore
B-24150,4/7/2019,Anita Verma,Haryana,Faridabad
B-24151,6/6/2019,Asha Mohan,Andhra Pradesh,Tirupati
B-24152,14-08-2020,Madhav Malhotra,Delhi,Delhi
B-24153,7/6/2018,Pooja Gupta,Jammu and Kashmir,Srinagar
B-24154,31-12-2021,Geeta Joshi,Rajasthan,Kota
B-24155,29-10-2021,Gaurav Malhotra,Karnataka,Bengaluru
B-24156,12/7/2020,Geeta Agarwal,Rajasthan,Jodhpur
B-24157,22-09-2021,Vikas Mohan,Kerala,Kozhikode
B-24158,7/12/2018,Dinesh Patel,Uttar Pradesh,Varanasi
B-24159,8/1/2021,Madan Tiwari,Delhi,Delhi
B-24160,30-08-2020,Gopal Pandey,Uttar Pradesh,Varanasi
B-24161,5/5/2018,Suresh Desai,Karnataka,Bengaluru
B-24162,27-03-2018,Manoj Mishra,Rajasthan,Jodhpur
B-24163,9/3/2018,Madan Desai,Sikkim,Gangtok
B-24164,28-10-2019,Jyoti Mehta,Karnataka,Mysuru
B-24165,2/7/2021,Sanjay Mishra,Tamil Nadu,Coimbatore
B-24166,25-01-2018,Priya Pandey,Karnataka,Hubli
B-24167,1/8/2018,Lalita Singh,Rajasthan,Kota
B-24168,21-06-2020,Shalini Mehta,Maharashtra,Mumbai
B-24169,20-05-2020,Gopal Patel,Maharashtra,Nagpur
B-24170,4/10/2021,Vishakha Iyer,Maharashtra,Mumbai
B-24171,24-12-2020,Neha Shah,Tamil Nadu,Madurai
B-24172,16-05-2018,Shalini Desai,Kerala,Thiruvananthapuram
B-24173,13-12-2021,Sunil Kumar,Uttar Pradesh,Agra
B-24174,9/5/2019,Nandita Kumar,Delhi,New Delhi
B-24175,25-10-2020,Lalita Tiwari,Maharashtra,Nashik
B-24176,28-06-2021,Parvati Pillai,Gujarat,Surat
B-24177,15-11-2021,Nandita Verma,Madhya Pradesh,Gwalior
B-24178,12/9/2020,Tushar Pandey,Delhi,New Delhi
B-24179,3/8/2018,Rekha Das,Haryana,Faridabad
B-24180,11/2/2020,Sanjay Verma,Karnataka,Hubli
B-24181,10/5/2021,Jyoti Malhotra,Goa,Margao
B-24182,25-12-2018,Rekha Gupta,West Bengal,Siliguri
B-24183,21-08-2021,Sanjay Pillai,Gujarat,Surat
B-24184,3/5/2019,Parvati Kumar,Delhi,Delhi
B-24185,16-08-2021,Sunil Chopra,Uttar Pradesh,Lucknow
B-24186,6/3/2021,Neha Patel,Bihar,Muzaffarpur
B-24187,12/4/2018,Parvati Shah,West Bengal,Kolkata
B-24188,26-10-2018,Pooja Verma,Karnataka,Bengaluru
B-24189,15-01-2019,Sanjay Patel,Tamil Nadu,Chennai
B-24190,10/5/2018,Nikhil Agarwal,Gujarat,Rajkot
B-24191,23-08-2018,Priya Sharma,Bihar,Muzaffarpur
B-24192,7/5/2021,Sunil Tiwari,Bihar,Gaya
B-24193,7/9/2018,Aarav Shah,Uttar Pradesh,Agra
B-24194,23-01-2019,Vishakha Agarwal,Karnataka,Mysuru
B-24195,7/5/2018,Kavita Shah,Madhya Pradesh,Gwalior
B-24196,23-08-2021,Kavita Mohan,Jammu and Kashmir,Srinagar
B-24197,15-09-2020,Rekha Bose,Karnataka,Hubli
B-24198,6/8/2021,Amit Nair,Madhya Pradesh,Jabalpur
B-24199,20-04-2021,Harivansh Tiwari,Karnataka,Bengaluru
B-24200,8/1/2018,Rajesh Malhotra,Rajasthan,Jaipur
B-24201,25-07-2020,Rohit Patel,Uttar Pradesh,Agra
B-24202,6/11/2019,Tushar Agarwal,Gujarat,Ahmedabad
B-24203,10/11/2019,Rahul Pandey,Uttar Pradesh,Kanpur
B-24204,30-09-2021,Madan Bose,Maharashtra,Mumbai
B-24205,27-01-2018,Rohit Yadav,Madhya Pradesh,Indore
B-24206,22-12-2021,Meena Pandey,Tamil Nadu,Chennai
B-24207,1/8/2019,Aarav Das,Himachal Pradesh,Shimla
B-24208,27-03-2020,Gaurav Pillai,Maharashtra,Nashik
B-24209,27-03-2018,Nikhil Desai,Uttar Pradesh,Varanasi
B-24210,3/2/2019,Arun Bose,Himachal Pradesh,Manali
B-24211,8/2/2021,Deepa Agarwal,Himachal Pradesh,Dharamsala
B-24212,2/3/2021,Gaurav Agarwal,Delhi,Dwarka
B-24213,29-07-2020,Aarav Mehta,Maharashtra,Nashik
B-24214,16-02-2021,Sunil Mehta,West Bengal,Siliguri
B-24215,31-08-2018,Shalini Mehta,Sikkim,Namchi
B-24216,12/6/2021,Suresh Yadav,Uttar Pradesh,Varanasi
B-24217,28-05-2020,Sunita Yadav,Gujarat,Ahmedabad
B-24218,12/3/2021,Ravi Agarwal,Uttar Pradesh,Varanasi
B-24219,30-04-2019,Amit Sharma,Jammu and Kashmir,Srinagar
B-24220,2/6/2020,Gopal Das,Tamil Nadu,Madurai
B-24221,5/12/2020,Parvati Shah,Karnataka,Bengaluru
B-24222,18-02-2020,Aarav Joshi,Goa,Panaji
B-24223,16-03-2021,Vishakha Gupta,Jammu and Kashmir,Jammu
B-24224,10/1/2020,Madhav Mehta,Madhya Pradesh,Indore
B-24225,1/8/2020,Dinesh Das,Madhya Pradesh,Indore
B-24226,6/10/2021,Amit Chopra,Madhya Pradesh,Bhopal
B-24227,2/6/2018,Vikram Shah,Haryana,Hisar
B-24228,3/2/2021,Deepa Iyer,Uttar Pradesh,Varanasi
B-24229,4/4/2020,Amit Bose,Maharashtra,Pune
B-24230,16-10-2018,Nandita Chopra,Madhya Pradesh,Indore
B-24231,9/7/2020,Anita Pandey,Tamil Nadu,Coimbatore
B-24232,21-01-2020,Rekha Gupta,Uttar Pradesh,Varanasi
B-24233,11/12/2019,Vikas Yadav,Bihar,Patna
B-24234,16-10-2019,Arun Mehta,Delhi,Dwarka
B-24235,17-10-2018,Amit Yadav,Bihar,Patna
B-24236,25-12-2021,Parvati Sharma,Jammu and Kashmir,Srinagar
B-24237,10/5/2018,Rohit Reddy,West Bengal,Howrah
B-24238,19-04-2020,Rekha Verma,Gujarat,Surat
B-24239,6/10/2018,Rekha Chopra,Sikkim,Gangtok
B-24240,20-02-2021,Gaurav Mishra,Tamil Nadu,Coimbatore
B-24241,11/1/2018,Anita Singh,Bihar,Muzaffarpur
B-24242,24-11-2020,Sunita Patel,Haryana,Hisar
B-24243,15-07-2020,Kavita Singh,Delhi,New Delhi
B-24244,29-05-2018,Madan Shah,West Bengal,Howrah
B-24245,13-01-2018,Shalini Singh,Uttar Pradesh,Agra
B-24246,25-02-2021,Anita Singh,Delhi,New Delhi
B-24247,3/1/2018,Gaurav Patel,Tamil Nadu,Chennai
B-24248,7/9/2021,Meena Mishra,Delhi,Delhi
B-24249,31-03-2018,Vishakha Reddy,Jammu and Kashmir,Jammu
B-24250,20-04-2018,Parvati Gupta,Maharashtra,Mumbai
B-24251,4/8/2020,Suresh Bose,Punjab,Jalandhar
B-24252,31-01-2018,Aarav Chopra,Maharashtra,Mumbai
B-24253,29-10-2020,Parvati Joshi,Punjab,Ludhiana
B-24254,2/12/2021,Vikas Reddy,Karnataka,Bengaluru
B-24255,8/3/2021,Nikhil Das,Gujarat,Surat
B-24256,24-04-2020,Gopal Gupta,Punjab,Ludhiana
B-24257,25-08-2020,Pooja Bose,Tamil Nadu,Chennai
B-24258,2/7/2021,Lalita Gupta,Goa,Panaji
B-24259,29-09-2019,Jyoti Singh,Maharashtra,Mumbai
B-24260,14-03-2018,Manoj Mishra,Uttar Pradesh,Agra
B-24261,23-02-2021,Gaurav Agarwal,Maharashtra,Pune
B-24262,21-05-2018,Ravi Joshi,Maharashtra,Nagpur
B-24263,15-06-2020,Manoj Mehta,Rajasthan,Jodhpur
B-24264,22-11-2019,Deepa Bose,Bihar,Gaya
B-24265,14-07-2019,Jyoti Bose,Uttar Pradesh,Kanpur
B-24266,6/7/2020,Rajesh Pillai,Himachal Pradesh,Dharamsala
B-24267,30-05-2019,Asha Shah,Bihar,Muzaffarpur
B-24268,14-09-2019,Sunita Mishra,Karnataka,Mysuru
B-24269,15-07-2021,Asha Agarwal,West Bengal,Siliguri
B-24270,8/4/2018,Madhav Mishra,Uttar Pradesh,Kanpur
B-24271,21-07-2019,Anita Agarwal,Andhra Pradesh,Tirupati
B-24272,19-11-2019,Gopal Singh,Andhra Pradesh,Vijayawada
B-24273,23-11-2018,Neha Pillai,Delhi,Delhi
B-24274,1/5/2021,Priya Shah,Jammu and Kashmir,Jammu
B-24275,8/8/2018,Priya Chopra,Kerala,Thiruvananthapuram
B-24276,26-02-2018,Nandita Kumar,Tamil Nadu,Chennai
B-24277,20-06-2018,Vikram Das,Rajasthan,Kota
B-24278,14-07-2018,Nandita Tiwari,Uttar Pradesh,Agra
B-24279,28-08-2019,Geeta Tiwari,Andhra Pradesh,Tirupati
B-24280,10/12/2021,Sunita Patel,Kerala,Thiruvananthapuram
B-24281,25-06-2021,Vishakha Reddy,Madhya Pradesh,Gwalior
B-24282,1/12/2021,Meena Tiwari,Delhi,Delhi
B-24283,19-06-2018,Amit Patel,Gujarat,Vadodara
B-24284,4/3/2021,Gopal Verma,Uttar Pradesh,Kanpur
B-24285,3/12/2021,Anita Singh,Madhya Pradesh,Gwalior
B-24286,16-03-2019,Sunita Yadav,Goa,Margao
B-24287,20-06-2020,Gaurav Mishra,Uttar Pradesh,Agra
B-24288,31-03-2018,Dinesh Kumar,Rajasthan,Jodhpur
B-24289,22-09-2018,Ravi Desai,Himachal Pradesh,Manali
B-24290,21-12-2021,Tushar Tiwari,Andhra Pradesh,Visakhapatnam
B-24291,18-04-2019,Suresh Verma,Uttar Pradesh,Kanpur
B-24292,13-08-2019,Gaurav Nair,Goa,Panaji
B-24293,21-02-2019,Tushar Kumar,Uttar Pradesh,Agra
B-24294,16-09-2018,Priya Nair,Gujarat,Vadodara
B-24295,12/5/2018,Suresh Shah,Madhya Pradesh,Indore
B-24296,30-03-2019,Madhav Desai,Kerala,Kochi
B-24297,22-01-2021,Gopal Yadav,Rajasthan,Jodhpur
B-24298,5/2/2020,Parvati Mishra,Delhi,New Delhi
B-24299,5/3/2020,Suresh Verma,Uttar Pradesh,Kanpur
B-24300,12/3/2021,Parvati Sharma,Kerala,Thiruvananthapuram
B-24301,15-03-2021,Arun Shah,Uttar Pradesh,Varanasi
B-24302,3/3/2020,Geeta Chopra,Maharashtra,Pune
B-24303,7/9/2020,Lalita Iyer,Haryana,Gurugram
B-24304,23-03-2019,Rajesh Pillai,Tamil Nadu,Coimbatore
B-24305,4/4/2021,Vishakha Reddy,Uttar Pradesh,Kanpur
B-24306,2/10/2020,Ravi Agarwal,Rajasthan,Jodhpur
B-24307,16-11-2019,Harivansh Sharma,Maharashtra,Nagpur
B-24308,23-01-2018,Suresh Chopra,Maharashtra,Nashik
B-24309,4/10/2019,Manoj Gupta,West Bengal,Kolkata
B-24310,9/8/2019,Vikram Das,Himachal Pradesh,Shimla
B-24311,7/4/2021,Anita Mohan,Delhi,Dwarka
B-24312,9/12/2021,Deepa Reddy,Karnataka,Mysuru
B-24313,9/11/2019,Vikram Singh,Uttar Pradesh,Mathura
B-24314,16-03-2021,Priya Mohan,West Bengal,Howrah
B-24315,18-10-2021,Priya Yadav,Maharashtra,Nashik
B-24316,11/11/2020,Manoj Reddy,Uttar Pradesh,Mathura
B-24317,1/7/2018,Madan Agarwal,Gujarat,Surat
B-24318,16-06-2021,Aarav Joshi,West Bengal,Howrah
B-24319,23-07-2020,Madhav Pillai,Himachal Pradesh,Dharamsala
B-24320,12/7/2020,Harivansh Pillai,Tamil Nadu,Chennai
B-24321,17-12-2018,Tushar Malhotra,Punjab,Ludhiana
B-24322,1/10/2019,Kiran Agarwal,Uttar Pradesh,Lucknow
B-24323,8/5/2020,Sunita Sharma,Tamil Nadu,Chennai
B-24324,26-07-2020,Vishakha Yadav,Bihar,Patna
B-24325,8/6/2019,Ravi Das,Tamil Nadu,Madurai
B-24326,5/5/2021,Amit Sharma,West Bengal,Kolkata
B-24327,6/7/2018,Gopal Patel,Maharashtra,Mumbai
B-24328,6/1/2019,Rajesh Bose,Haryana,Gurugram
B-24329,22-07-2018,Nandita Malhotra,Nagaland,Kohima
B-24330,24-12-2019,Nikhil Kumar,Bihar,Gaya
B-24331,9/1/2018,Vishakha Pillai,Uttar Pradesh,Mathura
B-24332,18-08-2018,Lalita Bose,Maharashtra,Nagpur
B-24333,12/11/2019,Sunil Shah,Uttar Pradesh,Varanasi
B-24334,3/10/2019,Parvati Malhotra,Gujarat,Rajkot
B-24335,9/12/2018,Vikram Agarwal,Himachal Pradesh,Shimla
B-24336,22-12-2021,Anita Mishra,West Bengal,Howrah
B-24337,31-12-2020,Nandita Nair,Uttar Pradesh,Kanpur
B-24338,31-05-2021,Deepa Mehta,West Bengal,Howrah
B-24339,20-12-2018,Lalita Iyer,Madhya Pradesh,Gwalior
B-24340,20-04-2018,Vikram Mehta,Delhi,Dwarka
B-24341,3/9/2020,Kiran Sharma,Uttar Pradesh,Varanasi
B-24342,14-03-2019,Gaurav Joshi,Himachal Pradesh,Dharamsala
B-24343,14-04-2019,Amit Tiwari,Jammu and Kashmir,Srinagar
B-24344,1/6/2019,Meena Iyer,Maharashtra,Nagpur
B-24345,3/9/2021,Neha Malhotra,Delhi,Dwarka
B-24346,10/12/2020,Pooja Singh,Gujarat,Vadodara
B-24347,28-03-2021,Nandita Pandey,Maharashtra,Mumbai
B-24348,10/10/2021,Amit Malhotra,Kerala,Kochi
B-24349,19-09-2018,Priya Mohan,Maharashtra,Mumbai
B-24350,22-07-2019,Deepa Reddy,Tamil Nadu,Chennai
B-24351,17-06-2020,Dinesh Yadav,Tamil Nadu,Chennai
B-24352,25-11-2021,Vikram Reddy,Andhra Pradesh,Visakhapatnam
B-24353,26-03-2018,Amit Mehta,Uttar Pradesh,Agra
B-24354,7/4/2018,Sneha Iyer,Andhra Pradesh,Visakhapatnam
B-24355,29-10-2021,Anita Yadav,Rajasthan,Jodhpur
B-24356,20-06-2020,Ravi Das,Madhya Pradesh,Indore
B-24357,5/6/2021,Jyoti Reddy,Delhi,Delhi
B-24358,1/11/2021,Rahul Mohan,Delhi,Dwarka
B-24359,3/7/2018,Sneha Tiwari,Tamil Nadu,Madurai
B-24360,1/6/2018,Shalini Joshi,Andhra Pradesh,Tirupati
B-24361,25-03-2018,Kiran Pillai,Rajasthan,Jodhpur
B-24362,2/9/2018,Rahul Iyer,Maharashtra,Nagpur
B-24363,17-05-2018,Gaurav Agarwal,Andhra Pradesh,Visakhapatnam
B-24364,8/3/2021,Meena Nair,Jammu and Kashmir,Jammu
B-24365,24-09-2020,Aarav Mehta,Uttar Pradesh,Kanpur
B-24366,15-02-2021,Vishakha Bose,Tamil Nadu,Coimbatore
B-24367,1/8/2020,Priya Agarwal,Maharashtra,Nashik
B-24368,10/11/2018,Meena Pillai,Bihar,Gaya
B-24369,12/1/2020,Vishakha Verma,Madhya Pradesh,Gwalior
B-24370,6/6/2019,Asha Mohan,Uttar Pradesh,Kanpur
B-24371,12/3/2020,Rajesh Tiwari,Madhya Pradesh,Bhopal
B-24372,6/4/2019,Parvati Bose,Madhya Pradesh,Gwalior
B-24373,18-08-2021,Nandita Agarwal,Delhi,Delhi
B-24374,23-09-2018,Kiran Agarwal,Delhi,Delhi
B-24375,1/7/2018,Vikas Gupta,Maharashtra,Nashik
B-24376,24-09-2021,Amit Malhotra,Madhya Pradesh,Gwalior
B-24377,30-06-2019,Deepa Kumar,Haryana,Hisar
B-24378,27-07-2021,Priya Shah,Rajasthan,Jaipur
B-24379,29-06-2021,Sneha Gupta,Kerala,Kozhikode
B-24380,30-09-2019,Meena Tiwari,Punjab,Jalandhar
B-24381,18-02-2020,Manoj Reddy,Maharashtra,Nagpur
B-24382,6/5/2019,Amit Malhotra,Goa,Margao
B-24383,1/8/2020,Sunita Yadav,Nagaland,Dimapur
B-24384,24-12-2020,Kavita Reddy,Maharashtra,Pune
B-24385,13-03-2018,Kavita Singh,Uttar Pradesh,Agra
B-24386,1/10/2021,Nikhil Chopra,Andhra Pradesh,Vijayawada
B-24387,1/7/2019,Vishakha Das,Rajasthan,Kota
B-24388,13-11-2021,Parvati Tiwari,Maharashtra,Nagpur
B-24389,17-07-2020,Rohit Pillai,Haryana,Hisar
B-24390,4/7/2019,Madhav Nair,Andhra Pradesh,Visakhapatnam
B-24391,13-06-2020,Vishakha Pillai,Gujarat,Vadodara
B-24392,15-03-2020,Madan Malhotra,Punjab,Jalandhar
B-24393,22-02-2020,Suresh Bose,Maharashtra,Nagpur
B-24394,17-09-2018,Meena Patel,Madhya Pradesh,Gwalior
B-24395,15-02-2018,Jyoti Pandey,West Bengal,Siliguri
B-24396,12/11/2019,Gaurav Joshi,Bihar,Gaya
B-24397,15-01-2019,Rohit Desai,Delhi,New Delhi
B-24398,25-03-2021,Madan Agarwal,Madhya Pradesh,Jabalpur
B-24399,8/1/2019,Pooja Reddy,Uttar Pradesh,Agra
B-24400,7/10/2018,Kavita Yadav,Rajasthan,Jaipur
B-24401,29-06-2019,Sunita Agarwal,Delhi,New Delhi
B-24402,18-04-2018,Manoj Mohan,Himachal Pradesh,Shimla
B-24403,23-05-2019,Kiran Bose,Karnataka,Mysuru
B-24404,11/10/2019,Asha Nair,Rajasthan,Jaipur
B-24405,16-07-2020,Parvati Bose,Maharashtra,Nashik
B-24406,8/4/2019,Vikram Tiwari,West Bengal,Kolkata
B-24407,29-12-2020,Pooja Chopra,Jammu and Kashmir,Jammu
B-24408,9/12/2018,Deepa Kumar,Uttar Pradesh,Varanasi
B-24409,3/7/2020,Meena Shah,Maharashtra,Pune
B-24410,5/3/2019,Vishakha Tiwari,Maharashtra,Pune
B-24411,5/6/2020,Lalita Das,Maharashtra,Nashik
B-24412,10/4/2018,Pooja Chopra,Maharashtra,Pune
B-24413,20-08-2021,Rahul Pandey,Bihar,Gaya
B-24414,30-10-2018,Sanjay Das,Gujarat,Surat
B-24415,28-03-2021,Arun Agarwal,Haryana,Faridabad
B-24416,21-01-2019,Rajesh Das,Uttar Pradesh,Agra
B-24417,7/5/2018,Priya Mohan,Haryana,Gurugram
B-24418,18-06-2020,Jyoti Singh,Uttar Pradesh,Agra
B-24419,29-10-2019,Nikhil Tiwari,Goa,Panaji
B-24420,21-02-2018,Deepa Chopra,Tamil Nadu,Chennai
B-24421,20-09-2018,Suresh Joshi,Delhi,New Delhi
B-24422,18-09-2021,Rajesh Kumar,Gujarat,Vadodara
B-24423,10/4/2019,Parvati Pandey,Karnataka,Bengaluru
B-24424,26-03-2020,Nikhil Mohan,Haryana,Faridabad
B-24425,3/12/2018,Priya Nair,Delhi,New Delhi
B-24426,28-06-2021,Gopal Yadav,Haryana,Hisar
B-24427,11/3/2020,Sunita Malhotra,Uttar Pradesh,Lucknow
B-24428,24-03-2021,Dinesh Reddy,Madhya Pradesh,Gwalior
B-24429,14-06-2021,Gopal Tiwari,Haryana,Gurugram
B-24430,31-10-2018,Kiran Gupta,Kerala,Thiruvananthapuram
B-24431,10/4/2019,Gaurav Nair,West Bengal,Siliguri
B-24432,30-05-2021,Sunita Sharma,Maharashtra,Nashik
B-24433,16-11-2021,Sanjay Yadav,Maharashtra,Pune
B-24434,16-05-2020,Arun Singh,Bihar,Patna
B-24435,19-08-2020,Rohit Singh,West Bengal,Siliguri
B-24436,29-07-2020,Priya Mehta,Delhi,Dwarka
B-24437,16-10-2020,Pooja Mehta,Karnataka,Bengaluru
B-24438,20-02-2020,Priya Kumar,Uttar Pradesh,Mathura
B-24439,16-11-2018,Rohit Kumar,Madhya Pradesh,Bhopal
B-24440,17-02-2021,Sunil Mohan,Goa,Panaji
B-24441,6/10/2020,Arun Pandey,Rajasthan,Udaipur
B-24442,4/4/2020,Shalini Nair,Madhya Pradesh,Gwalior
B-24443,26-09-2018,Deepa Nair,Goa,Panaji
B-24444,15-11-2021,Deepa Gupta,Jammu and Kashmir,Srinagar
B-24445,23-07-2021,Vikram Desai,Madhya Pradesh,Bhopal
B-24446,10/12/2019,Sunil Tiwari,Tamil Nadu,Madurai
B-24447,12/11/2018,Sunita Patel,Rajasthan,Udaipur
B-24448,9/4/2020,Anita Agarwal,Delhi,Dwarka
B-24449,23-11-2019,Neha Yadav,Kerala,Thiruvananthapuram
B-24450,12/5/2019,Shalini Reddy,Uttar Pradesh,Mathura
B-24451,24-12-2020,Anita Iyer,Andhra Pradesh,Vijayawada
B-24452,19-07-2019,Vikram Reddy,Uttar Pradesh,Agra
B-24453,15-04-2019,Sunil Joshi,Rajasthan,Udaipur
B-24454,1/11/2018,Aarav Tiwari,Uttar Pradesh,Kanpur
B-24455,24-12-2018,Rohit Tiwari,Uttar Pradesh,Agra
B-24456,21-09-2021,Rohit Reddy,Punjab,Jalandhar
B-24457,27-08-2020,Vishakha Agarwal,Uttar Pradesh,Agra
B-24458,2/9/2020,Priya Yadav,Madhya Pradesh,Indore
B-24459,23-12-2018,Suresh Yadav,Uttar Pradesh,Agra
B-24460,28-05-2018,Suresh Pillai,Rajasthan,Udaipur
B-24461,7/11/2019,Arun Iyer,Uttar Pradesh,Mathura
B-24462,26-03-2021,Madan Pillai,Goa,Margao
B-24463,12/7/2020,Sunil Chopra,Andhra Pradesh,Visakhapatnam
B-24464,4/5/2018,Shalini Sharma,Karnataka,Bengaluru
B-24465,4/6/2019,Kiran Bose,Goa,Panaji
B-24466,26-05-2018,Gaurav Mohan,Bihar,Patna
B-24467,17-09-2021,Meena Gupta,Madhya Pradesh,Bhopal
B-24468,16-03-2021,Kavita Pandey,Gujarat,Rajkot
B-24469,5/8/2020,Jyoti Pillai,Kerala,Thiruvananthapuram
B-24470,16-03-2018,Parvati Mehta,Gujarat,Ahmedabad
B-24471,4/12/2018,Arun Chopra,West Bengal,Kolkata
B-24472,13-06-2018,Nandita Patel,Delhi,Dwarka
B-24473,8/3/2020,Rahul Das,Goa,Margao
B-24474,21-08-2021,Jyoti Bose,Madhya Pradesh,Bhopal
B-24475,16-07-2021,Parvati Pandey,Haryana,Gurugram
B-24476,25-08-2018,Nandita Singh,Kerala,Thiruvananthapuram
B-24477,5/11/2019,Asha Nair,Uttar Pradesh,Varanasi
B-24478,8/10/2021,Tushar Mohan,Madhya Pradesh,Bhopal
B-24479,13-09-2018,Deepa Verma,Delhi,Dwarka
B-24480,22-05-2018,Gopal Sharma,Rajasthan,Kota
B-24481,14-02-2020,Rekha Joshi,Punjab,Ludhiana
B-24482,5/8/2019,Shalini Sharma,Haryana,Gurugram
B-24483,15-10-2018,Sneha Shah,Gujarat,Vadodara
B-24484,26-09-2019,Jyoti Tiwari,Rajasthan,Kota
B-24485,1/4/2020,Asha Pillai,Gujarat,Rajkot
B-24486,26-09-2019,Meena Bose,Karnataka,Mysuru
B-24487,13-12-2019,Arun Pandey,Sikkim,Namchi
B-24488,9/11/2019,Priya Sharma,Andhra Pradesh,Vijayawada
B-24489,7/10/2019,Sanjay Chopra,Maharashtra,Nashik
B-24490,12/7/2019,Parvati Bose,Kerala,Thiruvananthapuram
B-24491,22-06-2020,Meena Kumar,Tamil Nadu,Madurai
B-24492,24-08-2021,Gopal Gupta,Punjab,Ludhiana
B-24493,2/4/2019,Harivansh Nair,Uttar Pradesh,Agra
B-24494,30-04-2021,Ravi Malhotra,Uttar Pradesh,Agra
B-24495,18-12-2019,Pooja Patel,Bihar,Gaya
B-24496,26-04-2020,Neha Bose,Madhya Pradesh,Indore
B-24497,6/10/2019,Gaurav Joshi,West Bengal,Siliguri
B-24498,20-02-2021,Parvati Mishra,Punjab,Ludhiana
B-24499,31-07-2019,Sneha Tiwari,Gujarat,Vadodara
B-24500,8/11/2019,Manoj Joshi,Rajasthan,Udaipur
B-24501,23-12-2021,Manoj Singh,Karnataka,Mysuru
B-24502,7/6/2021,Pooja Agarwal,Punjab,Jalandhar
B-24503,21-04-2021,Kavita Desai,Maharashtra,Nagpur
B-24504,19-07-2019,Tushar Das,Maharashtra,Nagpur
B-24505,19-04-2020,Manoj Sharma,Bihar,Muzaffarpur
B-24506,8/9/2021,Sunil Patel,Delhi,Delhi
B-24507,30-04-2021,Madhav Mehta,Gujarat,Rajkot
B-24508,24-03-2019,Parvati Tiwari,Karnataka,Hubli
B-24509,5/12/2020,Tushar Iyer,Uttar Pradesh,Lucknow
B-24510,1/8/2018,Aarav Pillai,Gujarat,Ahmedabad
B-24511,16-11-2021,Sunita Kumar,Tamil Nadu,Chennai
B-24512,7/9/2020,Harivansh Joshi,West Bengal,Siliguri
B-24513,14-12-2019,Rajesh Joshi,Kerala,Thiruvananthapuram
B-24514,29-01-2020,Madhav Chopra,Karnataka,Bengaluru
B-24515,15-09-2018,Priya Reddy,Uttar Pradesh,Agra
B-24516,24-07-2019,Parvati Bose,Tamil Nadu,Coimbatore
B-24517,12/5/2018,Deepa Malhotra,Punjab,Jalandhar
B-24518,22-04-2018,Rahul Gupta,West Bengal,Howrah
B-24519,7/8/2018,Amit Kumar,Maharashtra,Nashik
B-24520,14-11-2019,Rohit Yadav,Bihar,Muzaffarpur
B-24521,13-03-2020,Rajesh Mishra,Punjab,Jalandhar
B-24522,19-10-2021,Shalini Sharma,Himachal Pradesh,Manali
B-24523,11/6/2018,Parvati Desai,Maharashtra,Mumbai
B-24524,19-06-2019,Vishakha Shah,Madhya Pradesh,Gwalior
B-24525,25-11-2021,Harivansh Agarwal,Andhra Pradesh,Visakhapatnam
B-24526,29-05-2018,Sanjay Shah,Himachal Pradesh,Shimla
B-24527,24-02-2019,Vikas Patel,Delhi,New Delhi
B-24528,19-11-2018,Amit Verma,Tamil Nadu,Chennai
B-24529,27-09-2019,Ravi Joshi,Delhi,New Delhi
B-24530,2/3/2019,Vikram Sharma,Madhya Pradesh,Jabalpur
B-24531,1/4/2021,Sneha Mehta,Rajasthan,Kota
B-24532,11/1/2021,Rahul Verma,Himachal Pradesh,Dharamsala
B-24533,5/10/2019,Deepa Pillai,Tamil Nadu,Coimbatore
B-24534,8/4/2021,Anita Gupta,Tamil Nadu,Madurai
B-24535,3/7/2018,Dinesh Das,Tamil Nadu,Chennai
B-24536,11/8/2020,Manoj Nair,Sikkim,Namchi
B-24537,2/3/2019,Harivansh Verma,Delhi,Dwarka
B-24538,21-01-2020,Anita Patel,Delhi,Dwarka
B-24539,2/6/2021,Rekha Bose,Andhra Pradesh,Visakhapatnam
B-24540,7/7/2020,Madhav Malhotra,Tamil Nadu,Chennai
B-24541,12/2/2019,Rajesh Gupta,Bihar,Patna
B-24542,1/7/2021,Sanjay Sharma,Delhi,Delhi
B-24543,8/11/2019,Rohit Pillai,Sikkim,Gangtok
B-24544,23-02-2019,Aarav Reddy,Uttar Pradesh,Lucknow
B-24545,4/6/2019,Sneha Das,Gujarat,Ahmedabad
B-24546,4/10/2021,Arun Das,Andhra Pradesh,Visakhapatnam
B-24547,15-06-2020,Arun Gupta,Rajasthan,Udaipur
B-24548,8/10/2019,Kavita Malhotra,Uttar Pradesh,Agra
B-24549,7/8/2021,Vishakha Nair,Uttar Pradesh,Lucknow
B-24550,18-04-2019,Tushar Shah,Rajasthan,Kota
B-24551,16-12-2018,Kavita Sharma,Maharashtra,Pune
B-24552,6/4/2018,Amit Shah,Madhya Pradesh,Indore
B-24553,5/4/2021,Rahul Singh,Gujarat,Surat
B-24554,1/12/2018,Amit Joshi,Uttar Pradesh,Agra
B-24555,30-04-2018,Geeta Malhotra,Gujarat,Vadodara
B-24556,14-09-2021,Jyoti Das,Rajasthan,Jaipur
B-24557,2/9/2020,Dinesh Mishra,Karnataka,Mysuru
B-24558,5/8/2018,Gaurav Desai,Jammu and Kashmir,Srinagar
B-24559,25-06-2019,Anita Agarwal,Andhra Pradesh,Tirupati
B-24560,11/4/2019,Jyoti Das,Delhi,Dwarka
B-24561,18-08-2020,Deepa Mishra,Bihar,Patna
B-24562,4/1/2019,Deepa Mishra,Punjab,Jalandhar
B-24563,10/11/2021,Madhav Agarwal,Andhra Pradesh,Tirupati
B-24564,1/8/2019,Manoj Mehta,Rajasthan,Jodhpur
B-24565,22-05-2019,Dinesh Reddy,Kerala,Thiruvananthapuram
B-24566,20-03-2021,Suresh Patel,Uttar Pradesh,Mathura
B-24567,26-06-2018,Anita Kumar,Bihar,Muzaffarpur
B-24568,27-03-2018,Kavita Pandey,Madhya Pradesh,Jabalpur
B-24569,11/6/2021,Anita Tiwari,West Bengal,Kolkata
B-24570,19-07-2020,Anita Chopra,Madhya Pradesh,Indore
B-24571,12/7/2021,Sanjay Desai,Delhi,Delhi
B-24572,18-04-2021,Gaurav Desai,Maharashtra,Nagpur
B-24573,31-12-2018,Nandita Mishra,Rajasthan,Jaipur
B-24574,8/10/2020,Vikram Patel,Delhi,New Delhi
B-24575,5/3/2020,Manoj Reddy,Maharashtra,Nashik
B-24576,8/1/2019,Kiran Sharma,Andhra Pradesh,Vijayawada
B-24577,3/11/2018,Deepa Kumar,Andhra Pradesh,Vijayawada
B-24578,22-10-2021,Harivansh Tiwari,Karnataka,Hubli
B-24579,16-08-2021,Madan Nair,West Bengal,Siliguri
B-24580,4/1/2018,Jyoti Nair,Maharashtra,Nagpur
B-24581,26-08-2019,Asha Das,Tamil Nadu,Chennai
B-24582,17-09-2019,Lalita Mehta,Bihar,Muzaffarpur
B-24583,3/4/2021,Madhav Sharma,Maharashtra,Mumbai
B-24584,7/12/2018,Aarav Yadav,Punjab,Ludhiana
B-24585,5/11/2020,Gopal Singh,Punjab,Ludhiana
B-24586,24-01-2019,Geeta Chopra,Maharashtra,Pune
B-24587,24-03-2020,Arun Mohan,Nagaland,Kohima
B-24588,9/5/2021,Harivansh Bose,Maharashtra,Pune
B-24589,15-07-2020,Dinesh Chopra,Madhya Pradesh,Bhopal
B-24590,24-11-2018,Gopal Pillai,Delhi,New Delhi
B-24591,14-06-2018,Rohit Yadav,Himachal Pradesh,Shimla
B-24592,23-05-2021,Amit Sharma,Kerala,Kozhikode
B-24593,19-11-2018,Deepa Pillai,Maharashtra,Mumbai
B-24594,23-10-2019,Sneha Nair,Uttar Pradesh,Varanasi
B-24595,13-10-2019,Harivansh Tiwari,Haryana,Faridabad
B-24596,22-04-2019,Arun Reddy,Gujarat,Surat
B-24597,15-08-2021,Sneha Patel,Karnataka,Hubli
B-24598,31-08-2019,Sunita Verma,Gujarat,Ahmedabad
B-24599,18-11-2019,Manoj Desai,Bihar,Muzaffarpur
B-24600,1/10/2021,Sunil Mishra,Uttar Pradesh,Lucknow
B-24601,8/8/2018,Sanjay Mohan,Himachal Pradesh,Shimla
B-24602,31-03-2018,Rekha Pillai,Himachal Pradesh,Shimla
B-24603,13-12-2021,Kiran Singh,Karnataka,Bengaluru
B-24604,29-12-2018,Deepa Kumar,Jammu and Kashmir,Srinagar
B-24605,6/6/2018,Vishakha Malhotra,Madhya Pradesh,Indore
B-24606,27-12-2021,Vishakha Shah,Delhi,New Delhi
B-24607,17-01-2021,Sneha Shah,Bihar,Gaya
B-24608,3/9/2019,Aarav Kumar,Rajasthan,Jaipur
B-24609,23-12-2020,Harivansh Iyer,Himachal Pradesh,Shimla
B-24610,8/3/2020,Asha Joshi,Rajasthan,Jaipur
B-24611,29-03-2018,Madan Patel,Punjab,Jalandhar
B-24612,16-10-2020,Geeta Mohan,Bihar,Patna
B-24613,5/10/2019,Nikhil Mishra,Rajasthan,Kota
B-24614,30-07-2021,Rohit Joshi,Jammu and Kashmir,Jammu
B-24615,29-09-2019,Pooja Desai,Gujarat,Surat
B-24616,22-03-2019,Vikas Tiwari,Delhi,Dwarka
B-24617,16-10-2018,Arun Gupta,Delhi,Delhi
B-24618,10/1/2019,Rahul Joshi,Haryana,Gurugram
B-24619,6/8/2019,Kiran Desai,Maharashtra,Pune
B-24620,19-08-2018,Vikas Malhotra,Bihar,Muzaffarpur
B-24621,9/3/2021,Pooja Singh,Gujarat,Rajkot
B-24622,11/11/2018,Sneha Pillai,Punjab,Jalandhar
B-24623,23-07-2019,Parvati Pandey,Bihar,Muzaffarpur
B-24624,26-11-2018,Lalita Pandey,Maharashtra,Mumbai
B-24625,27-04-2018,Sanjay Bose,Gujarat,Ahmedabad
B-24626,10/11/2021,Kiran Pandey,Uttar Pradesh,Mathura
B-24627,14-12-2019,Rajesh Malhotra,Delhi,New Delhi
B-24628,1/2/2019,Jyoti Agarwal,Delhi,Delhi
B-24629,8/1/2018,Harivansh Mohan,Uttar Pradesh,Lucknow
B-24630,8/7/2019,Kavita Mehta,West Bengal,Siliguri
B-24631,24-12-2021,Aarav Yadav,Himachal Pradesh,Shimla
B-24632,5/5/2020,Gaurav Patel,Nagaland,Kohima
B-24633,3/5/2018,Geeta Agarwal,Bihar,Gaya
B-24634,2/12/2018,Ravi Bose,Jammu and Kashmir,Srinagar
B-24635,30-12-2018,Sunil Nair,Tamil Nadu,Madurai
B-24636,2/6/2021,Madan Tiwari,Karnataka,Bengaluru
B-24637,16-03-2019,Shalini Bose,West Bengal,Kolkata
B-24638,1/11/2020,Madhav Mohan,Delhi,Dwarka
B-24639,15-01-2021,Rohit Patel,Andhra Pradesh,Visakhapatnam
B-24640,23-05-2019,Arun Shah,Madhya Pradesh,Indore
B-24641,2/1/2018,Suresh Nair,Delhi,Dwarka
B-24642,18-11-2018,Rajesh Reddy,Rajasthan,Jodhpur
B-24643,23-07-2018,Jyoti Mehta,Rajasthan,Jodhpur
B-24644,17-12-2019,Sunita Das,Rajasthan,Jaipur
B-24645,18-12-2020,Shalini Mishra,Haryana,Hisar
B-24646,5/12/2021,Rahul Agarwal,Jammu and Kashmir,Jammu
B-24647,6/10/2020,Madan Kumar,Kerala,Thiruvananthapuram
B-24648,12/7/2021,Vishakha Pillai,Delhi,Dwarka
B-24649,7/1/2021,Nikhil Kumar,Tamil Nadu,Coimbatore
B-24650,22-05-2019,Suresh Desai,Delhi,Dwarka
B-24651,29-06-2020,Sneha Kumar,Gujarat,Ahmedabad
B-24652,23-12-2019,Tushar Bose,Punjab,Jalandhar
B-24653,10/8/2021,Kavita Shah,Haryana,Faridabad
B-24654,15-09-2021,Dinesh Patel,Rajasthan,Jaipur
B-24655,5/11/2018,Rohit Agarwal,Andhra Pradesh,Vijayawada
B-24656,29-12-2020,Madan Patel,Punjab,Ludhiana
B-24657,23-03-2021,Vikram Gupta,Madhya Pradesh,Bhopal
B-24658,23-09-2019,Gaurav Mehta,Punjab,Amritsar
B-24659,5/12/2019,Harivansh Reddy,Punjab,Jalandhar
B-24660,10/6/2020,Aarav Das,Rajasthan,Jodhpur
B-24661,1/4/2021,Nandita Sharma,Gujarat,Rajkot
B-24662,20-10-2018,Gaurav Bose,Gujarat,Vadodara
B-24663,9/5/2018,Geeta Pillai,Kerala,Thiruvananthapuram
B-24664,14-02-2018,Sunil Sharma,Himachal Pradesh,Dharamsala
B-24665,25-07-2020,Asha Tiwari,Haryana,Faridabad
B-24666,19-02-2021,Gopal Tiwari,Kerala,Kozhikode
B-24667,6/8/2019,Rohit Iyer,Uttar Pradesh,Varanasi
B-24668,1/2/2019,Nandita Mehta,Tamil Nadu,Chennai
B-24669,21-04-2020,Ravi Reddy,Madhya Pradesh,Jabalpur
B-24670,28-11-2020,Madhav Nair,Andhra Pradesh,Tirupati
B-24671,3/1/2021,Jyoti Kumar,Sikkim,Namchi
B-24672,11/4/2021,Jyoti Sharma,Maharashtra,Nagpur
B-24673,21-01-2018,Nandita Patel,Nagaland,Dimapur
B-24674,21-01-2018,Harivansh Patel,Delhi,Delhi
B-24675,2/12/2018,Rohit Gupta,Goa,Panaji
B-24676,23-03-2020,Rohit Joshi,Himachal Pradesh,Shimla
B-24677,7/2/2018,Jyoti Patel,Maharashtra,Nagpur
B-24678,5/1/2020,Nikhil Kumar,Rajasthan,Jaipur
B-24679,13-02-2021,Jyoti Pillai,Himachal Pradesh,Dharamsala
B-24680,26-03-2018,Madhav Chopra,Madhya Pradesh,Bhopal
B-24681,21-06-2021,Nandita Malhotra,Gujarat,Ahmedabad
B-24682,7/2/2021,Gopal Bose,Goa,Panaji
B-24683,30-01-2018,Deepa Das,Karnataka,Bengaluru
B-24684,7/4/2018,Aarav Nair,Uttar Pradesh,Agra
B-24685,10/3/2020,Rohit Kumar,Punjab,Jalandhar
B-24686,30-12-2019,Neha Sharma,West Bengal,Howrah
B-24687,4/3/2020,Vikas Kumar,Himachal Pradesh,Dharamsala
B-24688,28-01-2019,Geeta Shah,Nagaland,Dimapur
B-24689,3/6/2020,Geeta Pillai,Uttar Pradesh,Kanpur
B-24690,9/2/2018,Pooja Mehta,Gujarat,Rajkot
B-24691,9/8/2021,Priya Sharma,Delhi,Delhi
B-24692,25-05-2020,Vishakha Pandey,Delhi,Delhi
B-24693,10/7/2019,Vikas Joshi,Jammu and Kashmir,Jammu
B-24694,27-09-2018,Nandita Desai,Jammu and Kashmir,Jammu
B-24695,18-09-2020,Rekha Tiwari,Madhya Pradesh,Jabalpur
B-24696,18-02-2021,Rohit Yadav,Delhi,Delhi
B-24697,13-02-2020,Deepa Gupta,Delhi,New Delhi
B-24698,5/6/2021,Nandita Bose,Tamil Nadu,Chennai
B-24699,8/10/2019,Arun Patel,Delhi,Delhi
B-24700,13-09-2018,Nandita Sharma,Madhya Pradesh,Bhopal
B-24701,24-07-2021,Vikas Das,Karnataka,Mysuru
B-24702,18-10-2020,Asha Chopra,West Bengal,Howrah
B-24703,13-01-2021,Vikas Tiwari,Karnataka,Mysuru
B-24704,8/5/2021,Sanjay Desai,Gujarat,Surat
B-24705,17-07-2018,Sanjay Shah,Maharashtra,Mumbai
B-24706,28-09-2020,Meena Gupta,Maharashtra,Nagpur
B-24707,23-03-2019,Vikram Patel,Haryana,Hisar
B-24708,26-04-2018,Aarav Malhotra,Maharashtra,Pune
B-24709,10/9/2021,Sunita Singh,West Bengal,Kolkata
B-24710,25-08-2020,Kavita Mohan,Delhi,New Delhi
B-24711,10/10/2020,Kiran Bose,Rajasthan,Jodhpur
B-24712,18-06-2021,Gopal Shah,Madhya Pradesh,Gwalior
B-24713,8/2/2021,Harivansh Patel,Delhi,Dwarka
B-24714,18-09-2019,Kiran Tiwari,Tamil Nadu,Chennai
B-24715,30-12-2021,Harivansh Kumar,Andhra Pradesh,Tirupati
B-24716,3/11/2019,Dinesh Yadav,Punjab,Ludhiana
B-24717,17-05-2018,Anita Mishra,West Bengal,Siliguri
B-24718,28-07-2021,Anita Yadav,Madhya Pradesh,Indore
B-24719,14-06-2019,Geeta Das,Madhya Pradesh,Jabalpur
B-24720,17-04-2019,Vishakha Mohan,Maharashtra,Pune
B-24721,2/9/2019,Geeta Mehta,Rajasthan,Udaipur
B-24722,18-08-2018,Ravi Kumar,Andhra Pradesh,Vijayawada
B-24723,9/12/2021,Parvati Das,Maharashtra,Nagpur
B-24724,20-05-2021,Neha Verma,Madhya Pradesh,Jabalpur
B-24725,11/11/2020,Jyoti Sharma,Maharashtra,Mumbai
B-24726,21-12-2020,Neha Bose,Uttar Pradesh,Mathura
B-24727,10/11/2021,Rajesh Reddy,Karnataka,Hubli
B-24728,15-05-2021,Sunita Bose,Jammu and Kashmir,Jammu
B-24729,2/11/2020,Jyoti Patel,Karnataka,Hubli
B-24730,20-05-2018,Gopal Patel,Bihar,Gaya
B-24731,7/2/2019,Aarav Joshi,Karnataka,Mysuru
B-24732,12/1/2019,Harivansh Tiwari,Uttar Pradesh,Lucknow
B-24733,8/9/2018,Geeta Pandey,Madhya Pradesh,Gwalior
B-24734,15-09-2021,Neha Mishra,Rajasthan,Kota
B-24735,14-11-2020,Anita Kumar,Bihar,Patna
B-24736,31-12-2019,Arun Tiwari,Gujarat,Vadodara
B-24737,26-07-2019,Madan Chopra,Uttar Pradesh,Kanpur
B-24738,25-06-2020,Madan Patel,Punjab,Ludhiana
B-24739,20-04-2021,Suresh Joshi,Maharashtra,Nashik
B-24740,7/10/2018,Tushar Desai,Punjab,Ludhiana
B-24741,12/7/2021,Arun Iyer,Goa,Margao
B-24742,18-04-2018,Gaurav Pillai,Punjab,Amritsar
B-24743,13-11-2021,Priya Kumar,Uttar Pradesh,Varanasi
B-24744,8/2/2021,Madhav Chopra,Maharashtra,Mumbai
B-24745,24-12-2020,Sanjay Tiwari,Haryana,Gurugram
B-24746,14-07-2018,Meena Shah,Punjab,Jalandhar
B-24747,5/12/2020,Vikas Joshi,Delhi,New Delhi
B-24748,9/3/2020,Rekha Malhotra,Jammu and Kashmir,Jammu
B-24749,22-06-2021,Gaurav Malhotra,Gujarat,Vadodara
B-24750,16-06-2020,Kiran Shah,West Bengal,Howrah
B-24751,1/10/2020,Madhav Mohan,Haryana,Faridabad
B-24752,30-11-2020,Amit Mehta,Rajasthan,Jaipur
B-24753,2/1/2019,Deepa Singh,Gujarat,Rajkot
B-24754,8/1/2021,Nandita Tiwari,West Bengal,Siliguri
B-24755,1/6/2018,Amit Joshi,Bihar,Patna
B-24756,2/8/2021,Nandita Das,West Bengal,Howrah
B-24757,30-01-2018,Madhav Pillai,Bihar,Gaya
B-24758,5/11/2019,Vikram Iyer,Karnataka,Bengaluru
B-24759,21-05-2020,Dinesh Patel,Bihar,Gaya
B-24760,7/12/2020,Vikram Singh,Delhi,Delhi
B-24761,31-07-2021,Rahul Nair,Bihar,Gaya
B-24762,8/6/2020,Jyoti Kumar,Rajasthan,Jodhpur
B-24763,2/6/2021,Dinesh Shah,Uttar Pradesh,Agra
B-24764,26-03-2021,Aarav Sharma,Rajasthan,Jodhpur
B-24765,4/8/2018,Geeta Das,Punjab,Ludhiana
B-24766,9/10/2019,Deepa Shah,Tamil Nadu,Coimbatore
B-24767,13-04-2021,Neha Reddy,Karnataka,Mysuru
B-24768,3/7/2018,Harivansh Malhotra,Bihar,Patna
B-24769,9/8/2020,Aarav Tiwari,Madhya Pradesh,Bhopal
B-24770,10/10/2021,Rohit Sharma,Rajasthan,Jaipur
B-24771,7/9/2018,Parvati Reddy,Karnataka,Bengaluru
B-24772,22-01-2018,Kavita Shah,Delhi,Dwarka
B-24773,29-08-2020,Asha Gupta,Kerala,Thiruvananthapuram
B-24774,17-12-2019,Pooja Reddy,Rajasthan,Jaipur
B-24775,21-03-2021,Anita Pandey,Bihar,Muzaffarpur
B-24776,26-07-2018,Lalita Pandey,Delhi,New Delhi
B-24777,3/11/2019,Anita Gupta,Madhya Pradesh,Jabalpur
B-24778,28-02-2019,Rohit Singh,West Bengal,Siliguri
B-24779,23-12-2020,Dinesh Nair,Andhra Pradesh,Vijayawada
B-24780,14-10-2018,Geeta Singh,Maharashtra,Nagpur
B-24781,9/11/2020,Nandita Agarwal,Punjab,Amritsar
B-24782,25-12-2019,Kavita Desai,Uttar Pradesh,Mathura
B-24783,7/7/2021,Madhav Shah,Madhya Pradesh,Jabalpur
B-24784,5/7/2018,Vishakha Mohan,Jammu and Kashmir,Jammu
B-24785,25-09-2021,Kavita Singh,Kerala,Thiruvananthapuram
B-24786,9/2/2020,Kavita Pillai,Bihar,Patna
B-24787,2/1/2020,Gopal Kumar,Uttar Pradesh,Agra
B-24788,20-05-2019,Rohit Tiwari,Punjab,Jalandhar
B-24789,2/10/2018,Lalita Reddy,Gujarat,Surat
B-24790,24-07-2020,Rahul Patel,Himachal Pradesh,Manali
B-24791,24-08-2021,Madan Bose,Uttar Pradesh,Lucknow
B-24792,28-08-2019,Sunita Mehta,Uttar Pradesh,Agra
B-24793,10/6/2019,Suresh Pandey,Haryana,Gurugram
B-24794,13-03-2018,Vikram Desai,Sikkim,Namchi
B-24795,25-10-2019,Neha Mishra,Himachal Pradesh,Dharamsala
B-24796,6/9/2019,Sneha Iyer,Uttar Pradesh,Agra
B-24797,12/9/2018,Priya Nair,Nagaland,Kohima
B-24798,5/10/2018,Dinesh Nair,Uttar Pradesh,Lucknow
B-24799,23-09-2020,Sneha Nair,Gujarat,Ahmedabad
B-24800,24-06-2019,Manoj Tiwari,Maharashtra,Mumbai
B-24801,19-12-2020,Tushar Reddy,Punjab,Amritsar
B-24802,14-02-2018,Parvati Bose,Punjab,Amritsar
B-24803,6/5/2020,Dinesh Agarwal,Maharashtra,Mumbai
B-24804,12/3/2021,Sunita Patel,Bihar,Gaya
B-24805,10/6/2021,Lalita Das,Rajasthan,Udaipur
B-24806,20-12-2019,Pooja Pandey,Maharashtra,Nagpur
B-24807,6/1/2021,Ravi Gupta,Tamil Nadu,Chennai
B-24808,17-07-2020,Rekha Nair,Uttar Pradesh,Kanpur
B-24809,6/2/2021,Sunil Kumar,Karnataka,Mysuru
B-24810,9/7/2019,Priya Nair,Madhya Pradesh,Bhopal
B-24811,24-04-2021,Lalita Mehta,West Bengal,Siliguri
B-24812,7/10/2020,Neha Shah,Gujarat,Vadodara
B-24813,14-11-2020,Sanjay Malhotra,Maharashtra,Nashik
B-24814,5/8/2019,Shalini Das,Uttar Pradesh,Agra
B-24815,13-07-2018,Sanjay Pandey,Uttar Pradesh,Mathura
B-24816,29-06-2021,Pooja Yadav,Maharashtra,Nashik
B-24817,17-02-2018,Sunita Shah,Delhi,Delhi
B-24818,16-12-2019,Manoj Patel,Goa,Margao
B-24819,19-05-2018,Kiran Reddy,West Bengal,Siliguri
B-24820,13-03-2018,Gopal Das,Gujarat,Ahmedabad
B-24821,4/7/2019,Rekha Singh,Uttar Pradesh,Kanpur
B-24822,13-11-2021,Tushar Pandey,Maharashtra,Pune
B-24823,23-11-2018,Rekha Yadav,Sikkim,Gangtok
B-24824,2/2/2021,Suresh Verma,Kerala,Kozhikode
B-24825,15-06-2021,Asha Kumar,Jammu and Kashmir,Srinagar
B-24826,23-10-2018,Rekha Shah,Jammu and Kashmir,Srinagar
B-24827,17-04-2021,Sunil Chopra,Delhi,New Delhi
B-24828,8/6/2019,Parvati Bose,Maharashtra,Pune
B-24829,4/2/2020,Meena Chopra,Tamil Nadu,Chennai
B-24830,15-01-2019,Vikas Sharma,Maharashtra,Pune
B-24831,20-12-2018,Sneha Kumar,Uttar Pradesh,Varanasi
B-24832,16-04-2018,Priya Nair,Madhya Pradesh,Jabalpur
B-24833,23-07-2018,Madan Nair,Uttar Pradesh,Mathura
B-24834,2/11/2018,Jyoti Agarwal,Gujarat,Surat
B-24835,25-04-2018,Deepa Verma,Uttar Pradesh,Agra
B-24836,30-04-2019,Rohit Bose,Rajasthan,Jaipur
B-24837,15-03-2021,Vishakha Nair,Andhra Pradesh,Tirupati
B-24838,9/4/2021,Rahul Sharma,Madhya Pradesh,Jabalpur
B-24839,23-05-2021,Harivansh Sharma,Uttar Pradesh,Kanpur
B-24840,14-05-2019,Amit Mishra,Jammu and Kashmir,Srinagar
B-24841,23-02-2018,Ravi Nair,Punjab,Amritsar
B-24842,24-01-2019,Priya Mohan,Gujarat,Surat
B-24843,11/7/2018,Vikram Nair,Himachal Pradesh,Manali
B-24844,5/3/2021,Priya Malhotra,Bihar,Patna
B-24845,3/9/2021,Madan Chopra,Delhi,Delhi
B-24846,21-02-2018,Manoj Mishra,Tamil Nadu,Madurai
B-24847,27-07-2019,Sneha Kumar,Sikkim,Gangtok
B-24848,12/3/2021,Kiran Shah,Karnataka,Bengaluru
B-24849,28-08-2020,Aarav Das,Maharashtra,Pune
B-24850,13-04-2020,Anita Gupta,Karnataka,Mysuru
B-24851,24-08-2019,Amit Patel,Andhra Pradesh,Visakhapatnam
B-24852,19-08-2021,Rohit Sharma,Delhi,Delhi
B-24853,16-03-2019,Tushar Iyer,Rajasthan,Jodhpur
B-24854,22-09-2021,Rahul Pillai,Maharashtra,Nashik
B-24855,29-08-2020,Sunita Agarwal,Kerala,Kochi
B-24856,13-10-2021,Sunita Bose,Kerala,Thiruvananthapuram
B-24857,9/10/2019,Vikram Reddy,West Bengal,Howrah
B-24858,17-04-2020,Meena Mohan,Gujarat,Vadodara
B-24859,15-02-2021,Rahul Tiwari,Delhi,New Delhi
B-24860,18-11-2021,Gopal Pillai,Himachal Pradesh,Shimla
B-24861,22-02-2020,Priya Gupta,Uttar Pradesh,Varanasi
B-24862,28-09-2021,Pooja Mishra,Jammu and Kashmir,Srinagar
B-24863,16-12-2018,Arun Shah,Tamil Nadu,Madurai
B-24864,8/8/2019,Nandita Shah,Tamil Nadu,Coimbatore
B-24865,7/9/2020,Sunil Bose,Karnataka,Hubli
B-24866,13-10-2021,Sneha Gupta,Maharashtra,Nashik
B-24867,1/5/2018,Aarav Mehta,Bihar,Gaya
B-24868,23-07-2020,Manoj Sharma,Bihar,Patna
B-24869,16-06-2020,Sunil Singh,Goa,Panaji
B-24870,17-03-2021,Priya Chopra,Madhya Pradesh,Bhopal
B-24871,25-06-2018,Arun Joshi,Uttar Pradesh,Kanpur
B-24872,15-03-2021,Nikhil Nair,Andhra Pradesh,Tirupati
B-24873,4/7/2021,Amit Nair,Karnataka,Bengaluru
B-24874,25-07-2019,Jyoti Iyer,Bihar,Gaya
B-24875,8/7/2020,Priya Mehta,Delhi,Delhi
B-24876,21-03-2021,Nikhil Bose,Madhya Pradesh,Jabalpur
B-24877,19-01-2019,Deepa Pandey,Tamil Nadu,Chennai
B-24878,16-05-2018,Kiran Nair,Rajasthan,Kota
B-24879,6/11/2021,Deepa Sharma,Andhra Pradesh,Vijayawada
B-24880,4/1/2018,Neha Nair,Uttar Pradesh,Mathura
B-24881,7/2/2018,Sunil Mehta,Andhra Pradesh,Vijayawada
B-24882,5/4/2020,Ravi Reddy,Punjab,Jalandhar
B-24883,10/1/2018,Aarav Mehta,Bihar,Muzaffarpur
B-24884,4/7/2018,Pooja Iyer,Delhi,Delhi
B-24885,17-02-2018,Tushar Singh,Andhra Pradesh,Tirupati
B-24886,9/7/2021,Deepa Reddy,Delhi,New Delhi
B-24887,17-02-2019,Ravi Malhotra,Karnataka,Hubli
B-24888,25-12-2020,Parvati Malhotra,Gujarat,Ahmedabad
B-24889,6/3/2020,Aarav Shah,Karnataka,Mysuru
B-24890,7/9/2019,Jyoti Singh,Jammu and Kashmir,Jammu
B-24891,10/9/2020,Manoj Agarwal,Maharashtra,Mumbai
B-24892,17-02-2018,Nandita Pillai,Bihar,Muzaffarpur
B-24893,25-03-2019,Kavita Bose,Delhi,Delhi
B-24894,16-05-2019,Geeta Singh,West Bengal,Siliguri
B-24895,24-06-2018,Harivansh Singh,Nagaland,Dimapur
B-24896,22-11-2021,Manoj Mishra,Bihar,Muzaffarpur
B-24897,25-09-2019,Deepa Sharma,Delhi,New Delhi
B-24898,23-09-2021,Aarav Singh,Andhra Pradesh,Vijayawada
B-24899,5/5/2019,Rekha Bose,Gujarat,Rajkot
B-24900,21-10-2019,Madan Pillai,Punjab,Ludhiana
B-24901,4/8/2019,Tushar Pandey,Maharashtra,Nashik
B-24902,3/6/2020,Geeta Gupta,Rajasthan,Jaipur
B-24903,30-04-2018,Sunil Gupta,Maharashtra,Mumbai
B-24904,13-10-2018,Jyoti Singh,Haryana,Gurugram
B-24905,10/10/2018,Sanjay Mehta,Gujarat,Vadodara
B-24906,3/1/2018,Deepa Agarwal,Delhi,Dwarka
B-24907,11/12/2019,Lalita Singh,Bihar,Muzaffarpur
B-24908,28-10-2019,Amit Das,Maharashtra,Nagpur
B-24909,28-07-2021,Rajesh Bose,Madhya Pradesh,Bhopal
B-24910,7/12/2019,Ravi Sharma,Uttar Pradesh,Mathura
B-24911,23-11-2018,Gaurav Kumar,Sikkim,Gangtok
B-24912,3/2/2021,Madhav Kumar,Himachal Pradesh,Dharamsala
B-24913,7/5/2020,Suresh Mohan,Delhi,Dwarka
B-24914,2/11/2019,Gopal Pillai,Uttar Pradesh,Kanpur
B-24915,23-08-2018,Priya Verma,Gujarat,Surat
B-24916,25-03-2019,Anita Iyer,Gujarat,Ahmedabad
B-24917,21-04-2018,Meena Gupta,Himachal Pradesh,Dharamsala
B-24918,21-10-2018,Ravi Singh,Uttar Pradesh,Lucknow
B-24919,15-02-2019,Amit Pillai,Rajasthan,Kota
B-24920,21-05-2018,Gopal Singh,Delhi,Dwarka
B-24921,26-06-2019,Jyoti Pandey,Andhra Pradesh,Vijayawada
B-24922,29-05-2020,Arun Mishra,Maharashtra,Nagpur
B-24923,2/10/2019,Madan Malhotra,Uttar Pradesh,Agra
B-24924,3/9/2021,Sunita Gupta,Goa,Margao
B-24925,25-03-2019,Asha Agarwal,Karnataka,Bengaluru
B-24926,8/8/2018,Gaurav Singh,Madhya Pradesh,Indore
B-24927,20-01-2020,Dinesh Malhotra,Rajasthan,Jodhpur
B-24928,26-09-2019,Dinesh Gupta,Maharashtra,Nagpur
B-24929,17-02-2021,Sneha Singh,Bihar,Gaya
B-24930,31-12-2020,Kiran Patel,Jammu and Kashmir,Srinagar
B-24931,23-10-2021,Amit Das,Nagaland,Kohima
B-24932,18-03-2020,Geeta Sharma,Bihar,Gaya
B-24933,11/12/2021,Madan Yadav,Jammu and Kashmir,Jammu
B-24934,9/11/2018,Amit Iyer,Goa,Margao
B-24935,17-04-2020,Jyoti Das,Bihar,Gaya
B-24936,1/7/2021,Vikas Chopra,Gujarat,Ahmedabad
B-24937,18-09-2021,Kiran Pillai,Uttar Pradesh,Lucknow
B-24938,11/1/2020,Aarav Verma,Gujarat,Ahmedabad
B-24939,11/11/2020,Asha Mehta,Punjab,Ludhiana
B-24940,26-10-2018,Amit Reddy,Madhya Pradesh,Gwalior
B-24941,6/3/2019,Asha Verma,Madhya Pradesh,Jabalpur
B-24942,14-02-2020,Sunil Gupta,Jammu and Kashmir,Srinagar
B-24943,27-06-2018,Madhav Mohan,Gujarat,Vadodara
B-24944,23-05-2021,Gopal Patel,Andhra Pradesh,Tirupati
B-24945,19-12-2018,Rahul Agarwal,Nagaland,Dimapur
B-24946,3/8/2019,Meena Kumar,Uttar Pradesh,Varanasi
B-24947,6/10/2020,Rajesh Shah,Himachal Pradesh,Dharamsala
B-24948,28-10-2018,Ravi Reddy,Uttar Pradesh,Kanpur
B-24949,24-04-2019,Asha Reddy,Madhya Pradesh,Gwalior
B-24950,21-10-2020,Lalita Patel,Rajasthan,Udaipur
B-24951,16-04-2021,Sneha Shah,Uttar Pradesh,Kanpur
B-24952,9/4/2020,Manoj Sharma,Madhya Pradesh,Indore
B-24953,26-07-2018,Priya Patel,Uttar Pradesh,Agra
B-24954,29-09-2019,Rajesh Tiwari,Rajasthan,Jaipur
B-24955,17-01-2019,Kavita Sharma,Delhi,New Delhi
B-24956,15-04-2018,Asha Desai,Rajasthan,Kota
B-24957,9/1/2018,Kavita Chopra,Delhi,Dwarka
B-24958,7/8/2021,Lalita Agarwal,Uttar Pradesh,Mathura
B-24959,19-02-2019,Kiran Verma,Sikkim,Gangtok
B-24960,4/8/2018,Nandita Das,Himachal Pradesh,Dharamsala
B-24961,29-06-2021,Nandita Verma,Uttar Pradesh,Agra
B-24962,8/3/2018,Aarav Nair,Madhya Pradesh,Jabalpur
B-24963,28-08-2018,Kavita Kumar,Rajasthan,Kota
B-24964,22-07-2018,Tushar Das,Rajasthan,Kota
B-24965,4/4/2018,Vikram Mohan,Rajasthan,Jodhpur
B-24966,28-12-2019,Gaurav Verma,Rajasthan,Udaipur
B-24967,21-07-2018,Tushar Mohan,Maharashtra,Nashik
B-24968,8/12/2020,Madhav Yadav,West Bengal,Siliguri
B-24969,4/9/2018,Suresh Nair,Jammu and Kashmir,Jammu
B-24970,3/4/2019,Madhav Mehta,Delhi,Delhi
B-24971,16-02-2018,Shalini Patel,Himachal Pradesh,Dharamsala
B-24972,27-06-2020,Nikhil Malhotra,Uttar Pradesh,Lucknow
B-24973,16-08-2020,Nandita Verma,Rajasthan,Kota
B-24974,18-08-2018,Sneha Kumar,Gujarat,Ahmedabad
B-24975,14-06-2021,Shalini Gupta,Delhi,Delhi
B-24976,18-10-2021,Nandita Pillai,Kerala,Thiruvananthapuram
B-24977,30-05-2019,Shalini Chopra,Rajasthan,Jodhpur
B-24978,20-09-2020,Madhav Reddy,Uttar Pradesh,Kanpur
B-24979,20-02-2021,Vikram Sharma,Delhi,New Delhi
B-24980,25-01-2021,Aarav Tiwari,Rajasthan,Udaipur
B-24981,22-12-2019,Ravi Mehta,Uttar Pradesh,Lucknow
B-24982,26-08-2021,Manoj Tiwari,Tamil Nadu,Chennai
B-24983,4/10/2018,Neha Agarwal,Goa,Panaji
B-24984,6/9/2018,Rohit Pillai,Uttar Pradesh,Kanpur
B-24985,18-05-2021,Madan Shah,Madhya Pradesh,Jabalpur
B-24986,16-06-2019,Rohit Tiwari,Gujarat,Rajkot
B-24987,25-06-2020,Gopal Singh,Gujarat,Ahmedabad
B-24988,19-05-2019,Parvati Yadav,Haryana,Gurugram
B-24989,3/7/2018,Harivansh Verma,Rajasthan,Kota
B-24990,3/9/2019,Deepa Agarwal,Uttar Pradesh,Kanpur
B-24991,20-01-2018,Neha Nair,Andhra Pradesh,Tirupati
B-24992,6/12/2020,Manoj Patel,Maharashtra,Pune
B-24993,10/12/2021,Pooja Desai,Himachal Pradesh,Shimla
B-24994,29-03-2021,Amit Joshi,Himachal Pradesh,Manali
B-24995,27-10-2020,Suresh Reddy,Uttar Pradesh,Agra
B-24996,8/8/2018,Arun Desai,Karnataka,Bengaluru
B-24997,1/2/2018,Harivansh Reddy,Uttar Pradesh,Mathura
B-24998,25-01-2020,Suresh Agarwal,Gujarat,Vadodara
B-24999,31-01-2021,Madan Pandey,Madhya Pradesh,Bhopal
B-25000,19-04-2019,Gaurav Mishra,Maharashtra,Mumbai
B-25001,11/7/2018,Aarav Mishra,Uttar Pradesh,Mathura
B-25002,20-07-2019,Dinesh Bose,Maharashtra,Pune
B-25003,1/10/2020,Lalita Pillai,Karnataka,Bengaluru
B-25004,18-10-2019,Shalini Reddy,Himachal Pradesh,Manali
B-25005,16-08-2018,Amit Shah,Rajasthan,Kota
B-25006,6/10/2020,Madhav Kumar,Delhi,Dwarka
B-25007,2/2/2020,Parvati Chopra,Bihar,Gaya
B-25008,12/1/2020,Manoj Gupta,Andhra Pradesh,Tirupati
B-25009,4/4/2018,Nandita Das,Delhi,Dwarka
B-25010,25-02-2020,Rahul Gupta,Madhya Pradesh,Gwalior
B-25011,10/6/2020,Vishakha Iyer,Gujarat,Rajkot
B-25012,17-08-2020,Deepa Verma,Andhra Pradesh,Vijayawada
B-25013,28-07-2018,Rahul Das,Maharashtra,Nashik
B-25014,8/9/2018,Vishakha Agarwal,Karnataka,Hubli
B-25015,11/9/2020,Jyoti Mohan,Rajasthan,Kota
B-25016,23-09-2021,Anita Nair,Uttar Pradesh,Agra
B-25017,21-09-2019,Sanjay Mehta,Uttar Pradesh,Lucknow
B-25018,24-06-2020,Vikas Singh,Tamil Nadu,Madurai
B-25019,27-10-2019,Ravi Tiwari,Delhi,Delhi
B-25020,28-11-2018,Parvati Patel,Madhya Pradesh,Jabalpur
B-25021,4/11/2021,Nikhil Agarwal,Goa,Margao
B-25022,16-01-2019,Sunil Mehta,Karnataka,Bengaluru
B-25023,7/7/2020,Sneha Bose,Maharashtra,Mumbai
B-25024,1/7/2020,Madan Tiwari,Maharashtra,Nashik
B-25025,19-05-2018,Neha Mishra,Maharashtra,Nashik
B-25026,1/9/2020,Sneha Pandey,Delhi,Dwarka
B-25027,14-09-2018,Neha Mehta,Gujarat,Rajkot
B-25028,28-05-2021,Anita Bose,West Bengal,Siliguri
B-25029,3/3/2018,Manoj Mehta,West Bengal,Siliguri
B-25030,16-03-2020,Tushar Tiwari,Maharashtra,Mumbai
B-25031,22-11-2021,Madhav Yadav,Rajasthan,Udaipur
B-25032,13-01-2018,Gopal Sharma,Haryana,Hisar
B-25033,24-10-2018,Shalini Nair,Punjab,Jalandhar
B-25034,21-06-2018,Harivansh Desai,Tamil Nadu,Coimbatore
B-25035,12/6/2019,Aarav Mishra,Maharashtra,Nagpur
B-25036,22-04-2020,Geeta Verma,Rajasthan,Kota
B-25037,20-10-2020,Madhav Yadav,Maharashtra,Nashik
B-25038,7/6/2018,Tushar Pandey,Tamil Nadu,Chennai
B-25039,15-12-2020,Manoj Gupta,Tamil Nadu,Coimbatore
B-25040,7/3/2019,Rohit Malhotra,Tamil Nadu,Coimbatore
B-25041,27-02-2019,Sunita Verma,Haryana,Gurugram
B-25042,10/8/2021,Deepa Chopra,Uttar Pradesh,Mathura
B-25043,9/8/2020,Vishakha Mohan,Tamil Nadu,Coimbatore
B-25044,27-05-2021,Pooja Chopra,Uttar Pradesh,Lucknow
B-25045,28-04-2018,Vikas Patel,Kerala,Kozhikode
B-25046,1/2/2020,Pooja Joshi,Maharashtra,Nashik
B-25047,27-03-2021,Sunil Reddy,Uttar Pradesh,Lucknow
B-25048,1/8/2018,Arun Pillai,Uttar Pradesh,Varanasi
B-25049,2/1/2019,Sunita Sharma,West Bengal,Siliguri
B-25050,26-04-2020,Parvati Shah,Uttar Pradesh,Agra
B-25051,13-01-2019,Rohit Iyer,Bihar,Patna
B-25052,5/5/2018,Arun Shah,Uttar Pradesh,Mathura
B-25053,11/7/2020,Ravi Sharma,West Bengal,Kolkata
B-25054,30-03-2020,Rajesh Das,Tamil Nadu,Chennai
B-25055,3/12/2019,Aarav Verma,Madhya Pradesh,Bhopal
B-25056,4/3/2019,Sunita Bose,Karnataka,Bengaluru
B-25057,4/6/2019,Rekha Agarwal,Punjab,Amritsar
B-25058,21-06-2020,Kiran Pillai,Maharashtra,Nashik
B-25059,6/6/2020,Kavita Shah,Uttar Pradesh,Lucknow
B-25060,26-02-2021,Priya Malhotra,Andhra Pradesh,Vijayawada
B-25061,17-06-2019,Anita Patel,Tamil Nadu,Madurai
B-25062,8/6/2021,Sunil Mishra,Uttar Pradesh,Varanasi
B-25063,25-03-2019,Nandita Reddy,Delhi,Dwarka
B-25064,20-11-2018,Dinesh Patel,Himachal Pradesh,Shimla
B-25065,24-11-2018,Parvati Kumar,Karnataka,Bengaluru
B-25066,14-12-2019,Anita Joshi,Goa,Margao
B-25067,2/5/2018,Amit Bose,Rajasthan,Kota
B-25068,20-03-2020,Madhav Patel,Gujarat,Surat
B-25069,6/2/2021,Asha Yadav,Goa,Margao
B-25070,27-06-2019,Gaurav Malhotra,Kerala,Thiruvananthapuram
B-25071,17-02-2018,Geeta Malhotra,Uttar Pradesh,Varanasi
B-25072,9/6/2020,Asha Sharma,Gujarat,Rajkot
B-25073,15-01-2020,Sneha Sharma,Delhi,Dwarka
B-25074,21-01-2018,Vikram Pillai,Goa,Panaji
B-25075,3/5/2021,Priya Patel,Delhi,Delhi
B-25076,31-01-2020,Asha Reddy,Kerala,Thiruvananthapuram
B-25077,15-06-2019,Jyoti Pillai,West Bengal,Siliguri
B-25078,7/4/2019,Sunita Patel,Madhya Pradesh,Bhopal
B-25079,22-05-2019,Neha Patel,Uttar Pradesh,Lucknow
B-25080,17-05-2019,Gopal Singh,Uttar Pradesh,Agra
B-25081,28-08-2021,Madhav Yadav,Tamil Nadu,Chennai
B-25082,21-08-2018,Gaurav Malhotra,Maharashtra,Nagpur
B-25083,4/8/2019,Madhav Pandey,Haryana,Gurugram
B-25084,8/4/2019,Rohit Pillai,Bihar,Muzaffarpur
B-25085,21-02-2021,Vikas Pandey,Karnataka,Hubli
B-25086,1/2/2019,Kavita Nair,Tamil Nadu,Coimbatore
B-25087,20-05-2019,Rohit Patel,Punjab,Amritsar
B-25088,15-01-2018,Jyoti Sharma,Madhya Pradesh,Bhopal
B-25089,8/9/2018,Amit Iyer,Rajasthan,Jaipur
B-25090,28-11-2018,Tushar Verma,Gujarat,Vadodara
B-25091,10/5/2021,Rohit Mishra,West Bengal,Siliguri
B-25092,16-05-2021,Gaurav Gupta,Jammu and Kashmir,Srinagar
B-25093,20-10-2018,Kavita Chopra,Andhra Pradesh,Visakhapatnam
B-25094,12/9/2020,Ravi Joshi,Punjab,Ludhiana
B-25095,24-11-2018,Suresh Sharma,Andhra Pradesh,Tirupati
B-25096,4/7/2019,Meena Pillai,Maharashtra,Nashik
B-25097,2/12/2019,Gaurav Kumar,Punjab,Amritsar
B-25098,21-03-2020,Geeta Singh,Haryana,Gurugram
B-25099,13-09-2020,Vishakha Reddy,Rajasthan,Jodhpur
B-25100,17-05-2020,Rekha Chopra,Madhya Pradesh,Jabalpur
B-25101,31-05-2019,Madan Kumar,West Bengal,Kolkata
B-25102,7/12/2021,Rahul Desai,Gujarat,Rajkot
B-25103,14-04-2019,Rahul Sharma,Punjab,Amritsar
B-25104,13-09-2021,Jyoti Iyer,Madhya Pradesh,Bhopal
B-25105,8/7/2019,Anita Nair,Delhi,Delhi
B-25106,9/5/2018,Gopal Pandey,Maharashtra,Nagpur
B-25107,28-12-2019,Aarav Mishra,Uttar Pradesh,Lucknow
B-25108,13-10-2018,Vikram Pillai,Kerala,Thiruvananthapuram
B-25109,2/5/2019,Anita Mehta,Tamil Nadu,Coimbatore
B-25110,25-04-2021,Ravi Mohan,Delhi,New Delhi
B-25111,24-05-2021,Amit Yadav,Haryana,Faridabad
B-25112,26-09-2018,Deepa Singh,Bihar,Patna
B-25113,21-12-2021,Manoj Mohan,Karnataka,Mysuru
B-25114,5/12/2021,Jyoti Kumar,Punjab,Jalandhar
B-25115,16-01-2018,Asha Shah,Bihar,Patna
B-25116,2/6/2020,Dinesh Mohan,Andhra Pradesh,Tirupati
B-25117,11/2/2019,Neha Reddy,Rajasthan,Kota
B-25118,27-12-2019,Vikram Yadav,Tamil Nadu,Chennai
B-25119,6/12/2018,Madhav Das,Rajasthan,Udaipur
B-25120,6/6/2020,Rekha Verma,Tamil Nadu,Coimbatore
B-25121,27-07-2021,Lalita Yadav,Rajasthan,Jodhpur
B-25122,13-01-2021,Kiran Mishra,Haryana,Hisar
B-25123,5/9/2020,Amit Agarwal,Karnataka,Bengaluru
B-25124,6/11/2020,Rekha Agarwal,Bihar,Muzaffarpur
B-25125,12/4/2021,Kiran Yadav,Madhya Pradesh,Bhopal
B-25126,29-07-2021,Harivansh Malhotra,Andhra Pradesh,Tirupati
B-25127,13-03-2020,Kiran Shah,Delhi,Delhi
B-25128,19-12-2019,Aarav Kumar,Bihar,Gaya
B-25129,21-09-2021,Rohit Patel,Rajasthan,Udaipur
B-25130,4/7/2020,Sunita Shah,Gujarat,Vadodara
B-25131,5/1/2019,Aarav Singh,Tamil Nadu,Chennai
B-25132,29-11-2018,Kavita Iyer,Uttar Pradesh,Varanasi
B-25133,20-03-2021,Sunita Desai,Uttar Pradesh,Mathura
B-25134,25-05-2021,Sneha Agarwal,Delhi,Dwarka
B-25135,27-06-2020,Priya Gupta,Andhra Pradesh,Visakhapatnam
B-25136,22-06-2019,Madhav Verma,Goa,Margao
B-25137,31-05-2020,Rajesh Patel,Uttar Pradesh,Agra
B-25138,18-08-2021,Priya Sharma,Rajasthan,Jaipur
B-25139,13-04-2018,Meena Pillai,Maharashtra,Nagpur
B-25140,16-02-2019,Jyoti Desai,Delhi,Delhi
B-25141,3/9/2019,Ravi Singh,Uttar Pradesh,Varanasi
B-25142,1/4/2019,Madan Sharma,Haryana,Faridabad
B-25143,13-02-2018,Nikhil Gupta,Gujarat,Ahmedabad
B-25144,19-10-2019,Rohit Iyer,Andhra Pradesh,Tirupati
B-25145,6/5/2020,Anita Chopra,Goa,Panaji
B-25146,11/3/2020,Vikas Nair,Haryana,Hisar
B-25147,26-12-2019,Aarav Sharma,Punjab,Amritsar
B-25148,6/8/2020,Sunita Nair,Maharashtra,Mumbai
B-25149,29-06-2020,Arun Tiwari,Delhi,Delhi
B-25150,10/10/2021,Pooja Nair,Goa,Panaji
B-25151,20-04-2020,Pooja Sharma,Kerala,Kozhikode
B-25152,15-06-2019,Vikas Pandey,Uttar Pradesh,Kanpur
B-25153,6/9/2019,Amit Nair,Rajasthan,Kota
B-25154,16-12-2019,Rekha Joshi,Delhi,Dwarka
B-25155,7/2/2019,Ravi Patel,Gujarat,Rajkot
B-25156,7/12/2020,Vishakha Chopra,Jammu and Kashmir,Srinagar
B-25157,14-05-2020,Neha Iyer,Punjab,Amritsar
B-25158,1/7/2021,Priya Iyer,Tamil Nadu,Chennai
B-25159,27-08-2020,Harivansh Mishra,Uttar Pradesh,Varanasi
B-25160,22-06-2020,Rahul Singh,Tamil Nadu,Coimbatore
B-25161,23-06-2021,Gaurav Pillai,Delhi,New Delhi
B-25162,29-11-2021,Sunita Verma,Tamil Nadu,Coimbatore
B-25163,21-02-2021,Sanjay Das,Madhya Pradesh,Gwalior
B-25164,9/6/2018,Dinesh Patel,Maharashtra,Nagpur
B-25165,27-05-2020,Madhav Nair,Bihar,Gaya
B-25166,18-03-2021,Manoj Das,Punjab,Amritsar
B-25167,5/12/2018,Gopal Joshi,Rajasthan,Udaipur
B-25168,7/4/2019,Madan Gupta,Gujarat,Ahmedabad
B-25169,30-07-2019,Ravi Patel,Maharashtra,Nashik
B-25170,17-12-2021,Rekha Singh,Kerala,Kochi
B-25171,4/5/2021,Madhav Reddy,Bihar,Gaya
B-25172,5/7/2021,Harivansh Chopra,Rajasthan,Udaipur
B-25173,24-12-2018,Meena Agarwal,Rajasthan,Jodhpur
B-25174,20-10-2019,Tushar Desai,Uttar Pradesh,Mathura
B-25175,6/4/2021,Sanjay Chopra,Bihar,Gaya
B-25176,8/10/2021,Arun Verma,Madhya Pradesh,Jabalpur
B-25177,12/7/2018,Vikas Reddy,Gujarat,Vadodara
B-25178,19-07-2019,Neha Das,Uttar Pradesh,Kanpur
B-25179,18-06-2018,Jyoti Das,Tamil Nadu,Coimbatore
B-25180,1/5/2020,Manoj Bose,Tamil Nadu,Chennai
B-25181,23-10-2021,Madan Reddy,Andhra Pradesh,Visakhapatnam
B-25182,24-01-2020,Asha Pandey,Uttar Pradesh,Agra
B-25183,25-11-2020,Nandita Pillai,Uttar Pradesh,Mathura
B-25184,2/11/2018,Geeta Chopra,West Bengal,Kolkata
B-25185,27-03-2021,Pooja Sharma,Rajasthan,Udaipur
B-25186,17-11-2019,Priya Pandey,Gujarat,Rajkot
B-25187,11/2/2018,Vikas Reddy,Andhra Pradesh,Vijayawada
B-25188,10/3/2018,Madhav Verma,Maharashtra,Pune
B-25189,28-06-2020,Rekha Bose,Punjab,Amritsar
B-25190,9/3/2019,Rahul Agarwal,Bihar,Gaya
B-25191,25-09-2021,Neha Sharma,Karnataka,Mysuru
B-25192,6/12/2021,Pooja Shah,Jammu and Kashmir,Srinagar
B-25193,11/1/2019,Sneha Bose,Tamil Nadu,Coimbatore
B-25194,22-03-2021,Rekha Singh,Punjab,Jalandhar
B-25195,14-07-2020,Lalita Mohan,Bihar,Gaya
B-25196,23-03-2019,Lalita Mishra,Haryana,Gurugram
B-25197,4/3/2020,Shalini Nair,Punjab,Amritsar
B-25198,16-09-2019,Kiran Pandey,Bihar,Muzaffarpur
B-25199,28-10-2020,Shalini Agarwal,Uttar Pradesh,Agra
B-25200,29-07-2021,Harivansh Sharma,Tamil Nadu,Madurai
B-25201,12/9/2019,Parvati Gupta,Delhi,Delhi
B-25202,23-11-2021,Ravi Verma,Maharashtra,Nashik
B-25203,4/12/2021,Suresh Shah,Tamil Nadu,Madurai
B-25204,25-06-2020,Rahul Bose,Andhra Pradesh,Visakhapatnam
B-25205,6/5/2018,Suresh Agarwal,Rajasthan,Jaipur
B-25206,29-08-2020,Rajesh Pillai,Punjab,Jalandhar
B-25207,14-06-2021,Meena Tiwari,Sikkim,Gangtok
B-25208,1/10/2020,Pooja Shah,Delhi,Dwarka
B-25209,24-10-2019,Neha Reddy,Gujarat,Rajkot
B-25210,13-01-2018,Jyoti Bose,Karnataka,Mysuru
B-25211,4/6/2021,Manoj Patel,Andhra Pradesh,Vijayawada
B-25212,20-11-2018,Rahul Nair,Rajasthan,Jodhpur
B-25213,28-06-2018,Kavita Mishra,Madhya Pradesh,Indore
B-25214,20-08-2018,Vikas Yadav,Rajasthan,Kota
B-25215,9/7/2020,Rahul Agarwal,Punjab,Amritsar
B-25216,17-06-2021,Madhav Shah,Gujarat,Ahmedabad
B-25217,24-01-2020,Manoj Desai,Bihar,Gaya
B-25218,21-04-2019,Sunil Mehta,Rajasthan,Udaipur
B-25219,10/9/2021,Kavita Verma,Haryana,Hisar
B-25220,21-10-2021,Suresh Das,Rajasthan,Jaipur
B-25221,28-04-2020,Shalini Mehta,Tamil Nadu,Chennai
B-25222,2/3/2020,Madan Mohan,Maharashtra,Pune
B-25223,20-10-2021,Pooja Mishra,Tamil Nadu,Madurai
B-25224,2/4/2021,Anita Kumar,Andhra Pradesh,Vijayawada
B-25225,4/4/2021,Deepa Mohan,Bihar,Gaya
B-25226,4/1/2018,Rajesh Das,Rajasthan,Jaipur
B-25227,1/9/2020,Anita Desai,Goa,Margao
B-25228,15-07-2021,Asha Verma,Gujarat,Ahmedabad
B-25229,21-02-2019,Rahul Mehta,Kerala,Kochi
B-25230,26-11-2020,Suresh Das,Delhi,Delhi
B-25231,18-12-2020,Kiran Desai,Jammu and Kashmir,Srinagar
B-25232,26-08-2021,Vikas Joshi,Tamil Nadu,Coimbatore
B-25233,3/3/2018,Rahul Das,Delhi,Dwarka
B-25234,13-09-2021,Tushar Mishra,Jammu and Kashmir,Srinagar
B-25235,6/8/2021,Ravi Mohan,Maharashtra,Mumbai
B-25236,8/5/2020,Jyoti Sharma,Gujarat,Ahmedabad
B-25237,13-05-2021,Madan Kumar,Delhi,New Delhi
B-25238,11/4/2020,Rohit Gupta,Uttar Pradesh,Mathura
B-25239,22-12-2020,Amit Sharma,Maharashtra,Mumbai
B-25240,23-07-2020,Anita Mohan,Rajasthan,Jodhpur
B-25241,12/5/2020,Rajesh Tiwari,West Bengal,Howrah
B-25242,29-07-2019,Rekha Nair,Madhya Pradesh,Jabalpur
B-25243,14-07-2021,Sunita Mohan,Maharashtra,Nashik
B-25244,13-01-2018,Meena Patel,Uttar Pradesh,Agra
B-25245,17-09-2021,Deepa Joshi,Delhi,New Delhi
B-25246,17-03-2019,Sneha Desai,Uttar Pradesh,Mathura
B-25247,16-11-2018,Sanjay Das,Andhra Pradesh,Visakhapatnam
B-25248,10/1/2019,Sunil Iyer,Punjab,Ludhiana
B-25249,13-12-2021,Anita Reddy,Punjab,Jalandhar
B-25250,8/7/2020,Aarav Gupta,West Bengal,Howrah
B-25251,12/5/2019,Madan Mishra,Delhi,Dwarka
B-25252,24-09-2019,Priya Yadav,Madhya Pradesh,Jabalpur
B-25253,8/6/2019,Lalita Singh,Haryana,Faridabad
B-25254,23-01-2020,Rekha Tiwari,Uttar Pradesh,Lucknow
B-25255,30-03-2020,Rekha Mehta,Himachal Pradesh,Shimla
B-25256,23-12-2019,Parvati Das,Sikkim,Gangtok
B-25257,26-11-2020,Vishakha Iyer,Jammu and Kashmir,Jammu
B-25258,21-04-2020,Deepa Nair,Goa,Panaji
B-25259,26-05-2020,Priya Agarwal,Andhra Pradesh,Vijayawada
B-25260,22-05-2021,Gaurav Mehta,Andhra Pradesh,Tirupati
B-25261,31-05-2018,Amit Yadav,Punjab,Jalandhar
B-25262,19-09-2020,Sunita Gupta,Rajasthan,Udaipur
B-25263,16-01-2019,Nandita Mehta,Andhra Pradesh,Visakhapatnam
B-25264,21-04-2020,Parvati Desai,Delhi,New Delhi
B-25265,3/5/2020,Rohit Singh,Goa,Margao
B-25266,29-12-2018,Rajesh Yadav,Andhra Pradesh,Tirupati
B-25267,15-05-2021,Deepa Pillai,West Bengal,Siliguri
B-25268,27-01-2021,Kavita Nair,Madhya Pradesh,Jabalpur
B-25269,29-03-2020,Sunil Mehta,Gujarat,Rajkot
B-25270,12/7/2020,Gaurav Patel,Andhra Pradesh,Vijayawada
B-25271,26-01-2018,Asha Kumar,Maharashtra,Pune
B-25272,11/4/2018,Nikhil Iyer,West Bengal,Kolkata
B-25273,15-07-2018,Harivansh Nair,Punjab,Jalandhar
B-25274,24-01-2019,Nandita Singh,Delhi,Delhi
B-25275,4/4/2020,Aarav Sharma,Uttar Pradesh,Mathura
B-25276,17-08-2019,Asha Verma,Kerala,Kozhikode
B-25277,1/12/2021,Ravi Agarwal,Delhi,Dwarka
B-25278,18-05-2018,Asha Malhotra,Kerala,Kochi
B-25279,11/3/2018,Vikas Malhotra,Jammu and Kashmir,Srinagar
B-25280,22-03-2019,Asha Kumar,Uttar Pradesh,Varanasi
B-25281,23-03-2021,Dinesh Mishra,Delhi,Dwarka
B-25282,18-01-2021,Shalini Gupta,Uttar Pradesh,Varanasi
B-25283,11/1/2021,Arun Mohan,Madhya Pradesh,Jabalpur
B-25284,1/9/2019,Kiran Malhotra,Karnataka,Hubli
B-25285,5/10/2018,Vikas Sharma,Madhya Pradesh,Bhopal
B-25286,24-04-2018,Nikhil Patel,Maharashtra,Pune
B-25287,5/3/2018,Parvati Chopra,Sikkim,Namchi
B-25288,31-05-2021,Vikram Desai,Jammu and Kashmir,Jammu
B-25289,14-09-2018,Parvati Shah,West Bengal,Kolkata
B-25290,22-08-2021,Vishakha Agarwal,Bihar,Patna
B-25291,24-06-2018,Shalini Tiwari,Andhra Pradesh,Tirupati
B-25292,6/1/2018,Geeta Desai,Andhra Pradesh,Visakhapatnam
B-25293,13-12-2020,Arun Pillai,Madhya Pradesh,Jabalpur
B-25294,10/11/2018,Vikas Sharma,Madhya Pradesh,Gwalior
B-25295,2/10/2020,Manoj Kumar,Haryana,Faridabad
B-25296,7/4/2019,Suresh Tiwari,Maharashtra,Nagpur
B-25297,8/4/2020,Vikram Sharma,Uttar Pradesh,Kanpur
B-25298,12/10/2020,Rajesh Mohan,Delhi,New Delhi
B-25299,18-12-2019,Anita Reddy,Gujarat,Surat
B-25300,3/4/2018,Deepa Pandey,Madhya Pradesh,Indore
B-25301,24-04-2021,Rajesh Mehta,Bihar,Patna
B-25302,30-07-2020,Priya Nair,Madhya Pradesh,Bhopal
B-25303,25-08-2019,Asha Iyer,Tamil Nadu,Coimbatore
B-25304,31-01-2021,Nandita Sharma,Rajasthan,Kota
B-25305,2/6/2020,Rahul Das,Rajasthan,Kota
B-25306,21-09-2018,Sanjay Mishra,Sikkim,Gangtok
B-25307,17-11-2021,Shalini Bose,Madhya Pradesh,Indore
B-25308,23-08-2020,Priya Pandey,Himachal Pradesh,Manali
B-25309,3/7/2018,Shalini Pandey,Maharashtra,Pune
B-25310,7/1/2021,Tushar Yadav,Uttar Pradesh,Agra
B-25311,25-02-2020,Rajesh Iyer,Uttar Pradesh,Mathura
B-25312,17-02-2021,Gopal Mehta,Uttar Pradesh,Agra
B-25313,20-01-2021,Meena Malhotra,Rajasthan,Jaipur
B-25314,20-10-2019,Geeta Iyer,Maharashtra,Nashik
B-25315,2/10/2021,Vishakha Reddy,Punjab,Amritsar
B-25316,26-03-2020,Anita Mohan,Bihar,Gaya
B-25317,6/1/2018,Anita Joshi,Uttar Pradesh,Lucknow
B-25318,26-01-2018,Asha Mishra,West Bengal,Kolkata
B-25319,10/1/2021,Rekha Sharma,Sikkim,Gangtok
B-25320,22-05-2021,Jyoti Gupta,Delhi,Dwarka
B-25321,19-02-2018,Neha Pillai,Andhra Pradesh,Visakhapatnam
B-25322,23-03-2018,Kavita Mehta,Andhra Pradesh,Tirupati
B-25323,9/2/2021,Rohit Tiwari,Jammu and Kashmir,Srinagar
B-25324,13-09-2021,Geeta Shah,Himachal Pradesh,Shimla
B-25325,13-03-2020,Harivansh Patel,Punjab,Ludhiana
B-25326,5/7/2018,Madan Joshi,Haryana,Hisar
B-25327,14-05-2021,Neha Nair,Rajasthan,Udaipur
B-25328,5/5/2020,Amit Nair,Uttar Pradesh,Lucknow
B-25329,23-05-2021,Ravi Joshi,Maharashtra,Mumbai
B-25330,27-10-2020,Lalita Verma,Rajasthan,Kota
B-25331,25-09-2020,Priya Mehta,Rajasthan,Kota
B-25332,29-03-2018,Nandita Patel,Uttar Pradesh,Mathura
B-25333,12/5/2021,Gaurav Singh,Himachal Pradesh,Dharamsala
B-25334,19-11-2021,Vikas Reddy,Uttar Pradesh,Lucknow
B-25335,26-10-2021,Deepa Agarwal,Andhra Pradesh,Visakhapatnam
B-25336,18-11-2019,Jyoti Iyer,Himachal Pradesh,Dharamsala
B-25337,7/4/2018,Madhav Patel,Karnataka,Bengaluru
B-25338,17-01-2019,Pooja Kumar,Punjab,Ludhiana
B-25339,8/3/2018,Vikas Das,Karnataka,Hubli
B-25340,22-11-2018,Deepa Sharma,Madhya Pradesh,Jabalpur
B-25341,20-10-2021,Aarav Chopra,Gujarat,Vadodara
B-25342,15-01-2020,Rekha Joshi,Bihar,Muzaffarpur
B-25343,27-04-2018,Jyoti Tiwari,West Bengal,Kolkata
B-25344,4/8/2021,Rajesh Singh,Gujarat,Ahmedabad
B-25345,16-08-2019,Madan Malhotra,Uttar Pradesh,Varanasi
B-25346,18-03-2021,Madhav Malhotra,Maharashtra,Nagpur
B-25347,12/5/2020,Dinesh Agarwal,Sikkim,Gangtok
B-25348,14-04-2020,Sunita Reddy,Madhya Pradesh,Jabalpur
B-25349,6/1/2018,Vishakha Reddy,Goa,Panaji
B-25350,27-02-2020,Suresh Malhotra,Himachal Pradesh,Shimla
B-25351,23-09-2018,Vishakha Chopra,Karnataka,Mysuru
B-25352,13-01-2018,Neha Agarwal,Bihar,Patna
B-25353,9/11/2019,Anita Agarwal,Maharashtra,Nashik
B-25354,21-03-2020,Kavita Bose,Karnataka,Mysuru
B-25355,1/4/2018,Amit Malhotra,Bihar,Muzaffarpur
B-25356,29-06-2018,Arun Iyer,Tamil Nadu,Madurai
B-25357,21-01-2021,Tushar Kumar,Uttar Pradesh,Lucknow
B-25358,16-04-2021,Priya Pillai,Delhi,Delhi
B-25359,1/5/2018,Kavita Mohan,Uttar Pradesh,Agra
B-25360,5/10/2018,Rahul Desai,Maharashtra,Pune
B-25361,11/11/2021,Rajesh Das,Rajasthan,Kota
B-25362,26-11-2021,Nandita Yadav,Maharashtra,Mumbai
B-25363,22-03-2021,Sunita Agarwal,Uttar Pradesh,Varanasi
B-25364,28-12-2020,Arun Verma,Delhi,New Delhi
B-25365,16-12-2019,Dinesh Joshi,Nagaland,Dimapur
B-25366,14-07-2019,Tushar Gupta,Uttar Pradesh,Agra
B-25367,14-02-2021,Nandita Joshi,Haryana,Faridabad
B-25368,7/4/2019,Lalita Singh,Delhi,Delhi
B-25369,15-07-2021,Sunil Kumar,Rajasthan,Kota
B-25370,14-12-2019,Gopal Mehta,Maharashtra,Nagpur
B-25371,8/11/2019,Rohit Agarwal,Delhi,Delhi
B-25372,7/5/2021,Vishakha Gupta,Delhi,Dwarka
B-25373,10/10/2020,Anita Mishra,Haryana,Faridabad
B-25374,25-01-2018,Kavita Bose,Uttar Pradesh,Kanpur
B-25375,13-10-2018,Asha Shah,Gujarat,Rajkot
B-25376,22-01-2018,Vikas Das,Tamil Nadu,Chennai
B-25377,13-05-2020,Rohit Sharma,Delhi,New Delhi
B-25378,9/5/2018,Vishakha Mehta,Andhra Pradesh,Visakhapatnam
B-25379,6/2/2020,Rajesh Tiwari,Uttar Pradesh,Kanpur
B-25380,17-04-2019,Meena Bose,Bihar,Patna
B-25381,10/10/2019,Arun Verma,Madhya Pradesh,Jabalpur
B-25382,17-03-2021,Anita Yadav,Delhi,New Delhi
B-25383,11/9/2019,Suresh Nair,Maharashtra,Nagpur
B-25384,22-09-2019,Geeta Pillai,Maharashtra,Nashik
B-25385,26-06-2019,Vishakha Nair,Uttar Pradesh,Agra
B-25386,23-11-2021,Ravi Pillai,Uttar Pradesh,Kanpur
B-25387,10/9/2018,Parvati Malhotra,Uttar Pradesh,Varanasi
B-25388,29-07-2021,Parvati Shah,Andhra Pradesh,Tirupati
B-25389,8/9/2019,Rohit Pillai,Maharashtra,Nagpur
B-25390,6/3/2020,Pooja Shah,Maharashtra,Nagpur
B-25391,28-05-2021,Dinesh Iyer,Kerala,Kozhikode
B-25392,31-07-2020,Rohit Shah,Jammu and Kashmir,Jammu
B-25393,7/11/2021,Ravi Verma,Rajasthan,Jodhpur
B-25394,22-11-2021,Shalini Chopra,Karnataka,Bengaluru
B-25395,15-01-2021,Manoj Reddy,Tamil Nadu,Madurai
B-25396,25-07-2018,Parvati Patel,Delhi,Dwarka
B-25397,8/1/2020,Arun Chopra,Maharashtra,Pune
B-25398,22-10-2018,Nandita Pandey,Gujarat,Surat
B-25399,7/3/2019,Parvati Agarwal,Madhya Pradesh,Indore
B-25400,17-01-2019,Sunil Gupta,Madhya Pradesh,Bhopal
B-25401,19-03-2020,Ravi Agarwal,Kerala,Kozhikode
B-25402,29-08-2021,Sunita Iyer,Delhi,New Delhi
B-25403,30-04-2019,Gaurav Pandey,Delhi,Dwarka
B-25404,31-12-2020,Madhav Mohan,Delhi,Delhi
B-25405,4/5/2019,Sunita Sharma,Punjab,Ludhiana
B-25406,11/11/2021,Aarav Singh,Gujarat,Surat
B-25407,12/4/2019,Sunita Mehta,Maharashtra,Pune
B-25408,12/3/2019,Asha Chopra,Nagaland,Kohima
B-25409,30-05-2021,Aarav Tiwari,Bihar,Gaya
B-25410,22-06-2018,Madhav Iyer,Haryana,Gurugram
B-25411,7/3/2020,Anita Das,Madhya Pradesh,Indore
B-25412,18-02-2019,Sunil Reddy,Delhi,Delhi
B-25413,16-03-2020,Vikas Reddy,Maharashtra,Pune
B-25414,13-01-2019,Arun Mohan,Rajasthan,Jodhpur
B-25415,20-09-2018,Dinesh Das,Gujarat,Surat
B-25416,22-02-2019,Suresh Bose,Tamil Nadu,Madurai
B-25417,4/12/2021,Priya Agarwal,Andhra Pradesh,Vijayawada
B-25418,6/9/2020,Rahul Das,Uttar Pradesh,Varanasi
B-25419,11/1/2020,Anita Reddy,Andhra Pradesh,Visakhapatnam
B-25420,18-11-2019,Gaurav Mishra,Delhi,Dwarka
B-25421,16-09-2019,Amit Mohan,Maharashtra,Mumbai
B-25422,4/8/2021,Shalini Pandey,Madhya Pradesh,Indore
B-25423,28-09-2018,Dinesh Iyer,Uttar Pradesh,Kanpur
B-25424,27-08-2020,Vishakha Mehta,Delhi,New Delhi
B-25425,10/5/2020,Amit Yadav,Punjab,Amritsar
B-25426,30-05-2020,Kiran Sharma,Tamil Nadu,Chennai
B-25427,18-12-2021,Rohit Nair,Karnataka,Hubli
B-25428,1/1/2020,Rohit Iyer,Jammu and Kashmir,Srinagar
B-25429,3/8/2019,Parvati Das,Maharashtra,Nashik
B-25430,15-08-2021,Tushar Nair,Uttar Pradesh,Lucknow
B-25431,17-04-2021,Parvati Tiwari,Bihar,Muzaffarpur
B-25432,14-01-2021,Rekha Desai,Karnataka,Mysuru
B-25433,11/5/2021,Lalita Bose,Uttar Pradesh,Varanasi
B-25434,8/10/2019,Harivansh Sharma,Tamil Nadu,Madurai
B-25435,9/12/2021,Neha Gupta,Karnataka,Mysuru
B-25436,31-08-2019,Neha Gupta,Delhi,Delhi
B-25437,24-04-2021,Manoj Agarwal,Uttar Pradesh,Mathura
B-25438,18-11-2018,Sunil Pillai,Haryana,Hisar
B-25439,26-08-2021,Suresh Tiwari,Tamil Nadu,Chennai
B-25440,6/11/2019,Gaurav Joshi,Punjab,Ludhiana
B-25441,12/4/2019,Manoj Sharma,Uttar Pradesh,Mathura
B-25442,9/1/2019,Geeta Bose,Rajasthan,Jodhpur
B-25443,9/10/2018,Rajesh Pillai,Goa,Margao
B-25444,16-10-2020,Asha Patel,Karnataka,Hubli
B-25445,27-11-2018,Madhav Agarwal,Rajasthan,Kota
B-25446,12/5/2018,Lalita Mehta,Bihar,Patna
B-25447,24-02-2019,Geeta Mehta,Kerala,Kozhikode
B-25448,16-09-2020,Anita Mishra,Kerala,Thiruvananthapuram
B-25449,19-05-2018,Madan Mehta,Uttar Pradesh,Mathura
B-25450,14-02-2019,Manoj Pillai,Kerala,Thiruvananthapuram
B-25451,19-09-2019,Ravi Malhotra,Goa,Margao
B-25452,12/3/2020,Rahul Tiwari,Madhya Pradesh,Jabalpur
B-25453,7/11/2021,Geeta Desai,Maharashtra,Nashik
B-25454,30-01-2019,Jyoti Reddy,Goa,Margao
B-25455,12/11/2018,Rajesh Agarwal,Karnataka,Bengaluru
B-25456,17-01-2021,Anita Pillai,Tamil Nadu,Coimbatore
B-25457,21-06-2018,Madan Agarwal,Delhi,Delhi
B-25458,7/5/2020,Harivansh Yadav,West Bengal,Siliguri
B-25459,9/7/2020,Lalita Bose,Jammu and Kashmir,Jammu
B-25460,19-10-2020,Nikhil Agarwal,Madhya Pradesh,Gwalior
B-25461,7/10/2020,Gopal Kumar,Sikkim,Gangtok
B-25462,6/6/2019,Shalini Bose,Maharashtra,Mumbai
B-25463,18-04-2018,Madan Mehta,Gujarat,Rajkot
B-25464,23-12-2020,Amit Joshi,Haryana,Faridabad
B-25465,27-05-2018,Sneha Agarwal,Madhya Pradesh,Gwalior
B-25466,7/8/2018,Deepa Patel,West Bengal,Howrah
B-25467,17-06-2019,Suresh Mehta,Punjab,Ludhiana
B-25468,30-08-2019,Aarav Gupta,Karnataka,Bengaluru
B-25469,17-02-2019,Nikhil Bose,West Bengal,Howrah
B-25470,4/2/2018,Lalita Reddy,Tamil Nadu,Coimbatore
B-25471,27-03-2018,Suresh Das,Uttar Pradesh,Lucknow
B-25472,16-04-2020,Rajesh Verma,Tamil Nadu,Coimbatore
B-25473,3/7/2019,Deepa Nair,Bihar,Gaya
B-25474,5/5/2018,Sunita Verma,Karnataka,Mysuru
B-25475,10/4/2018,Jyoti Desai,Rajasthan,Jodhpur
B-25476,4/3/2018,Nandita Iyer,Rajasthan,Jodhpur
B-25477,6/7/2019,Tushar Sharma,Punjab,Ludhiana
B-25478,30-07-2021,Suresh Desai,Gujarat,Rajkot
B-25479,25-03-2021,Dinesh Gupta,Tamil Nadu,Coimbatore
B-25480,10/11/2018,Sunil Iyer,Uttar Pradesh,Agra
B-25481,8/3/2020,Gaurav Iyer,Bihar,Gaya
B-25482,13-10-2019,Priya Das,Maharashtra,Nashik
B-25483,16-11-2021,Dinesh Joshi,Sikkim,Gangtok
B-25484,19-03-2021,Harivansh Chopra,Kerala,Kochi
B-25485,19-03-2021,Manoj Tiwari,Uttar Pradesh,Agra
B-25486,12/4/2021,Sunil Verma,Delhi,New Delhi
B-25487,3/1/2018,Kiran Pandey,Kerala,Thiruvananthapuram
B-25488,29-10-2018,Priya Reddy,Goa,Margao
B-25489,22-12-2020,Nandita Gupta,Madhya Pradesh,Gwalior
B-25490,4/6/2021,Rahul Das,Delhi,New Delhi
B-25491,11/11/2018,Priya Reddy,Uttar Pradesh,Kanpur
B-25492,23-09-2021,Ravi Chopra,Maharashtra,Nashik
B-25493,31-07-2020,Vishakha Desai,Andhra Pradesh,Visakhapatnam
B-25494,6/9/2021,Asha Singh,Bihar,Gaya
B-25495,2/7/2019,Nikhil Malhotra,Delhi,Delhi
B-25496,22-10-2020,Nikhil Malhotra,Delhi,Dwarka
B-25497,18-10-2019,Nikhil Agarwal,Haryana,Faridabad
B-25498,6/8/2018,Parvati Bose,Delhi,Dwarka
B-25499,27-03-2019,Kiran Bose,Uttar Pradesh,Agra
B-25500,28-01-2021,Madan Pandey,Kerala,Thiruvananthapuram
B-25501,6/12/2018,Ravi Bose,Tamil Nadu,Coimbatore
B-25502,23-11-2020,Neha Kumar,Tamil Nadu,Coimbatore
B-25503,30-01-2019,Aarav Agarwal,Andhra Pradesh,Tirupati
B-25504,14-03-2019,Meena Yadav,Uttar Pradesh,Varanasi
B-25505,4/7/2018,Ravi Shah,Bihar,Gaya
B-25506,28-10-2018,Madan Yadav,Karnataka,Hubli
B-25507,2/10/2019,Sneha Desai,Himachal Pradesh,Shimla
B-25508,10/5/2020,Deepa Reddy,Delhi,Dwarka
B-25509,23-10-2018,Sanjay Mohan,Gujarat,Rajkot
B-25510,3/7/2021,Lalita Pillai,Uttar Pradesh,Lucknow
B-25511,17-12-2018,Sanjay Chopra,Haryana,Hisar
B-25512,26-04-2018,Priya Pandey,Karnataka,Mysuru
B-25513,10/10/2019,Rekha Pandey,Himachal Pradesh,Dharamsala
B-25514,6/7/2020,Anita Tiwari,Tamil Nadu,Coimbatore
B-25515,12/8/2020,Geeta Pillai,Madhya Pradesh,Gwalior
B-25516,25-05-2018,Geeta Bose,Bihar,Gaya
B-25517,19-02-2019,Tushar Mehta,Uttar Pradesh,Varanasi
B-25518,12/1/2021,Gaurav Tiwari,Uttar Pradesh,Kanpur
B-25519,7/3/2019,Ravi Mehta,Uttar Pradesh,Varanasi
B-25520,13-05-2018,Harivansh Chopra,Punjab,Jalandhar
B-25521,4/4/2021,Asha Yadav,Bihar,Muzaffarpur
B-25522,29-12-2021,Madan Patel,Andhra Pradesh,Tirupati
B-25523,7/3/2019,Lalita Iyer,Himachal Pradesh,Manali
B-25524,21-04-2020,Neha Mehta,Uttar Pradesh,Lucknow
B-25525,4/2/2018,Shalini Agarwal,Uttar Pradesh,Lucknow
B-25526,30-04-2021,Rohit Tiwari,Uttar Pradesh,Mathura
B-25527,17-07-2021,Nandita Sharma,Kerala,Thiruvananthapuram
B-25528,30-06-2018,Sunil Shah,Uttar Pradesh,Varanasi
B-25529,18-08-2021,Jyoti Mehta,Kerala,Kozhikode
B-25530,21-07-2018,Lalita Gupta,Karnataka,Bengaluru
B-25531,21-08-2021,Dinesh Sharma,West Bengal,Howrah
B-25532,5/5/2021,Priya Kumar,Uttar Pradesh,Varanasi
B-25533,28-09-2018,Sanjay Chopra,Rajasthan,Jodhpur
B-25534,4/3/2020,Sunil Desai,West Bengal,Kolkata
B-25535,17-07-2019,Lalita Tiwari,West Bengal,Howrah
B-25536,16-09-2021,Asha Desai,West Bengal,Kolkata
B-25537,12/5/2019,Harivansh Verma,Gujarat,Vadodara
B-25538,31-07-2020,Lalita Desai,Gujarat,Surat
B-25539,27-01-2019,Madhav Yadav,Haryana,Gurugram
B-25540,24-09-2020,Geeta Reddy,Rajasthan,Jodhpur
B-25541,9/9/2021,Neha Kumar,Madhya Pradesh,Gwalior
B-25542,18-07-2021,Priya Tiwari,Tamil Nadu,Coimbatore
B-25543,20-06-2020,Priya Yadav,Delhi,Delhi
B-25544,10/12/2020,Shalini Desai,Punjab,Jalandhar
B-25545,1/4/2019,Nikhil Iyer,Haryana,Faridabad
B-25546,24-06-2019,Priya Joshi,Andhra Pradesh,Tirupati
B-25547,5/1/2021,Neha Kumar,Goa,Margao
B-25548,11/5/2018,Asha Chopra,Jammu and Kashmir,Srinagar
B-25549,9/11/2018,Sanjay Mohan,Karnataka,Bengaluru
B-25550,11/2/2019,Rohit Shah,Sikkim,Gangtok
B-25551,27-10-2019,Rohit Shah,Punjab,Jalandhar
B-25552,18-03-2018,Tushar Mohan,Gujarat,Rajkot
B-25553,19-06-2021,Geeta Shah,Uttar Pradesh,Lucknow
B-25554,21-04-2019,Asha Mohan,Maharashtra,Nashik
B-25555,15-11-2020,Vikas Iyer,Gujarat,Rajkot
B-25556,22-03-2021,Vikas Sharma,West Bengal,Kolkata
B-25557,16-05-2020,Arun Joshi,Karnataka,Bengaluru
B-25558,3/6/2020,Neha Gupta,Punjab,Ludhiana
B-25559,24-03-2019,Dinesh Mehta,Nagaland,Kohima
B-25560,29-12-2019,Tushar Chopra,Andhra Pradesh,Tirupati
B-25561,25-11-2018,Nandita Pandey,Nagaland,Dimapur
B-25562,24-04-2019,Vikram Mehta,Andhra Pradesh,Tirupati
B-25563,3/3/2019,Priya Gupta,Punjab,Amritsar
B-25564,10/11/2019,Sunil Yadav,West Bengal,Siliguri
B-25565,16-09-2019,Kiran Reddy,Maharashtra,Nagpur
B-25566,5/7/2018,Madan Malhotra,Andhra Pradesh,Tirupati
B-25567,12/12/2019,Manoj Shah,Maharashtra,Nashik
B-25568,7/3/2020,Rahul Das,West Bengal,Howrah
B-25569,21-08-2019,Madan Chopra,Haryana,Faridabad
B-25570,28-12-2018,Pooja Yadav,Rajasthan,Udaipur
B-25571,20-01-2021,Vikas Mohan,Uttar Pradesh,Kanpur
B-25572,3/7/2019,Gaurav Kumar,Gujarat,Rajkot
B-25573,7/1/2018,Madhav Sharma,Jammu and Kashmir,Srinagar
B-25574,7/6/2018,Lalita Tiwari,Uttar Pradesh,Varanasi
B-25575,4/2/2021,Suresh Mohan,Karnataka,Mysuru
B-25576,22-07-2018,Sanjay Joshi,Tamil Nadu,Madurai
B-25577,9/9/2020,Madan Pandey,Tamil Nadu,Madurai
B-25578,24-04-2021,Manoj Shah,Maharashtra,Nashik
B-25579,10/7/2020,Vikas Sharma,Rajasthan,Jodhpur
B-25580,26-04-2021,Amit Shah,Andhra Pradesh,Tirupati
B-25581,28-07-2021,Kavita Nair,Rajasthan,Jaipur
B-25582,7/11/2018,Arun Mohan,Madhya Pradesh,Indore
B-25583,23-03-2021,Tushar Agarwal,Haryana,Gurugram
B-25584,27-08-2018,Sunil Nair,Gujarat,Rajkot
B-25585,30-07-2020,Pooja Desai,Rajasthan,Kota
B-25586,27-04-2020,Arun Singh,Uttar Pradesh,Agra
B-25587,18-03-2020,Kavita Iyer,Delhi,Delhi
B-25588,3/10/2018,Amit Gupta,Haryana,Gurugram
B-25589,5/7/2019,Gaurav Pillai,Himachal Pradesh,Shimla
B-25590,4/3/2019,Geeta Bose,Himachal Pradesh,Manali
B-25591,26-09-2020,Gopal Desai,Rajasthan,Jaipur
B-25592,29-08-2020,Geeta Desai,Uttar Pradesh,Lucknow
B-25593,25-07-2021,Asha Iyer,Karnataka,Bengaluru
B-25594,16-07-2019,Vikas Sharma,Kerala,Kochi
B-25595,18-05-2019,Gopal Singh,Gujarat,Rajkot
B-25596,9/1/2020,Arun Joshi,Delhi,New Delhi
B-25597,18-04-2018,Pooja Shah,Andhra Pradesh,Vijayawada
B-25598,20-09-2018,Madan Nair,Uttar Pradesh,Varanasi
B-25599,1/1/2020,Madan Desai,Kerala,Thiruvananthapuram
B-25600,8/4/2021,Kiran Mohan,Delhi,Dwarka
B-25601,17-06-2020,Madan Iyer,Karnataka,Mysuru
B-25602,29-05-2021,Priya Sharma,Maharashtra,Nagpur
B-25603,6/1/2018,Sunita Malhotra,Karnataka,Mysuru
B-25604,11/5/2018,Neha Iyer,Rajasthan,Udaipur
B-25605,30-01-2021,Rohit Chopra,Delhi,Dwarka
B-25606,2/1/2021,Sanjay Pillai,Uttar Pradesh,Kanpur
B-25607,9/5/2019,Sanjay Singh,Maharashtra,Nagpur
B-25608,20-07-2019,Madan Malhotra,Rajasthan,Jaipur
B-25609,5/2/2020,Shalini Joshi,Punjab,Amritsar
B-25610,1/11/2018,Gopal Singh,Delhi,Dwarka
B-25611,19-04-2021,Ravi Mehta,Bihar,Muzaffarpur
B-25612,11/10/2019,Neha Singh,Delhi,Dwarka
B-25613,17-01-2018,Vikas Sharma,Punjab,Ludhiana
B-25614,15-05-2019,Geeta Chopra,Kerala,Thiruvananthapuram
B-25615,14-07-2018,Lalita Nair,Uttar Pradesh,Varanasi
B-25616,5/2/2020,Lalita Verma,Uttar Pradesh,Varanasi
B-25617,10/9/2020,Kavita Singh,Madhya Pradesh,Indore
B-25618,27-10-2019,Meena Singh,Maharashtra,Nashik
B-25619,12/9/2020,Jyoti Bose,Delhi,Delhi
B-25620,31-01-2018,Dinesh Shah,Uttar Pradesh,Kanpur
B-25621,19-07-2018,Priya Desai,Haryana,Hisar
B-25622,10/12/2020,Harivansh Bose,Madhya Pradesh,Gwalior
B-25623,19-07-2020,Anita Bose,Kerala,Kozhikode
B-25624,5/1/2018,Deepa Bose,Karnataka,Hubli
B-25625,10/2/2019,Kavita Malhotra,Uttar Pradesh,Agra
B-25626,3/1/2019,Rajesh Sharma,Andhra Pradesh,Visakhapatnam
B-25627,14-01-2019,Rajesh Verma,Delhi,Dwarka
B-25628,3/6/2020,Madhav Mohan,Haryana,Faridabad
B-25629,25-11-2021,Rahul Tiwari,Madhya Pradesh,Bhopal
B-25630,11/12/2018,Vikas Malhotra,Uttar Pradesh,Agra
B-25631,11/11/2018,Rahul Agarwal,Andhra Pradesh,Visakhapatnam
B-25632,31-07-2018,Harivansh Singh,Maharashtra,Pune
B-25633,9/2/2018,Vikram Agarwal,Gujarat,Surat
B-25634,26-02-2019,Nikhil Gupta,Delhi,Delhi
B-25635,24-07-2019,Priya Verma,Sikkim,Gangtok
B-25636,17-04-2021,Amit Patel,Nagaland,Kohima
B-25637,2/2/2020,Madan Gupta,Kerala,Kochi
B-25638,20-09-2021,Gaurav Verma,Tamil Nadu,Chennai
B-25639,2/3/2019,Manoj Shah,Madhya Pradesh,Bhopal
B-25640,25-03-2021,Vikram Nair,Maharashtra,Pune
B-25641,15-01-2020,Sunita Mehta,Andhra Pradesh,Visakhapatnam
B-25642,16-03-2019,Kiran Reddy,Rajasthan,Udaipur
B-25643,19-11-2019,Sneha Tiwari,Maharashtra,Pune
B-25644,20-03-2019,Asha Patel,Bihar,Gaya
B-25645,3/9/2019,Gaurav Das,Gujarat,Ahmedabad
B-25646,21-12-2018,Manoj Pillai,Bihar,Gaya
B-25647,31-01-2019,Rekha Patel,Rajasthan,Udaipur
B-25648,22-05-2019,Arun Das,Kerala,Thiruvananthapuram
B-25649,4/7/2021,Kavita Iyer,Nagaland,Dimapur
B-25650,30-12-2018,Gaurav Chopra,Karnataka,Mysuru
B-25651,8/4/2020,Meena Mishra,Haryana,Faridabad
B-25652,7/4/2020,Vishakha Mishra,Punjab,Amritsar
B-25653,2/7/2019,Dinesh Agarwal,Goa,Margao
B-25654,20-05-2019,Lalita Verma,Kerala,Thiruvananthapuram
B-25655,2/5/2020,Asha Kumar,Maharashtra,Nagpur
B-25656,25-03-2019,Kavita Agarwal,Tamil Nadu,Madurai
B-25657,30-01-2020,Kiran Joshi,Tamil Nadu,Coimbatore
B-25658,17-03-2020,Arun Malhotra,Madhya Pradesh,Bhopal
B-25659,24-11-2019,Neha Shah,Punjab,Jalandhar
B-25660,4/12/2021,Sneha Gupta,Rajasthan,Udaipur
B-25661,27-05-2019,Deepa Joshi,Maharashtra,Nashik
B-25662,8/10/2020,Tushar Gupta,Madhya Pradesh,Gwalior
B-25663,30-08-2020,Meena Patel,Kerala,Kozhikode
B-25664,30-11-2021,Sneha Nair,Rajasthan,Jodhpur
B-25665,26-10-2019,Rekha Nair,Jammu and Kashmir,Jammu
B-25666,21-04-2020,Sunil Mishra,Bihar,Gaya
B-25667,20-05-2019,Parvati Sharma,Gujarat,Ahmedabad
B-25668,16-03-2020,Jyoti Gupta,Madhya Pradesh,Jabalpur
B-25669,23-04-2021,Kavita Desai,Punjab,Jalandhar
B-25670,8/9/2021,Suresh Bose,Uttar Pradesh,Lucknow
B-25671,11/10/2021,Lalita Singh,Uttar Pradesh,Varanasi
B-25672,5/9/2021,Rajesh Pandey,Gujarat,Ahmedabad
B-25673,17-05-2019,Rahul Chopra,Karnataka,Mysuru
B-25674,25-09-2018,Madan Verma,Gujarat,Surat
B-25675,9/1/2018,Vikram Iyer,Himachal Pradesh,Manali
B-25676,14-09-2020,Sunil Pandey,Uttar Pradesh,Lucknow
B-25677,2/3/2020,Rekha Pillai,Maharashtra,Pune
B-25678,8/9/2018,Vikas Agarwal,Karnataka,Hubli
B-25679,2/9/2019,Geeta Agarwal,Delhi,Dwarka
B-25680,24-07-2019,Deepa Malhotra,Punjab,Jalandhar
B-25681,3/12/2018,Madan Pandey,Madhya Pradesh,Jabalpur
B-25682,25-02-2019,Rajesh Desai,Uttar Pradesh,Lucknow
B-25683,13-04-2021,Tushar Mohan,West Bengal,Kolkata
B-25684,17-03-2019,Rohit Pillai,Maharashtra,Mumbai
B-25685,29-09-2021,Pooja Patel,Kerala,Kozhikode
B-25686,24-02-2020,Vikas Pillai,Gujarat,Rajkot
B-25687,13-07-2020,Rahul Bose,Haryana,Hisar
B-25688,5/4/2019,Neha Mishra,Maharashtra,Mumbai
B-25689,9/3/2018,Vikram Agarwal,Uttar Pradesh,Agra
B-25690,15-03-2021,Rahul Kumar,Andhra Pradesh,Tirupati
B-25691,21-05-2019,Parvati Desai,Maharashtra,Mumbai
B-25692,16-06-2018,Rajesh Reddy,Maharashtra,Nagpur
B-25693,18-03-2019,Shalini Tiwari,Gujarat,Rajkot
B-25694,7/9/2021,Neha Tiwari,Maharashtra,Mumbai
B-25695,31-07-2019,Priya Pillai,Himachal Pradesh,Dharamsala
B-25696,28-06-2019,Meena Malhotra,Uttar Pradesh,Mathura
B-25697,8/6/2020,Dinesh Desai,Maharashtra,Mumbai
B-25698,30-05-2019,Jyoti Singh,Uttar Pradesh,Mathura
B-25699,3/8/2019,Tushar Mohan,Haryana,Hisar
B-25700,8/9/2021,Meena Sharma,Uttar Pradesh,Agra
B-25701,5/9/2021,Kiran Verma,Delhi,Dwarka
B-25702,4/5/2020,Sneha Kumar,Andhra Pradesh,Tirupati
B-25703,9/3/2018,Suresh Desai,Punjab,Amritsar
B-25704,21-08-2019,Deepa Kumar,Jammu and Kashmir,Srinagar
B-25705,13-06-2019,Lalita Malhotra,Jammu and Kashmir,Jammu
B-25706,7/2/2021,Manoj Gupta,Sikkim,Gangtok
B-25707,16-10-2019,Rajesh Singh,Gujarat,Rajkot
B-25708,4/3/2021,Vikram Chopra,Tamil Nadu,Madurai
B-25709,24-07-2018,Neha Shah,Andhra Pradesh,Visakhapatnam
B-25710,26-10-2019,Shalini Kumar,Tamil Nadu,Chennai
B-25711,11/10/2020,Pooja Nair,Tamil Nadu,Madurai
B-25712,20-07-2018,Tushar Tiwari,Madhya Pradesh,Indore
B-25713,5/10/2018,Asha Das,Nagaland,Kohima
B-25714,27-11-2018,Nikhil Shah,Karnataka,Bengaluru
B-25715,16-08-2019,Meena Kumar,Delhi,Dwarka
B-25716,29-07-2020,Asha Mishra,Delhi,New Delhi
B-25717,28-11-2021,Suresh Desai,Maharashtra,Nashik
B-25718,2/9/2020,Lalita Yadav,Bihar,Gaya
B-25719,27-05-2020,Rajesh Desai,Uttar Pradesh,Varanasi
B-25720,13-06-2018,Priya Mohan,Bihar,Muzaffarpur
B-25721,16-08-2018,Madan Kumar,Karnataka,Mysuru
B-25722,13-12-2018,Kavita Mohan,Delhi,New Delhi
B-25723,5/8/2019,Anita Singh,Haryana,Gurugram
B-25724,19-11-2019,Neha Mishra,Uttar Pradesh,Varanasi
B-25725,20-09-2021,Arun Tiwari,Delhi,Delhi
B-25726,12/4/2020,Sunil Iyer,Karnataka,Mysuru
B-25727,9/12/2018,Harivansh Patel,Rajasthan,Kota
B-25728,1/10/2019,Suresh Sharma,Delhi,New Delhi
B-25729,3/8/2019,Dinesh Malhotra,Karnataka,Hubli
B-25730,13-08-2020,Tushar Shah,Punjab,Jalandhar
B-25731,20-07-2019,Nikhil Mehta,West Bengal,Howrah
B-25732,22-05-2020,Madan Desai,Maharashtra,Pune
B-25733,30-04-2018,Rahul Yadav,Uttar Pradesh,Agra
B-25734,5/6/2020,Geeta Yadav,Jammu and Kashmir,Jammu
B-25735,3/3/2019,Vishakha Yadav,Rajasthan,Udaipur
B-25736,26-10-2018,Sunita Das,Kerala,Kochi
B-25737,22-07-2020,Deepa Agarwal,Andhra Pradesh,Tirupati
B-25738,11/1/2020,Rohit Yadav,Uttar Pradesh,Kanpur
B-25739,17-01-2018,Shalini Sharma,Nagaland,Kohima
B-25740,26-08-2019,Rekha Kumar,Tamil Nadu,Chennai
B-25741,14-02-2020,Lalita Mohan,Jammu and Kashmir,Jammu
B-25742,4/1/2019,Manoj Verma,Karnataka,Hubli
B-25743,30-06-2020,Vikram Sharma,Uttar Pradesh,Kanpur
B-25744,17-04-2020,Jyoti Desai,Uttar Pradesh,Agra
B-25745,25-07-2018,Dinesh Gupta,Himachal Pradesh,Shimla
B-25746,24-08-2020,Sneha Patel,Maharashtra,Mumbai
B-25747,7/9/2018,Gopal Tiwari,Delhi,Delhi
B-25748,20-10-2018,Sunil Gupta,Delhi,Dwarka
B-25749,14-11-2018,Vikas Sharma,Himachal Pradesh,Manali
B-25750,1/11/2019,Deepa Mehta,Maharashtra,Nagpur
B-25751,7/3/2018,Aarav Iyer,Uttar Pradesh,Varanasi
B-25752,3/7/2019,Geeta Desai,Karnataka,Bengaluru
B-25753,3/2/2020,Vikram Pandey,Delhi,Delhi
B-25754,12/12/2019,Rahul Mishra,Maharashtra,Nashik
B-25755,26-10-2018,Kiran Mohan,Bihar,Patna
B-25756,16-01-2018,Arun Joshi,Delhi,Dwarka
B-25757,23-09-2021,Vishakha Chopra,Himachal Pradesh,Shimla
B-25758,11/5/2021,Ravi Mehta,Maharashtra,Pune
B-25759,11/1/2021,Rahul Singh,Uttar Pradesh,Agra
B-25760,29-07-2018,Gaurav Joshi,West Bengal,Siliguri
B-25761,6/11/2019,Kavita Joshi,Uttar Pradesh,Agra
B-25762,16-09-2018,Lalita Kumar,West Bengal,Howrah
B-25763,13-08-2019,Shalini Shah,Andhra Pradesh,Vijayawada
B-25764,13-08-2019,Amit Shah,Uttar Pradesh,Mathura
B-25765,6/8/2021,Lalita Tiwari,Himachal Pradesh,Dharamsala
B-25766,3/4/2019,Rahul Agarwal,Maharashtra,Nagpur
B-25767,16-10-2020,Sunil Mohan,Haryana,Gurugram
B-25768,11/10/2021,Sanjay Das,Himachal Pradesh,Shimla
B-25769,29-09-2021,Deepa Kumar,Maharashtra,Nashik
B-25770,29-05-2019,Kavita Malhotra,Andhra Pradesh,Tirupati
B-25771,29-01-2018,Harivansh Mishra,Himachal Pradesh,Manali
B-25772,6/10/2020,Vishakha Pillai,Punjab,Jalandhar
B-25773,12/2/2018,Jyoti Iyer,Delhi,Dwarka
B-25774,2/1/2018,Sneha Desai,Goa,Panaji
B-25775,13-11-2021,Asha Yadav,West Bengal,Siliguri
B-25776,29-05-2021,Jyoti Bose,Uttar Pradesh,Mathura
B-25777,10/4/2018,Madan Mishra,Gujarat,Surat
B-25778,24-04-2019,Geeta Iyer,Andhra Pradesh,Visakhapatnam
B-25779,19-06-2018,Rohit Mishra,Delhi,New Delhi
B-25780,10/7/2018,Sanjay Bose,Nagaland,Kohima
B-25781,5/9/2019,Tushar Shah,Uttar Pradesh,Agra
B-25782,27-03-2019,Rahul Mehta,Maharashtra,Nashik
B-25783,27-03-2020,Gaurav Desai,Delhi,Dwarka
B-25784,25-03-2020,Vikas Iyer,Madhya Pradesh,Jabalpur
B-25785,5/1/2019,Harivansh Sharma,Bihar,Muzaffarpur
B-25786,13-01-2019,Kavita Malhotra,Delhi,New Delhi
B-25787,23-12-2018,Neha Joshi,Bihar,Patna
B-25788,15-07-2019,Meena Das,Haryana,Faridabad
B-25789,15-08-2018,Madhav Mishra,Maharashtra,Nashik
B-25790,14-05-2021,Vikram Mishra,Himachal Pradesh,Manali
B-25791,28-07-2020,Vikas Pillai,West Bengal,Howrah
B-25792,23-12-2018,Dinesh Pillai,Karnataka,Bengaluru
B-25793,29-11-2018,Rekha Patel,Andhra Pradesh,Visakhapatnam
B-25794,5/5/2019,Neha Reddy,Kerala,Kozhikode
B-25795,24-11-2019,Nandita Joshi,Andhra Pradesh,Visakhapatnam
B-25796,19-06-2018,Harivansh Mohan,Himachal Pradesh,Shimla
B-25797,11/12/2020,Madan Reddy,Uttar Pradesh,Mathura
B-25798,14-10-2018,Nandita Bose,Andhra Pradesh,Tirupati
B-25799,18-06-2021,Nandita Singh,Gujarat,Ahmedabad
B-25800,21-09-2020,Vikas Patel,Punjab,Amritsar
B-25801,24-02-2018,Asha Singh,Andhra Pradesh,Tirupati
B-25802,29-12-2018,Pooja Yadav,Haryana,Hisar
B-25803,27-12-2018,Rohit Agarwal,Punjab,Ludhiana
B-25804,11/1/2018,Rohit Reddy,Goa,Margao
B-25805,9/3/2018,Neha Kumar,Tamil Nadu,Madurai
B-25806,18-11-2018,Lalita Verma,Madhya Pradesh,Gwalior
B-25807,16-01-2018,Sunita Gupta,Uttar Pradesh,Mathura
B-25808,7/10/2021,Tushar Verma,Uttar Pradesh,Lucknow
B-25809,9/8/2021,Kavita Nair,Andhra Pradesh,Visakhapatnam
B-25810,29-09-2020,Nandita Chopra,Uttar Pradesh,Mathura
B-25811,5/1/2018,Anita Mohan,Uttar Pradesh,Varanasi
B-25812,20-08-2021,Madhav Bose,Uttar Pradesh,Lucknow
B-25813,13-01-2019,Madhav Agarwal,Rajasthan,Udaipur
B-25814,4/12/2021,Dinesh Singh,Bihar,Gaya
B-25815,26-12-2019,Nandita Joshi,Uttar Pradesh,Kanpur
B-25816,1/4/2021,Gaurav Gupta,Maharashtra,Nagpur
B-25817,6/12/2019,Neha Gupta,Rajasthan,Jaipur
B-25818,28-02-2020,Ravi Das,West Bengal,Siliguri
B-25819,4/6/2018,Vikas Mishra,Andhra Pradesh,Vijayawada
B-25820,13-08-2019,Kavita Das,Uttar Pradesh,Mathura
B-25821,13-06-2021,Vikas Yadav,Maharashtra,Mumbai
B-25822,14-06-2018,Geeta Chopra,Gujarat,Rajkot
B-25823,28-12-2021,Arun Mishra,Uttar Pradesh,Lucknow
B-25824,11/9/2021,Shalini Mohan,West Bengal,Howrah
B-25825,18-05-2018,Amit Sharma,Karnataka,Bengaluru
B-25826,8/2/2021,Meena Pandey,Kerala,Thiruvananthapuram
B-25827,26-01-2021,Anita Bose,Nagaland,Kohima
B-25828,16-11-2018,Amit Reddy,Uttar Pradesh,Mathura
B-25829,11/3/2020,Shalini Mohan,Himachal Pradesh,Manali
B-25830,19-02-2018,Madan Mohan,Karnataka,Hubli
B-25831,25-05-2020,Neha Mishra,Maharashtra,Pune
B-25832,11/2/2019,Dinesh Kumar,Himachal Pradesh,Dharamsala
B-25833,15-11-2018,Suresh Gupta,Andhra Pradesh,Tirupati
B-25834,24-11-2020,Vikas Mohan,Bihar,Gaya
B-25835,28-03-2019,Dinesh Singh,Uttar Pradesh,Lucknow
B-25836,26-05-2021,Asha Nair,Uttar Pradesh,Mathura
B-25837,17-05-2019,Ravi Mishra,Rajasthan,Jodhpur
B-25838,12/3/2021,Jyoti Pillai,West Bengal,Kolkata
B-25839,14-05-2019,Suresh Nair,Delhi,New Delhi
B-25840,7/12/2019,Nandita Tiwari,Kerala,Thiruvananthapuram
B-25841,18-02-2020,Gaurav Nair,Delhi,New Delhi
B-25842,1/1/2021,Manoj Kumar,Bihar,Muzaffarpur
B-25843,18-02-2019,Dinesh Bose,Madhya Pradesh,Indore
B-25844,30-11-2019,Neha Mehta,Delhi,Delhi
B-25845,21-07-2018,Rekha Tiwari,Tamil Nadu,Coimbatore
B-25846,25-12-2019,Kiran Pandey,Gujarat,Vadodara
B-25847,12/1/2019,Arun Das,Tamil Nadu,Chennai
B-25848,26-01-2020,Suresh Gupta,Bihar,Gaya
B-25849,10/10/2019,Gopal Reddy,Goa,Panaji
B-25850,28-09-2020,Vishakha Tiwari,Andhra Pradesh,Vijayawada
B-25851,10/6/2021,Shalini Bose,Maharashtra,Nashik
B-25852,13-11-2020,Vikas Pillai,Gujarat,Surat
B-25853,25-07-2019,Parvati Joshi,Haryana,Gurugram
B-25854,14-02-2018,Asha Bose,Kerala,Thiruvananthapuram
B-25855,12/1/2018,Sneha Pillai,Delhi,Dwarka
B-25856,7/5/2020,Harivansh Agarwal,Bihar,Gaya
B-25857,13-08-2018,Deepa Tiwari,Uttar Pradesh,Kanpur
B-25858,16-09-2018,Geeta Bose,Haryana,Gurugram
B-25859,8/5/2021,Sanjay Malhotra,Madhya Pradesh,Indore
B-25860,11/6/2021,Geeta Pillai,Rajasthan,Udaipur
B-25861,3/11/2021,Rekha Gupta,Uttar Pradesh,Varanasi
B-25862,14-08-2018,Asha Bose,Tamil Nadu,Madurai
B-25863,31-01-2020,Aarav Patel,Delhi,Delhi
B-25864,23-08-2019,Dinesh Das,Himachal Pradesh,Dharamsala
B-25865,3/12/2021,Aarav Joshi,West Bengal,Howrah
B-25866,7/3/2021,Ravi Gupta,Andhra Pradesh,Tirupati
B-25867,20-08-2019,Anita Das,Uttar Pradesh,Lucknow
B-25868,23-08-2021,Gaurav Mehta,Delhi,New Delhi
B-25869,16-07-2020,Sunil Tiwari,Tamil Nadu,Chennai
B-25870,13-05-2019,Rajesh Das,Kerala,Kochi
B-25871,21-11-2021,Anita Pillai,Haryana,Faridabad
B-25872,11/10/2019,Suresh Pandey,West Bengal,Howrah
B-25873,30-03-2020,Geeta Sharma,Andhra Pradesh,Vijayawada
B-25874,14-07-2021,Sanjay Tiwari,Delhi,Dwarka
B-25875,23-05-2020,Rajesh Sharma,Delhi,Delhi
B-25876,7/11/2018,Rahul Verma,West Bengal,Siliguri
B-25877,16-10-2021,Nikhil Joshi,Bihar,Gaya
B-25878,17-09-2018,Madan Iyer,Rajasthan,Jodhpur
B-25879,24-02-2019,Neha Bose,Tamil Nadu,Madurai
B-25880,26-03-2021,Madan Sharma,Jammu and Kashmir,Srinagar
B-25881,16-11-2021,Jyoti Desai,Andhra Pradesh,Tirupati
B-25882,30-07-2021,Meena Pandey,Maharashtra,Mumbai
B-25883,19-11-2019,Manoj Desai,West Bengal,Howrah
B-25884,12/5/2021,Amit Sharma,Punjab,Ludhiana
B-25885,8/5/2020,Rekha Pillai,Rajasthan,Jaipur
B-25886,21-08-2018,Rajesh Gupta,Maharashtra,Nagpur
B-25887,11/7/2018,Parvati Nair,Andhra Pradesh,Tirupati
B-25888,2/1/2018,Suresh Kumar,West Bengal,Howrah
B-25889,12/3/2020,Pooja Chopra,Madhya Pradesh,Indore
B-25890,12/1/2021,Anita Nair,Jammu and Kashmir,Srinagar
B-25891,9/8/2019,Manoj Mohan,Uttar Pradesh,Agra
B-25892,6/5/2018,Rekha Reddy,Uttar Pradesh,Kanpur
B-25893,28-02-2020,Lalita Mishra,Uttar Pradesh,Lucknow
B-25894,8/11/2019,Rajesh Mehta,Kerala,Kochi
B-25895,17-07-2019,Lalita Mohan,Maharashtra,Nagpur
B-25896,27-07-2020,Harivansh Yadav,Bihar,Patna
B-25897,28-03-2018,Gaurav Mohan,Uttar Pradesh,Kanpur
B-25898,23-11-2020,Harivansh Agarwal,Maharashtra,Mumbai
B-25899,24-09-2020,Geeta Shah,Maharashtra,Mumbai
B-25900,30-05-2021,Priya Gupta,Tamil Nadu,Madurai
B-25901,30-07-2018,Rohit Desai,Bihar,Muzaffarpur
B-25902,15-08-2021,Neha Chopra,Haryana,Faridabad
B-25903,11/7/2018,Vikram Yadav,Bihar,Gaya
B-25904,18-05-2020,Nikhil Bose,Delhi,Dwarka
B-25905,15-03-2021,Shalini Agarwal,Gujarat,Surat
B-25906,21-09-2021,Rajesh Patel,Gujarat,Rajkot
B-25907,27-03-2018,Harivansh Sharma,Madhya Pradesh,Bhopal
B-25908,7/2/2020,Rajesh Iyer,Andhra Pradesh,Tirupati
B-25909,18-05-2018,Tushar Yadav,Gujarat,Rajkot
B-25910,16-12-2021,Deepa Shah,Andhra Pradesh,Vijayawada
B-25911,6/5/2019,Kavita Pillai,Kerala,Kozhikode
B-25912,1/12/2018,Vikas Patel,Andhra Pradesh,Tirupati
B-25913,18-10-2018,Vikram Das,West Bengal,Siliguri
B-25914,14-09-2020,Madhav Shah,Uttar Pradesh,Agra
B-25915,9/1/2021,Rekha Bose,Gujarat,Rajkot
B-25916,23-05-2021,Neha Sharma,Karnataka,Bengaluru
B-25917,14-01-2018,Deepa Mehta,Madhya Pradesh,Bhopal
B-25918,4/8/2020,Sunita Chopra,Rajasthan,Kota
B-25919,28-04-2021,Sunil Mohan,Maharashtra,Nagpur
B-25920,23-05-2018,Vishakha Malhotra,Haryana,Gurugram
B-25921,18-10-2019,Amit Mehta,Andhra Pradesh,Vijayawada
B-25922,23-05-2020,Vikram Reddy,Uttar Pradesh,Varanasi
B-25923,14-08-2020,Rajesh Sharma,Himachal Pradesh,Dharamsala
B-25924,24-08-2020,Amit Malhotra,Tamil Nadu,Madurai
B-25925,24-07-2020,Sanjay Shah,Tamil Nadu,Chennai
B-25926,17-09-2020,Shalini Chopra,Gujarat,Ahmedabad
B-25927,5/9/2018,Lalita Joshi,Delhi,Delhi
B-25928,20-11-2021,Shalini Mohan,Bihar,Gaya
B-25929,11/2/2019,Aarav Desai,Uttar Pradesh,Kanpur
B-25930,19-06-2018,Deepa Singh,Uttar Pradesh,Lucknow
B-25931,25-07-2019,Deepa Nair,Madhya Pradesh,Gwalior
B-25932,28-09-2020,Neha Tiwari,Goa,Margao
B-25933,10/9/2021,Shalini Pandey,Nagaland,Dimapur
B-25934,12/7/2018,Gaurav Pandey,West Bengal,Kolkata
B-25935,20-10-2021,Tushar Pillai,Kerala,Kochi
B-25936,10/2/2020,Vishakha Pandey,Punjab,Ludhiana
B-25937,27-03-2020,Rohit Das,Andhra Pradesh,Visakhapatnam
B-25938,28-05-2021,Gaurav Malhotra,Haryana,Hisar
B-25939,26-04-2019,Rajesh Joshi,Rajasthan,Jaipur
B-25940,5/2/2018,Gaurav Pandey,Andhra Pradesh,Visakhapatnam
B-25941,31-07-2019,Amit Tiwari,Andhra Pradesh,Tirupati
B-25942,17-01-2020,Rajesh Das,Kerala,Kozhikode
B-25943,9/1/2019,Amit Singh,Punjab,Ludhiana
B-25944,15-05-2019,Gaurav Pandey,Uttar Pradesh,Mathura
B-25945,12/1/2020,Vikas Chopra,Haryana,Faridabad
B-25946,13-04-2018,Pooja Mishra,Bihar,Muzaffarpur
B-25947,16-04-2021,Pooja Singh,West Bengal,Howrah
B-25948,18-03-2018,Vikram Verma,Uttar Pradesh,Lucknow
B-25949,8/5/2020,Aarav Sharma,Bihar,Patna
B-25950,1/4/2020,Gopal Shah,Punjab,Amritsar
B-25951,2/10/2021,Manoj Das,West Bengal,Siliguri
B-25952,22-07-2020,Sunil Nair,Maharashtra,Nagpur
B-25953,5/11/2020,Lalita Pandey,Maharashtra,Nashik
B-25954,2/7/2018,Nandita Patel,Uttar Pradesh,Varanasi
B-25955,5/4/2020,Shalini Pillai,Uttar Pradesh,Agra
B-25956,27-02-2020,Kavita Pandey,Bihar,Gaya
B-25957,21-07-2021,Madan Joshi,Haryana,Gurugram
B-25958,16-11-2018,Rahul Nair,Uttar Pradesh,Kanpur
B-25959,19-11-2021,Amit Tiwari,Andhra Pradesh,Vijayawada
B-25960,27-10-2018,Nikhil Gupta,Madhya Pradesh,Gwalior
B-25961,25-06-2019,Tushar Patel,Sikkim,Namchi
B-25962,3/10/2021,Amit Joshi,Uttar Pradesh,Mathura
B-25963,12/11/2021,Deepa Sharma,Himachal Pradesh,Dharamsala
B-25964,12/4/2018,Meena Joshi,Nagaland,Dimapur
B-25965,5/2/2018,Harivansh Singh,Punjab,Jalandhar
B-25966,24-11-2019,Rekha Nair,Karnataka,Mysuru
B-25967,23-08-2018,Rohit Mohan,Maharashtra,Mumbai
B-25968,13-08-2021,Rajesh Reddy,Madhya Pradesh,Jabalpur
B-25969,4/9/2021,Neha Agarwal,Punjab,Amritsar
B-25970,27-01-2018,Meena Verma,Uttar Pradesh,Mathura
B-25971,21-04-2021,Anita Mehta,Karnataka,Hubli
B-25972,26-04-2019,Suresh Shah,Gujarat,Ahmedabad
B-25973,8/1/2018,Asha Shah,Goa,Panaji
B-25974,14-12-2020,Sanjay Mishra,Haryana,Faridabad
B-25975,13-05-2018,Madhav Shah,Tamil Nadu,Madurai
B-25976,4/1/2019,Gaurav Tiwari,Uttar Pradesh,Lucknow
B-25977,12/4/2018,Manoj Pandey,Maharashtra,Nashik
B-25978,4/5/2020,Arun Singh,Maharashtra,Nashik
B-25979,17-03-2020,Kiran Shah,West Bengal,Kolkata
B-25980,14-11-2020,Meena Gupta,Goa,Margao
B-25981,30-11-2020,Suresh Yadav,Tamil Nadu,Madurai
B-25982,13-09-2019,Ravi Pandey,Goa,Margao
B-25983,8/1/2018,Gopal Pandey,Maharashtra,Mumbai
B-25984,16-03-2018,Gopal Tiwari,Himachal Pradesh,Shimla
B-25985,13-10-2021,Kavita Sharma,Tamil Nadu,Coimbatore
B-25986,15-10-2020,Rajesh Desai,Gujarat,Vadodara
B-25987,13-10-2018,Vikram Shah,Punjab,Amritsar
B-25988,24-09-2019,Amit Tiwari,Gujarat,Surat
B-25989,29-08-2020,Sneha Malhotra,Tamil Nadu,Madurai
B-25990,28-02-2018,Vikram Agarwal,Karnataka,Mysuru
B-25991,7/9/2020,Vikram Mehta,Bihar,Gaya
B-25992,14-09-2018,Nikhil Shah,Karnataka,Bengaluru
B-25993,17-04-2020,Kavita Bose,Himachal Pradesh,Dharamsala
B-25994,27-09-2021,Gopal Sharma,Uttar Pradesh,Kanpur
B-25995,3/8/2021,Kiran Das,West Bengal,Kolkata
B-25996,27-04-2021,Kiran Patel,Gujarat,Rajkot
B-25997,28-06-2020,Lalita Pandey,Bihar,Muzaffarpur
B-25998,3/12/2021,Rajesh Das,Kerala,Kochi
B-25999,20-03-2020,Harivansh Patel,Delhi,Dwarka
B-26000,18-05-2021,Jyoti Desai,Uttar Pradesh,Agra
B-26001,4/4/2021,Tushar Reddy,Karnataka,Hubli
B-26002,1/1/2021,Vikram Gupta,Madhya Pradesh,Jabalpur
B-26003,10/9/2020,Ravi Gupta,Gujarat,Rajkot
B-26004,18-02-2020,Vikas Sharma,Himachal Pradesh,Shimla
B-26005,14-02-2021,Vishakha Malhotra,Bihar,Gaya
B-26006,2/3/2018,Suresh Pandey,Jammu and Kashmir,Jammu
B-26007,13-09-2018,Geeta Kumar,West Bengal,Howrah
B-26008,7/11/2019,Shalini Shah,Punjab,Jalandhar
B-26009,24-05-2018,Amit Pillai,Jammu and Kashmir,Jammu
B-26010,22-03-2020,Gopal Singh,Himachal Pradesh,Manali
B-26011,14-06-2018,Pooja Joshi,Bihar,Patna
B-26012,25-04-2018,Vishakha Verma,Uttar Pradesh,Varanasi
B-26013,12/1/2019,Manoj Iyer,Punjab,Jalandhar
B-26014,6/1/2019,Nikhil Das,Himachal Pradesh,Manali
B-26015,17-12-2019,Ravi Verma,Kerala,Kozhikode
B-26016,4/2/2018,Deepa Pillai,Maharashtra,Mumbai
B-26017,28-07-2018,Deepa Mishra,Kerala,Kochi
B-26018,11/8/2021,Lalita Agarwal,Karnataka,Bengaluru
B-26019,7/10/2020,Rekha Patel,Punjab,Amritsar
B-26020,2/4/2020,Nandita Yadav,Delhi,Delhi
B-26021,28-11-2018,Sanjay Nair,Andhra Pradesh,Visakhapatnam
B-26022,1/9/2018,Sunil Sharma,Andhra Pradesh,Visakhapatnam
B-26023,28-01-2018,Dinesh Mohan,Maharashtra,Pune
B-26024,20-06-2019,Sunita Agarwal,Kerala,Thiruvananthapuram
B-26025,12/10/2018,Manoj Pandey,Karnataka,Mysuru
B-26026,15-01-2020,Kavita Chopra,Jammu and Kashmir,Jammu
B-26027,20-02-2018,Harivansh Chopra,Tamil Nadu,Madurai
B-26028,8/7/2018,Rekha Joshi,Andhra Pradesh,Tirupati
B-26029,8/5/2021,Vishakha Bose,Haryana,Faridabad
B-26030,8/6/2019,Anita Malhotra,Andhra Pradesh,Vijayawada
B-26031,3/3/2019,Vishakha Mohan,Madhya Pradesh,Gwalior
B-26032,25-03-2019,Manoj Mishra,Rajasthan,Udaipur
B-26033,19-02-2020,Arun Shah,Goa,Margao
B-26034,26-12-2019,Lalita Nair,Nagaland,Dimapur
B-26035,3/11/2020,Rajesh Joshi,Himachal Pradesh,Shimla
B-26036,16-09-2021,Gopal Mohan,Himachal Pradesh,Manali
B-26037,14-07-2021,Kiran Bose,Karnataka,Bengaluru
B-26038,8/6/2020,Rohit Joshi,Bihar,Patna
B-26039,12/11/2018,Rahul Tiwari,Karnataka,Mysuru
B-26040,18-01-2020,Nikhil Chopra,Uttar Pradesh,Varanasi
B-26041,1/6/2021,Vikas Reddy,Delhi,Dwarka
B-26042,16-04-2020,Gaurav Shah,Maharashtra,Nagpur
B-26043,8/9/2019,Kavita Malhotra,Gujarat,Vadodara
B-26044,1/1/2021,Priya Yadav,Uttar Pradesh,Agra
B-26045,16-10-2019,Anita Yadav,Sikkim,Gangtok
B-26046,5/5/2021,Sunita Shah,Maharashtra,Nashik
B-26047,5/12/2018,Aarav Verma,Gujarat,Vadodara
B-26048,19-12-2018,Nandita Nair,Punjab,Jalandhar
B-26049,15-08-2020,Geeta Reddy,West Bengal,Howrah
B-26050,18-10-2018,Tushar Mishra,Maharashtra,Nagpur
B-26051,27-09-2021,Aarav Reddy,Punjab,Amritsar
B-26052,10/5/2018,Sneha Gupta,Madhya Pradesh,Gwalior
B-26053,14-08-2018,Gopal Verma,Haryana,Hisar
B-26054,28-11-2021,Aarav Joshi,Sikkim,Gangtok
B-26055,9/9/2021,Sunita Shah,Uttar Pradesh,Lucknow
B-26056,5/12/2019,Sanjay Singh,Delhi,New Delhi
B-26057,6/5/2021,Manoj Tiwari,Haryana,Hisar
B-26058,22-04-2019,Sanjay Chopra,Kerala,Thiruvananthapuram
B-26059,21-01-2019,Meena Malhotra,Rajasthan,Jaipur
B-26060,17-08-2018,Deepa Reddy,Kerala,Kozhikode
B-26061,1/3/2018,Rekha Patel,Andhra Pradesh,Visakhapatnam
B-26062,1/8/2020,Manoj Gupta,Himachal Pradesh,Dharamsala
B-26063,18-02-2020,Sunita Tiwari,Madhya Pradesh,Indore
B-26064,8/12/2020,Vishakha Chopra,Maharashtra,Pune
B-26065,8/2/2021,Gopal Yadav,Madhya Pradesh,Indore
B-26066,16-06-2019,Arun Verma,Karnataka,Hubli
B-26067,15-06-2018,Tushar Reddy,Madhya Pradesh,Indore
B-26068,3/9/2020,Asha Yadav,Karnataka,Mysuru
B-26069,2/11/2021,Sanjay Pandey,Gujarat,Ahmedabad
B-26070,5/5/2020,Amit Chopra,Delhi,Delhi
B-26071,1/5/2020,Ravi Nair,Maharashtra,Nagpur
B-26072,29-02-2020,Vikram Gupta,Tamil Nadu,Madurai
B-26073,13-10-2019,Shalini Yadav,Goa,Panaji
B-26074,21-05-2020,Manoj Kumar,Delhi,New Delhi
B-26075,28-02-2018,Lalita Iyer,Bihar,Muzaffarpur
B-26076,3/9/2021,Geeta Agarwal,Delhi,Dwarka
B-26077,26-06-2021,Anita Bose,Punjab,Amritsar
B-26078,20-05-2021,Arun Reddy,Uttar Pradesh,Lucknow
B-26079,20-06-2021,Nandita Mishra,Jammu and Kashmir,Jammu
B-26080,8/10/2020,Anita Joshi,Madhya Pradesh,Gwalior
B-26081,14-06-2021,Tushar Shah,Delhi,Delhi
B-26082,18-10-2021,Sneha Das,Maharashtra,Mumbai
B-26083,21-12-2018,Neha Iyer,Karnataka,Hubli
B-26084,12/2/2021,Nikhil Verma,Madhya Pradesh,Gwalior
B-26085,5/7/2018,Vikas Mohan,Delhi,Delhi
B-26086,27-01-2020,Nandita Reddy,Andhra Pradesh,Vijayawada
B-26087,5/4/2018,Deepa Shah,Delhi,Dwarka
B-26088,2/5/2019,Vikram Reddy,Maharashtra,Nashik
B-26089,11/1/2020,Vishakha Das,Andhra Pradesh,Visakhapatnam
B-26090,26-05-2021,Gaurav Singh,Delhi,New Delhi
B-26091,23-08-2019,Tushar Sharma,Rajasthan,Udaipur
B-26092,2/2/2019,Meena Mehta,Tamil Nadu,Chennai
B-26093,17-08-2021,Asha Reddy,Gujarat,Vadodara
B-26094,6/4/2019,Meena Verma,Haryana,Gurugram
B-26095,22-09-2021,Tushar Chopra,Bihar,Muzaffarpur
B-26096,8/8/2021,Vikram Mishra,Uttar Pradesh,Lucknow
B-26097,31-10-2021,Tushar Kumar,Jammu and Kashmir,Jammu
B-26098,23-05-2021,Amit Agarwal,West Bengal,Howrah
B-26099,12/5/2018,Geeta Nair,Tamil Nadu,Madurai
B-26100,17-08-2018,Arun Gupta,Haryana,Gurugram
B-26101,20-04-2018,Lalita Chopra,Maharashtra,Pune
B-26102,17-11-2018,Vikram Pillai,Himachal Pradesh,Manali
B-26103,7/3/2021,Suresh Mishra,Gujarat,Rajkot
B-26104,10/6/2020,Shalini Kumar,Rajasthan,Udaipur
B-26105,8/10/2018,Parvati Mehta,Haryana,Faridabad
B-26106,3/1/2018,Geeta Mohan,Madhya Pradesh,Indore
B-26107,4/2/2020,Rajesh Verma,Maharashtra,Nagpur
B-26108,15-04-2018,Aarav Patel,Uttar Pradesh,Kanpur
B-26109,2/12/2020,Kavita Shah,Bihar,Muzaffarpur
B-26110,12/3/2018,Neha Malhotra,Jammu and Kashmir,Jammu
B-26111,24-04-2018,Kiran Desai,Madhya Pradesh,Jabalpur
B-26112,15-07-2020,Rohit Verma,Maharashtra,Mumbai
B-26113,12/7/2019,Aarav Desai,Karnataka,Bengaluru
B-26114,14-07-2019,Sneha Tiwari,Haryana,Hisar
B-26115,14-12-2019,Asha Mohan,Uttar Pradesh,Lucknow
B-26116,7/5/2019,Arun Shah,Bihar,Patna
B-26117,4/6/2018,Kavita Shah,Nagaland,Dimapur
B-26118,20-12-2018,Suresh Verma,Tamil Nadu,Coimbatore
B-26119,25-07-2018,Kavita Reddy,Maharashtra,Mumbai
B-26120,25-07-2018,Jyoti Joshi,Delhi,Delhi
B-26121,21-07-2018,Kavita Shah,Kerala,Kochi
B-26122,11/1/2020,Kavita Patel,Uttar Pradesh,Varanasi
B-26123,8/2/2019,Suresh Tiwari,Andhra Pradesh,Visakhapatnam
B-26124,28-07-2021,Sneha Reddy,Gujarat,Ahmedabad
B-26125,2/5/2019,Jyoti Pillai,Haryana,Hisar
B-26126,26-06-2018,Shalini Reddy,Rajasthan,Jaipur
B-26127,12/8/2020,Lalita Pillai,Haryana,Hisar
B-26128,22-09-2020,Arun Chopra,Delhi,Delhi
B-26129,17-02-2018,Gopal Gupta,Uttar Pradesh,Mathura
B-26130,14-04-2018,Shalini Sharma,Gujarat,Rajkot
B-26131,10/5/2019,Rekha Shah,Andhra Pradesh,Visakhapatnam
B-26132,1/9/2021,Jyoti Desai,Madhya Pradesh,Bhopal
B-26133,20-03-2019,Ravi Sharma,Bihar,Patna
B-26134,14-08-2018,Tushar Singh,Kerala,Kozhikode
B-26135,15-09-2019,Vishakha Iyer,Jammu and Kashmir,Jammu
B-26136,25-05-2021,Shalini Gupta,Kerala,Thiruvananthapuram
B-26137,25-11-2019,Madan Kumar,Punjab,Ludhiana
B-26138,26-05-2020,Dinesh Singh,Maharashtra,Nashik
B-26139,2/11/2021,Pooja Pandey,Rajasthan,Kota
B-26140,17-10-2018,Arun Reddy,Punjab,Ludhiana
B-26141,7/8/2018,Amit Malhotra,Andhra Pradesh,Vijayawada
B-26142,21-06-2020,Jyoti Reddy,Jammu and Kashmir,Jammu
B-26143,15-01-2020,Dinesh Nair,Gujarat,Surat
B-26144,20-01-2021,Nikhil Chopra,Rajasthan,Jaipur
B-26145,6/12/2018,Amit Nair,Haryana,Hisar
B-26146,15-08-2019,Madan Singh,Madhya Pradesh,Jabalpur
B-26147,20-02-2020,Sunita Chopra,Gujarat,Surat
B-26148,2/1/2018,Vikas Tiwari,Delhi,New Delhi
B-26149,2/5/2020,Vikram Tiwari,Madhya Pradesh,Indore
B-26150,7/2/2020,Sunita Joshi,Bihar,Patna
B-26151,15-05-2021,Rohit Shah,Rajasthan,Jodhpur
B-26152,1/5/2020,Manoj Chopra,Uttar Pradesh,Agra
B-26153,6/3/2020,Harivansh Agarwal,Himachal Pradesh,Dharamsala
B-26154,4/3/2020,Tushar Mehta,West Bengal,Kolkata
B-26155,20-03-2019,Madan Shah,Himachal Pradesh,Shimla
B-26156,7/1/2018,Rahul Iyer,Himachal Pradesh,Manali
B-26157,30-10-2021,Nandita Mohan,Maharashtra,Pune
B-26158,14-11-2021,Meena Yadav,Punjab,Amritsar
B-26159,24-10-2018,Nandita Kumar,Nagaland,Kohima
B-26160,15-09-2020,Anita Agarwal,Madhya Pradesh,Bhopal
B-26161,28-07-2019,Suresh Verma,West Bengal,Kolkata
B-26162,12/2/2020,Deepa Pillai,Uttar Pradesh,Varanasi
B-26163,14-07-2020,Kiran Gupta,Bihar,Gaya
B-26164,9/9/2020,Pooja Mehta,Maharashtra,Mumbai
B-26165,3/1/2021,Pooja Das,Haryana,Faridabad
B-26166,28-08-2021,Anita Chopra,Madhya Pradesh,Jabalpur
B-26167,12/12/2020,Gaurav Malhotra,Karnataka,Hubli
B-26168,2/12/2020,Manoj Pillai,Gujarat,Vadodara
B-26169,6/4/2021,Gaurav Das,Kerala,Kochi
B-26170,9/10/2019,Kiran Gupta,Uttar Pradesh,Mathura
B-26171,15-08-2018,Rekha Shah,Tamil Nadu,Coimbatore
B-26172,5/5/2020,Gopal Mehta,Rajasthan,Jaipur
B-26173,20-01-2018,Arun Singh,Bihar,Muzaffarpur
B-26174,3/11/2021,Harivansh Bose,Tamil Nadu,Chennai
B-26175,15-04-2020,Rajesh Kumar,Delhi,New Delhi
B-26176,21-01-2020,Gopal Das,Karnataka,Hubli
B-26177,28-04-2020,Vikram Bose,Punjab,Jalandhar
B-26178,20-04-2020,Neha Chopra,West Bengal,Siliguri
B-26179,26-05-2018,Meena Pillai,Tamil Nadu,Chennai
B-26180,12/12/2020,Tushar Mohan,Punjab,Jalandhar
B-26181,20-04-2018,Rohit Mehta,Goa,Panaji
B-26182,29-11-2021,Anita Kumar,Rajasthan,Jaipur
B-26183,20-10-2020,Suresh Bose,Sikkim,Namchi
B-26184,22-01-2019,Kiran Kumar,Andhra Pradesh,Tirupati
B-26185,3/2/2019,Sneha Kumar,Karnataka,Bengaluru
B-26186,7/6/2018,Shalini Desai,Tamil Nadu,Coimbatore
B-26187,3/7/2019,Tushar Verma,Rajasthan,Jaipur
B-26188,28-09-2019,Nandita Verma,Maharashtra,Pune
B-26189,16-05-2021,Gopal Malhotra,Madhya Pradesh,Gwalior
B-26190,28-10-2020,Sanjay Mishra,Haryana,Gurugram
B-26191,24-10-2021,Nandita Pillai,Himachal Pradesh,Shimla
B-26192,10/11/2018,Shalini Iyer,Sikkim,Gangtok
B-26193,21-05-2021,Deepa Gupta,West Bengal,Howrah
B-26194,5/8/2018,Geeta Iyer,Uttar Pradesh,Varanasi
B-26195,5/12/2021,Sunita Mishra,Himachal Pradesh,Shimla
B-26196,12/7/2021,Manoj Chopra,Tamil Nadu,Chennai
B-26197,6/8/2018,Sunita Pandey,Delhi,Delhi
B-26198,6/9/2018,Jyoti Agarwal,Maharashtra,Nagpur
B-26199,4/1/2020,Manoj Kumar,Karnataka,Hubli
B-26200,10/2/2021,Manoj Mishra,Maharashtra,Nagpur
B-26201,8/3/2020,Neha Verma,Punjab,Amritsar
B-26202,21-08-2020,Nandita Agarwal,Bihar,Muzaffarpur
B-26203,23-11-2019,Gaurav Verma,Kerala,Thiruvananthapuram
B-26204,25-11-2021,Asha Yadav,Tamil Nadu,Madurai
B-26205,7/1/2021,Ravi Gupta,Kerala,Kozhikode
B-26206,7/3/2018,Sunil Malhotra,Punjab,Amritsar
B-26207,9/12/2021,Vikram Das,Bihar,Patna
B-26208,5/11/2019,Meena Bose,Andhra Pradesh,Visakhapatnam
B-26209,17-05-2018,Neha Nair,Goa,Margao
B-26210,29-01-2019,Arun Das,Uttar Pradesh,Lucknow
B-26211,5/9/2018,Shalini Tiwari,Maharashtra,Nagpur
B-26212,23-01-2018,Sunita Joshi,Delhi,Delhi
B-26213,16-08-2021,Kiran Malhotra,Tamil Nadu,Coimbatore
B-26214,12/7/2018,Gaurav Mehta,Tamil Nadu,Madurai
B-26215,16-04-2019,Anita Bose,Haryana,Gurugram
B-26216,14-01-2019,Kavita Bose,Madhya Pradesh,Indore
B-26217,12/7/2018,Jyoti Kumar,Kerala,Thiruvananthapuram
B-26218,18-08-2019,Rekha Patel,Madhya Pradesh,Gwalior
B-26219,15-11-2018,Rahul Patel,Haryana,Gurugram
B-26220,24-01-2020,Aarav Pandey,Punjab,Ludhiana
B-26221,22-04-2020,Gopal Pandey,West Bengal,Kolkata
B-26222,30-08-2018,Lalita Bose,Kerala,Thiruvananthapuram
B-26223,3/5/2020,Rekha Sharma,Punjab,Jalandhar
B-26224,7/8/2019,Vikram Joshi,Bihar,Patna
B-26225,25-06-2021,Jyoti Desai,Haryana,Gurugram
B-26226,15-08-2020,Priya Mishra,Madhya Pradesh,Bhopal
B-26227,7/9/2019,Harivansh Singh,Haryana,Hisar
B-26228,25-04-2018,Lalita Patel,Andhra Pradesh,Visakhapatnam
B-26229,28-09-2021,Suresh Sharma,Kerala,Thiruvananthapuram
B-26230,25-02-2020,Harivansh Desai,Maharashtra,Pune
B-26231,14-03-2018,Sunita Reddy,Bihar,Muzaffarpur
B-26232,21-02-2020,Arun Pillai,Nagaland,Dimapur
B-26233,13-05-2021,Sunita Patel,Punjab,Amritsar
B-26234,20-04-2019,Jyoti Agarwal,Uttar Pradesh,Agra
B-26235,10/7/2018,Suresh Mohan,Karnataka,Bengaluru
B-26236,31-05-2021,Rahul Desai,Karnataka,Mysuru
B-26237,17-09-2018,Rekha Mohan,Kerala,Kochi
B-26238,26-08-2019,Aarav Agarwal,Gujarat,Surat
B-26239,15-11-2020,Rajesh Iyer,Andhra Pradesh,Visakhapatnam
B-26240,7/9/2019,Nikhil Shah,Punjab,Amritsar
B-26241,12/6/2019,Neha Chopra,Andhra Pradesh,Tirupati
B-26242,14-12-2020,Madan Bose,West Bengal,Howrah
B-26243,18-03-2018,Lalita Bose,Rajasthan,Udaipur
B-26244,13-08-2019,Sunita Joshi,Maharashtra,Pune
B-26245,25-02-2020,Gaurav Gupta,Himachal Pradesh,Manali
B-26246,12/2/2018,Geeta Iyer,Maharashtra,Mumbai
B-26247,28-03-2021,Gopal Patel,Goa,Margao
B-26248,31-05-2021,Rekha Chopra,Tamil Nadu,Chennai
B-26249,25-05-2019,Parvati Bose,Karnataka,Hubli
B-26250,14-05-2020,Vikas Mishra,Maharashtra,Mumbai
B-26251,21-08-2020,Rohit Mishra,Uttar Pradesh,Kanpur
B-26252,13-09-2018,Sunil Mehta,Maharashtra,Mumbai
B-26253,27-04-2021,Tushar Mishra,Maharashtra,Nashik
B-26254,11/3/2019,Rekha Joshi,Rajasthan,Kota
B-26255,27-09-2021,Madan Mehta,Goa,Margao
B-26256,10/7/2020,Tushar Shah,Punjab,Ludhiana
B-26257,24-07-2020,Rahul Bose,Haryana,Faridabad
B-26258,5/12/2021,Rahul Bose,Punjab,Amritsar
B-26259,19-06-2019,Gaurav Das,West Bengal,Kolkata
B-26260,23-02-2018,Neha Mehta,Maharashtra,Nashik
B-26261,30-07-2018,Madhav Agarwal,Bihar,Gaya
B-26262,7/5/2020,Arun Malhotra,Madhya Pradesh,Gwalior
B-26263,6/6/2018,Jyoti Malhotra,Bihar,Patna
B-26264,6/11/2021,Vikram Agarwal,Bihar,Gaya
B-26265,19-06-2019,Parvati Malhotra,Haryana,Gurugram
B-26266,5/8/2019,Neha Yadav,Punjab,Jalandhar
B-26267,9/6/2020,Parvati Mehta,Madhya Pradesh,Gwalior
B-26268,26-10-2019,Rahul Mohan,Madhya Pradesh,Jabalpur
B-26269,16-04-2020,Parvati Reddy,Bihar,Gaya
B-26270,4/4/2018,Amit Pandey,Rajasthan,Udaipur
B-26271,31-12-2018,Sunil Bose,Uttar Pradesh,Varanasi
B-26272,18-04-2021,Kiran Mishra,Karnataka,Bengaluru
B-26273,8/9/2019,Priya Gupta,Madhya Pradesh,Bhopal
B-26274,8/1/2021,Harivansh Pandey,Sikkim,Namchi
B-26275,20-12-2018,Madan Joshi,Bihar,Patna
B-26276,12/7/2021,Sneha Reddy,Bihar,Gaya
B-26277,19-03-2021,Kavita Malhotra,Andhra Pradesh,Tirupati
B-26278,17-04-2018,Madan Nair,Madhya Pradesh,Gwalior
B-26279,29-03-2019,Rahul Malhotra,Tamil Nadu,Chennai
B-26280,12/6/2018,Deepa Das,Himachal Pradesh,Manali
B-26281,16-05-2021,Madhav Singh,Goa,Panaji
B-26282,4/1/2018,Vikas Mohan,West Bengal,Howrah
B-26283,29-10-2018,Dinesh Das,Madhya Pradesh,Jabalpur
B-26284,30-08-2020,Anita Nair,Andhra Pradesh,Vijayawada
B-26285,28-10-2018,Anita Nair,Rajasthan,Jodhpur
B-26286,4/6/2019,Asha Tiwari,Maharashtra,Nagpur
B-26287,5/4/2020,Lalita Desai,Andhra Pradesh,Tirupati
B-26288,16-05-2019,Sanjay Kumar,Himachal Pradesh,Dharamsala
B-26289,5/11/2018,Rajesh Reddy,Andhra Pradesh,Tirupati
B-26290,13-05-2020,Meena Chopra,Rajasthan,Jaipur
B-26291,7/7/2020,Sanjay Kumar,Tamil Nadu,Coimbatore
B-26292,28-07-2019,Gopal Das,Gujarat,Rajkot
B-26293,21-12-2018,Sneha Gupta,Andhra Pradesh,Vijayawada
B-26294,29-06-2020,Jyoti Mishra,Haryana,Hisar
B-26295,11/6/2021,Sunil Desai,Bihar,Gaya
B-26296,27-06-2019,Dinesh Yadav,Punjab,Jalandhar
B-26297,11/8/2019,Kavita Joshi,Tamil Nadu,Madurai
B-26298,16-11-2019,Amit Pillai,Madhya Pradesh,Bhopal
B-26299,2/7/2020,Ravi Iyer,Tamil Nadu,Chennai
B-26300,7/5/2019,Shalini Agarwal,Gujarat,Rajkot
B-26301,31-07-2019,Rahul Iyer,Tamil Nadu,Chennai
B-26302,10/9/2020,Sneha Das,Madhya Pradesh,Gwalior
B-26303,7/5/2021,Geeta Yadav,Maharashtra,Mumbai
B-26304,5/6/2018,Harivansh Chopra,Rajasthan,Jodhpur
B-26305,2/5/2018,Gaurav Pillai,Uttar Pradesh,Mathura
B-26306,10/8/2021,Priya Pillai,Tamil Nadu,Madurai
B-26307,10/3/2018,Sneha Yadav,Andhra Pradesh,Tirupati
B-26308,2/11/2020,Deepa Reddy,Rajasthan,Udaipur
B-26309,5/12/2019,Kavita Mehta,Goa,Margao
B-26310,2/9/2021,Arun Yadav,Maharashtra,Pune
B-26311,15-02-2019,Amit Bose,Gujarat,Ahmedabad
B-26312,16-07-2021,Aarav Verma,Maharashtra,Mumbai
B-26313,14-03-2021,Meena Singh,Uttar Pradesh,Lucknow
B-26314,23-09-2019,Tushar Tiwari,Andhra Pradesh,Vijayawada
B-26315,9/6/2018,Meena Desai,Haryana,Hisar
B-26316,24-10-2020,Parvati Pillai,Rajasthan,Udaipur
B-26317,14-06-2018,Meena Shah,Uttar Pradesh,Agra
B-26318,25-10-2020,Neha Malhotra,Goa,Margao
B-26319,2/4/2020,Arun Singh,Madhya Pradesh,Gwalior
B-26320,21-08-2020,Geeta Bose,West Bengal,Siliguri
B-26321,9/8/2021,Sneha Mehta,Bihar,Patna
B-26322,29-07-2019,Ravi Malhotra,Punjab,Ludhiana
B-26323,6/10/2021,Madan Shah,Tamil Nadu,Madurai
B-26324,11/6/2021,Rahul Malhotra,Andhra Pradesh,Visakhapatnam
B-26325,26-01-2020,Rohit Mishra,Goa,Margao
B-26326,4/2/2018,Nikhil Mohan,Kerala,Thiruvananthapuram
B-26327,3/12/2018,Sanjay Pandey,Maharashtra,Pune
B-26328,22-03-2021,Sunita Chopra,Gujarat,Vadodara
B-26329,5/2/2018,Harivansh Iyer,Tamil Nadu,Madurai
B-26330,11/5/2019,Gaurav Shah,Gujarat,Surat
B-26331,18-05-2018,Manoj Verma,Madhya Pradesh,Bhopal
B-26332,30-06-2018,Jyoti Agarwal,Andhra Pradesh,Vijayawada
B-26333,19-09-2020,Asha Das,Tamil Nadu,Chennai
B-26334,4/2/2021,Tushar Singh,Maharashtra,Nagpur
B-26335,10/12/2018,Manoj Das,Madhya Pradesh,Gwalior
B-26336,20-09-2018,Aarav Nair,Madhya Pradesh,Gwalior
B-26337,1/8/2019,Vikram Sharma,West Bengal,Siliguri
B-26338,8/10/2021,Kiran Malhotra,Maharashtra,Nashik
B-26339,14-08-2021,Sanjay Yadav,Sikkim,Namchi
B-26340,27-04-2020,Asha Chopra,Gujarat,Ahmedabad
B-26341,22-02-2019,Meena Nair,West Bengal,Kolkata
B-26342,1/11/2020,Rajesh Sharma,Delhi,Dwarka
B-26343,5/2/2020,Rajesh Iyer,West Bengal,Howrah
B-26344,14-10-2019,Jyoti Singh,Madhya Pradesh,Gwalior
B-26345,30-07-2021,Kiran Pandey,Delhi,Dwarka
B-26346,18-05-2021,Harivansh Mishra,Tamil Nadu,Madurai
B-26347,29-04-2018,Parvati Mehta,Madhya Pradesh,Indore
B-26348,16-12-2018,Sunil Agarwal,Madhya Pradesh,Indore
B-26349,11/2/2020,Ravi Yadav,Rajasthan,Jodhpur
B-26350,17-03-2019,Jyoti Nair,Jammu and Kashmir,Srinagar
B-26351,18-04-2021,Sanjay Joshi,Bihar,Muzaffarpur
B-26352,7/7/2018,Sunil Pandey,Rajasthan,Jaipur
B-26353,6/2/2019,Jyoti Singh,Karnataka,Mysuru
B-26354,23-01-2019,Manoj Gupta,Haryana,Gurugram
B-26355,1/10/2019,Kiran Kumar,Haryana,Faridabad
B-26356,22-03-2021,Ravi Malhotra,Tamil Nadu,Chennai
B-26357,18-04-2021,Vikram Patel,Uttar Pradesh,Agra
B-26358,13-11-2018,Shalini Nair,Madhya Pradesh,Indore
B-26359,29-08-2019,Rohit Singh,Maharashtra,Mumbai
B-26360,12/11/2019,Gopal Yadav,Maharashtra,Mumbai
B-26361,9/5/2018,Harivansh Reddy,Uttar Pradesh,Mathura
B-26362,22-09-2019,Vikas Sharma,Gujarat,Ahmedabad
B-26363,7/10/2021,Vikram Verma,Kerala,Kozhikode
B-26364,14-04-2020,Vishakha Desai,Himachal Pradesh,Dharamsala
B-26365,3/10/2019,Harivansh Das,Andhra Pradesh,Tirupati
B-26366,4/6/2020,Kavita Malhotra,Karnataka,Mysuru
B-26367,14-09-2019,Pooja Shah,Rajasthan,Jodhpur
B-26368,8/5/2021,Tushar Kumar,Delhi,Dwarka
B-26369,9/5/2021,Rekha Mishra,Delhi,New Delhi
B-26370,21-09-2019,Meena Desai,West Bengal,Kolkata
B-26371,16-02-2018,Sneha Kumar,West Bengal,Siliguri
B-26372,23-02-2020,Madan Pandey,Punjab,Amritsar
B-26373,1/5/2018,Nikhil Mohan,Delhi,Dwarka
B-26374,28-05-2019,Amit Malhotra,Delhi,Dwarka
B-26375,17-10-2018,Sneha Mehta,West Bengal,Kolkata
B-26376,8/11/2021,Meena Mohan,Karnataka,Mysuru
B-26377,30-07-2021,Rohit Patel,Kerala,Thiruvananthapuram
B-26378,20-06-2021,Parvati Agarwal,Jammu and Kashmir,Srinagar
B-26379,19-12-2020,Rajesh Mohan,Maharashtra,Mumbai
B-26380,8/1/2018,Aarav Yadav,Punjab,Amritsar
B-26381,17-09-2021,Gopal Chopra,Delhi,Delhi
B-26382,2/2/2021,Ravi Verma,Haryana,Gurugram
B-26383,26-10-2018,Rahul Verma,Goa,Margao
B-26384,2/7/2019,Sunil Mishra,Punjab,Jalandhar
B-26385,21-09-2018,Manoj Nair,Himachal Pradesh,Shimla
B-26386,24-10-2018,Gaurav Yadav,Uttar Pradesh,Agra
B-26387,17-01-2019,Priya Mishra,Haryana,Hisar
B-26388,8/8/2021,Rahul Pandey,West Bengal,Siliguri
B-26389,22-11-2020,Rohit Sharma,Karnataka,Bengaluru
B-26390,13-08-2019,Sunil Sharma,Delhi,Delhi
B-26391,21-06-2019,Aarav Bose,Karnataka,Mysuru
B-26392,4/9/2020,Manoj Das,Jammu and Kashmir,Jammu
B-26393,19-11-2021,Nandita Mishra,Uttar Pradesh,Varanasi
B-26394,17-02-2018,Manoj Singh,Kerala,Kozhikode
B-26395,11/4/2021,Lalita Mishra,Gujarat,Vadodara
B-26396,23-02-2019,Priya Kumar,West Bengal,Howrah
B-26397,8/7/2021,Gopal Bose,Karnataka,Bengaluru
B-26398,20-11-2020,Sunil Chopra,Bihar,Muzaffarpur
B-26399,25-06-2020,Madan Yadav,Gujarat,Surat
B-26400,1/6/2018,Neha Agarwal,Nagaland,Kohima
B-26401,3/5/2020,Amit Gupta,Tamil Nadu,Chennai
B-26402,30-06-2018,Vikram Malhotra,Tamil Nadu,Madurai
B-26403,22-02-2020,Aarav Iyer,Bihar,Muzaffarpur
B-26404,22-07-2019,Geeta Singh,Rajasthan,Jaipur
B-26405,15-03-2019,Lalita Sharma,Maharashtra,Mumbai
B-26406,10/6/2019,Nikhil Pillai,Karnataka,Mysuru
B-26407,19-05-2019,Sunil Patel,Jammu and Kashmir,Jammu
B-26408,23-09-2019,Suresh Pillai,Haryana,Gurugram
B-26409,16-06-2019,Ravi Pillai,Rajasthan,Udaipur
B-26410,23-04-2019,Asha Das,Delhi,Delhi
B-26411,20-04-2021,Gopal Singh,Jammu and Kashmir,Jammu
B-26412,29-08-2020,Neha Mohan,Uttar Pradesh,Varanasi
B-26413,10/11/2019,Sanjay Gupta,Kerala,Thiruvananthapuram
B-26414,7/10/2020,Aarav Shah,Maharashtra,Nashik
B-26415,7/7/2021,Nikhil Malhotra,Rajasthan,Udaipur
B-26416,18-02-2020,Deepa Pillai,West Bengal,Howrah
B-26417,20-09-2021,Jyoti Tiwari,Delhi,Delhi
B-26418,12/12/2020,Kiran Pandey,Himachal Pradesh,Shimla
B-26419,15-08-2018,Nikhil Nair,Delhi,New Delhi
B-26420,6/3/2019,Priya Bose,West Bengal,Siliguri
B-26421,4/12/2019,Arun Shah,Rajasthan,Kota
B-26422,20-09-2020,Sneha Mohan,Bihar,Patna
B-26423,4/6/2021,Rohit Iyer,Madhya Pradesh,Bhopal
B-26424,9/9/2020,Rekha Malhotra,Maharashtra,Nagpur
B-26425,23-03-2021,Shalini Mishra,Delhi,Delhi
B-26426,2/1/2020,Rajesh Singh,Jammu and Kashmir,Jammu
B-26427,7/12/2019,Madhav Desai,Kerala,Kozhikode
B-26428,4/12/2021,Gaurav Chopra,Maharashtra,Nashik
B-26429,21-07-2019,Meena Tiwari,Uttar Pradesh,Agra
B-26430,14-12-2020,Madan Tiwari,Tamil Nadu,Chennai
B-26431,27-05-2020,Geeta Mishra,Rajasthan,Jaipur
B-26432,17-06-2021,Gaurav Chopra,Gujarat,Vadodara
B-26433,4/4/2019,Rekha Desai,Andhra Pradesh,Vijayawada
B-26434,28-05-2018,Gopal Mohan,Gujarat,Ahmedabad
B-26435,6/6/2021,Rohit Das,Bihar,Gaya
B-26436,2/5/2019,Aarav Verma,Punjab,Amritsar
B-26437,20-12-2019,Lalita Patel,Uttar Pradesh,Mathura
B-26438,22-03-2020,Rajesh Verma,Uttar Pradesh,Agra
B-26439,24-03-2021,Shalini Mohan,Kerala,Kochi
B-26440,30-07-2019,Deepa Gupta,Bihar,Muzaffarpur
B-26441,17-03-2019,Asha Tiwari,Punjab,Ludhiana
B-26442,21-02-2020,Sneha Shah,Uttar Pradesh,Varanasi
B-26443,5/6/2019,Arun Mohan,Haryana,Gurugram
B-26444,21-07-2021,Lalita Verma,Maharashtra,Pune
B-26445,7/2/2019,Asha Shah,Uttar Pradesh,Agra
B-26446,25-03-2019,Geeta Malhotra,Maharashtra,Nashik
B-26447,30-03-2020,Dinesh Kumar,West Bengal,Howrah
B-26448,19-06-2019,Rekha Bose,Tamil Nadu,Coimbatore
B-26449,17-05-2019,Tushar Gupta,West Bengal,Kolkata
B-26450,13-06-2021,Arun Chopra,Tamil Nadu,Madurai
B-26451,5/4/2020,Amit Chopra,Delhi,Dwarka
B-26452,13-11-2019,Neha Agarwal,West Bengal,Howrah
B-26453,2/7/2021,Parvati Singh,Uttar Pradesh,Lucknow
B-26454,26-12-2021,Nikhil Yadav,Andhra Pradesh,Tirupati
B-26455,7/7/2021,Deepa Mehta,Andhra Pradesh,Visakhapatnam
B-26456,16-12-2018,Meena Yadav,Goa,Panaji
B-26457,14-02-2021,Kavita Sharma,Haryana,Faridabad
B-26458,28-11-2019,Harivansh Shah,Delhi,Delhi
B-26459,2/3/2020,Sunita Bose,Maharashtra,Nagpur
B-26460,25-03-2020,Shalini Mohan,Bihar,Gaya
B-26461,20-03-2020,Aarav Das,Himachal Pradesh,Shimla
B-26462,11/9/2020,Madhav Singh,Nagaland,Kohima
B-26463,28-05-2021,Lalita Singh,Gujarat,Vadodara
B-26464,29-01-2020,Suresh Gupta,Punjab,Jalandhar
B-26465,22-07-2019,Asha Kumar,Karnataka,Hubli
B-26466,5/12/2018,Madhav Nair,Haryana,Faridabad
B-26467,19-07-2019,Gaurav Shah,Delhi,Dwarka
B-26468,16-05-2019,Nikhil Mohan,Madhya Pradesh,Jabalpur
B-26469,12/7/2019,Geeta Das,Gujarat,Rajkot
B-26470,16-10-2019,Tushar Verma,Bihar,Gaya
B-26471,30-10-2019,Asha Malhotra,Punjab,Jalandhar
B-26472,21-12-2021,Neha Mohan,Karnataka,Bengaluru
B-26473,3/6/2020,Jyoti Chopra,Kerala,Kochi
B-26474,20-11-2019,Sneha Pillai,Delhi,Delhi
B-26475,6/1/2018,Tushar Iyer,Rajasthan,Jaipur
B-26476,24-09-2020,Rohit Pandey,Maharashtra,Mumbai
B-26477,10/12/2019,Neha Yadav,Punjab,Ludhiana
B-26478,13-09-2018,Anita Tiwari,Uttar Pradesh,Mathura
B-26479,14-11-2019,Manoj Das,Gujarat,Surat
B-26480,13-08-2019,Gaurav Iyer,Maharashtra,Mumbai
B-26481,12/9/2021,Manoj Pandey,Himachal Pradesh,Shimla
B-26482,21-12-2018,Gopal Yadav,Gujarat,Vadodara
B-26483,1/4/2020,Manoj Kumar,Maharashtra,Nagpur
B-26484,20-08-2021,Dinesh Joshi,Uttar Pradesh,Varanasi
B-26485,5/11/2019,Vishakha Das,Maharashtra,Nagpur
B-26486,7/11/2018,Kavita Gupta,Himachal Pradesh,Manali
B-26487,17-12-2019,Sunil Sharma,Karnataka,Hubli
B-26488,7/4/2021,Gopal Chopra,Rajasthan,Udaipur
B-26489,26-09-2020,Vishakha Mehta,Uttar Pradesh,Kanpur
B-26490,4/4/2020,Priya Gupta,Karnataka,Hubli
B-26491,22-06-2019,Pooja Nair,Andhra Pradesh,Visakhapatnam
B-26492,14-03-2019,Asha Das,Uttar Pradesh,Mathura
B-26493,10/8/2020,Vikram Iyer,Andhra Pradesh,Tirupati
B-26494,29-06-2020,Vikram Iyer,Rajasthan,Kota
B-26495,3/10/2021,Tushar Chopra,Rajasthan,Jodhpur
B-26496,19-08-2019,Pooja Shah,Madhya Pradesh,Gwalior
B-26497,17-03-2021,Madhav Verma,Bihar,Patna
B-26498,19-10-2020,Vikas Yadav,Rajasthan,Kota
B-26499,17-03-2018,Pooja Das,Uttar Pradesh,Varanasi
B-26500,6/3/2020,Vikram Sharma,Uttar Pradesh,Agra
B-26501,15-06-2021,Rahul Tiwari,Tamil Nadu,Chennai
B-26502,16-06-2020,Priya Agarwal,Gujarat,Vadodara
B-26503,22-03-2021,Priya Chopra,Himachal Pradesh,Dharamsala
B-26504,8/5/2021,Sunita Mehta,Madhya Pradesh,Indore
B-26505,25-03-2020,Deepa Kumar,Rajasthan,Udaipur
B-26506,30-03-2021,Kavita Tiwari,Himachal Pradesh,Dharamsala
B-26507,18-05-2020,Geeta Agarwal,Haryana,Faridabad
B-26508,10/2/2019,Arun Chopra,Sikkim,Namchi
B-26509,11/10/2021,Gopal Pandey,Bihar,Gaya
B-26510,4/4/2018,Dinesh Verma,Gujarat,Surat
B-26511,29-12-2020,Jyoti Nair,Maharashtra,Mumbai
B-26512,14-03-2019,Sanjay Yadav,Karnataka,Bengaluru
B-26513,7/6/2021,Aarav Singh,Maharashtra,Mumbai
B-26514,21-05-2021,Ravi Joshi,Delhi,Dwarka
B-26515,27-09-2019,Gaurav Reddy,Gujarat,Surat
B-26516,5/10/2019,Shalini Pandey,Rajasthan,Kota
B-26517,23-06-2020,Suresh Pandey,Maharashtra,Mumbai
B-26518,6/2/2019,Aarav Tiwari,Uttar Pradesh,Kanpur
B-26519,11/10/2021,Sanjay Yadav,Rajasthan,Kota
B-26520,18-01-2020,Sunil Gupta,Andhra Pradesh,Visakhapatnam
B-26521,17-11-2020,Sunita Mishra,Delhi,Dwarka
B-26522,30-04-2020,Kavita Malhotra,Gujarat,Vadodara
B-26523,20-12-2021,Suresh Gupta,Tamil Nadu,Madurai
B-26524,10/3/2020,Arun Pillai,Uttar Pradesh,Lucknow
B-26525,8/10/2021,Amit Nair,Karnataka,Bengaluru
B-26526,4/6/2018,Manoj Mohan,Nagaland,Dimapur
B-26527,22-11-2018,Madan Singh,West Bengal,Siliguri
B-26528,28-09-2020,Jyoti Pillai,Karnataka,Bengaluru
B-26529,14-11-2019,Gaurav Joshi,Andhra Pradesh,Vijayawada
B-26530,13-07-2020,Manoj Mohan,Kerala,Thiruvananthapuram
B-26531,2/2/2020,Neha Patel,Andhra Pradesh,Vijayawada
B-26532,28-07-2019,Vikas Singh,Uttar Pradesh,Mathura
B-26533,9/11/2021,Jyoti Tiwari,Tamil Nadu,Madurai
B-26534,3/12/2019,Meena Nair,Andhra Pradesh,Vijayawada
B-26535,20-01-2019,Lalita Sharma,Haryana,Gurugram
B-26536,29-04-2018,Neha Shah,Karnataka,Hubli
B-26537,10/1/2021,Vikram Pandey,Punjab,Ludhiana
B-26538,28-05-2020,Lalita Joshi,Rajasthan,Udaipur
B-26539,14-10-2020,Meena Iyer,Andhra Pradesh,Visakhapatnam
B-26540,6/12/2018,Rahul Singh,Maharashtra,Pune
B-26541,11/2/2019,Kavita Mishra,Maharashtra,Mumbai
B-26542,19-07-2018,Pooja Patel,Gujarat,Surat
B-26543,8/3/2020,Aarav Nair,Uttar Pradesh,Kanpur
B-26544,19-03-2020,Vikas Das,West Bengal,Kolkata
B-26545,19-03-2021,Aarav Bose,Nagaland,Dimapur
B-26546,10/6/2020,Vikram Shah,Maharashtra,Nashik
B-26547,12/2/2020,Deepa Malhotra,Punjab,Amritsar
B-26548,16-09-2020,Sneha Mohan,Bihar,Patna
B-26549,27-07-2021,Sneha Patel,Jammu and Kashmir,Jammu
B-26550,29-10-2018,Priya Joshi,Himachal Pradesh,Dharamsala
B-26551,19-03-2020,Sunil Verma,Kerala,Kochi
B-26552,23-10-2020,Madan Pillai,Maharashtra,Pune
B-26553,6/10/2021,Kiran Agarwal,Tamil Nadu,Madurai
B-26554,4/11/2019,Rohit Iyer,Punjab,Ludhiana
B-26555,4/9/2019,Vikram Pillai,Punjab,Ludhiana
B-26556,17-03-2018,Harivansh Pandey,West Bengal,Kolkata
B-26557,1/6/2021,Rahul Agarwal,Karnataka,Mysuru
B-26558,11/3/2021,Priya Pillai,Rajasthan,Kota
B-26559,14-08-2021,Aarav Reddy,Madhya Pradesh,Gwalior
B-26560,17-09-2021,Pooja Pandey,Goa,Margao
B-26561,30-10-2021,Anita Kumar,Himachal Pradesh,Dharamsala
B-26562,5/2/2020,Sunil Pillai,Uttar Pradesh,Kanpur
B-26563,20-01-2021,Deepa Pillai,Andhra Pradesh,Visakhapatnam
B-26564,4/8/2020,Rekha Patel,Delhi,New Delhi
B-26565,21-05-2019,Suresh Desai,Maharashtra,Nashik
B-26566,11/10/2018,Madhav Patel,Andhra Pradesh,Visakhapatnam
B-26567,15-10-2018,Sunita Kumar,Gujarat,Ahmedabad
B-26568,1/2/2021,Lalita Das,Andhra Pradesh,Vijayawada
B-26569,19-11-2020,Aarav Gupta,Tamil Nadu,Madurai
B-26570,20-04-2019,Rajesh Yadav,Himachal Pradesh,Dharamsala
B-26571,3/9/2019,Rajesh Tiwari,Tamil Nadu,Madurai
B-26572,19-06-2018,Aarav Bose,Andhra Pradesh,Visakhapatnam
B-26573,31-10-2019,Meena Chopra,Madhya Pradesh,Gwalior
B-26574,12/2/2020,Parvati Nair,Rajasthan,Udaipur
B-26575,8/9/2018,Rahul Patel,Rajasthan,Udaipur
B-26576,7/4/2018,Meena Gupta,West Bengal,Kolkata
B-26577,23-01-2019,Meena Pillai,Madhya Pradesh,Jabalpur
B-26578,5/3/2021,Tushar Sharma,Jammu and Kashmir,Jammu
B-26579,19-05-2021,Ravi Kumar,Bihar,Gaya
B-26580,16-06-2018,Dinesh Pandey,Uttar Pradesh,Mathura
B-26581,9/12/2019,Sneha Mehta,Gujarat,Ahmedabad
B-26582,19-03-2021,Asha Singh,Delhi,Dwarka
B-26583,22-02-2020,Aarav Mishra,Uttar Pradesh,Kanpur
B-26584,3/6/2019,Jyoti Reddy,Rajasthan,Udaipur
B-26585,4/3/2019,Kavita Das,Andhra Pradesh,Vijayawada
B-26586,25-08-2018,Sunil Das,Rajasthan,Kota
B-26587,25-07-2020,Ravi Tiwari,Gujarat,Ahmedabad
B-26588,20-01-2018,Madan Iyer,Maharashtra,Nagpur
B-26589,5/9/2021,Tushar Pandey,Gujarat,Surat
B-26590,13-06-2018,Shalini Reddy,Uttar Pradesh,Lucknow
B-26591,29-12-2018,Manoj Pillai,Karnataka,Hubli
B-26592,13-07-2020,Madhav Chopra,West Bengal,Howrah
B-26593,28-11-2019,Pooja Sharma,Madhya Pradesh,Gwalior
B-26594,28-12-2020,Priya Pillai,Madhya Pradesh,Jabalpur
B-26595,21-03-2019,Pooja Shah,Uttar Pradesh,Agra
B-26596,3/3/2020,Rahul Mishra,Tamil Nadu,Chennai
B-26597,17-09-2020,Anita Das,Punjab,Jalandhar
B-26598,8/1/2020,Tushar Pandey,Tamil Nadu,Coimbatore
B-26599,26-04-2020,Pooja Kumar,Uttar Pradesh,Kanpur
B-26600,25-03-2021,Shalini Agarwal,Madhya Pradesh,Jabalpur
B-26601,12/1/2020,Vikas Tiwari,Rajasthan,Kota
B-26602,1/12/2019,Ravi Gupta,Bihar,Gaya
B-26603,7/11/2018,Kiran Agarwal,Haryana,Gurugram
B-26604,30-08-2019,Lalita Mishra,Maharashtra,Mumbai
B-26605,21-02-2019,Tushar Sharma,Punjab,Ludhiana
B-26606,4/11/2021,Madan Mehta,Tamil Nadu,Madurai
B-26607,3/5/2020,Aarav Bose,Andhra Pradesh,Tirupati
B-26608,8/5/2021,Sunita Mohan,Rajasthan,Kota
B-26609,19-05-2018,Neha Mehta,Delhi,New Delhi
B-26610,27-01-2021,Shalini Verma,Kerala,Thiruvananthapuram
B-26611,21-06-2020,Ravi Das,Punjab,Ludhiana
B-26612,25-03-2018,Neha Pillai,Punjab,Ludhiana
B-26613,23-10-2018,Madan Reddy,Bihar,Muzaffarpur
B-26614,12/1/2019,Geeta Singh,Nagaland,Kohima
B-26615,23-04-2018,Geeta Reddy,Sikkim,Gangtok
B-26616,24-09-2018,Sunil Desai,Gujarat,Surat
B-26617,15-09-2021,Priya Bose,Himachal Pradesh,Dharamsala
B-26618,10/12/2018,Vikas Nair,Delhi,Delhi
B-26619,2/11/2021,Kavita Verma,Karnataka,Bengaluru
B-26620,17-06-2021,Tushar Reddy,Maharashtra,Nashik
B-26621,16-02-2018,Rohit Pandey,Tamil Nadu,Coimbatore
B-26622,5/3/2021,Manoj Pandey,Maharashtra,Mumbai
B-26623,27-03-2020,Gaurav Yadav,Kerala,Kochi
B-26624,30-11-2019,Geeta Shah,Tamil Nadu,Coimbatore
B-26625,15-10-2018,Nandita Joshi,Uttar Pradesh,Varanasi
B-26626,5/12/2019,Kavita Chopra,Rajasthan,Jaipur
B-26627,9/3/2018,Madan Iyer,Maharashtra,Nagpur
B-26628,12/8/2019,Jyoti Chopra,Rajasthan,Udaipur
B-26629,18-05-2019,Vikram Kumar,Goa,Panaji
B-26630,9/6/2019,Kiran Yadav,Madhya Pradesh,Gwalior
B-26631,21-10-2018,Nikhil Sharma,Madhya Pradesh,Jabalpur
B-26632,20-04-2020,Asha Gupta,Andhra Pradesh,Visakhapatnam
B-26633,9/9/2020,Sunil Bose,Himachal Pradesh,Dharamsala
B-26634,3/7/2020,Jyoti Agarwal,Uttar Pradesh,Lucknow
B-26635,28-03-2018,Sanjay Malhotra,Punjab,Amritsar
B-26636,12/12/2018,Pooja Reddy,Tamil Nadu,Coimbatore
B-26637,12/3/2018,Meena Desai,Goa,Margao
B-26638,21-02-2021,Rohit Bose,West Bengal,Siliguri
B-26639,27-03-2021,Amit Shah,Karnataka,Hubli
B-26640,10/12/2020,Shalini Patel,West Bengal,Siliguri
B-26641,14-10-2020,Rajesh Pandey,Uttar Pradesh,Lucknow
B-26642,27-09-2019,Parvati Yadav,Karnataka,Bengaluru
B-26643,26-03-2021,Pooja Chopra,West Bengal,Siliguri
B-26644,14-03-2020,Asha Joshi,Delhi,Delhi
B-26645,26-04-2019,Rajesh Patel,Himachal Pradesh,Dharamsala
B-26646,14-01-2018,Shalini Sharma,Uttar Pradesh,Mathura
B-26647,7/12/2021,Priya Patel,Bihar,Gaya
B-26648,25-11-2019,Meena Gupta,Jammu and Kashmir,Srinagar
B-26649,26-10-2021,Kiran Malhotra,Haryana,Gurugram
B-26650,18-06-2018,Dinesh Yadav,Madhya Pradesh,Gwalior
B-26651,17-05-2018,Rohit Iyer,Bihar,Muzaffarpur
B-26652,9/10/2018,Suresh Verma,Tamil Nadu,Coimbatore
B-26653,11/4/2020,Sneha Gupta,Tamil Nadu,Coimbatore
B-26654,24-08-2021,Rahul Kumar,Madhya Pradesh,Jabalpur
B-26655,26-10-2021,Parvati Das,Maharashtra,Pune
B-26656,15-04-2018,Sanjay Malhotra,Andhra Pradesh,Vijayawada
B-26657,30-12-2020,Madhav Joshi,Rajasthan,Jodhpur
B-26658,18-02-2019,Aarav Pillai,Goa,Margao
B-26659,18-10-2018,Kavita Pandey,Himachal Pradesh,Manali
B-26660,31-12-2020,Aarav Bose,Uttar Pradesh,Mathura
B-26661,16-06-2019,Madhav Das,Goa,Panaji
B-26662,15-04-2019,Amit Agarwal,Bihar,Gaya
B-26663,21-09-2021,Jyoti Mishra,Bihar,Patna
B-26664,25-06-2021,Ravi Sharma,Uttar Pradesh,Mathura
B-26665,7/8/2018,Parvati Bose,Bihar,Gaya
B-26666,2/10/2021,Amit Sharma,Kerala,Thiruvananthapuram
B-26667,31-05-2018,Parvati Gupta,Uttar Pradesh,Varanasi
B-26668,13-11-2018,Sunil Malhotra,Rajasthan,Jodhpur
B-26669,3/5/2019,Sanjay Pandey,Delhi,Dwarka
B-26670,10/7/2020,Aarav Iyer,Punjab,Amritsar
B-26671,3/9/2020,Tushar Mishra,Bihar,Muzaffarpur
B-26672,31-07-2018,Madhav Shah,Goa,Margao
B-26673,23-10-2019,Pooja Singh,Gujarat,Surat
B-26674,22-05-2021,Geeta Singh,Maharashtra,Pune
B-26675,9/2/2018,Ravi Mishra,Karnataka,Mysuru
B-26676,12/9/2019,Pooja Joshi,West Bengal,Howrah
B-26677,23-02-2021,Ravi Reddy,Punjab,Amritsar
B-26678,29-02-2020,Amit Yadav,Punjab,Jalandhar
B-26679,22-01-2021,Kavita Pandey,Uttar Pradesh,Agra
B-26680,30-08-2021,Parvati Chopra,Rajasthan,Jodhpur
B-26681,15-08-2021,Arun Pandey,Karnataka,Mysuru
B-26682,18-12-2018,Manoj Joshi,Delhi,New Delhi
B-26683,9/2/2019,Madhav Joshi,Kerala,Thiruvananthapuram
B-26684,28-11-2020,Dinesh Patel,Punjab,Ludhiana
B-26685,12/1/2020,Shalini Kumar,Madhya Pradesh,Jabalpur
B-26686,27-12-2021,Asha Reddy,West Bengal,Siliguri
B-26687,19-08-2021,Priya Patel,Punjab,Jalandhar
B-26688,7/4/2018,Sanjay Iyer,West Bengal,Siliguri
B-26689,8/2/2018,Vikas Gupta,Madhya Pradesh,Jabalpur
B-26690,14-04-2018,Rahul Malhotra,Uttar Pradesh,Agra
B-26691,20-01-2018,Nandita Singh,Gujarat,Vadodara
B-26692,16-09-2020,Sanjay Chopra,Gujarat,Vadodara
B-26693,10/12/2018,Rohit Agarwal,Haryana,Hisar
B-26694,11/10/2018,Amit Yadav,Maharashtra,Pune
B-26695,9/3/2018,Sanjay Bose,Karnataka,Bengaluru
B-26696,19-04-2018,Nandita Singh,Rajasthan,Udaipur
B-26697,13-07-2021,Anita Kumar,Haryana,Gurugram
B-26698,13-08-2020,Kavita Kumar,Jammu and Kashmir,Srinagar
B-26699,31-07-2020,Sunita Patel,Andhra Pradesh,Visakhapatnam
B-26700,14-06-2019,Dinesh Mishra,Gujarat,Ahmedabad
B-26701,24-01-2018,Suresh Mehta,Maharashtra,Pune
B-26702,22-03-2019,Madhav Desai,Bihar,Muzaffarpur
B-26703,13-07-2019,Geeta Joshi,Delhi,Dwarka
B-26704,8/1/2021,Kavita Mohan,Rajasthan,Kota
B-26705,2/11/2021,Sneha Pandey,Bihar,Gaya
B-26706,18-06-2018,Gopal Reddy,Tamil Nadu,Chennai
B-26707,12/12/2018,Kiran Bose,Rajasthan,Jodhpur
B-26708,9/9/2019,Ravi Malhotra,Rajasthan,Kota
B-26709,27-10-2019,Aarav Verma,Rajasthan,Jodhpur
B-26710,24-05-2021,Parvati Sharma,Punjab,Jalandhar
B-26711,26-07-2021,Anita Bose,Madhya Pradesh,Jabalpur
B-26712,12/4/2020,Suresh Mohan,Madhya Pradesh,Bhopal
B-26713,13-07-2020,Lalita Chopra,Maharashtra,Nagpur
B-26714,14-10-2019,Manoj Tiwari,Jammu and Kashmir,Jammu
B-26715,27-12-2018,Kavita Kumar,Andhra Pradesh,Vijayawada
B-26716,11/5/2021,Deepa Malhotra,Haryana,Gurugram
B-26717,5/6/2020,Geeta Yadav,Karnataka,Mysuru
B-26718,15-03-2021,Sanjay Desai,Maharashtra,Pune
B-26719,1/11/2021,Parvati Agarwal,Punjab,Ludhiana
B-26720,17-10-2019,Neha Malhotra,Rajasthan,Jodhpur
B-26721,11/11/2021,Gopal Patel,Bihar,Muzaffarpur
B-26722,22-11-2021,Sanjay Mishra,Gujarat,Surat
B-26723,12/11/2020,Vikram Reddy,Maharashtra,Nashik
B-26724,22-04-2019,Rekha Mishra,Maharashtra,Pune
B-26725,14-04-2018,Sunita Reddy,Gujarat,Ahmedabad
B-26726,2/1/2019,Deepa Joshi,Rajasthan,Udaipur
B-26727,14-02-2018,Parvati Shah,Andhra Pradesh,Tirupati
B-26728,28-07-2020,Kiran Verma,Maharashtra,Nagpur
B-26729,2/4/2018,Harivansh Singh,Andhra Pradesh,Visakhapatnam
B-26730,25-05-2019,Amit Mishra,Uttar Pradesh,Mathura
B-26731,25-09-2020,Meena Yadav,Jammu and Kashmir,Jammu
B-26732,30-12-2020,Dinesh Verma,Karnataka,Mysuru
B-26733,22-07-2021,Anita Iyer,Delhi,Dwarka
B-26734,8/11/2021,Asha Mishra,Andhra Pradesh,Visakhapatnam
B-26735,11/6/2018,Tushar Desai,Delhi,New Delhi
B-26736,29-06-2018,Amit Mishra,Maharashtra,Mumbai
B-26737,22-09-2020,Nikhil Singh,Punjab,Amritsar
B-26738,9/12/2019,Rahul Yadav,Rajasthan,Jodhpur
B-26739,11/11/2021,Asha Desai,Goa,Panaji
B-26740,16-06-2021,Shalini Kumar,Madhya Pradesh,Jabalpur
B-26741,6/10/2019,Gopal Chopra,Jammu and Kashmir,Jammu
B-26742,4/6/2020,Sanjay Patel,Jammu and Kashmir,Srinagar
B-26743,23-07-2019,Sneha Reddy,Uttar Pradesh,Kanpur
B-26744,4/9/2018,Sneha Gupta,Tamil Nadu,Chennai
B-26745,6/10/2021,Jyoti Tiwari,Andhra Pradesh,Tirupati
B-26746,4/6/2020,Kavita Mishra,Delhi,Delhi
B-26747,27-07-2020,Arun Singh,Madhya Pradesh,Gwalior
B-26748,12/11/2018,Anita Mishra,Punjab,Jalandhar
B-26749,29-02-2020,Lalita Yadav,Nagaland,Dimapur
B-26750,4/5/2021,Geeta Das,Tamil Nadu,Coimbatore
B-26751,24-01-2019,Neha Pandey,Goa,Panaji
B-26752,31-10-2020,Priya Malhotra,Rajasthan,Jaipur
B-26753,12/8/2018,Priya Singh,West Bengal,Howrah
B-26754,16-07-2018,Anita Malhotra,Maharashtra,Pune
B-26755,21-09-2020,Lalita Mehta,Bihar,Patna
B-26756,6/1/2021,Nandita Nair,Uttar Pradesh,Kanpur
B-26757,6/9/2021,Pooja Agarwal,Jammu and Kashmir,Srinagar
B-26758,14-04-2020,Lalita Chopra,Haryana,Hisar
B-26759,23-12-2019,Meena Mehta,Karnataka,Mysuru
B-26760,11/5/2020,Nandita Verma,Sikkim,Gangtok
B-26761,15-09-2021,Tushar Agarwal,Madhya Pradesh,Jabalpur
B-26762,14-02-2021,Jyoti Patel,Andhra Pradesh,Visakhapatnam
B-26763,9/12/2020,Priya Sharma,Gujarat,Surat
B-26764,26-09-2020,Kiran Sharma,Rajasthan,Jaipur
B-26765,10/10/2021,Vikas Das,Delhi,Delhi
B-26766,27-07-2020,Neha Yadav,Gujarat,Ahmedabad
B-26767,12/8/2020,Nikhil Reddy,Rajasthan,Jaipur
B-26768,28-12-2020,Sanjay Verma,Rajasthan,Kota
B-26769,1/12/2020,Nandita Pillai,Kerala,Kozhikode
B-26770,31-01-2020,Vikram Mohan,Maharashtra,Nagpur
B-26771,29-05-2021,Sunil Nair,Gujarat,Ahmedabad
B-26772,17-06-2019,Madan Chopra,Maharashtra,Mumbai
B-26773,9/6/2020,Madan Mehta,Bihar,Gaya
B-26774,9/7/2020,Vishakha Singh,Tamil Nadu,Coimbatore
B-26775,3/10/2020,Vikram Singh,Gujarat,Vadodara
B-26776,1/6/2020,Priya Yadav,Nagaland,Dimapur
B-26777,3/4/2020,Neha Joshi,Maharashtra,Mumbai
B-26778,28-10-2020,Anita Mohan,Kerala,Kochi
B-26779,20-04-2021,Deepa Sharma,Rajasthan,Jodhpur
B-26780,17-12-2019,Nikhil Yadav,Gujarat,Surat
B-26781,7/5/2019,Shalini Pandey,Gujarat,Surat
B-26782,7/2/2018,Rajesh Kumar,Andhra Pradesh,Tirupati
B-26783,15-02-2021,Shalini Kumar,Punjab,Amritsar
B-26784,1/5/2020,Vikram Yadav,Maharashtra,Nashik
B-26785,10/10/2021,Deepa Sharma,Tamil Nadu,Chennai
B-26786,22-06-2019,Anita Gupta,Jammu and Kashmir,Jammu
B-26787,22-11-2019,Harivansh Sharma,Nagaland,Dimapur
B-26788,29-08-2019,Tushar Verma,Bihar,Muzaffarpur
B-26789,16-03-2018,Parvati Pillai,West Bengal,Kolkata
B-26790,9/3/2021,Dinesh Agarwal,Kerala,Kochi
B-26791,1/12/2020,Lalita Chopra,Delhi,New Delhi
B-26792,19-07-2018,Rohit Nair,Uttar Pradesh,Agra
B-26793,25-05-2019,Nikhil Reddy,Rajasthan,Jaipur
B-26794,26-02-2018,Rahul Pillai,Uttar Pradesh,Lucknow
B-26795,3/10/2019,Kiran Desai,Madhya Pradesh,Bhopal
B-26796,6/2/2018,Dinesh Pandey,Goa,Margao
B-26797,6/8/2018,Geeta Pillai,Punjab,Jalandhar
B-26798,25-04-2020,Harivansh Iyer,Gujarat,Rajkot
B-26799,9/11/2018,Lalita Desai,Bihar,Patna
B-26800,6/1/2020,Vikram Mehta,Punjab,Ludhiana
B-26801,18-11-2018,Deepa Mishra,Delhi,New Delhi
B-26802,18-07-2021,Rohit Verma,Uttar Pradesh,Lucknow
B-26803,27-05-2019,Priya Gupta,Maharashtra,Nagpur
B-26804,21-03-2018,Vishakha Agarwal,Rajasthan,Kota
B-26805,29-07-2018,Sunita Yadav,Uttar Pradesh,Agra
B-26806,28-11-2020,Parvati Malhotra,Uttar Pradesh,Agra
B-26807,29-07-2018,Nikhil Mohan,Delhi,Dwarka
B-26808,25-01-2018,Madhav Singh,Gujarat,Rajkot
B-26809,30-03-2018,Jyoti Kumar,Tamil Nadu,Chennai
B-26810,1/4/2021,Amit Chopra,Bihar,Gaya
B-26811,19-07-2019,Dinesh Mohan,Punjab,Jalandhar
B-26812,14-02-2021,Madan Nair,Gujarat,Vadodara
B-26813,15-10-2018,Shalini Agarwal,Punjab,Jalandhar
B-26814,1/8/2019,Asha Joshi,Delhi,Delhi
B-26815,24-11-2018,Manoj Pandey,Himachal Pradesh,Manali
B-26816,4/1/2021,Jyoti Agarwal,Delhi,Delhi
B-26817,16-05-2019,Ravi Reddy,Gujarat,Vadodara
B-26818,22-01-2020,Priya Reddy,Jammu and Kashmir,Srinagar
B-26819,27-12-2020,Priya Pandey,Delhi,Dwarka
B-26820,19-02-2020,Tushar Kumar,West Bengal,Kolkata
B-26821,22-05-2021,Kavita Tiwari,Punjab,Amritsar
B-26822,24-02-2020,Meena Sharma,Maharashtra,Mumbai
B-26823,23-10-2020,Parvati Malhotra,Delhi,Delhi
B-26824,3/4/2021,Gaurav Gupta,Rajasthan,Kota
B-26825,9/9/2021,Nandita Gupta,Tamil Nadu,Madurai
B-26826,22-09-2020,Sneha Shah,Himachal Pradesh,Shimla
B-26827,16-08-2019,Suresh Verma,Maharashtra,Mumbai
B-26828,30-07-2019,Meena Nair,Rajasthan,Jaipur
B-26829,16-08-2018,Sunil Mohan,Uttar Pradesh,Mathura
B-26830,2/12/2019,Meena Pandey,Haryana,Gurugram
B-26831,7/10/2019,Pooja Das,Tamil Nadu,Madurai
B-26832,5/1/2018,Asha Joshi,Gujarat,Vadodara
B-26833,28-04-2020,Aarav Pillai,Rajasthan,Jaipur
B-26834,2/3/2020,Ravi Kumar,Madhya Pradesh,Jabalpur
B-26835,14-12-2020,Neha Singh,Uttar Pradesh,Mathura
B-26836,22-06-2019,Gopal Agarwal,Maharashtra,Nashik
B-26837,14-09-2018,Deepa Das,Madhya Pradesh,Jabalpur
B-26838,13-05-2021,Rekha Verma,Gujarat,Vadodara
B-26839,25-02-2018,Sanjay Nair,Tamil Nadu,Coimbatore
B-26840,28-06-2019,Manoj Desai,Kerala,Kozhikode
B-26841,11/12/2020,Geeta Sharma,Punjab,Amritsar
B-26842,21-05-2019,Nandita Kumar,Haryana,Faridabad
B-26843,13-06-2021,Vikas Singh,Delhi,Dwarka
B-26844,8/4/2020,Asha Singh,Uttar Pradesh,Kanpur
B-26845,4/2/2018,Sanjay Patel,Gujarat,Rajkot
B-26846,20-12-2019,Sanjay Singh,Haryana,Hisar
B-26847,4/4/2018,Gopal Chopra,West Bengal,Howrah
B-26848,10/5/2019,Meena Tiwari,Tamil Nadu,Chennai
B-26849,24-02-2018,Jyoti Desai,Andhra Pradesh,Vijayawada
B-26850,28-08-2019,Sneha Kumar,Delhi,Delhi
B-26851,22-03-2020,Priya Agarwal,West Bengal,Kolkata
B-26852,6/5/2018,Rekha Das,Madhya Pradesh,Jabalpur
B-26853,8/8/2020,Nandita Joshi,Tamil Nadu,Coimbatore
B-26854,25-07-2021,Tushar Mehta,Punjab,Jalandhar
B-26855,1/6/2019,Nikhil Singh,Gujarat,Surat
B-26856,10/4/2020,Vikram Sharma,Sikkim,Namchi
B-26857,17-08-2020,Aarav Singh,Gujarat,Surat
B-26858,1/9/2021,Shalini Mishra,Punjab,Ludhiana
B-26859,4/5/2021,Rajesh Nair,Karnataka,Bengaluru
B-26860,28-06-2020,Nikhil Kumar,Delhi,Delhi
B-26861,24-06-2020,Vikram Pillai,Haryana,Faridabad
B-26862,17-04-2018,Priya Iyer,Punjab,Amritsar
B-26863,10/7/2018,Rekha Joshi,Madhya Pradesh,Gwalior
B-26864,16-11-2019,Tushar Bose,Gujarat,Surat
B-26865,21-04-2019,Sanjay Tiwari,Nagaland,Dimapur
B-26866,21-09-2021,Parvati Malhotra,Andhra Pradesh,Tirupati
B-26867,3/12/2019,Vishakha Patel,Maharashtra,Mumbai
B-26868,10/9/2020,Rahul Nair,Rajasthan,Udaipur
B-26869,15-05-2019,Aarav Verma,Madhya Pradesh,Bhopal
B-26870,27-02-2020,Rohit Yadav,Maharashtra,Nashik
B-26871,17-08-2018,Gaurav Chopra,Kerala,Thiruvananthapuram
B-26872,28-04-2019,Vikram Das,Maharashtra,Nagpur
B-26873,25-05-2020,Deepa Iyer,Bihar,Muzaffarpur
B-26874,8/11/2018,Rajesh Malhotra,Karnataka,Mysuru
B-26875,13-12-2020,Madan Mishra,Goa,Panaji
B-26876,27-06-2021,Deepa Chopra,Nagaland,Dimapur
B-26877,7/2/2021,Ravi Tiwari,Uttar Pradesh,Mathura
B-26878,10/5/2019,Rekha Pillai,Maharashtra,Mumbai
B-26879,13-09-2020,Nandita Agarwal,Gujarat,Ahmedabad
B-26880,31-05-2020,Aarav Yadav,Andhra Pradesh,Tirupati
B-26881,27-07-2018,Shalini Reddy,Karnataka,Mysuru
B-26882,29-05-2021,Amit Kumar,Tamil Nadu,Chennai
B-26883,6/3/2020,Amit Mishra,Uttar Pradesh,Varanasi
B-26884,15-02-2021,Gaurav Nair,Jammu and Kashmir,Jammu
B-26885,23-06-2019,Rohit Joshi,Andhra Pradesh,Tirupati
B-26886,31-12-2020,Nandita Das,Uttar Pradesh,Agra
B-26887,19-09-2021,Harivansh Yadav,Bihar,Patna
B-26888,12/5/2021,Kavita Iyer,Nagaland,Dimapur
B-26889,25-11-2021,Vikram Malhotra,Himachal Pradesh,Manali
B-26890,25-03-2020,Tushar Gupta,Andhra Pradesh,Visakhapatnam
B-26891,22-05-2021,Anita Mishra,Uttar Pradesh,Lucknow
B-26892,8/3/2020,Anita Sharma,Uttar Pradesh,Mathura
B-26893,16-08-2018,Anita Singh,Karnataka,Mysuru
B-26894,1/6/2018,Sneha Singh,Tamil Nadu,Coimbatore
B-26895,30-01-2019,Sunil Iyer,Karnataka,Hubli
B-26896,30-06-2021,Lalita Singh,Delhi,Delhi
B-26897,19-04-2019,Aarav Verma,Haryana,Hisar
B-26898,14-11-2020,Amit Mohan,Rajasthan,Udaipur
B-26899,25-09-2021,Madan Pillai,Kerala,Kozhikode
B-26900,7/11/2021,Sunil Agarwal,Gujarat,Surat
B-26901,12/10/2021,Neha Singh,Uttar Pradesh,Agra
B-26902,19-12-2020,Pooja Chopra,Haryana,Faridabad
B-26903,10/7/2021,Kavita Mohan,Sikkim,Namchi
B-26904,12/10/2019,Sneha Singh,Punjab,Amritsar
B-26905,28-05-2018,Nikhil Shah,Delhi,Delhi
B-26906,12/2/2018,Sneha Nair,Rajasthan,Kota
B-26907,12/8/2019,Pooja Chopra,Andhra Pradesh,Tirupati
B-26908,13-07-2021,Sanjay Sharma,Delhi,New Delhi
B-26909,21-06-2019,Pooja Pandey,Kerala,Kozhikode
B-26910,4/5/2019,Arun Mehta,Delhi,Dwarka
B-26911,2/6/2021,Tushar Singh,Gujarat,Rajkot
B-26912,8/6/2020,Rekha Sharma,Tamil Nadu,Chennai
B-26913,7/4/2019,Parvati Tiwari,Uttar Pradesh,Varanasi
B-26914,13-04-2019,Sunita Mishra,Delhi,Dwarka
B-26915,2/11/2018,Rohit Das,West Bengal,Kolkata
B-26916,19-02-2020,Nandita Reddy,Gujarat,Vadodara
B-26917,24-05-2021,Gaurav Pillai,Madhya Pradesh,Bhopal
B-26918,17-01-2019,Harivansh Patel,West Bengal,Howrah
B-26919,11/6/2019,Manoj Joshi,Haryana,Faridabad
B-26920,24-05-2019,Arun Pandey,Rajasthan,Kota
B-26921,4/11/2020,Pooja Kumar,Uttar Pradesh,Lucknow
B-26922,29-03-2019,Priya Bose,Maharashtra,Mumbai
B-26923,19-10-2019,Sunil Chopra,Gujarat,Vadodara
B-26924,12/10/2019,Gopal Desai,Haryana,Hisar
B-26925,25-04-2018,Madan Pandey,Tamil Nadu,Coimbatore
B-26926,22-12-2020,Shalini Desai,Uttar Pradesh,Agra
B-26927,27-03-2021,Vikram Pandey,Delhi,Dwarka
B-26928,30-06-2019,Madan Reddy,Gujarat,Ahmedabad
B-26929,24-04-2020,Sunita Malhotra,Goa,Margao
B-26930,16-02-2018,Neha Gupta,Delhi,Dwarka
B-26931,1/9/2019,Suresh Shah,Karnataka,Bengaluru
B-26932,28-06-2021,Harivansh Yadav,Nagaland,Dimapur
B-26933,17-08-2020,Sanjay Malhotra,Gujarat,Surat
B-26934,17-05-2021,Gopal Chopra,Tamil Nadu,Coimbatore
B-26935,11/12/2019,Suresh Pillai,Goa,Panaji
B-26936,6/6/2019,Geeta Iyer,Haryana,Gurugram
B-26937,12/5/2018,Shalini Tiwari,Maharashtra,Nashik
B-26938,22-07-2020,Aarav Nair,Haryana,Faridabad
B-26939,31-10-2018,Gopal Agarwal,Jammu and Kashmir,Jammu
B-26940,1/6/2020,Vikram Kumar,Delhi,Dwarka
B-26941,21-08-2019,Kiran Nair,Maharashtra,Mumbai
B-26942,17-01-2021,Priya Yadav,Andhra Pradesh,Visakhapatnam
B-26943,7/3/2018,Lalita Pandey,Delhi,Delhi
B-26944,10/7/2021,Manoj Mohan,Himachal Pradesh,Dharamsala
B-26945,13-08-2020,Sanjay Patel,Karnataka,Bengaluru
B-26946,24-08-2020,Nikhil Mehta,Maharashtra,Pune
B-26947,27-07-2021,Geeta Reddy,Rajasthan,Udaipur
B-26948,19-08-2019,Jyoti Yadav,Delhi,Delhi
B-26949,24-08-2020,Amit Sharma,Uttar Pradesh,Kanpur
B-26950,16-02-2018,Sunil Joshi,Delhi,New Delhi
B-26951,3/6/2019,Suresh Bose,Haryana,Gurugram
B-26952,30-09-2020,Gaurav Pandey,Gujarat,Surat
B-26953,12/7/2021,Rohit Mishra,Uttar Pradesh,Varanasi
B-26954,2/11/2019,Gopal Mishra,Uttar Pradesh,Mathura
B-26955,7/2/2018,Vishakha Singh,Uttar Pradesh,Mathura
B-26956,20-06-2021,Asha Pandey,Himachal Pradesh,Manali
B-26957,25-12-2021,Amit Gupta,Gujarat,Surat
B-26958,2/3/2019,Anita Sharma,Maharashtra,Mumbai
B-26959,14-07-2020,Amit Gupta,Maharashtra,Mumbai
B-26960,11/11/2018,Nikhil Reddy,Uttar Pradesh,Lucknow
B-26961,3/10/2021,Rekha Tiwari,Delhi,Dwarka
B-26962,17-07-2019,Rajesh Das,Madhya Pradesh,Bhopal
B-26963,22-03-2021,Pooja Bose,Rajasthan,Jodhpur
B-26964,21-02-2021,Rahul Desai,Delhi,New Delhi
B-26965,23-12-2021,Rohit Reddy,Delhi,New Delhi
B-26966,7/6/2021,Madan Shah,Gujarat,Vadodara
B-26967,19-01-2018,Kavita Nair,Tamil Nadu,Coimbatore
B-26968,5/2/2020,Rekha Iyer,Uttar Pradesh,Mathura
B-26969,8/3/2020,Vikram Bose,Andhra Pradesh,Tirupati
B-26970,8/8/2020,Aarav Sharma,Haryana,Faridabad
B-26971,18-08-2019,Madhav Shah,Uttar Pradesh,Agra
B-26972,5/9/2021,Vikram Chopra,Andhra Pradesh,Visakhapatnam
B-26973,3/4/2021,Sneha Pandey,Delhi,Delhi
B-26974,15-04-2021,Amit Joshi,Uttar Pradesh,Agra
B-26975,13-01-2018,Harivansh Sharma,Kerala,Thiruvananthapuram
B-26976,14-06-2021,Parvati Pandey,Gujarat,Surat
B-26977,8/9/2018,Madhav Patel,Haryana,Faridabad
B-26978,24-11-2018,Kavita Pandey,Delhi,Dwarka
B-26979,5/2/2021,Anita Mishra,Bihar,Muzaffarpur
B-26980,31-01-2019,Ravi Mohan,Gujarat,Vadodara
B-26981,27-04-2019,Gopal Iyer,Rajasthan,Udaipur
B-26982,14-10-2020,Rohit Patel,Jammu and Kashmir,Srinagar
B-26983,5/5/2021,Vishakha Verma,Rajasthan,Jaipur
B-26984,26-08-2018,Madhav Patel,Karnataka,Mysuru
B-26985,3/11/2020,Arun Patel,Gujarat,Surat
B-26986,3/4/2020,Priya Reddy,Uttar Pradesh,Kanpur
B-26987,20-07-2019,Jyoti Pillai,Uttar Pradesh,Lucknow
B-26988,10/2/2018,Manoj Yadav,Karnataka,Hubli
B-26989,5/11/2020,Aarav Pandey,Rajasthan,Kota
B-26990,30-08-2018,Jyoti Bose,Uttar Pradesh,Agra
B-26991,26-09-2018,Sunita Desai,Sikkim,Gangtok
B-26992,24-01-2020,Madhav Pandey,Rajasthan,Udaipur
B-26993,6/5/2021,Sunita Verma,Madhya Pradesh,Gwalior
B-26994,28-02-2021,Sneha Das,Madhya Pradesh,Jabalpur
B-26995,12/5/2021,Nandita Singh,Uttar Pradesh,Lucknow
B-26996,8/7/2020,Tushar Shah,Maharashtra,Nagpur
B-26997,10/11/2019,Ravi Bose,Goa,Margao
B-26998,28-05-2019,Harivansh Tiwari,Uttar Pradesh,Kanpur
B-26999,2/1/2018,Sunil Pillai,Goa,Margao
B-27000,22-12-2020,Parvati Das,West Bengal,Kolkata
B-27001,12/8/2018,Gopal Tiwari,West Bengal,Kolkata
B-27002,7/1/2019,Pooja Nair,Maharashtra,Nashik
B-27003,5/5/2018,Aarav Mehta,Maharashtra,Nashik
B-27004,5/6/2020,Suresh Gupta,Haryana,Hisar
B-27005,29-03-2021,Nikhil Pillai,Kerala,Kochi
B-27006,15-01-2018,Dinesh Iyer,Andhra Pradesh,Visakhapatnam
B-27007,28-08-2018,Kavita Malhotra,Tamil Nadu,Madurai
B-27008,1/8/2021,Shalini Pillai,Tamil Nadu,Madurai
B-27009,17-09-2018,Ravi Kumar,Kerala,Thiruvananthapuram
B-27010,26-11-2021,Rohit Verma,West Bengal,Kolkata
B-27011,9/3/2019,Nikhil Tiwari,Bihar,Muzaffarpur
B-27012,29-11-2020,Gopal Gupta,Bihar,Muzaffarpur
B-27013,9/8/2021,Sunil Desai,Bihar,Muzaffarpur
B-27014,28-08-2021,Vikram Shah,Rajasthan,Udaipur
B-27015,26-04-2019,Parvati Das,Andhra Pradesh,Visakhapatnam
B-27016,15-04-2018,Parvati Sharma,Kerala,Thiruvananthapuram
B-27017,1/5/2019,Dinesh Pillai,Maharashtra,Nagpur
B-27018,21-07-2019,Harivansh Das,Haryana,Hisar
B-27019,12/9/2021,Manoj Joshi,Maharashtra,Mumbai
B-27020,14-07-2020,Rohit Pillai,West Bengal,Kolkata
B-27021,22-05-2020,Amit Agarwal,Kerala,Thiruvananthapuram
B-27022,7/8/2019,Sanjay Joshi,Rajasthan,Udaipur
B-27023,9/3/2021,Vikram Pandey,Andhra Pradesh,Tirupati
B-27024,15-06-2019,Kavita Mishra,Punjab,Jalandhar
B-27025,5/3/2019,Gaurav Mehta,Madhya Pradesh,Indore
B-27026,4/8/2020,Nandita Pandey,Karnataka,Mysuru
B-27027,16-01-2020,Lalita Mishra,Gujarat,Surat
B-27028,8/10/2021,Dinesh Mishra,Gujarat,Ahmedabad
B-27029,14-02-2020,Shalini Mehta,Madhya Pradesh,Bhopal
B-27030,20-09-2019,Priya Chopra,Tamil Nadu,Madurai
B-27031,8/3/2019,Anita Das,Kerala,Kochi
B-27032,7/11/2021,Ravi Das,Jammu and Kashmir,Srinagar
B-27033,6/11/2021,Rajesh Mishra,Nagaland,Kohima
B-27034,4/10/2020,Lalita Shah,Maharashtra,Pune
B-27035,1/11/2018,Rajesh Nair,Rajasthan,Udaipur
B-27036,2/8/2019,Aarav Reddy,West Bengal,Howrah
B-27037,6/4/2021,Tushar Desai,Madhya Pradesh,Gwalior
B-27038,28-10-2021,Priya Malhotra,Delhi,Delhi
B-27039,11/10/2018,Rohit Mishra,Maharashtra,Nashik
B-27040,3/5/2019,Harivansh Pandey,Nagaland,Dimapur
B-27041,1/9/2018,Vikas Desai,Gujarat,Vadodara
B-27042,1/5/2021,Anita Nair,Delhi,Delhi
B-27043,19-05-2019,Rekha Chopra,Bihar,Gaya
B-27044,18-05-2020,Gaurav Mishra,Tamil Nadu,Madurai
B-27045,13-05-2019,Gopal Mishra,Andhra Pradesh,Tirupati
B-27046,13-07-2020,Priya Gupta,Uttar Pradesh,Kanpur
B-27047,21-08-2018,Shalini Iyer,Uttar Pradesh,Kanpur
B-27048,26-09-2019,Manoj Yadav,Punjab,Ludhiana
B-27049,13-03-2020,Pooja Patel,Uttar Pradesh,Varanasi
B-27050,26-05-2019,Nandita Singh,Jammu and Kashmir,Srinagar
B-27051,5/9/2020,Aarav Bose,Madhya Pradesh,Jabalpur
B-27052,9/4/2020,Vikram Gupta,Delhi,Delhi
B-27053,13-01-2021,Kavita Mohan,Haryana,Gurugram
B-27054,17-01-2020,Madan Joshi,Maharashtra,Nagpur
B-27055,24-05-2019,Aarav Iyer,Andhra Pradesh,Vijayawada
B-27056,28-11-2019,Tushar Mishra,Uttar Pradesh,Kanpur
B-27057,11/3/2019,Madhav Bose,Uttar Pradesh,Kanpur
B-27058,24-09-2020,Jyoti Desai,Karnataka,Mysuru
B-27059,20-03-2019,Sanjay Mohan,Delhi,New Delhi
B-27060,28-01-2019,Parvati Malhotra,Punjab,Ludhiana
B-27061,21-10-2021,Sneha Verma,Uttar Pradesh,Lucknow
B-27062,22-11-2021,Kavita Agarwal,Punjab,Jalandhar
B-27063,15-09-2021,Deepa Bose,Tamil Nadu,Madurai
B-27064,5/2/2018,Sunita Tiwari,Delhi,Delhi
B-27065,1/3/2021,Geeta Yadav,Jammu and Kashmir,Srinagar
B-27066,31-03-2020,Vikram Das,Rajasthan,Jaipur
B-27067,3/6/2020,Ravi Sharma,West Bengal,Kolkata
B-27068,29-11-2019,Vikram Patel,Uttar Pradesh,Lucknow
B-27069,11/4/2021,Neha Iyer,Madhya Pradesh,Indore
B-27070,25-07-2020,Arun Desai,Gujarat,Surat
B-27071,23-08-2018,Madan Patel,Rajasthan,Jodhpur
B-27072,5/11/2021,Kavita Tiwari,Karnataka,Hubli
B-27073,24-07-2021,Suresh Malhotra,Punjab,Jalandhar
B-27074,13-02-2020,Gaurav Gupta,Delhi,New Delhi
B-27075,5/4/2019,Rahul Chopra,Uttar Pradesh,Lucknow
B-27076,5/5/2020,Priya Verma,West Bengal,Kolkata
B-27077,25-10-2018,Lalita Reddy,Kerala,Thiruvananthapuram
B-27078,27-07-2019,Sunita Das,Rajasthan,Udaipur
B-27079,9/8/2019,Gaurav Shah,Madhya Pradesh,Jabalpur
B-27080,8/12/2018,Sunil Gupta,Uttar Pradesh,Lucknow
B-27081,5/11/2018,Kiran Pandey,Nagaland,Kohima
B-27082,12/6/2018,Kiran Bose,Goa,Panaji
B-27083,20-08-2019,Manoj Bose,Haryana,Faridabad
B-27084,27-10-2020,Tushar Mishra,Delhi,New Delhi
B-27085,2/10/2020,Sneha Sharma,Tamil Nadu,Coimbatore
B-27086,19-11-2021,Rahul Mohan,Gujarat,Vadodara
B-27087,20-06-2020,Deepa Pandey,Kerala,Thiruvananthapuram
B-27088,29-12-2018,Vishakha Das,Maharashtra,Nashik
B-27089,24-11-2021,Manoj Chopra,Bihar,Muzaffarpur
B-27090,19-06-2019,Aarav Das,Uttar Pradesh,Varanasi
B-27091,13-07-2019,Sneha Mishra,Gujarat,Rajkot
B-27092,19-04-2018,Arun Singh,Delhi,Dwarka
B-27093,18-11-2020,Lalita Desai,Gujarat,Surat
B-27094,22-01-2021,Asha Gupta,Andhra Pradesh,Visakhapatnam
B-27095,11/5/2021,Amit Mehta,Karnataka,Bengaluru
B-27096,1/4/2020,Suresh Pandey,Kerala,Thiruvananthapuram
B-27097,11/6/2019,Pooja Das,Uttar Pradesh,Agra
B-27098,6/2/2019,Dinesh Singh,Kerala,Thiruvananthapuram
B-27099,10/3/2018,Madhav Agarwal,Rajasthan,Kota
B-27100,16-01-2021,Lalita Sharma,Karnataka,Bengaluru
B-27101,14-11-2021,Rohit Agarwal,Madhya Pradesh,Jabalpur
B-27102,28-03-2021,Vishakha Mohan,Uttar Pradesh,Kanpur
B-27103,8/4/2021,Nikhil Nair,West Bengal,Kolkata
B-27104,22-06-2019,Amit Shah,Haryana,Gurugram
B-27105,4/2/2020,Rekha Singh,Tamil Nadu,Chennai
B-27106,23-06-2018,Parvati Desai,Uttar Pradesh,Varanasi
B-27107,13-02-2021,Manoj Shah,Uttar Pradesh,Kanpur
B-27108,6/1/2018,Pooja Chopra,Uttar Pradesh,Varanasi
B-27109,4/11/2021,Rohit Chopra,Tamil Nadu,Chennai
B-27110,22-01-2020,Kiran Verma,Bihar,Muzaffarpur
B-27111,31-07-2018,Anita Chopra,Karnataka,Bengaluru
B-27112,7/8/2019,Sanjay Reddy,Gujarat,Vadodara
B-27113,25-06-2020,Nandita Agarwal,Gujarat,Surat
B-27114,20-08-2021,Vikas Bose,Uttar Pradesh,Mathura
B-27115,2/11/2019,Suresh Singh,Uttar Pradesh,Varanasi
B-27116,2/1/2018,Anita Tiwari,Gujarat,Ahmedabad
B-27117,13-10-2020,Sunil Malhotra,Andhra Pradesh,Tirupati
B-27118,28-12-2018,Aarav Yadav,Uttar Pradesh,Agra
B-27119,24-09-2021,Vikas Pillai,Gujarat,Surat
B-27120,11/12/2021,Gaurav Patel,Uttar Pradesh,Mathura
B-27121,13-10-2021,Sunita Desai,West Bengal,Howrah
B-27122,17-01-2020,Gaurav Desai,Gujarat,Rajkot
B-27123,13-10-2021,Madhav Mohan,Maharashtra,Nashik
B-27124,21-10-2019,Nandita Malhotra,Sikkim,Namchi
B-27125,6/6/2019,Kiran Yadav,Delhi,Dwarka
B-27126,20-10-2021,Gaurav Malhotra,Maharashtra,Pune
B-27127,26-04-2018,Vikas Singh,Andhra Pradesh,Visakhapatnam
B-27128,17-12-2019,Neha Das,Madhya Pradesh,Gwalior
B-27129,10/7/2018,Rajesh Reddy,Gujarat,Surat
B-27130,28-06-2020,Arun Agarwal,Rajasthan,Kota
B-27131,16-02-2020,Jyoti Kumar,Rajasthan,Kota
B-27132,10/1/2018,Nikhil Mishra,Madhya Pradesh,Indore
B-27133,26-07-2020,Asha Desai,Kerala,Thiruvananthapuram
B-27134,2/12/2020,Asha Desai,Rajasthan,Jaipur
B-27135,18-07-2019,Rekha Pillai,Punjab,Jalandhar
B-27136,30-04-2018,Neha Mishra,Bihar,Patna
B-27137,4/8/2019,Priya Tiwari,Madhya Pradesh,Gwalior
B-27138,28-06-2019,Madhav Sharma,Punjab,Jalandhar
B-27139,16-02-2021,Arun Nair,Delhi,New Delhi
B-27140,14-05-2019,Harivansh Gupta,Goa,Panaji
B-27141,19-07-2018,Pooja Singh,Haryana,Gurugram
B-27142,6/12/2021,Nikhil Yadav,Karnataka,Bengaluru
B-27143,30-12-2020,Manoj Bose,Haryana,Hisar
B-27144,2/6/2021,Sunil Tiwari,Sikkim,Namchi
B-27145,6/5/2021,Sanjay Patel,Uttar Pradesh,Agra
B-27146,27-03-2021,Sneha Kumar,Bihar,Patna
B-27147,18-04-2018,Ravi Malhotra,Haryana,Hisar
B-27148,18-07-2019,Jyoti Sharma,Tamil Nadu,Chennai
B-27149,16-11-2018,Deepa Tiwari,Tamil Nadu,Coimbatore
B-27150,14-11-2018,Gopal Desai,Goa,Margao
B-27151,19-09-2021,Amit Sharma,Madhya Pradesh,Gwalior
B-27152,31-08-2019,Jyoti Patel,Karnataka,Hubli
B-27153,18-09-2020,Sunil Kumar,Rajasthan,Jodhpur
B-27154,12/5/2018,Vikas Chopra,Goa,Margao
B-27155,31-05-2021,Jyoti Iyer,Gujarat,Rajkot
B-27156,11/1/2018,Vikas Patel,Punjab,Ludhiana
B-27157,1/8/2018,Shalini Malhotra,Himachal Pradesh,Manali
B-27158,29-10-2021,Shalini Patel,Uttar Pradesh,Kanpur
B-27159,10/6/2018,Ravi Patel,Bihar,Muzaffarpur
B-27160,8/4/2018,Rekha Yadav,Karnataka,Hubli
B-27161,6/1/2019,Arun Das,Tamil Nadu,Coimbatore
B-27162,23-06-2021,Lalita Mehta,Kerala,Thiruvananthapuram
B-27163,22-04-2021,Jyoti Mehta,Gujarat,Rajkot
B-27164,9/11/2019,Vikas Iyer,Madhya Pradesh,Gwalior
B-27165,14-07-2020,Vikas Singh,Maharashtra,Mumbai
B-27166,25-08-2018,Gaurav Gupta,Rajasthan,Jodhpur
B-27167,1/5/2020,Aarav Pandey,Madhya Pradesh,Jabalpur
B-27168,8/1/2019,Ravi Mishra,Nagaland,Kohima
B-27169,1/12/2021,Tushar Nair,Maharashtra,Pune
B-27170,22-11-2020,Nandita Sharma,Delhi,New Delhi
B-27171,17-12-2020,Vikas Joshi,Gujarat,Surat
B-27172,14-05-2020,Gopal Bose,Delhi,Delhi
B-27173,8/1/2020,Sneha Shah,Karnataka,Bengaluru
B-27174,15-12-2021,Amit Pandey,West Bengal,Kolkata
B-27175,11/8/2020,Rahul Tiwari,Gujarat,Vadodara
B-27176,27-11-2020,Rahul Mishra,Goa,Panaji
B-27177,15-02-2020,Priya Gupta,Haryana,Faridabad
B-27178,25-07-2021,Asha Reddy,Maharashtra,Pune
B-27179,20-06-2020,Sunita Mohan,Rajasthan,Kota
B-27180,19-05-2018,Jyoti Bose,Kerala,Kochi
B-27181,6/8/2019,Asha Das,Tamil Nadu,Coimbatore
B-27182,6/5/2020,Rajesh Singh,Karnataka,Bengaluru
B-27183,24-09-2018,Suresh Nair,Himachal Pradesh,Shimla
B-27184,3/10/2020,Jyoti Patel,Himachal Pradesh,Manali
B-27185,10/1/2021,Anita Agarwal,Gujarat,Vadodara
B-27186,28-11-2021,Asha Yadav,Kerala,Kozhikode
B-27187,10/11/2019,Lalita Agarwal,Andhra Pradesh,Vijayawada
B-27188,5/6/2020,Harivansh Pandey,Karnataka,Bengaluru
B-27189,6/12/2020,Rahul Patel,Kerala,Kozhikode
B-27190,25-10-2021,Nikhil Patel,Madhya Pradesh,Indore
B-27191,17-12-2018,Nikhil Pandey,Himachal Pradesh,Manali
B-27192,11/4/2021,Priya Mishra,Karnataka,Hubli
B-27193,13-07-2019,Madan Pillai,West Bengal,Siliguri
B-27194,13-12-2020,Asha Patel,Himachal Pradesh,Shimla
B-27195,19-11-2021,Jyoti Joshi,Gujarat,Ahmedabad
B-27196,4/11/2019,Deepa Verma,Maharashtra,Pune
B-27197,13-10-2021,Kiran Desai,Himachal Pradesh,Manali
B-27198,6/7/2018,Kiran Nair,Rajasthan,Jaipur
B-27199,2/3/2019,Arun Agarwal,Bihar,Gaya
B-27200,17-09-2018,Geeta Malhotra,Bihar,Gaya
B-27201,6/10/2018,Arun Shah,Haryana,Faridabad
B-27202,17-01-2019,Shalini Gupta,Bihar,Muzaffarpur
B-27203,15-02-2020,Rahul Malhotra,Maharashtra,Mumbai
B-27204,1/11/2020,Shalini Das,Himachal Pradesh,Manali
B-27205,15-06-2020,Meena Malhotra,Uttar Pradesh,Lucknow
B-27206,25-09-2021,Jyoti Reddy,Karnataka,Mysuru
B-27207,30-07-2021,Gopal Mohan,Haryana,Faridabad
B-27208,13-05-2019,Madhav Bose,Delhi,Dwarka
B-27209,22-09-2018,Geeta Chopra,Kerala,Kochi
B-27210,25-04-2018,Manoj Mishra,Maharashtra,Nagpur
B-27211,16-12-2021,Tushar Chopra,Maharashtra,Pune
B-27212,4/8/2020,Sanjay Malhotra,Kerala,Kochi
B-27213,15-12-2018,Sunil Yadav,Karnataka,Mysuru
B-27214,16-02-2018,Asha Pandey,Delhi,New Delhi
B-27215,27-03-2018,Deepa Mishra,Madhya Pradesh,Gwalior
B-27216,20-04-2020,Nikhil Desai,Rajasthan,Jodhpur
B-27217,31-03-2021,Geeta Das,Kerala,Thiruvananthapuram
B-27218,2/8/2018,Vikram Bose,Gujarat,Ahmedabad
B-27219,7/1/2020,Tushar Bose,Kerala,Thiruvananthapuram
B-27220,29-03-2020,Ravi Reddy,Bihar,Gaya
B-27221,18-02-2020,Nandita Sharma,Madhya Pradesh,Gwalior
B-27222,20-11-2020,Manoj Malhotra,Nagaland,Dimapur
B-27223,13-04-2019,Neha Patel,Haryana,Hisar
B-27224,25-05-2018,Kiran Joshi,Himachal Pradesh,Manali
B-27225,23-12-2019,Jyoti Das,West Bengal,Howrah
B-27226,1/3/2018,Aarav Tiwari,Tamil Nadu,Chennai
B-27227,5/5/2019,Gaurav Iyer,Jammu and Kashmir,Jammu
B-27228,23-11-2018,Sneha Iyer,Uttar Pradesh,Kanpur
B-27229,19-02-2018,Sunil Desai,Madhya Pradesh,Indore
B-27230,24-06-2018,Amit Pandey,Uttar Pradesh,Lucknow
B-27231,25-03-2021,Lalita Sharma,Haryana,Gurugram
B-27232,30-10-2020,Dinesh Singh,Tamil Nadu,Coimbatore
B-27233,22-10-2018,Jyoti Reddy,Maharashtra,Nashik
B-27234,30-01-2021,Gaurav Verma,Madhya Pradesh,Indore
B-27235,20-03-2018,Jyoti Tiwari,Uttar Pradesh,Mathura
B-27236,20-01-2020,Neha Nair,Gujarat,Surat
B-27237,30-10-2019,Rohit Das,Uttar Pradesh,Kanpur
B-27238,2/10/2020,Kiran Mehta,Rajasthan,Jaipur
B-27239,15-10-2019,Madan Yadav,Punjab,Jalandhar
B-27240,25-06-2021,Vishakha Das,Haryana,Hisar
B-27241,29-09-2021,Vikas Yadav,Goa,Margao
B-27242,9/3/2021,Madhav Desai,Punjab,Ludhiana
B-27243,22-02-2018,Madhav Mishra,West Bengal,Kolkata
B-27244,10/11/2021,Madan Gupta,Punjab,Jalandhar
B-27245,19-06-2018,Geeta Kumar,Madhya Pradesh,Gwalior
B-27246,10/8/2019,Suresh Shah,Maharashtra,Nagpur
B-27247,25-11-2018,Harivansh Gupta,Rajasthan,Udaipur
B-27248,21-10-2018,Anita Das,West Bengal,Siliguri
B-27249,14-08-2021,Lalita Patel,Rajasthan,Jaipur
B-27250,18-03-2020,Harivansh Kumar,Tamil Nadu,Madurai
B-27251,12/7/2021,Sunita Singh,Madhya Pradesh,Gwalior
B-27252,3/10/2020,Vikas Pandey,Madhya Pradesh,Bhopal
B-27253,3/5/2018,Neha Verma,Karnataka,Hubli
B-27254,5/10/2018,Shalini Mohan,Andhra Pradesh,Tirupati
B-27255,21-06-2019,Ravi Nair,Uttar Pradesh,Varanasi
B-27256,17-10-2018,Asha Verma,Delhi,Dwarka
B-27257,13-01-2020,Kavita Patel,Rajasthan,Jaipur
B-27258,12/12/2018,Vikas Joshi,Uttar Pradesh,Lucknow
B-27259,8/4/2021,Rajesh Bose,Maharashtra,Mumbai
B-27260,25-03-2021,Manoj Singh,Delhi,Dwarka
B-27261,1/7/2018,Sunil Verma,Andhra Pradesh,Tirupati
B-27262,4/12/2018,Gopal Chopra,Punjab,Jalandhar
B-27263,9/3/2021,Anita Pandey,Uttar Pradesh,Kanpur
B-27264,29-05-2021,Manoj Singh,Delhi,Dwarka
B-27265,30-04-2019,Deepa Mishra,Madhya Pradesh,Indore
B-27266,26-06-2018,Sunil Desai,Uttar Pradesh,Mathura
B-27267,22-02-2019,Asha Malhotra,Goa,Panaji
B-27268,21-06-2019,Lalita Pandey,Andhra Pradesh,Visakhapatnam
B-27269,18-02-2019,Neha Desai,Rajasthan,Kota
B-27270,18-11-2021,Sunita Das,Gujarat,Rajkot
B-27271,28-06-2018,Sunita Chopra,Maharashtra,Pune
B-27272,26-08-2018,Pooja Gupta,Uttar Pradesh,Lucknow
B-27273,22-06-2021,Meena Pandey,Haryana,Hisar
B-27274,21-06-2018,Sanjay Verma,Uttar Pradesh,Varanasi
B-27275,18-09-2019,Sunil Verma,Delhi,Dwarka
B-27276,18-05-2021,Anita Shah,Himachal Pradesh,Dharamsala
B-27277,27-12-2021,Suresh Pillai,Andhra Pradesh,Vijayawada
B-27278,11/9/2019,Vishakha Patel,Delhi,Dwarka
B-27279,9/8/2018,Parvati Pillai,Uttar Pradesh,Lucknow
B-27280,24-05-2018,Neha Nair,Madhya Pradesh,Bhopal
B-27281,12/7/2018,Geeta Gupta,Maharashtra,Nashik
B-27282,6/7/2021,Rohit Chopra,Uttar Pradesh,Agra
B-27283,28-12-2021,Suresh Chopra,Uttar Pradesh,Lucknow
B-27284,15-11-2021,Sunil Pillai,Uttar Pradesh,Mathura
B-27285,2/11/2020,Shalini Joshi,Uttar Pradesh,Mathura
B-27286,18-08-2018,Kavita Malhotra,Maharashtra,Pune
B-27287,16-02-2018,Kavita Iyer,Jammu and Kashmir,Jammu
B-27288,28-04-2021,Vishakha Bose,Uttar Pradesh,Kanpur
B-27289,6/6/2018,Manoj Mehta,Gujarat,Rajkot
B-27290,8/12/2019,Anita Pandey,Bihar,Gaya
B-27291,11/12/2021,Deepa Yadav,Haryana,Hisar
B-27292,29-07-2020,Deepa Reddy,Uttar Pradesh,Kanpur
B-27293,4/3/2019,Pooja Agarwal,Uttar Pradesh,Lucknow
B-27294,18-09-2021,Dinesh Mohan,Bihar,Patna
B-27295,10/7/2018,Anita Mishra,Rajasthan,Kota
B-27296,5/3/2018,Rajesh Pillai,Punjab,Amritsar
B-27297,4/5/2018,Arun Agarwal,Tamil Nadu,Chennai
B-27298,28-01-2018,Gopal Desai,Punjab,Ludhiana
B-27299,8/5/2021,Rohit Agarwal,Haryana,Gurugram
B-27300,8/10/2018,Kavita Nair,Haryana,Gurugram
B-27301,1/3/2018,Dinesh Kumar,Rajasthan,Udaipur
B-27302,6/12/2020,Aarav Sharma,Punjab,Amritsar
B-27303,16-07-2019,Anita Shah,Gujarat,Surat
B-27304,9/1/2019,Neha Joshi,Maharashtra,Mumbai
B-27305,11/4/2020,Madhav Shah,Rajasthan,Udaipur
B-27306,8/8/2019,Jyoti Pandey,Bihar,Patna
B-27307,30-06-2021,Kiran Reddy,Gujarat,Ahmedabad
B-27308,29-03-2021,Dinesh Patel,Delhi,New Delhi
B-27309,14-01-2021,Deepa Tiwari,Andhra Pradesh,Vijayawada
B-27310,16-07-2019,Gopal Mishra,Sikkim,Gangtok
B-27311,10/3/2019,Gaurav Kumar,West Bengal,Howrah
B-27312,19-02-2018,Neha Joshi,Bihar,Patna
B-27313,27-04-2019,Arun Chopra,Himachal Pradesh,Shimla
B-27314,26-01-2021,Dinesh Nair,Andhra Pradesh,Tirupati
B-27315,24-07-2021,Rajesh Gupta,Jammu and Kashmir,Srinagar
B-27316,8/3/2018,Manoj Pandey,Maharashtra,Nagpur
B-27317,18-06-2020,Vishakha Mehta,Madhya Pradesh,Jabalpur
B-27318,15-07-2019,Nikhil Bose,Rajasthan,Udaipur
B-27319,21-07-2018,Rohit Reddy,Bihar,Patna
B-27320,24-09-2018,Priya Agarwal,Maharashtra,Nashik
B-27321,13-11-2019,Gopal Patel,Punjab,Ludhiana
B-27322,29-03-2020,Priya Kumar,Maharashtra,Nagpur
B-27323,10/1/2018,Lalita Kumar,Delhi,New Delhi
B-27324,3/6/2019,Meena Yadav,Gujarat,Ahmedabad
B-27325,18-12-2021,Asha Pandey,Maharashtra,Nashik
B-27326,21-05-2018,Suresh Bose,Himachal Pradesh,Shimla
B-27327,28-07-2018,Asha Agarwal,West Bengal,Kolkata
B-27328,8/2/2020,Suresh Singh,Bihar,Patna
B-27329,29-03-2020,Rahul Mishra,Madhya Pradesh,Gwalior
B-27330,16-02-2020,Gopal Iyer,Delhi,New Delhi
B-27331,22-10-2020,Kavita Agarwal,Bihar,Gaya
B-27332,20-04-2019,Dinesh Das,Uttar Pradesh,Agra
B-27333,25-02-2018,Rajesh Joshi,Tamil Nadu,Madurai
B-27334,13-07-2019,Harivansh Iyer,Sikkim,Namchi
B-27335,13-10-2021,Sneha Bose,Uttar Pradesh,Lucknow
B-27336,15-01-2018,Meena Singh,Punjab,Ludhiana
B-27337,10/8/2021,Amit Gupta,Bihar,Patna
B-27338,28-03-2019,Nikhil Agarwal,Karnataka,Mysuru
B-27339,1/7/2019,Amit Pandey,Uttar Pradesh,Kanpur
B-27340,2/3/2019,Madan Mehta,Maharashtra,Nagpur
B-27341,9/9/2021,Anita Pillai,Madhya Pradesh,Jabalpur
B-27342,13-02-2018,Tushar Nair,Maharashtra,Mumbai
B-27343,12/4/2020,Vishakha Verma,Himachal Pradesh,Shimla
B-27344,23-01-2019,Sneha Pandey,Karnataka,Bengaluru
B-27345,8/5/2019,Rekha Mehta,Kerala,Kozhikode
B-27346,12/7/2019,Rajesh Malhotra,Goa,Margao
B-27347,11/3/2018,Aarav Pandey,Gujarat,Rajkot
B-27348,14-03-2021,Madhav Pandey,Nagaland,Dimapur
B-27349,24-12-2021,Pooja Joshi,Karnataka,Hubli
B-27350,29-12-2019,Manoj Joshi,Punjab,Ludhiana
B-27351,26-05-2020,Parvati Mishra,Madhya Pradesh,Indore
B-27352,27-11-2021,Shalini Pandey,Haryana,Faridabad
B-27353,10/6/2020,Amit Chopra,Madhya Pradesh,Indore
B-27354,25-01-2018,Pooja Bose,Goa,Panaji
B-27355,20-08-2021,Geeta Nair,Maharashtra,Nashik
B-27356,2/4/2021,Vikas Pandey,Rajasthan,Jodhpur
B-27357,25-04-2019,Harivansh Tiwari,Delhi,New Delhi
B-27358,28-12-2021,Neha Shah,Maharashtra,Pune
B-27359,15-05-2020,Rekha Malhotra,Bihar,Gaya
B-27360,6/7/2018,Priya Verma,Uttar Pradesh,Mathura
B-27361,10/8/2020,Sunil Kumar,Delhi,Dwarka
B-27362,29-06-2021,Vikas Mohan,Kerala,Thiruvananthapuram
B-27363,9/4/2020,Suresh Malhotra,Rajasthan,Jaipur
B-27364,9/7/2019,Parvati Joshi,Himachal Pradesh,Shimla
B-27365,2/12/2021,Vikas Patel,Kerala,Kozhikode
B-27366,18-05-2019,Harivansh Pandey,Madhya Pradesh,Bhopal
B-27367,14-01-2021,Rajesh Mohan,Maharashtra,Pune
B-27368,13-10-2021,Jyoti Chopra,Rajasthan,Kota
B-27369,10/9/2021,Dinesh Pillai,Sikkim,Gangtok
B-27370,12/9/2021,Neha Verma,West Bengal,Howrah
B-27371,30-10-2019,Madan Iyer,Kerala,Kozhikode
B-27372,25-08-2020,Vikram Singh,Madhya Pradesh,Bhopal
B-27373,13-05-2018,Nikhil Das,Goa,Margao
B-27374,30-05-2018,Aarav Chopra,Rajasthan,Jaipur
B-27375,26-08-2018,Sneha Kumar,Uttar Pradesh,Kanpur
B-27376,12/6/2019,Manoj Agarwal,Rajasthan,Jaipur
B-27377,31-07-2018,Tushar Mehta,Maharashtra,Nashik
B-27378,14-01-2020,Asha Patel,Rajasthan,Udaipur
B-27379,29-09-2020,Neha Malhotra,Karnataka,Hubli
B-27380,23-11-2020,Jyoti Mohan,Rajasthan,Jodhpur
B-27381,9/5/2019,Dinesh Malhotra,Nagaland,Dimapur
B-27382,19-02-2021,Dinesh Das,Uttar Pradesh,Kanpur
B-27383,21-02-2021,Sunil Kumar,Kerala,Thiruvananthapuram
B-27384,12/5/2019,Sunita Mishra,West Bengal,Kolkata
B-27385,27-06-2018,Sunil Sharma,Himachal Pradesh,Shimla
B-27386,6/12/2018,Rohit Chopra,Punjab,Jalandhar
B-27387,4/5/2018,Gaurav Bose,Nagaland,Dimapur
B-27388,9/2/2018,Deepa Shah,Gujarat,Surat
B-27389,29-01-2021,Neha Pillai,Kerala,Thiruvananthapuram
B-27390,29-07-2020,Suresh Bose,Madhya Pradesh,Bhopal
B-27391,11/8/2018,Aarav Sharma,Delhi,Dwarka
B-27392,25-08-2020,Aarav Malhotra,Punjab,Amritsar
B-27393,4/7/2020,Priya Reddy,Bihar,Patna
B-27394,16-12-2020,Lalita Malhotra,Gujarat,Rajkot
B-27395,2/4/2021,Sanjay Patel,Uttar Pradesh,Mathura
B-27396,14-03-2021,Lalita Reddy,Maharashtra,Nagpur
B-27397,1/5/2021,Deepa Tiwari,Haryana,Faridabad
B-27398,4/10/2020,Asha Shah,Gujarat,Rajkot
B-27399,2/11/2021,Sunita Desai,Andhra Pradesh,Visakhapatnam
B-27400,30-08-2020,Vikas Tiwari,Tamil Nadu,Coimbatore
B-27401,19-03-2020,Harivansh Das,Delhi,New Delhi
B-27402,20-03-2020,Vishakha Tiwari,Maharashtra,Pune
B-27403,25-10-2020,Vikram Das,Sikkim,Namchi
B-27404,17-10-2020,Shalini Pillai,Madhya Pradesh,Indore
B-27405,1/2/2019,Asha Mishra,Rajasthan,Jodhpur
B-27406,5/5/2018,Sunita Bose,Goa,Margao
B-27407,6/6/2021,Sanjay Verma,Maharashtra,Nashik
B-27408,20-09-2021,Manoj Yadav,Delhi,New Delhi
B-27409,26-06-2020,Sanjay Reddy,Uttar Pradesh,Mathura
B-27410,3/8/2020,Manoj Verma,Rajasthan,Jodhpur
B-27411,18-11-2019,Meena Bose,Bihar,Patna
B-27412,18-08-2021,Deepa Iyer,Gujarat,Rajkot
B-27413,24-01-2020,Pooja Gupta,Madhya Pradesh,Bhopal
B-27414,14-09-2020,Parvati Pillai,Goa,Panaji
B-27415,4/1/2020,Neha Agarwal,Rajasthan,Kota
B-27416,14-05-2021,Neha Nair,Delhi,New Delhi
B-27417,18-04-2019,Neha Iyer,Delhi,Dwarka
B-27418,28-12-2019,Rohit Patel,Rajasthan,Jodhpur
B-27419,11/8/2020,Amit Reddy,Bihar,Patna
B-27420,17-01-2019,Madhav Pillai,Maharashtra,Mumbai
B-27421,23-04-2019,Sanjay Pandey,Gujarat,Ahmedabad
B-27422,15-01-2018,Jyoti Pandey,Punjab,Amritsar
B-27423,3/9/2021,Neha Iyer,Jammu and Kashmir,Srinagar
B-27424,23-02-2019,Geeta Sharma,Maharashtra,Pune
B-27425,23-04-2019,Rajesh Tiwari,Delhi,Dwarka
B-27426,5/1/2021,Lalita Nair,Bihar,Gaya
B-27427,27-03-2020,Meena Gupta,Andhra Pradesh,Vijayawada
B-27428,26-01-2021,Aarav Iyer,Gujarat,Rajkot
B-27429,26-07-2018,Tushar Mehta,Karnataka,Hubli
B-27430,6/7/2021,Vishakha Tiwari,Haryana,Faridabad
B-27431,12/5/2020,Parvati Tiwari,Andhra Pradesh,Visakhapatnam
B-27432,29-08-2021,Madan Joshi,Andhra Pradesh,Tirupati
B-27433,1/1/2020,Asha Joshi,Rajasthan,Jodhpur
B-27434,16-07-2018,Vishakha Chopra,Nagaland,Kohima
B-27435,7/8/2020,Gaurav Tiwari,Delhi,New Delhi
B-27436,3/3/2018,Harivansh Nair,Rajasthan,Kota
B-27437,10/2/2019,Nandita Bose,Bihar,Gaya
B-27438,17-06-2021,Neha Iyer,Rajasthan,Jodhpur
B-27439,13-12-2020,Sunil Nair,Kerala,Kozhikode
B-27440,19-03-2018,Sanjay Desai,Gujarat,Rajkot
B-27441,18-10-2021,Nikhil Nair,Haryana,Gurugram
B-27442,21-11-2021,Vishakha Sharma,Maharashtra,Mumbai
B-27443,1/5/2021,Lalita Yadav,Rajasthan,Kota
B-27444,9/12/2019,Vishakha Singh,Haryana,Hisar
B-27445,3/3/2018,Amit Mishra,Uttar Pradesh,Kanpur
B-27446,8/6/2020,Nikhil Agarwal,Kerala,Kochi
B-27447,5/4/2020,Ravi Reddy,Sikkim,Namchi
B-27448,5/5/2020,Shalini Singh,Tamil Nadu,Madurai
B-27449,27-03-2021,Jyoti Bose,Maharashtra,Nagpur
B-27450,14-06-2021,Meena Malhotra,Uttar Pradesh,Varanasi
B-27451,17-11-2019,Sunita Joshi,Delhi,New Delhi
B-27452,20-02-2020,Kiran Gupta,Uttar Pradesh,Agra
B-27453,5/3/2021,Rohit Reddy,West Bengal,Howrah
B-27454,28-08-2019,Neha Pillai,Haryana,Faridabad
B-27455,12/4/2019,Nandita Desai,Maharashtra,Nagpur
B-27456,6/5/2021,Vikas Sharma,Maharashtra,Nagpur
B-27457,19-10-2019,Vikas Bose,Andhra Pradesh,Tirupati
B-27458,30-08-2021,Vishakha Nair,Uttar Pradesh,Mathura
B-27459,17-11-2020,Dinesh Nair,Uttar Pradesh,Lucknow
B-27460,6/7/2018,Rahul Tiwari,Delhi,New Delhi
B-27461,22-02-2019,Madan Tiwari,Andhra Pradesh,Tirupati
B-27462,10/12/2018,Gopal Malhotra,Andhra Pradesh,Vijayawada
B-27463,24-02-2019,Sunita Patel,Jammu and Kashmir,Srinagar
B-27464,7/8/2019,Lalita Das,Maharashtra,Pune
B-27465,10/5/2021,Suresh Bose,Nagaland,Kohima
B-27466,16-07-2018,Tushar Kumar,Uttar Pradesh,Mathura
B-27467,12/9/2019,Sunil Mehta,Gujarat,Ahmedabad
B-27468,24-06-2020,Neha Malhotra,Delhi,New Delhi
B-27469,16-09-2019,Geeta Shah,Tamil Nadu,Madurai
B-27470,15-11-2021,Rajesh Tiwari,Gujarat,Vadodara
B-27471,11/6/2021,Vishakha Mohan,Jammu and Kashmir,Srinagar
B-27472,18-09-2020,Arun Verma,Karnataka,Hubli
B-27473,5/10/2021,Rahul Desai,Maharashtra,Mumbai
B-27474,29-04-2020,Vikas Pandey,Kerala,Thiruvananthapuram
B-27475,31-07-2021,Sunil Kumar,Uttar Pradesh,Agra
B-27476,2/10/2020,Kavita Pandey,Maharashtra,Nashik
B-27477,22-03-2021,Asha Iyer,West Bengal,Kolkata
B-27478,11/11/2021,Sanjay Shah,Gujarat,Ahmedabad
B-27479,28-12-2021,Harivansh Gupta,Bihar,Muzaffarpur
B-27480,3/3/2018,Madhav Agarwal,Gujarat,Ahmedabad
B-27481,6/2/2021,Rajesh Das,Himachal Pradesh,Manali
B-27482,9/7/2020,Geeta Singh,Punjab,Jalandhar
B-27483,26-10-2020,Kavita Das,Maharashtra,Nagpur
B-27484,28-12-2019,Priya Desai,Karnataka,Hubli
B-27485,16-10-2019,Gaurav Nair,Bihar,Gaya
B-27486,20-11-2018,Harivansh Verma,Delhi,Delhi
B-27487,13-11-2020,Parvati Mohan,Punjab,Jalandhar
B-27488,9/3/2020,Rekha Agarwal,Karnataka,Hubli
B-27489,5/12/2018,Manoj Reddy,Madhya Pradesh,Bhopal
B-27490,4/1/2020,Manoj Mehta,Andhra Pradesh,Vijayawada
B-27491,29-12-2018,Pooja Patel,Karnataka,Hubli
B-27492,30-12-2019,Madan Verma,Karnataka,Hubli
B-27493,14-07-2020,Suresh Sharma,Bihar,Patna
B-27494,6/3/2019,Madhav Joshi,Gujarat,Vadodara
B-27495,21-02-2020,Arun Sharma,West Bengal,Siliguri
B-27496,1/5/2018,Neha Chopra,Andhra Pradesh,Vijayawada
B-27497,20-07-2019,Ravi Bose,Rajasthan,Jaipur
B-27498,7/9/2021,Meena Bose,Uttar Pradesh,Lucknow
B-27499,26-08-2018,Madhav Verma,Goa,Panaji
B-27500,22-03-2021,Rohit Pandey,Madhya Pradesh,Gwalior
B-27501,2/2/2021,Sneha Pandey,Bihar,Muzaffarpur
B-27502,24-05-2018,Parvati Mohan,Uttar Pradesh,Agra
B-27503,9/9/2018,Harivansh Mehta,Punjab,Amritsar
B-27504,20-03-2019,Vishakha Gupta,Tamil Nadu,Coimbatore
B-27505,16-09-2021,Rohit Sharma,Uttar Pradesh,Lucknow
B-27506,21-11-2020,Harivansh Mishra,Rajasthan,Jaipur
B-27507,9/12/2018,Tushar Mishra,Karnataka,Mysuru
B-27508,31-01-2019,Nikhil Sharma,Uttar Pradesh,Mathura
B-27509,21-05-2018,Sunita Joshi,Karnataka,Mysuru
B-27510,13-07-2018,Jyoti Singh,West Bengal,Siliguri
B-27511,23-04-2018,Madan Malhotra,West Bengal,Kolkata
B-27512,9/5/2021,Vikas Desai,Punjab,Jalandhar
B-27513,26-08-2018,Rajesh Agarwal,Kerala,Kozhikode
B-27514,5/2/2020,Priya Yadav,Madhya Pradesh,Indore
B-27515,7/10/2021,Tushar Reddy,Karnataka,Hubli
B-27516,23-04-2020,Jyoti Das,Uttar Pradesh,Kanpur
B-27517,14-09-2021,Dinesh Singh,Bihar,Muzaffarpur
B-27518,24-01-2018,Asha Desai,Jammu and Kashmir,Srinagar
B-27519,19-12-2021,Kiran Shah,West Bengal,Howrah
B-27520,5/2/2018,Dinesh Pandey,Uttar Pradesh,Kanpur
B-27521,21-06-2018,Deepa Pillai,Maharashtra,Pune
B-27522,2/6/2018,Rajesh Iyer,Punjab,Amritsar
B-27523,4/10/2018,Priya Pillai,Tamil Nadu,Coimbatore
B-27524,26-03-2018,Anita Nair,Gujarat,Ahmedabad
B-27525,22-08-2020,Dinesh Yadav,Bihar,Gaya
B-27526,29-02-2020,Deepa Pandey,Gujarat,Ahmedabad
B-27527,6/3/2020,Rohit Kumar,Uttar Pradesh,Lucknow
B-27528,28-04-2020,Amit Malhotra,Uttar Pradesh,Lucknow
B-27529,2/5/2018,Madan Pillai,Sikkim,Namchi
B-27530,31-05-2018,Arun Mishra,Bihar,Patna
B-27531,11/12/2018,Pooja Kumar,Himachal Pradesh,Shimla
B-27532,10/8/2021,Suresh Shah,Uttar Pradesh,Mathura
B-27533,28-09-2021,Amit Tiwari,Haryana,Gurugram
B-27534,23-10-2021,Gaurav Desai,West Bengal,Kolkata
B-27535,2/5/2018,Sunita Mishra,Andhra Pradesh,Tirupati
B-27536,6/11/2020,Dinesh Pillai,Rajasthan,Jodhpur
B-27537,2/5/2018,Arun Gupta,Maharashtra,Nagpur
B-27538,19-09-2021,Madhav Desai,Gujarat,Ahmedabad
B-27539,11/2/2018,Tushar Pandey,Andhra Pradesh,Visakhapatnam
B-27540,14-03-2021,Rohit Shah,Uttar Pradesh,Agra
B-27541,6/1/2020,Rahul Yadav,Delhi,Delhi
B-27542,16-10-2018,Anita Nair,Karnataka,Bengaluru
B-27543,28-11-2020,Pooja Agarwal,Karnataka,Bengaluru
B-27544,12/11/2021,Sunil Sharma,Maharashtra,Nashik
B-27545,29-03-2018,Jyoti Pandey,Uttar Pradesh,Varanasi
B-27546,20-10-2020,Vikram Iyer,Uttar Pradesh,Varanasi
B-27547,29-04-2019,Rekha Bose,Punjab,Ludhiana
B-27548,29-07-2019,Parvati Yadav,Uttar Pradesh,Kanpur
B-27549,24-01-2018,Tushar Tiwari,Karnataka,Hubli
B-27550,12/11/2019,Lalita Verma,Gujarat,Surat
B-27551,18-11-2021,Ravi Iyer,Madhya Pradesh,Jabalpur
B-27552,1/5/2021,Sunil Reddy,Haryana,Hisar
B-27553,23-01-2021,Gopal Pillai,Kerala,Thiruvananthapuram
B-27554,13-06-2019,Deepa Desai,Goa,Panaji
B-27555,17-09-2019,Deepa Tiwari,Kerala,Kochi
B-27556,18-08-2019,Gaurav Yadav,Gujarat,Rajkot
B-27557,1/6/2020,Sunita Mishra,Tamil Nadu,Madurai
B-27558,8/7/2021,Jyoti Joshi,Gujarat,Rajkot
B-27559,23-05-2021,Meena Desai,Karnataka,Bengaluru
B-27560,2/4/2018,Vikram Agarwal,Jammu and Kashmir,Jammu
B-27561,11/10/2020,Amit Mehta,Goa,Margao
B-27562,10/9/2018,Shalini Joshi,Haryana,Faridabad
B-27563,28-11-2020,Harivansh Pillai,West Bengal,Kolkata
B-27564,6/11/2021,Madan Gupta,Punjab,Ludhiana
B-27565,5/3/2020,Meena Kumar,Rajasthan,Kota
B-27566,8/10/2018,Jyoti Agarwal,Gujarat,Surat
B-27567,24-09-2019,Nandita Mehta,Delhi,New Delhi
B-27568,28-01-2021,Nandita Mohan,Sikkim,Namchi
B-27569,16-09-2020,Priya Kumar,Andhra Pradesh,Vijayawada
B-27570,19-11-2018,Dinesh Malhotra,Bihar,Muzaffarpur
B-27571,28-08-2019,Priya Patel,Uttar Pradesh,Agra
B-27572,15-10-2020,Amit Nair,Uttar Pradesh,Lucknow
B-27573,23-10-2019,Deepa Iyer,Delhi,Delhi
B-27574,28-11-2019,Deepa Mishra,Karnataka,Mysuru
B-27575,11/3/2018,Aarav Mehta,Madhya Pradesh,Gwalior
B-27576,14-05-2021,Madan Singh,Gujarat,Ahmedabad
B-27577,12/1/2020,Anita Mishra,Rajasthan,Jaipur
B-27578,5/7/2021,Vishakha Malhotra,West Bengal,Howrah
B-27579,12/2/2019,Meena Nair,Rajasthan,Udaipur
B-27580,31-01-2020,Sneha Sharma,Madhya Pradesh,Bhopal
B-27581,14-08-2019,Deepa Reddy,Delhi,Dwarka
B-27582,27-12-2021,Pooja Sharma,Punjab,Amritsar
B-27583,31-03-2021,Rekha Iyer,Tamil Nadu,Chennai
B-27584,12/8/2018,Rekha Pandey,Kerala,Kochi
B-27585,30-07-2019,Rahul Shah,West Bengal,Howrah
B-27586,14-11-2020,Sanjay Iyer,Haryana,Gurugram
B-27587,26-10-2021,Ravi Chopra,Punjab,Jalandhar
B-27588,6/11/2018,Asha Verma,Rajasthan,Jaipur
B-27589,24-08-2018,Arun Mehta,Delhi,Delhi
B-27590,21-03-2019,Dinesh Desai,Jammu and Kashmir,Srinagar
B-27591,25-10-2020,Vikram Mohan,Uttar Pradesh,Mathura
B-27592,26-10-2021,Parvati Agarwal,Delhi,New Delhi
B-27593,30-11-2018,Sneha Yadav,Sikkim,Namchi
B-27594,21-03-2019,Madhav Yadav,Bihar,Gaya
B-27595,2/8/2019,Gopal Gupta,Gujarat,Vadodara
B-27596,25-10-2020,Nikhil Shah,Delhi,Dwarka
B-27597,8/10/2020,Deepa Mishra,Madhya Pradesh,Bhopal
B-27598,20-09-2018,Harivansh Nair,Madhya Pradesh,Indore
B-27599,12/8/2020,Nikhil Tiwari,Himachal Pradesh,Shimla
B-27600,7/2/2021,Rahul Mishra,Uttar Pradesh,Lucknow
B-27601,31-05-2019,Madhav Yadav,Maharashtra,Pune
B-27602,12/11/2020,Shalini Patel,Uttar Pradesh,Agra
B-27603,22-06-2020,Rohit Chopra,Gujarat,Rajkot
B-27604,22-12-2021,Priya Shah,Delhi,Dwarka
B-27605,11/10/2020,Asha Mishra,Haryana,Hisar
B-27606,3/7/2020,Meena Malhotra,Nagaland,Kohima
B-27607,5/7/2021,Shalini Mishra,Maharashtra,Pune
B-27608,9/3/2020,Sunil Yadav,Punjab,Amritsar
B-27609,31-01-2020,Amit Agarwal,Delhi,Dwarka
B-27610,3/9/2021,Priya Chopra,Tamil Nadu,Madurai
B-27611,18-06-2018,Manoj Iyer,Maharashtra,Mumbai
B-27612,1/2/2018,Madan Singh,Maharashtra,Nagpur
B-27613,30-12-2019,Deepa Pillai,Karnataka,Hubli
B-27614,22-02-2020,Asha Yadav,Haryana,Faridabad
B-27615,10/7/2019,Neha Nair,Uttar Pradesh,Varanasi
B-27616,7/9/2020,Vikram Kumar,Haryana,Faridabad
B-27617,10/4/2019,Sanjay Reddy,Tamil Nadu,Madurai
B-27618,12/7/2020,Kiran Desai,Gujarat,Rajkot
B-27619,28-02-2018,Meena Sharma,Rajasthan,Jodhpur
B-27620,20-07-2021,Asha Reddy,Madhya Pradesh,Jabalpur
B-27621,17-01-2020,Jyoti Pandey,Madhya Pradesh,Jabalpur
B-27622,7/7/2021,Suresh Malhotra,Bihar,Muzaffarpur
B-27623,9/7/2018,Shalini Mehta,Andhra Pradesh,Tirupati
B-27624,25-09-2018,Pooja Yadav,Punjab,Amritsar
B-27625,19-10-2020,Nandita Iyer,Maharashtra,Nashik
B-27626,26-03-2019,Lalita Gupta,Bihar,Gaya
B-27627,9/4/2021,Priya Nair,Maharashtra,Pune
B-27628,9/12/2018,Sunita Reddy,Tamil Nadu,Coimbatore
B-27629,25-06-2019,Sunil Verma,West Bengal,Howrah
B-27630,29-01-2018,Vikas Das,Maharashtra,Mumbai
B-27631,2/10/2019,Nikhil Nair,Karnataka,Hubli
B-27632,6/8/2020,Asha Das,Gujarat,Rajkot
B-27633,8/6/2019,Aarav Das,Uttar Pradesh,Kanpur
B-27634,28-02-2020,Sneha Yadav,Andhra Pradesh,Visakhapatnam
B-27635,8/10/2021,Geeta Agarwal,Goa,Panaji
B-27636,28-11-2018,Sunil Gupta,Delhi,Delhi
B-27637,8/11/2021,Jyoti Gupta,Delhi,Delhi
B-27638,28-10-2020,Sneha Shah,Delhi,Dwarka
B-27639,20-06-2019,Geeta Gupta,Gujarat,Surat
B-27640,11/5/2021,Neha Nair,Tamil Nadu,Coimbatore
B-27641,8/1/2020,Tushar Bose,Punjab,Jalandhar
B-27642,17-03-2018,Rohit Agarwal,Nagaland,Dimapur
B-27643,8/3/2018,Rekha Shah,Madhya Pradesh,Bhopal
B-27644,13-07-2018,Sunita Nair,Maharashtra,Nagpur
B-27645,26-02-2019,Madhav Mehta,Karnataka,Mysuru
B-27646,30-03-2021,Sunil Singh,Delhi,Dwarka
B-27647,9/9/2021,Asha Bose,Madhya Pradesh,Bhopal
B-27648,20-06-2019,Sunita Kumar,Uttar Pradesh,Kanpur
B-27649,27-04-2019,Ravi Shah,Haryana,Faridabad
B-27650,20-12-2021,Rahul Joshi,Himachal Pradesh,Dharamsala
B-27651,7/4/2019,Madan Iyer,Kerala,Kozhikode
B-27652,14-07-2018,Meena Pandey,Andhra Pradesh,Vijayawada
B-27653,1/4/2021,Gopal Yadav,Rajasthan,Udaipur
B-27654,18-03-2021,Manoj Patel,Uttar Pradesh,Lucknow
B-27655,20-10-2020,Parvati Nair,West Bengal,Kolkata
B-27656,19-04-2020,Rajesh Pandey,Andhra Pradesh,Tirupati
B-27657,13-10-2020,Sunita Chopra,Andhra Pradesh,Vijayawada
B-27658,30-11-2020,Dinesh Chopra,Bihar,Muzaffarpur
B-27659,6/3/2019,Vishakha Shah,Gujarat,Surat
B-27660,25-09-2019,Meena Chopra,Maharashtra,Mumbai
B-27661,12/4/2021,Gopal Reddy,Rajasthan,Jaipur
B-27662,26-01-2021,Jyoti Joshi,Delhi,New Delhi
B-27663,24-09-2018,Rajesh Nair,Punjab,Amritsar
B-27664,23-10-2021,Dinesh Agarwal,Delhi,Delhi
B-27665,9/3/2018,Vikram Singh,Uttar Pradesh,Varanasi
B-27666,6/8/2018,Madhav Joshi,Bihar,Patna
B-27667,23-09-2019,Vikas Patel,Rajasthan,Kota
B-27668,30-05-2019,Dinesh Desai,Delhi,Delhi
B-27669,20-06-2019,Tushar Desai,Uttar Pradesh,Mathura
B-27670,10/12/2020,Rohit Kumar,Karnataka,Mysuru
B-27671,28-05-2019,Ravi Pandey,Punjab,Ludhiana
B-27672,11/7/2021,Nandita Pillai,Jammu and Kashmir,Jammu
B-27673,12/9/2020,Sanjay Mehta,Nagaland,Kohima
B-27674,21-02-2020,Ravi Desai,Jammu and Kashmir,Jammu
B-27675,3/8/2020,Sanjay Agarwal,Gujarat,Ahmedabad
B-27676,11/4/2021,Rohit Kumar,Uttar Pradesh,Lucknow
B-27677,1/2/2019,Ravi Patel,Gujarat,Surat
B-27678,13-10-2021,Sunita Verma,Andhra Pradesh,Vijayawada
B-27679,8/3/2021,Parvati Das,Goa,Margao
B-27680,14-01-2020,Gaurav Chopra,Uttar Pradesh,Agra
B-27681,12/1/2020,Geeta Desai,Maharashtra,Nashik
B-27682,14-08-2020,Aarav Kumar,Delhi,New Delhi
B-27683,24-09-2019,Gaurav Kumar,Karnataka,Mysuru
B-27684,16-10-2021,Dinesh Nair,Kerala,Kochi
B-27685,27-04-2020,Aarav Pillai,Gujarat,Vadodara
B-27686,12/4/2020,Lalita Shah,Haryana,Hisar
B-27687,7/11/2021,Sunil Bose,Rajasthan,Jaipur
B-27688,8/12/2020,Madhav Tiwari,Punjab,Amritsar
B-27689,12/12/2019,Lalita Agarwal,Sikkim,Namchi
B-27690,25-04-2021,Vikas Nair,Jammu and Kashmir,Srinagar
B-27691,21-04-2020,Rekha Iyer,Tamil Nadu,Chennai
B-27692,11/12/2018,Madan Nair,Delhi,New Delhi
B-27693,6/10/2020,Arun Yadav,Punjab,Ludhiana
B-27694,17-11-2019,Nikhil Das,Kerala,Thiruvananthapuram
B-27695,28-02-2020,Gaurav Iyer,Karnataka,Hubli
B-27696,27-06-2019,Geeta Malhotra,Uttar Pradesh,Agra
B-27697,10/7/2021,Kavita Iyer,Tamil Nadu,Coimbatore
B-27698,17-10-2019,Priya Pandey,Kerala,Thiruvananthapuram
B-27699,18-02-2018,Vishakha Reddy,Gujarat,Surat
B-27700,14-05-2021,Aarav Shah,Rajasthan,Kota
B-27701,7/10/2019,Sanjay Mohan,Kerala,Thiruvananthapuram
B-27702,25-02-2018,Kavita Das,Karnataka,Mysuru
B-27703,27-07-2019,Sunil Verma,Rajasthan,Kota
B-27704,11/12/2020,Aarav Yadav,Maharashtra,Pune
B-27705,11/2/2019,Jyoti Yadav,West Bengal,Siliguri
B-27706,22-01-2019,Sunita Malhotra,Punjab,Amritsar
B-27707,13-04-2020,Nandita Agarwal,Madhya Pradesh,Indore
B-27708,27-11-2021,Rekha Sharma,Gujarat,Rajkot
B-27709,5/3/2019,Anita Iyer,Uttar Pradesh,Mathura
B-27710,2/3/2020,Neha Patel,Karnataka,Hubli
B-27711,12/6/2019,Rahul Mishra,Uttar Pradesh,Lucknow
B-27712,14-04-2020,Vishakha Mehta,Maharashtra,Nashik
B-27713,17-07-2021,Tushar Bose,Maharashtra,Nagpur
B-27714,19-03-2020,Ravi Iyer,Kerala,Thiruvananthapuram
B-27715,17-11-2021,Rohit Bose,Rajasthan,Jodhpur
B-27716,24-03-2019,Amit Chopra,Maharashtra,Nashik
B-27717,26-06-2019,Pooja Mishra,Punjab,Amritsar
B-27718,22-12-2021,Parvati Joshi,Karnataka,Bengaluru
B-27719,20-04-2018,Meena Sharma,Delhi,New Delhi
B-27720,12/6/2020,Priya Chopra,Karnataka,Bengaluru
B-27721,28-10-2021,Nandita Mishra,Delhi,New Delhi
B-27722,26-11-2020,Manoj Pillai,Tamil Nadu,Coimbatore
B-27723,4/3/2021,Shalini Nair,Bihar,Patna
B-27724,14-02-2018,Arun Singh,Maharashtra,Pune
B-27725,21-10-2019,Geeta Mohan,Andhra Pradesh,Tirupati
B-27726,26-08-2020,Nikhil Pillai,Maharashtra,Nagpur
B-27727,16-02-2018,Gopal Tiwari,Rajasthan,Jodhpur
B-27728,19-04-2020,Priya Patel,Rajasthan,Jaipur
B-27729,6/4/2020,Nikhil Chopra,Madhya Pradesh,Jabalpur
B-27730,4/5/2018,Shalini Singh,Kerala,Kozhikode
B-27731,14-01-2021,Pooja Patel,Punjab,Amritsar
B-27732,28-03-2020,Vikram Nair,Punjab,Amritsar
B-27733,20-01-2019,Dinesh Das,Maharashtra,Nagpur
B-27734,8/10/2021,Vikram Pandey,Rajasthan,Jodhpur
B-27735,24-05-2019,Dinesh Bose,Jammu and Kashmir,Jammu
B-27736,19-01-2018,Madhav Pandey,Bihar,Patna
B-27737,29-09-2020,Tushar Singh,Rajasthan,Kota
B-27738,6/8/2021,Vishakha Kumar,Tamil Nadu,Coimbatore
B-27739,2/7/2019,Priya Chopra,Uttar Pradesh,Kanpur
B-27740,16-12-2020,Neha Shah,Haryana,Faridabad
B-27741,22-06-2020,Nikhil Malhotra,Maharashtra,Pune
B-27742,22-01-2018,Sanjay Iyer,Bihar,Gaya
B-27743,5/8/2020,Neha Bose,West Bengal,Howrah
B-27744,13-09-2021,Vikas Pandey,Haryana,Faridabad
B-27745,22-06-2019,Gaurav Gupta,Gujarat,Ahmedabad
B-27746,12/6/2021,Aarav Nair,Delhi,New Delhi
B-27747,8/2/2021,Lalita Reddy,Karnataka,Mysuru
B-27748,9/6/2019,Kavita Malhotra,Jammu and Kashmir,Jammu
B-27749,5/10/2020,Nikhil Mishra,Rajasthan,Udaipur
B-27750,19-06-2019,Rekha Verma,Himachal Pradesh,Dharamsala
B-27751,18-03-2021,Harivansh Malhotra,Punjab,Amritsar
B-27752,14-02-2019,Sunita Mohan,Uttar Pradesh,Agra
B-27753,11/6/2020,Aarav Pandey,Karnataka,Bengaluru
B-27754,16-05-2020,Gaurav Desai,Karnataka,Bengaluru
B-27755,11/1/2020,Kiran Nair,Karnataka,Hubli
B-27756,19-03-2018,Amit Desai,Jammu and Kashmir,Jammu
B-27757,20-02-2020,Rajesh Reddy,Uttar Pradesh,Varanasi
B-27758,5/12/2018,Kavita Yadav,Tamil Nadu,Coimbatore
B-27759,24-12-2019,Manoj Sharma,Goa,Panaji
B-27760,20-06-2020,Nandita Mohan,Punjab,Ludhiana
B-27761,18-07-2019,Anita Patel,Haryana,Gurugram
B-27762,1/12/2018,Rahul Kumar,Delhi,Dwarka
B-27763,1/6/2021,Gopal Nair,Uttar Pradesh,Agra
B-27764,9/1/2018,Rahul Joshi,Delhi,Delhi
B-27765,22-09-2021,Jyoti Gupta,Haryana,Hisar
B-27766,27-02-2020,Nikhil Gupta,Karnataka,Bengaluru
B-27767,9/9/2019,Nikhil Kumar,Karnataka,Bengaluru
B-27768,6/3/2021,Kavita Verma,West Bengal,Howrah
B-27769,1/9/2019,Nikhil Joshi,Haryana,Gurugram
B-27770,23-11-2020,Gopal Das,Rajasthan,Kota
B-27771,13-05-2021,Geeta Nair,Punjab,Jalandhar
B-27772,4/11/2018,Rekha Pandey,Madhya Pradesh,Gwalior
B-27773,30-04-2019,Nikhil Kumar,Andhra Pradesh,Visakhapatnam
B-27774,2/1/2021,Kiran Chopra,Delhi,Dwarka
B-27775,20-01-2019,Lalita Gupta,Gujarat,Vadodara
B-27776,27-09-2018,Tushar Yadav,Tamil Nadu,Chennai
B-27777,30-10-2020,Madhav Patel,Tamil Nadu,Coimbatore
B-27778,17-08-2021,Ravi Tiwari,Gujarat,Ahmedabad
B-27779,21-11-2019,Madhav Pillai,Uttar Pradesh,Mathura
B-27780,17-11-2020,Pooja Pillai,Gujarat,Vadodara
B-27781,14-09-2019,Manoj Malhotra,Bihar,Gaya
B-27782,31-07-2018,Madhav Sharma,Karnataka,Mysuru
B-27783,15-11-2020,Sunil Joshi,Punjab,Amritsar
B-27784,31-12-2021,Harivansh Malhotra,Uttar Pradesh,Varanasi
B-27785,6/10/2018,Manoj Joshi,Andhra Pradesh,Vijayawada
B-27786,26-03-2018,Kavita Mishra,Uttar Pradesh,Kanpur
B-27787,4/5/2021,Vishakha Yadav,Karnataka,Hubli
B-27788,30-11-2021,Neha Yadav,Tamil Nadu,Madurai
B-27789,12/11/2020,Suresh Verma,Bihar,Muzaffarpur
B-27790,2/10/2018,Deepa Das,Gujarat,Vadodara
B-27791,7/9/2019,Geeta Das,Kerala,Thiruvananthapuram
B-27792,11/7/2019,Vishakha Pillai,Tamil Nadu,Coimbatore
B-27793,5/8/2019,Pooja Gupta,Maharashtra,Nashik
B-27794,31-10-2018,Vikas Malhotra,Punjab,Amritsar
B-27795,15-09-2020,Nandita Chopra,Punjab,Amritsar
B-27796,7/10/2020,Anita Pandey,Maharashtra,Nagpur
B-27797,16-01-2020,Nandita Joshi,Himachal Pradesh,Manali
B-27798,11/3/2021,Sneha Das,West Bengal,Siliguri
B-27799,5/8/2018,Arun Bose,Delhi,Dwarka
B-27800,28-02-2021,Madhav Bose,Nagaland,Dimapur
B-27801,29-08-2018,Deepa Mishra,Andhra Pradesh,Visakhapatnam
B-27802,5/12/2019,Rahul Patel,Rajasthan,Kota
B-27803,3/7/2020,Manoj Desai,Rajasthan,Jaipur
B-27804,9/2/2020,Asha Kumar,Karnataka,Bengaluru
B-27805,2/10/2020,Deepa Tiwari,Bihar,Gaya
B-27806,9/2/2019,Suresh Joshi,Karnataka,Bengaluru
B-27807,21-11-2021,Rajesh Iyer,Uttar Pradesh,Mathura
B-27808,25-04-2018,Madhav Joshi,Goa,Margao
B-27809,12/2/2021,Kavita Joshi,Madhya Pradesh,Gwalior
B-27810,15-01-2020,Arun Patel,Jammu and Kashmir,Jammu
B-27811,17-02-2021,Neha Nair,Andhra Pradesh,Tirupati
B-27812,17-09-2020,Sneha Bose,Bihar,Muzaffarpur
B-27813,8/6/2021,Gopal Sharma,Madhya Pradesh,Indore
B-27814,3/3/2018,Lalita Bose,Rajasthan,Jaipur
B-27815,25-08-2019,Rajesh Singh,Gujarat,Vadodara
B-27816,7/11/2019,Shalini Shah,Madhya Pradesh,Bhopal
B-27817,11/7/2018,Tushar Das,Punjab,Amritsar
B-27818,11/3/2020,Sunil Agarwal,Tamil Nadu,Madurai
B-27819,28-10-2021,Kavita Singh,Nagaland,Dimapur
B-27820,15-03-2018,Nikhil Pillai,Jammu and Kashmir,Jammu
B-27821,16-08-2021,Rahul Singh,Uttar Pradesh,Agra
B-27822,4/2/2021,Rajesh Desai,Uttar Pradesh,Mathura
B-27823,27-01-2020,Neha Patel,Uttar Pradesh,Kanpur
B-27824,7/8/2019,Anita Verma,Punjab,Amritsar
B-27825,5/11/2021,Kavita Pandey,Maharashtra,Nashik
B-27826,13-05-2019,Dinesh Pillai,Uttar Pradesh,Mathura
B-27827,25-09-2021,Kavita Shah,Himachal Pradesh,Manali
B-27828,28-11-2020,Kiran Mohan,Sikkim,Gangtok
B-27829,20-02-2021,Jyoti Desai,Maharashtra,Nagpur
B-27830,4/8/2019,Geeta Mehta,Uttar Pradesh,Kanpur
B-27831,16-07-2020,Arun Agarwal,Maharashtra,Nagpur
B-27832,4/10/2018,Aarav Shah,Maharashtra,Mumbai
B-27833,16-01-2019,Vikas Patel,Rajasthan,Kota
B-27834,9/6/2020,Vikas Chopra,Maharashtra,Nashik
B-27835,21-09-2019,Rekha Sharma,Maharashtra,Pune
B-27836,2/11/2021,Kiran Chopra,Punjab,Ludhiana
B-27837,12/4/2020,Kavita Das,Punjab,Jalandhar
B-27838,2/11/2019,Nikhil Singh,Haryana,Hisar
B-27839,29-08-2020,Geeta Joshi,Maharashtra,Pune
B-27840,30-09-2019,Madan Mehta,Gujarat,Ahmedabad
B-27841,19-09-2019,Manoj Agarwal,Karnataka,Bengaluru
B-27842,11/3/2021,Gaurav Pandey,Madhya Pradesh,Indore
B-27843,1/11/2019,Madhav Bose,Andhra Pradesh,Tirupati
B-27844,23-10-2018,Rajesh Desai,Maharashtra,Pune
B-27845,7/7/2021,Madan Pillai,Rajasthan,Kota
B-27846,4/7/2019,Tushar Agarwal,Andhra Pradesh,Tirupati
B-27847,29-11-2020,Suresh Kumar,Nagaland,Kohima
B-27848,12/10/2018,Parvati Gupta,Maharashtra,Pune
B-27849,30-06-2019,Madan Shah,Bihar,Patna
B-27850,18-04-2018,Sanjay Das,Maharashtra,Nashik
B-27851,18-12-2021,Sunil Iyer,Uttar Pradesh,Kanpur
B-27852,15-10-2021,Suresh Nair,Bihar,Gaya
B-27853,9/9/2019,Nikhil Mishra,Bihar,Patna
B-27854,16-04-2018,Manoj Mishra,Madhya Pradesh,Jabalpur
B-27855,6/11/2021,Harivansh Tiwari,Rajasthan,Kota
B-27856,27-08-2021,Vishakha Das,Bihar,Muzaffarpur
B-27857,18-10-2021,Aarav Verma,Tamil Nadu,Coimbatore
B-27858,18-05-2018,Amit Agarwal,Kerala,Thiruvananthapuram
B-27859,27-08-2021,Arun Iyer,Kerala,Kozhikode
B-27860,25-06-2019,Neha Bose,West Bengal,Kolkata
B-27861,14-08-2020,Priya Yadav,Gujarat,Vadodara
B-27862,8/6/2020,Gopal Nair,Tamil Nadu,Coimbatore
B-27863,30-12-2018,Priya Verma,Madhya Pradesh,Indore
B-27864,3/11/2021,Lalita Bose,Gujarat,Rajkot
B-27865,24-07-2018,Vishakha Gupta,Uttar Pradesh,Agra
B-27866,19-06-2018,Parvati Singh,Punjab,Jalandhar
B-27867,13-12-2019,Rahul Mishra,Andhra Pradesh,Tirupati
B-27868,27-07-2018,Kavita Reddy,Madhya Pradesh,Gwalior
B-27869,12/4/2018,Jyoti Singh,Kerala,Kochi
B-27870,16-01-2019,Sunita Pandey,Punjab,Ludhiana
B-27871,16-05-2020,Sneha Pandey,Sikkim,Gangtok
B-27872,30-09-2020,Tushar Pandey,Rajasthan,Udaipur
B-27873,21-09-2018,Neha Nair,Himachal Pradesh,Shimla
B-27874,3/4/2020,Priya Malhotra,Karnataka,Hubli
B-27875,8/6/2018,Dinesh Verma,Uttar Pradesh,Lucknow
B-27876,17-09-2018,Nandita Singh,Bihar,Gaya
B-27877,29-07-2020,Vikas Pillai,Karnataka,Mysuru
B-27878,12/1/2020,Gaurav Desai,Uttar Pradesh,Lucknow
B-27879,26-08-2020,Rahul Pandey,Delhi,Dwarka
B-27880,24-06-2021,Arun Kumar,Jammu and Kashmir,Jammu
B-27881,18-03-2019,Harivansh Mehta,Karnataka,Bengaluru
B-27882,2/10/2019,Aarav Mohan,Bihar,Muzaffarpur
B-27883,21-01-2020,Pooja Reddy,Uttar Pradesh,Mathura
B-27884,23-01-2018,Nandita Gupta,West Bengal,Kolkata
B-27885,11/8/2018,Rohit Shah,Punjab,Ludhiana
B-27886,26-11-2019,Rajesh Das,Delhi,New Delhi
B-27887,5/5/2019,Deepa Verma,Maharashtra,Mumbai
B-27888,2/6/2021,Amit Das,Maharashtra,Mumbai
B-27889,3/1/2019,Sneha Bose,Gujarat,Rajkot
B-27890,30-03-2018,Sunita Reddy,Maharashtra,Mumbai
B-27891,27-04-2020,Gopal Mishra,Bihar,Gaya
B-27892,26-10-2018,Manoj Das,Madhya Pradesh,Gwalior
B-27893,3/11/2018,Sneha Das,Jammu and Kashmir,Srinagar
B-27894,13-10-2021,Kavita Agarwal,Kerala,Thiruvananthapuram
B-27895,28-04-2018,Deepa Das,Rajasthan,Jaipur
B-27896,16-01-2018,Aarav Yadav,West Bengal,Siliguri
B-27897,13-06-2020,Sunil Chopra,Uttar Pradesh,Varanasi
B-27898,6/1/2018,Harivansh Das,Jammu and Kashmir,Srinagar
B-27899,31-12-2018,Meena Pandey,Bihar,Gaya
B-27900,18-07-2020,Nandita Nair,Karnataka,Bengaluru
B-27901,18-01-2020,Rajesh Pillai,Karnataka,Hubli
B-27902,19-04-2019,Rahul Mohan,Tamil Nadu,Coimbatore
B-27903,20-12-2020,Vikas Malhotra,Punjab,Ludhiana
B-27904,17-06-2018,Sneha Mishra,Gujarat,Ahmedabad
B-27905,24-06-2020,Tushar Joshi,Delhi,Delhi
B-27906,17-12-2021,Nikhil Reddy,Uttar Pradesh,Agra
B-27907,28-12-2018,Rohit Tiwari,Maharashtra,Nagpur
B-27908,10/7/2021,Madhav Malhotra,Delhi,Delhi
B-27909,20-10-2018,Priya Joshi,Uttar Pradesh,Mathura
B-27910,24-10-2019,Asha Shah,Bihar,Gaya
B-27911,21-07-2018,Anita Desai,Maharashtra,Nagpur
B-27912,12/3/2020,Vishakha Malhotra,Maharashtra,Nashik
B-27913,20-02-2019,Kavita Sharma,Madhya Pradesh,Gwalior
B-27914,4/12/2021,Asha Nair,Gujarat,Ahmedabad
B-27915,6/1/2018,Parvati Shah,West Bengal,Kolkata
B-27916,10/4/2020,Manoj Reddy,Gujarat,Rajkot
B-27917,9/3/2018,Deepa Kumar,Karnataka,Bengaluru
B-27918,7/7/2019,Geeta Verma,Delhi,Delhi
B-27919,30-11-2019,Gaurav Patel,Himachal Pradesh,Dharamsala
B-27920,4/4/2019,Neha Mohan,Karnataka,Hubli
B-27921,21-08-2020,Meena Das,Kerala,Kozhikode
B-27922,6/2/2020,Madan Mehta,Uttar Pradesh,Kanpur
B-27923,24-05-2021,Geeta Yadav,Uttar Pradesh,Varanasi
B-27924,13-07-2018,Dinesh Malhotra,Maharashtra,Pune
B-27925,4/3/2018,Suresh Verma,Haryana,Hisar
B-27926,14-01-2020,Tushar Singh,Rajasthan,Jodhpur
B-27927,22-05-2019,Suresh Chopra,Punjab,Ludhiana
B-27928,12/8/2019,Dinesh Sharma,Bihar,Muzaffarpur
B-27929,12/6/2019,Asha Verma,Andhra Pradesh,Tirupati
B-27930,13-07-2021,Vikas Yadav,Karnataka,Hubli
B-27931,16-11-2019,Parvati Nair,West Bengal,Howrah
B-27932,14-08-2020,Rahul Tiwari,Bihar,Gaya
B-27933,26-01-2020,Aarav Pillai,Maharashtra,Pune
B-27934,26-01-2018,Shalini Shah,Tamil Nadu,Coimbatore
B-27935,21-05-2020,Deepa Mohan,Jammu and Kashmir,Srinagar
B-27936,10/7/2020,Pooja Pillai,Nagaland,Kohima
B-27937,21-04-2020,Rahul Gupta,Goa,Margao
B-27938,13-05-2018,Pooja Shah,Gujarat,Ahmedabad
B-27939,29-08-2018,Rahul Desai,Tamil Nadu,Chennai
B-27940,11/6/2020,Aarav Pillai,Kerala,Kozhikode
B-27941,25-07-2019,Parvati Sharma,Karnataka,Bengaluru
B-27942,31-08-2021,Ravi Verma,Uttar Pradesh,Lucknow
B-27943,6/10/2018,Dinesh Pandey,Andhra Pradesh,Visakhapatnam
B-27944,16-12-2020,Rahul Yadav,West Bengal,Siliguri
B-27945,27-09-2021,Nikhil Das,Gujarat,Rajkot
B-27946,12/10/2020,Anita Singh,Maharashtra,Nashik
B-27947,2/10/2018,Madan Mehta,Delhi,Delhi
B-27948,4/8/2018,Parvati Mishra,Gujarat,Rajkot
B-27949,19-09-2019,Arun Sharma,Goa,Margao
B-27950,19-02-2019,Harivansh Desai,Andhra Pradesh,Tirupati
B-27951,26-02-2021,Pooja Pillai,Karnataka,Bengaluru
B-27952,17-03-2018,Gopal Kumar,Goa,Margao
B-27953,1/4/2020,Kavita Malhotra,Karnataka,Hubli
B-27954,19-09-2021,Ravi Joshi,Rajasthan,Jodhpur
B-27955,22-12-2019,Priya Verma,Bihar,Patna
B-27956,19-05-2020,Ravi Malhotra,Maharashtra,Nashik
B-27957,1/8/2021,Shalini Nair,Andhra Pradesh,Visakhapatnam
B-27958,2/2/2021,Amit Malhotra,Delhi,Dwarka
B-27959,14-10-2020,Manoj Mehta,Gujarat,Vadodara
B-27960,19-10-2020,Geeta Desai,Maharashtra,Nagpur
B-27961,2/9/2021,Sunil Joshi,Maharashtra,Pune
B-27962,3/2/2020,Madan Desai,Punjab,Ludhiana
B-27963,12/9/2018,Sunita Yadav,Delhi,Delhi
B-27964,14-06-2018,Gaurav Nair,Uttar Pradesh,Kanpur
B-27965,5/6/2019,Arun Mohan,Punjab,Amritsar
B-27966,21-02-2020,Dinesh Kumar,Punjab,Jalandhar
B-27967,10/5/2020,Tushar Pillai,Delhi,New Delhi
B-27968,5/5/2019,Priya Nair,Kerala,Kochi
B-27969,10/2/2021,Shalini Shah,Maharashtra,Nagpur
B-27970,6/8/2021,Rohit Mehta,Delhi,Dwarka
B-27971,4/9/2020,Vishakha Reddy,Maharashtra,Nagpur
B-27972,31-12-2018,Arun Pandey,Delhi,Delhi
B-27973,10/5/2021,Rekha Shah,Jammu and Kashmir,Jammu
B-27974,10/9/2020,Lalita Kumar,Delhi,Dwarka
B-27975,19-11-2018,Rohit Pillai,Tamil Nadu,Madurai
B-27976,8/2/2019,Vikas Malhotra,Andhra Pradesh,Vijayawada
B-27977,18-04-2019,Parvati Patel,Karnataka,Bengaluru
B-27978,31-03-2021,Sanjay Singh,Gujarat,Rajkot
B-27979,11/11/2020,Arun Mishra,West Bengal,Kolkata
B-27980,16-05-2019,Parvati Mohan,Maharashtra,Nashik
B-27981,4/2/2020,Anita Mishra,Madhya Pradesh,Jabalpur
B-27982,19-11-2021,Dinesh Malhotra,Bihar,Muzaffarpur
B-27983,11/6/2018,Ravi Joshi,Maharashtra,Pune
B-27984,2/10/2021,Asha Nair,Madhya Pradesh,Gwalior
B-27985,27-02-2019,Gopal Reddy,Bihar,Muzaffarpur
B-27986,6/6/2018,Suresh Pandey,Madhya Pradesh,Gwalior
B-27987,6/3/2018,Tushar Gupta,West Bengal,Howrah
B-27988,20-11-2018,Anita Desai,Maharashtra,Mumbai
B-27989,21-01-2019,Madan Pillai,Haryana,Faridabad
B-27990,12/7/2020,Gopal Bose,Delhi,Dwarka
B-27991,10/6/2019,Rajesh Nair,Punjab,Ludhiana
B-27992,2/1/2021,Madan Das,Goa,Margao
B-27993,27-10-2019,Rahul Agarwal,Punjab,Ludhiana
B-27994,12/4/2019,Tushar Mohan,West Bengal,Howrah
B-27995,6/8/2018,Anita Pandey,Uttar Pradesh,Agra
B-27996,26-10-2018,Dinesh Malhotra,Punjab,Ludhiana
B-27997,28-06-2021,Rajesh Yadav,Maharashtra,Pune
B-27998,23-08-2018,Aarav Kumar,Tamil Nadu,Chennai
B-27999,31-10-2020,Jyoti Mohan,Punjab,Jalandhar
B-28000,28-06-2021,Pooja Nair,Goa,Panaji
B-28001,28-01-2020,Geeta Mishra,Maharashtra,Nagpur
B-28002,26-10-2020,Suresh Kumar,Uttar Pradesh,Kanpur
B-28003,18-03-2018,Rajesh Joshi,Gujarat,Rajkot
B-28004,19-04-2018,Meena Bose,Maharashtra,Pune
B-28005,27-02-2020,Sunita Joshi,Karnataka,Mysuru
B-28006,25-10-2019,Vikas Bose,Sikkim,Gangtok
B-28007,31-12-2018,Pooja Reddy,Madhya Pradesh,Gwalior
B-28008,8/3/2020,Gaurav Pandey,Haryana,Gurugram
B-28009,21-09-2021,Kavita Pillai,Maharashtra,Nashik
B-28010,20-06-2018,Geeta Reddy,Nagaland,Kohima
B-28011,20-07-2019,Madan Agarwal,West Bengal,Siliguri
B-28012,29-11-2019,Manoj Chopra,Haryana,Hisar
B-28013,17-09-2021,Anita Bose,Uttar Pradesh,Lucknow
B-28014,14-03-2021,Nikhil Singh,Uttar Pradesh,Varanasi
B-28015,3/1/2020,Vikram Agarwal,Delhi,Delhi
B-28016,2/6/2018,Manoj Mohan,Rajasthan,Jaipur
B-28017,30-12-2018,Aarav Patel,Delhi,Dwarka
B-28018,7/8/2018,Dinesh Mishra,Andhra Pradesh,Vijayawada
B-28019,19-11-2020,Priya Desai,Madhya Pradesh,Gwalior
B-28020,22-09-2021,Meena Mehta,Rajasthan,Udaipur
B-28021,7/7/2019,Pooja Nair,Maharashtra,Pune
B-28022,9/6/2020,Rohit Yadav,Rajasthan,Jaipur
B-28023,15-10-2018,Nikhil Mishra,Goa,Panaji
B-28024,5/11/2019,Arun Pandey,Rajasthan,Udaipur
B-28025,4/2/2021,Pooja Das,Kerala,Kochi
B-28026,27-09-2021,Vishakha Malhotra,Gujarat,Surat
B-28027,4/3/2021,Anita Pandey,Madhya Pradesh,Gwalior
B-28028,28-04-2021,Sunita Patel,Uttar Pradesh,Varanasi
B-28029,26-08-2018,Vikram Mohan,Maharashtra,Nagpur
B-28030,28-10-2020,Pooja Joshi,Delhi,Delhi
B-28031,22-06-2018,Neha Mehta,Goa,Margao
B-28032,28-03-2021,Tushar Nair,Punjab,Ludhiana
B-28033,11/12/2018,Sneha Mishra,Delhi,Delhi
B-28034,29-11-2018,Rahul Kumar,Gujarat,Ahmedabad
B-28035,8/11/2018,Anita Desai,West Bengal,Siliguri
B-28036,12/9/2019,Asha Bose,Kerala,Kozhikode
B-28037,17-11-2020,Nikhil Agarwal,Andhra Pradesh,Tirupati
B-28038,1/9/2019,Jyoti Singh,Haryana,Gurugram
B-28039,6/8/2020,Sunita Desai,Delhi,Dwarka
B-28040,29-02-2020,Ravi Tiwari,Madhya Pradesh,Indore
B-28041,2/5/2020,Asha Iyer,Haryana,Hisar
B-28042,11/9/2018,Harivansh Nair,Karnataka,Hubli
B-28043,21-08-2018,Sunil Mohan,Uttar Pradesh,Mathura
B-28044,21-07-2018,Rajesh Verma,Bihar,Patna
B-28045,22-03-2019,Vikram Yadav,Andhra Pradesh,Tirupati
B-28046,16-12-2018,Kavita Joshi,Delhi,New Delhi
B-28047,26-01-2018,Amit Gupta,Tamil Nadu,Madurai
B-28048,31-05-2019,Rohit Patel,Jammu and Kashmir,Jammu
B-28049,17-06-2018,Kavita Patel,Uttar Pradesh,Lucknow
B-28050,4/10/2019,Kavita Iyer,Delhi,Dwarka
B-28051,18-05-2020,Geeta Verma,Karnataka,Mysuru
B-28052,28-02-2020,Rahul Joshi,Rajasthan,Jodhpur
B-28053,27-08-2021,Tushar Shah,Bihar,Muzaffarpur
B-28054,23-05-2020,Rohit Chopra,Madhya Pradesh,Jabalpur
B-28055,23-09-2020,Amit Singh,Uttar Pradesh,Agra
B-28056,1/1/2019,Vikas Pandey,Uttar Pradesh,Lucknow
B-28057,24-03-2019,Priya Yadav,Tamil Nadu,Chennai
B-28058,9/11/2021,Nandita Pandey,Tamil Nadu,Chennai
B-28059,4/8/2019,Ravi Gupta,Madhya Pradesh,Bhopal
B-28060,4/6/2020,Gopal Joshi,Tamil Nadu,Coimbatore
B-28061,26-09-2021,Jyoti Pillai,Nagaland,Kohima
B-28062,21-09-2020,Arun Malhotra,Jammu and Kashmir,Srinagar
B-28063,4/4/2021,Sunil Mishra,Haryana,Gurugram
B-28064,11/2/2021,Vikram Shah,Delhi,Dwarka
B-28065,26-03-2021,Rajesh Agarwal,Kerala,Kozhikode
B-28066,7/7/2021,Kiran Das,Himachal Pradesh,Manali
B-28067,22-11-2020,Rahul Chopra,Tamil Nadu,Madurai
B-28068,23-03-2018,Rekha Patel,Kerala,Kochi
B-28069,23-12-2019,Ravi Mohan,Maharashtra,Nagpur
B-28070,31-03-2021,Kavita Singh,Karnataka,Hubli
B-28071,23-05-2020,Tushar Pillai,Delhi,Delhi
B-28072,25-08-2021,Rajesh Mishra,Maharashtra,Nashik
B-28073,27-04-2018,Gopal Sharma,Karnataka,Hubli
B-28074,7/1/2018,Dinesh Chopra,Andhra Pradesh,Tirupati
B-28075,17-02-2021,Sunil Joshi,Punjab,Jalandhar
B-28076,29-03-2021,Gaurav Desai,Karnataka,Mysuru
B-28077,10/2/2019,Gopal Das,Andhra Pradesh,Vijayawada
B-28078,13-12-2021,Sneha Gupta,Rajasthan,Jodhpur
B-28079,24-01-2021,Aarav Mishra,West Bengal,Howrah
B-28080,30-05-2018,Gaurav Iyer,Himachal Pradesh,Dharamsala
B-28081,6/1/2020,Rekha Malhotra,Delhi,New Delhi
B-28082,8/4/2021,Madhav Mishra,Uttar Pradesh,Lucknow
B-28083,20-12-2021,Priya Malhotra,Madhya Pradesh,Indore
B-28084,20-12-2019,Vikas Kumar,Punjab,Amritsar
B-28085,12/9/2021,Gopal Kumar,West Bengal,Siliguri
B-28086,23-07-2018,Rahul Desai,Andhra Pradesh,Vijayawada
B-28087,3/12/2019,Vikram Tiwari,Maharashtra,Nashik
B-28088,15-04-2019,Rohit Yadav,Rajasthan,Jaipur
B-28089,18-11-2019,Rahul Iyer,Uttar Pradesh,Lucknow
B-28090,14-10-2020,Deepa Gupta,Maharashtra,Pune
B-28091,9/5/2020,Dinesh Mehta,Karnataka,Mysuru
B-28092,22-03-2018,Rajesh Tiwari,Delhi,Dwarka
B-28093,21-01-2021,Pooja Gupta,Bihar,Gaya
B-28094,10/5/2018,Nikhil Desai,Kerala,Kozhikode
B-28095,17-04-2019,Gopal Joshi,Haryana,Hisar
B-28096,28-10-2021,Harivansh Gupta,Jammu and Kashmir,Srinagar
B-28097,25-05-2018,Kiran Das,Rajasthan,Kota
B-28098,16-05-2019,Dinesh Nair,Uttar Pradesh,Agra
B-28099,26-05-2021,Neha Reddy,Sikkim,Gangtok
B-28100,3/2/2018,Jyoti Mehta,Andhra Pradesh,Visakhapatnam
B-28101,21-04-2018,Arun Malhotra,Rajasthan,Udaipur
B-28102,10/10/2021,Rahul Sharma,Maharashtra,Mumbai
B-28103,9/11/2020,Rahul Reddy,Haryana,Faridabad
B-28104,25-01-2021,Vishakha Pandey,Uttar Pradesh,Mathura
B-28105,2/4/2018,Amit Singh,Bihar,Gaya
B-28106,5/6/2018,Manoj Sharma,Himachal Pradesh,Manali
B-28107,4/4/2018,Amit Mehta,Maharashtra,Nashik
B-28108,9/5/2018,Arun Mohan,Himachal Pradesh,Dharamsala
B-28109,1/7/2020,Rajesh Patel,Rajasthan,Udaipur
B-28110,9/3/2021,Nandita Pillai,Gujarat,Ahmedabad
B-28111,6/3/2019,Amit Sharma,Maharashtra,Nagpur
B-28112,22-09-2021,Dinesh Iyer,Maharashtra,Pune
B-28113,21-09-2019,Asha Gupta,Uttar Pradesh,Kanpur
B-28114,10/1/2020,Suresh Verma,Karnataka,Mysuru
B-28115,20-03-2020,Aarav Singh,Uttar Pradesh,Agra
B-28116,15-08-2018,Rajesh Kumar,Maharashtra,Nagpur
B-28117,15-11-2019,Ravi Pillai,Madhya Pradesh,Indore
B-28118,25-08-2020,Deepa Tiwari,Haryana,Hisar
B-28119,21-04-2019,Nandita Yadav,Gujarat,Rajkot
B-28120,25-09-2018,Meena Chopra,Andhra Pradesh,Visakhapatnam
B-28121,26-12-2021,Nikhil Desai,West Bengal,Siliguri
B-28122,7/4/2021,Sunil Chopra,Rajasthan,Kota
B-28123,2/10/2020,Arun Chopra,Rajasthan,Udaipur
B-28124,11/5/2018,Neha Mehta,Bihar,Muzaffarpur
B-28125,6/6/2018,Amit Nair,Punjab,Amritsar
B-28126,27-12-2020,Parvati Reddy,Punjab,Jalandhar
B-28127,26-07-2021,Kiran Verma,Maharashtra,Nashik
B-28128,6/4/2019,Priya Iyer,Andhra Pradesh,Tirupati
B-28129,2/6/2019,Harivansh Mishra,Rajasthan,Kota
B-28130,10/11/2020,Meena Mohan,Rajasthan,Kota
B-28131,3/4/2019,Rekha Kumar,Himachal Pradesh,Dharamsala
B-28132,4/3/2018,Dinesh Pillai,Kerala,Thiruvananthapuram
B-28133,19-10-2021,Priya Reddy,Kerala,Kochi
B-28134,14-12-2019,Dinesh Mishra,Bihar,Muzaffarpur
B-28135,30-01-2019,Parvati Kumar,Rajasthan,Udaipur
B-28136,4/5/2019,Rohit Malhotra,Delhi,New Delhi
B-28137,26-07-2019,Asha Desai,Delhi,Delhi
B-28138,10/4/2021,Sunita Das,Uttar Pradesh,Varanasi
B-28139,10/10/2019,Manoj Sharma,Jammu and Kashmir,Srinagar
B-28140,23-11-2020,Harivansh Bose,West Bengal,Kolkata
B-28141,15-10-2018,Anita Malhotra,Gujarat,Ahmedabad
B-28142,29-12-2019,Rajesh Das,Himachal Pradesh,Manali
B-28143,16-01-2019,Anita Tiwari,West Bengal,Howrah
B-28144,29-10-2021,Gopal Malhotra,Madhya Pradesh,Bhopal
B-28145,11/10/2021,Harivansh Iyer,Maharashtra,Mumbai
B-28146,10/7/2020,Nikhil Pandey,Punjab,Ludhiana
B-28147,22-07-2020,Ravi Pandey,Goa,Panaji
B-28148,12/8/2021,Amit Kumar,Rajasthan,Jaipur
B-28149,21-03-2018,Ravi Gupta,Haryana,Gurugram
B-28150,22-07-2019,Rahul Desai,Madhya Pradesh,Indore
B-28151,13-09-2018,Sunita Joshi,Andhra Pradesh,Tirupati
B-28152,27-06-2020,Vishakha Tiwari,Bihar,Muzaffarpur
B-28153,1/2/2018,Rekha Kumar,Jammu and Kashmir,Srinagar
B-28154,22-11-2021,Asha Shah,Gujarat,Rajkot
B-28155,17-06-2018,Nikhil Bose,Maharashtra,Nagpur
B-28156,2/11/2018,Arun Gupta,Rajasthan,Udaipur
B-28157,16-10-2020,Anita Pandey,Maharashtra,Nashik
B-28158,20-08-2020,Meena Kumar,Karnataka,Bengaluru
B-28159,25-10-2020,Ravi Das,Rajasthan,Jodhpur
B-28160,12/5/2019,Kiran Mishra,Gujarat,Ahmedabad
B-28161,20-11-2021,Vikas Tiwari,Madhya Pradesh,Indore
B-28162,7/8/2020,Kavita Gupta,Madhya Pradesh,Jabalpur
B-28163,12/9/2021,Arun Mehta,Punjab,Jalandhar
B-28164,15-09-2020,Manoj Desai,Karnataka,Hubli
B-28165,3/5/2018,Neha Mohan,Rajasthan,Udaipur
B-28166,12/4/2019,Lalita Kumar,Karnataka,Mysuru
B-28167,2/7/2021,Nandita Malhotra,Bihar,Muzaffarpur
B-28168,20-03-2021,Deepa Iyer,Andhra Pradesh,Tirupati
B-28169,26-11-2018,Vikas Das,Uttar Pradesh,Varanasi
B-28170,6/9/2018,Vikram Tiwari,Delhi,Delhi
B-28171,13-11-2020,Arun Joshi,Maharashtra,Pune
B-28172,21-06-2018,Manoj Yadav,Haryana,Faridabad
B-28173,18-07-2018,Lalita Kumar,Delhi,New Delhi
B-28174,2/5/2021,Meena Chopra,Uttar Pradesh,Lucknow
B-28175,10/7/2019,Kavita Das,Maharashtra,Pune
B-28176,27-12-2019,Madan Tiwari,Gujarat,Ahmedabad
B-28177,11/11/2021,Madhav Nair,Andhra Pradesh,Vijayawada
B-28178,7/7/2018,Deepa Nair,Delhi,New Delhi
B-28179,13-06-2019,Vikram Mohan,Uttar Pradesh,Varanasi
B-28180,25-02-2018,Amit Sharma,Andhra Pradesh,Vijayawada
B-28181,29-07-2018,Kavita Malhotra,Andhra Pradesh,Tirupati
B-28182,22-02-2019,Anita Verma,Andhra Pradesh,Visakhapatnam
B-28183,28-12-2018,Suresh Tiwari,Madhya Pradesh,Bhopal
B-28184,17-08-2021,Arun Das,Kerala,Kochi
B-28185,19-01-2020,Rajesh Shah,Maharashtra,Pune
B-28186,10/10/2019,Arun Kumar,Delhi,New Delhi
B-28187,11/8/2018,Harivansh Tiwari,Rajasthan,Udaipur
B-28188,8/7/2019,Deepa Bose,Karnataka,Bengaluru
B-28189,29-12-2020,Rekha Mishra,Madhya Pradesh,Jabalpur
B-28190,11/10/2019,Jyoti Gupta,Andhra Pradesh,Visakhapatnam
B-28191,6/8/2021,Gaurav Yadav,Uttar Pradesh,Mathura
B-28192,7/7/2019,Gaurav Pillai,Karnataka,Hubli
B-28193,29-09-2019,Priya Patel,Karnataka,Bengaluru
B-28194,4/2/2019,Gopal Shah,Andhra Pradesh,Visakhapatnam
B-28195,14-12-2019,Lalita Verma,Haryana,Hisar
B-28196,11/7/2021,Madhav Mohan,Delhi,Dwarka
B-28197,3/3/2018,Madhav Sharma,West Bengal,Howrah
B-28198,10/10/2019,Priya Chopra,Rajasthan,Jaipur
B-28199,14-04-2021,Geeta Nair,Andhra Pradesh,Vijayawada
B-28200,27-09-2018,Gopal Patel,Maharashtra,Nashik
B-28201,5/10/2020,Dinesh Chopra,Maharashtra,Nagpur
B-28202,4/3/2021,Madan Iyer,Karnataka,Bengaluru
B-28203,11/3/2018,Asha Bose,Maharashtra,Mumbai
B-28204,10/4/2018,Arun Sharma,Andhra Pradesh,Tirupati
B-28205,12/11/2020,Amit Agarwal,Madhya Pradesh,Jabalpur
B-28206,15-09-2018,Ravi Yadav,Karnataka,Bengaluru
B-28207,14-10-2020,Ravi Pillai,Maharashtra,Nagpur
B-28208,27-08-2021,Vikas Mohan,Karnataka,Bengaluru
B-28209,8/4/2021,Vikram Gupta,Delhi,New Delhi
B-28210,19-02-2018,Ravi Patel,Tamil Nadu,Coimbatore
B-28211,27-12-2019,Rajesh Desai,Gujarat,Ahmedabad
B-28212,8/6/2020,Anita Pillai,Karnataka,Hubli
B-28213,1/4/2019,Deepa Mohan,Rajasthan,Kota
B-28214,5/3/2018,Geeta Pillai,Delhi,Delhi
B-28215,9/1/2020,Vikram Pandey,Gujarat,Surat
B-28216,12/9/2018,Rohit Verma,Maharashtra,Nagpur
B-28217,1/5/2018,Sanjay Malhotra,Haryana,Hisar
B-28218,12/4/2021,Asha Reddy,Haryana,Hisar
B-28219,7/11/2020,Nikhil Iyer,Jammu and Kashmir,Srinagar
B-28220,30-07-2020,Sunil Pillai,Andhra Pradesh,Tirupati
B-28221,13-05-2019,Arun Singh,Karnataka,Mysuru
B-28222,26-04-2021,Manoj Pillai,Gujarat,Vadodara
B-28223,20-11-2019,Asha Desai,Haryana,Faridabad
B-28224,27-12-2021,Gaurav Yadav,Tamil Nadu,Madurai
B-28225,4/11/2020,Pooja Patel,Gujarat,Surat
B-28226,12/8/2018,Dinesh Pandey,Tamil Nadu,Madurai
B-28227,11/9/2021,Deepa Das,Rajasthan,Jodhpur
B-28228,29-09-2018,Deepa Tiwari,Maharashtra,Mumbai
B-28229,27-11-2018,Neha Desai,Goa,Margao
B-28230,25-09-2021,Amit Chopra,Andhra Pradesh,Vijayawada
B-28231,16-04-2020,Rekha Pandey,Uttar Pradesh,Agra
B-28232,24-03-2018,Rekha Malhotra,West Bengal,Howrah
B-28233,21-09-2021,Vishakha Kumar,Uttar Pradesh,Varanasi
B-28234,13-02-2020,Sanjay Mehta,Uttar Pradesh,Mathura
B-28235,2/2/2018,Gopal Sharma,Jammu and Kashmir,Srinagar
B-28236,25-12-2020,Nandita Patel,Uttar Pradesh,Agra
B-28237,22-10-2021,Madhav Pillai,Andhra Pradesh,Tirupati
B-28238,4/10/2018,Geeta Bose,Bihar,Gaya
B-28239,9/1/2019,Neha Desai,Maharashtra,Nagpur
B-28240,21-03-2019,Sanjay Mohan,Sikkim,Namchi
B-28241,1/2/2019,Amit Pandey,Gujarat,Surat
B-28242,30-05-2021,Sneha Malhotra,Punjab,Amritsar
B-28243,7/12/2019,Pooja Verma,Uttar Pradesh,Kanpur
B-28244,3/1/2018,Dinesh Das,Rajasthan,Jaipur
B-28245,12/6/2019,Rajesh Mohan,Kerala,Kozhikode
B-28246,4/12/2020,Madan Pillai,Nagaland,Dimapur
B-28247,5/12/2019,Neha Chopra,Uttar Pradesh,Agra
B-28248,2/9/2020,Kavita Kumar,Goa,Margao
B-28249,7/1/2019,Aarav Shah,Punjab,Amritsar
B-28250,15-05-2018,Sunil Das,Maharashtra,Nagpur
B-28251,16-04-2018,Shalini Desai,Maharashtra,Pune
B-28252,14-08-2020,Geeta Reddy,Uttar Pradesh,Lucknow
B-28253,7/6/2021,Shalini Nair,Tamil Nadu,Coimbatore
B-28254,25-06-2018,Asha Mehta,Madhya Pradesh,Bhopal
B-28255,2/11/2021,Ravi Tiwari,West Bengal,Howrah
B-28256,27-05-2021,Rahul Mehta,Delhi,Dwarka
B-28257,7/2/2018,Aarav Desai,Uttar Pradesh,Lucknow
B-28258,20-12-2018,Rahul Shah,Kerala,Thiruvananthapuram
B-28259,24-06-2018,Kiran Kumar,Bihar,Gaya
B-28260,13-12-2019,Sunita Reddy,Punjab,Jalandhar
B-28261,3/12/2021,Harivansh Pillai,Gujarat,Ahmedabad
B-28262,27-09-2018,Kavita Nair,Uttar Pradesh,Agra
B-28263,25-06-2021,Gaurav Mehta,Rajasthan,Udaipur
B-28264,24-08-2018,Ravi Yadav,Gujarat,Ahmedabad
B-28265,9/2/2019,Kiran Nair,Uttar Pradesh,Varanasi
B-28266,12/12/2020,Jyoti Verma,Karnataka,Bengaluru
B-28267,24-05-2021,Vikas Singh,Gujarat,Ahmedabad
B-28268,13-12-2018,Rekha Kumar,Jammu and Kashmir,Srinagar
B-28269,7/4/2018,Geeta Mehta,Kerala,Thiruvananthapuram
B-28270,7/10/2020,Gopal Mehta,Haryana,Faridabad
B-28271,27-10-2019,Madhav Tiwari,Himachal Pradesh,Shimla
B-28272,18-04-2021,Madhav Pillai,Rajasthan,Udaipur
B-28273,18-11-2019,Priya Joshi,Kerala,Thiruvananthapuram
B-28274,27-12-2018,Kavita Agarwal,Gujarat,Vadodara
B-28275,18-10-2021,Rohit Gupta,Gujarat,Rajkot
B-28276,26-11-2019,Vikram Shah,West Bengal,Howrah
B-28277,13-11-2021,Amit Verma,Madhya Pradesh,Bhopal
B-28278,26-08-2021,Sunil Iyer,Rajasthan,Udaipur
B-28279,5/4/2018,Manoj Agarwal,Delhi,New Delhi
B-28280,1/3/2020,Manoj Tiwari,Maharashtra,Nagpur
B-28281,23-05-2021,Rajesh Pillai,West Bengal,Kolkata
B-28282,21-05-2020,Madan Das,Maharashtra,Mumbai
B-28283,23-06-2020,Sunil Tiwari,Himachal Pradesh,Dharamsala
B-28284,9/5/2020,Parvati Mehta,Rajasthan,Udaipur
B-28285,27-12-2020,Harivansh Das,Maharashtra,Mumbai
B-28286,26-06-2018,Anita Agarwal,Kerala,Thiruvananthapuram
B-28287,26-07-2020,Deepa Bose,Madhya Pradesh,Indore
B-28288,29-10-2020,Geeta Desai,Maharashtra,Nashik
B-28289,6/1/2021,Gaurav Mishra,Maharashtra,Nashik
B-28290,18-04-2018,Suresh Patel,Maharashtra,Pune
B-28291,13-08-2018,Arun Malhotra,Maharashtra,Pune
B-28292,14-06-2019,Kavita Das,Himachal Pradesh,Manali
B-28293,20-06-2020,Aarav Joshi,Uttar Pradesh,Varanasi
B-28294,16-02-2019,Madan Yadav,Uttar Pradesh,Varanasi
B-28295,4/7/2020,Vishakha Agarwal,Karnataka,Bengaluru
B-28296,3/6/2020,Tushar Gupta,Rajasthan,Jodhpur
B-28297,30-09-2021,Kiran Chopra,Jammu and Kashmir,Jammu
B-28298,13-10-2020,Pooja Gupta,Andhra Pradesh,Vijayawada
B-28299,14-01-2019,Suresh Gupta,Tamil Nadu,Chennai
B-28300,25-02-2018,Sunil Mishra,Gujarat,Vadodara
B-28301,17-04-2021,Pooja Yadav,Maharashtra,Nagpur
B-28302,7/1/2019,Madhav Agarwal,Andhra Pradesh,Visakhapatnam
B-28303,3/4/2021,Jyoti Malhotra,Tamil Nadu,Coimbatore
B-28304,2/10/2020,Jyoti Nair,Andhra Pradesh,Tirupati
B-28305,5/4/2018,Neha Sharma,Maharashtra,Nagpur
B-28306,30-05-2018,Kavita Mohan,Andhra Pradesh,Tirupati
B-28307,23-01-2019,Amit Pillai,Bihar,Gaya
B-28308,2/1/2021,Rekha Desai,Tamil Nadu,Madurai
B-28309,27-06-2020,Geeta Sharma,Rajasthan,Jaipur
B-28310,22-05-2020,Priya Sharma,Bihar,Gaya
B-28311,23-07-2018,Rekha Reddy,Maharashtra,Nashik
B-28312,6/3/2018,Anita Iyer,Rajasthan,Jaipur
B-28313,14-09-2021,Dinesh Joshi,West Bengal,Howrah
B-28314,8/2/2019,Madan Shah,Gujarat,Rajkot
B-28315,4/5/2019,Lalita Pandey,Gujarat,Surat
B-28316,12/6/2018,Gopal Chopra,Haryana,Faridabad
B-28317,13-01-2018,Harivansh Iyer,Goa,Margao
B-28318,28-05-2020,Pooja Mehta,Delhi,Dwarka
B-28319,19-10-2020,Asha Singh,Maharashtra,Nashik
B-28320,2/11/2020,Vishakha Reddy,Kerala,Thiruvananthapuram
B-28321,11/8/2018,Nandita Mehta,Bihar,Patna
B-28322,6/5/2020,Neha Pandey,Maharashtra,Pune
B-28323,18-06-2018,Kiran Gupta,Maharashtra,Pune
B-28324,26-03-2021,Tushar Mehta,West Bengal,Kolkata
B-28325,9/9/2018,Harivansh Pillai,Karnataka,Bengaluru
B-28326,2/8/2020,Pooja Nair,Tamil Nadu,Chennai
B-28327,17-09-2021,Aarav Joshi,Rajasthan,Udaipur
B-28328,21-12-2019,Sneha Das,West Bengal,Howrah
B-28329,26-05-2018,Vishakha Tiwari,Maharashtra,Nashik
B-28330,24-08-2021,Madan Agarwal,Uttar Pradesh,Agra
B-28331,5/5/2020,Sunil Pillai,Tamil Nadu,Madurai
B-28332,23-06-2018,Vikram Agarwal,Haryana,Hisar
B-28333,28-09-2019,Vishakha Das,Kerala,Thiruvananthapuram
B-28334,28-09-2021,Geeta Agarwal,Jammu and Kashmir,Jammu
B-28335,5/6/2020,Madan Agarwal,Tamil Nadu,Coimbatore
B-28336,18-03-2020,Priya Shah,Madhya Pradesh,Indore
B-28337,21-10-2020,Madhav Mohan,Delhi,New Delhi
B-28338,29-09-2019,Madhav Mishra,West Bengal,Kolkata
B-28339,2/10/2020,Vishakha Verma,Maharashtra,Nashik
B-28340,19-12-2020,Amit Pillai,Himachal Pradesh,Manali
B-28341,22-10-2018,Ravi Yadav,Madhya Pradesh,Gwalior
B-28342,18-10-2018,Kiran Sharma,Gujarat,Vadodara
B-28343,18-11-2021,Priya Bose,West Bengal,Kolkata
B-28344,3/5/2021,Jyoti Das,Karnataka,Bengaluru
B-28345,14-08-2021,Nikhil Bose,Karnataka,Mysuru
B-28346,13-03-2018,Anita Agarwal,Karnataka,Bengaluru
B-28347,18-09-2019,Sneha Bose,Maharashtra,Mumbai
B-28348,19-05-2019,Kiran Singh,Maharashtra,Mumbai
B-28349,2/2/2019,Meena Shah,Haryana,Hisar
B-28350,5/5/2019,Kavita Sharma,West Bengal,Kolkata
B-28351,18-08-2018,Lalita Iyer,Nagaland,Dimapur
B-28352,26-12-2019,Manoj Mehta,Bihar,Gaya
B-28353,7/12/2020,Dinesh Mishra,Andhra Pradesh,Tirupati
B-28354,16-08-2019,Gopal Gupta,Punjab,Amritsar
B-28355,5/12/2019,Suresh Iyer,Maharashtra,Nashik
B-28356,3/6/2019,Gopal Das,Haryana,Hisar
B-28357,9/3/2019,Harivansh Singh,Jammu and Kashmir,Srinagar
B-28358,24-08-2021,Lalita Das,Rajasthan,Jaipur
B-28359,6/9/2021,Kavita Mishra,Madhya Pradesh,Jabalpur
B-28360,18-05-2020,Gaurav Bose,Goa,Panaji
B-28361,7/9/2021,Neha Shah,Haryana,Hisar
B-28362,29-12-2019,Jyoti Bose,Nagaland,Kohima
B-28363,8/8/2020,Jyoti Gupta,Madhya Pradesh,Jabalpur
B-28364,5/4/2018,Pooja Desai,Punjab,Jalandhar
B-28365,16-08-2018,Arun Gupta,Maharashtra,Nashik
B-28366,19-05-2021,Asha Mohan,Gujarat,Surat
B-28367,27-04-2021,Rajesh Agarwal,Karnataka,Hubli
B-28368,4/1/2021,Vikas Gupta,Gujarat,Vadodara
B-28369,28-08-2018,Dinesh Pillai,Gujarat,Rajkot
B-28370,12/9/2020,Parvati Malhotra,Tamil Nadu,Chennai
B-28371,5/7/2018,Aarav Gupta,Kerala,Thiruvananthapuram
B-28372,7/6/2018,Nandita Verma,Haryana,Hisar
B-28373,3/10/2019,Amit Sharma,Delhi,Dwarka
B-28374,19-07-2020,Kiran Kumar,West Bengal,Kolkata
B-28375,19-01-2020,Suresh Pillai,Uttar Pradesh,Agra
B-28376,22-12-2019,Madan Patel,Karnataka,Hubli
B-28377,9/7/2019,Sneha Pandey,Delhi,Delhi
B-28378,12/7/2018,Rohit Mishra,Gujarat,Surat
B-28379,18-07-2021,Kavita Desai,Maharashtra,Nagpur
B-28380,16-03-2018,Nikhil Gupta,Madhya Pradesh,Bhopal
B-28381,24-02-2020,Amit Mishra,Maharashtra,Mumbai
B-28382,21-07-2019,Aarav Reddy,Uttar Pradesh,Kanpur
B-28383,5/10/2019,Harivansh Desai,Rajasthan,Udaipur
B-28384,15-05-2018,Rekha Patel,Uttar Pradesh,Agra
B-28385,19-12-2020,Asha Nair,Rajasthan,Udaipur
B-28386,11/4/2018,Dinesh Iyer,Andhra Pradesh,Tirupati
B-28387,14-05-2021,Neha Malhotra,Tamil Nadu,Chennai
B-28388,21-11-2020,Anita Pillai,Kerala,Kozhikode
B-28389,30-05-2021,Ravi Sharma,Delhi,New Delhi
B-28390,9/1/2018,Asha Nair,Uttar Pradesh,Varanasi
B-28391,25-01-2018,Ravi Chopra,Uttar Pradesh,Varanasi
B-28392,23-12-2018,Kavita Tiwari,Madhya Pradesh,Bhopal
B-28393,22-09-2018,Dinesh Chopra,Kerala,Kochi
B-28394,29-09-2020,Arun Yadav,Madhya Pradesh,Jabalpur
B-28395,25-03-2020,Suresh Das,Delhi,New Delhi
B-28396,1/9/2020,Sanjay Mishra,Madhya Pradesh,Indore
B-28397,14-08-2019,Ravi Kumar,Delhi,New Delhi
B-28398,12/4/2020,Arun Kumar,Madhya Pradesh,Bhopal
B-28399,3/4/2021,Neha Pillai,Rajasthan,Jodhpur
B-28400,28-05-2021,Rekha Patel,Gujarat,Ahmedabad
B-28401,12/10/2018,Suresh Yadav,Uttar Pradesh,Mathura
B-28402,2/3/2019,Manoj Reddy,Kerala,Kozhikode
B-28403,14-04-2018,Arun Patel,Gujarat,Vadodara
B-28404,29-10-2020,Sunita Joshi,Karnataka,Mysuru
B-28405,22-01-2019,Neha Pandey,Tamil Nadu,Madurai
B-28406,24-05-2018,Amit Desai,Tamil Nadu,Chennai
B-28407,29-03-2019,Geeta Kumar,Haryana,Gurugram
B-28408,31-10-2018,Geeta Yadav,Punjab,Jalandhar
B-28409,28-11-2021,Vishakha Mishra,Gujarat,Ahmedabad
B-28410,13-08-2019,Sunita Singh,Karnataka,Bengaluru
B-28411,13-05-2020,Sunita Patel,Uttar Pradesh,Kanpur
B-28412,31-08-2021,Harivansh Desai,Uttar Pradesh,Mathura
B-28413,20-07-2019,Manoj Nair,Andhra Pradesh,Visakhapatnam
B-28414,14-03-2020,Rekha Joshi,Maharashtra,Pune
B-28415,27-02-2021,Sneha Pillai,Uttar Pradesh,Lucknow
B-28416,17-11-2018,Aarav Mohan,Uttar Pradesh,Lucknow
B-28417,5/12/2018,Geeta Agarwal,Rajasthan,Jodhpur
B-28418,16-10-2019,Kiran Das,Bihar,Muzaffarpur
B-28419,4/11/2020,Geeta Shah,Madhya Pradesh,Jabalpur
B-28420,6/8/2018,Anita Desai,West Bengal,Kolkata
B-28421,11/1/2021,Vishakha Nair,Uttar Pradesh,Mathura
B-28422,19-04-2021,Priya Verma,Nagaland,Kohima
B-28423,22-07-2021,Amit Mishra,Bihar,Gaya
B-28424,14-08-2021,Shalini Das,Tamil Nadu,Coimbatore
B-28425,4/4/2020,Vishakha Shah,Gujarat,Rajkot
B-28426,6/12/2018,Sunil Tiwari,Madhya Pradesh,Jabalpur
B-28427,1/9/2021,Rahul Reddy,Madhya Pradesh,Jabalpur
B-28428,30-07-2021,Neha Reddy,Delhi,New Delhi
B-28429,15-02-2020,Gopal Mohan,Karnataka,Hubli
B-28430,26-04-2020,Nikhil Joshi,Jammu and Kashmir,Srinagar
B-28431,16-11-2019,Vikas Malhotra,Andhra Pradesh,Visakhapatnam
B-28432,13-11-2019,Pooja Das,Madhya Pradesh,Bhopal
B-28433,5/10/2019,Suresh Mehta,Andhra Pradesh,Tirupati
B-28434,20-10-2020,Rohit Pillai,Haryana,Faridabad
B-28435,12/12/2021,Parvati Yadav,West Bengal,Howrah
B-28436,2/11/2019,Sneha Sharma,Uttar Pradesh,Lucknow
B-28437,15-12-2021,Sanjay Das,Rajasthan,Jodhpur
B-28438,9/1/2019,Parvati Agarwal,Rajasthan,Udaipur
B-28439,29-07-2021,Amit Singh,Uttar Pradesh,Lucknow
B-28440,12/1/2019,Amit Mishra,Uttar Pradesh,Agra
B-28441,25-11-2019,Gopal Chopra,West Bengal,Siliguri
B-28442,25-01-2020,Rajesh Das,Kerala,Kochi
B-28443,19-09-2020,Rohit Bose,Uttar Pradesh,Mathura
B-28444,7/8/2019,Deepa Bose,Madhya Pradesh,Indore
B-28445,14-01-2019,Gaurav Chopra,Uttar Pradesh,Mathura
B-28446,28-03-2019,Dinesh Gupta,Delhi,Dwarka
B-28447,20-10-2018,Pooja Sharma,Kerala,Kochi
B-28448,11/1/2020,Deepa Joshi,West Bengal,Siliguri
B-28449,25-01-2019,Nandita Gupta,Delhi,Dwarka
B-28450,27-01-2020,Priya Singh,Rajasthan,Udaipur
B-28451,8/3/2021,Rohit Gupta,Himachal Pradesh,Shimla
B-28452,1/8/2020,Arun Tiwari,Kerala,Kozhikode
B-28453,4/11/2019,Rajesh Desai,Uttar Pradesh,Varanasi
B-28454,16-08-2020,Jyoti Nair,Nagaland,Dimapur
B-28455,18-10-2020,Rohit Das,Haryana,Gurugram
B-28456,14-04-2018,Geeta Mehta,Delhi,New Delhi
B-28457,28-03-2020,Arun Agarwal,Andhra Pradesh,Vijayawada
B-28458,9/11/2021,Sunil Reddy,Gujarat,Ahmedabad
B-28459,24-10-2021,Parvati Mohan,Madhya Pradesh,Jabalpur
B-28460,1/11/2020,Kiran Tiwari,Rajasthan,Jaipur
B-28461,20-12-2020,Harivansh Mishra,Punjab,Ludhiana
B-28462,20-07-2021,Arun Patel,Punjab,Amritsar
B-28463,12/2/2020,Madan Pillai,Rajasthan,Jodhpur
B-28464,8/3/2019,Deepa Mishra,Gujarat,Surat
B-28465,26-09-2020,Kavita Mohan,Jammu and Kashmir,Jammu
B-28466,11/1/2021,Nandita Pandey,Delhi,Delhi
B-28467,28-10-2021,Rekha Das,Delhi,Dwarka
B-28468,24-10-2021,Kavita Iyer,Kerala,Thiruvananthapuram
B-28469,2/5/2020,Rohit Kumar,Uttar Pradesh,Mathura
B-28470,3/9/2019,Nandita Malhotra,Rajasthan,Jaipur
B-28471,24-01-2021,Anita Agarwal,Tamil Nadu,Coimbatore
B-28472,12/12/2018,Lalita Shah,Andhra Pradesh,Tirupati
B-28473,30-11-2020,Nikhil Chopra,Jammu and Kashmir,Srinagar
B-28474,11/7/2019,Manoj Desai,West Bengal,Howrah
B-28475,8/2/2018,Kavita Tiwari,Jammu and Kashmir,Jammu
B-28476,20-06-2018,Nikhil Bose,Kerala,Thiruvananthapuram
B-28477,4/5/2020,Meena Reddy,Nagaland,Dimapur
B-28478,7/4/2018,Sunil Shah,Maharashtra,Pune
B-28479,27-07-2018,Jyoti Reddy,Himachal Pradesh,Shimla
B-28480,20-03-2020,Tushar Malhotra,Delhi,New Delhi
B-28481,11/5/2020,Tushar Singh,Karnataka,Hubli
B-28482,21-02-2019,Dinesh Chopra,Punjab,Amritsar
B-28483,17-07-2021,Gaurav Shah,Karnataka,Bengaluru
B-28484,11/10/2021,Kiran Patel,West Bengal,Kolkata
B-28485,7/6/2018,Madan Nair,Uttar Pradesh,Agra
B-28486,5/1/2019,Rahul Sharma,Kerala,Kochi
B-28487,2/4/2021,Vikram Yadav,Delhi,Delhi
B-28488,4/2/2019,Kavita Agarwal,Kerala,Kozhikode
B-28489,21-03-2019,Suresh Joshi,Rajasthan,Jodhpur
B-28490,12/6/2018,Kiran Chopra,Uttar Pradesh,Lucknow
B-28491,8/9/2018,Sunil Desai,West Bengal,Howrah
B-28492,19-01-2019,Priya Kumar,Delhi,New Delhi
B-28493,22-05-2021,Rahul Reddy,Uttar Pradesh,Kanpur
B-28494,22-09-2020,Harivansh Agarwal,West Bengal,Siliguri
B-28495,12/11/2021,Aarav Sharma,Haryana,Hisar
B-28496,4/8/2018,Tushar Mohan,Sikkim,Gangtok
B-28497,6/8/2020,Madan Mishra,Tamil Nadu,Chennai
B-28498,23-12-2018,Vikas Joshi,Bihar,Gaya
B-28499,24-03-2019,Lalita Chopra,Delhi,Delhi
B-28500,3/10/2019,Vikas Malhotra,Bihar,Gaya
B-28501,21-06-2021,Pooja Kumar,Gujarat,Ahmedabad
B-28502,14-11-2021,Sunil Das,Uttar Pradesh,Kanpur
B-28503,16-10-2018,Jyoti Patel,West Bengal,Howrah
B-28504,20-04-2018,Priya Desai,Maharashtra,Mumbai
B-28505,21-01-2021,Rajesh Joshi,Kerala,Kozhikode
B-28506,6/8/2021,Pooja Patel,Tamil Nadu,Chennai
B-28507,20-08-2018,Madan Tiwari,Haryana,Gurugram
B-28508,7/2/2020,Nandita Pandey,Maharashtra,Nagpur
B-28509,30-11-2021,Suresh Shah,Maharashtra,Nagpur
B-28510,18-01-2019,Geeta Agarwal,Delhi,Delhi
B-28511,4/9/2021,Priya Patel,Uttar Pradesh,Mathura
B-28512,22-07-2018,Arun Das,Punjab,Jalandhar
B-28513,18-08-2019,Kiran Mehta,Jammu and Kashmir,Srinagar
B-28514,9/12/2018,Madan Chopra,Haryana,Gurugram
B-28515,20-06-2018,Rohit Das,Bihar,Patna
B-28516,5/6/2020,Ravi Malhotra,Himachal Pradesh,Dharamsala
B-28517,5/10/2018,Nandita Sharma,Delhi,Delhi
B-28518,14-11-2019,Rajesh Mehta,Andhra Pradesh,Vijayawada
B-28519,13-12-2018,Arun Das,Maharashtra,Mumbai
B-28520,16-12-2018,Kiran Verma,Punjab,Ludhiana
B-28521,21-06-2018,Shalini Tiwari,Karnataka,Mysuru
B-28522,4/3/2019,Rahul Joshi,Jammu and Kashmir,Srinagar
B-28523,10/1/2020,Rajesh Singh,Punjab,Ludhiana
B-28524,2/6/2018,Anita Tiwari,Madhya Pradesh,Jabalpur
B-28525,23-10-2019,Harivansh Sharma,Bihar,Muzaffarpur
B-28526,18-10-2019,Kiran Shah,Madhya Pradesh,Jabalpur
B-28527,3/7/2020,Anita Reddy,Karnataka,Hubli
B-28528,29-05-2019,Arun Das,Punjab,Amritsar
B-28529,15-01-2018,Sunil Mohan,Rajasthan,Jaipur
B-28530,25-08-2021,Geeta Agarwal,Maharashtra,Nagpur
B-28531,24-03-2018,Madhav Mehta,Maharashtra,Nagpur
B-28532,16-01-2018,Meena Chopra,West Bengal,Howrah
B-28533,9/12/2018,Ravi Mohan,Punjab,Ludhiana
B-28534,12/5/2019,Amit Shah,Delhi,Delhi
B-28535,30-08-2018,Sunil Reddy,Delhi,New Delhi
B-28536,10/8/2018,Meena Patel,Uttar Pradesh,Lucknow
B-28537,8/6/2019,Rahul Bose,West Bengal,Howrah
B-28538,29-12-2020,Rahul Singh,Tamil Nadu,Madurai
B-28539,22-03-2018,Vishakha Sharma,Delhi,Delhi
B-28540,1/4/2020,Harivansh Singh,Uttar Pradesh,Kanpur
B-28541,30-07-2021,Rekha Chopra,Karnataka,Hubli
B-28542,1/7/2018,Ravi Verma,Nagaland,Dimapur
B-28543,12/1/2021,Gopal Das,Punjab,Jalandhar
B-28544,12/2/2021,Rohit Nair,Kerala,Kochi
B-28545,1/12/2018,Manoj Verma,Gujarat,Ahmedabad
B-28546,23-09-2019,Asha Shah,Haryana,Gurugram
B-28547,15-01-2021,Nikhil Kumar,Punjab,Amritsar
B-28548,24-07-2018,Rekha Mishra,Haryana,Faridabad
B-28549,24-11-2021,Rohit Das,Gujarat,Ahmedabad
B-28550,11/4/2021,Madhav Gupta,Maharashtra,Nashik
B-28551,1/3/2018,Vikram Chopra,Uttar Pradesh,Lucknow
B-28552,13-07-2018,Geeta Bose,Madhya Pradesh,Indore
B-28553,16-09-2020,Ravi Verma,Delhi,Delhi
B-28554,24-09-2021,Neha Shah,Uttar Pradesh,Agra
B-28555,17-04-2019,Asha Das,Bihar,Patna
B-28556,20-06-2020,Ravi Tiwari,Delhi,Delhi
B-28557,1/11/2018,Anita Desai,West Bengal,Siliguri
B-28558,19-04-2021,Sunita Shah,Maharashtra,Nashik
B-28559,28-04-2019,Vishakha Pandey,Bihar,Patna
B-28560,28-07-2020,Kiran Desai,Punjab,Amritsar
B-28561,17-03-2019,Madhav Pandey,Gujarat,Ahmedabad
B-28562,1/12/2018,Manoj Sharma,West Bengal,Siliguri
B-28563,13-05-2019,Parvati Mehta,Andhra Pradesh,Vijayawada
B-28564,5/2/2019,Nandita Mehta,Madhya Pradesh,Jabalpur
B-28565,10/8/2019,Jyoti Joshi,Maharashtra,Nashik
B-28566,24-05-2019,Tushar Shah,Maharashtra,Nashik
B-28567,18-10-2021,Gopal Gupta,Haryana,Hisar
B-28568,8/6/2018,Sunil Malhotra,Himachal Pradesh,Dharamsala
B-28569,18-07-2020,Rohit Patel,Karnataka,Bengaluru
B-28570,27-08-2020,Kavita Mishra,Goa,Panaji
B-28571,26-04-2019,Asha Sharma,Jammu and Kashmir,Srinagar
B-28572,26-04-2018,Vikram Bose,Gujarat,Surat
B-28573,8/7/2019,Anita Kumar,Maharashtra,Pune
B-28574,8/7/2018,Vishakha Agarwal,Haryana,Faridabad
B-28575,12/11/2021,Madhav Patel,Goa,Margao
B-28576,10/3/2019,Rohit Patel,Karnataka,Hubli
B-28577,13-02-2021,Sneha Patel,Tamil Nadu,Chennai
B-28578,17-01-2020,Ravi Verma,Maharashtra,Nagpur
B-28579,16-01-2020,Vishakha Pandey,Delhi,Dwarka
B-28580,20-09-2019,Neha Iyer,Tamil Nadu,Chennai
B-28581,22-06-2018,Suresh Kumar,Gujarat,Vadodara
B-28582,25-03-2021,Manoj Joshi,Sikkim,Namchi
B-28583,6/9/2020,Vikas Patel,Rajasthan,Jaipur
B-28584,17-07-2021,Sunil Shah,Rajasthan,Jodhpur
B-28585,4/7/2021,Asha Agarwal,Maharashtra,Mumbai
B-28586,22-01-2020,Suresh Patel,Kerala,Kochi
B-28587,15-04-2020,Rekha Chopra,Kerala,Kochi
B-28588,31-05-2019,Madan Joshi,Delhi,Dwarka
B-28589,23-10-2020,Geeta Patel,Maharashtra,Pune
B-28590,24-10-2019,Neha Mohan,West Bengal,Siliguri
B-28591,17-12-2020,Dinesh Yadav,Rajasthan,Jaipur
B-28592,8/1/2020,Kavita Sharma,Uttar Pradesh,Agra
B-28593,2/9/2018,Manoj Yadav,Goa,Panaji
B-28594,19-12-2020,Sanjay Iyer,Bihar,Muzaffarpur
B-28595,30-12-2018,Kavita Verma,Madhya Pradesh,Jabalpur
B-28596,16-02-2021,Kiran Iyer,Madhya Pradesh,Bhopal
B-28597,6/6/2018,Rahul Malhotra,Bihar,Patna
B-28598,30-05-2019,Rohit Joshi,West Bengal,Kolkata
B-28599,6/9/2020,Jyoti Mohan,Haryana,Faridabad
B-28600,11/12/2018,Asha Nair,Rajasthan,Jaipur
B-28601,5/7/2019,Sneha Sharma,Gujarat,Rajkot
B-28602,22-08-2018,Rahul Agarwal,Karnataka,Hubli
B-28603,7/7/2021,Sneha Reddy,Rajasthan,Udaipur
B-28604,28-05-2021,Vikram Gupta,Karnataka,Bengaluru
B-28605,28-11-2020,Dinesh Desai,Jammu and Kashmir,Srinagar
B-28606,1/3/2020,Madhav Sharma,Gujarat,Vadodara
B-28607,15-06-2020,Meena Yadav,Punjab,Amritsar
B-28608,9/8/2018,Kiran Mishra,Uttar Pradesh,Lucknow
B-28609,16-06-2018,Sneha Verma,Uttar Pradesh,Agra
B-28610,18-04-2018,Sunita Chopra,Delhi,Dwarka
B-28611,13-01-2021,Sneha Mehta,Goa,Panaji
B-28612,20-08-2018,Sunita Verma,Himachal Pradesh,Shimla
B-28613,26-06-2019,Gaurav Shah,Madhya Pradesh,Gwalior
B-28614,17-03-2018,Ravi Desai,Andhra Pradesh,Vijayawada
B-28615,19-06-2021,Nandita Mohan,Rajasthan,Kota
B-28616,31-10-2020,Manoj Patel,Uttar Pradesh,Mathura
B-28617,18-08-2021,Suresh Joshi,Uttar Pradesh,Agra
B-28618,7/10/2018,Manoj Agarwal,Uttar Pradesh,Kanpur
B-28619,2/4/2019,Dinesh Patel,Maharashtra,Nashik
B-28620,19-05-2018,Gopal Pillai,Andhra Pradesh,Tirupati
B-28621,14-12-2021,Harivansh Malhotra,Punjab,Jalandhar
B-28622,14-07-2019,Ravi Mishra,Nagaland,Dimapur
B-28623,13-03-2019,Dinesh Pandey,Rajasthan,Jodhpur
B-28624,29-04-2021,Sanjay Sharma,Madhya Pradesh,Jabalpur
B-28625,5/9/2020,Parvati Chopra,Nagaland,Kohima
B-28626,9/3/2020,Geeta Bose,Uttar Pradesh,Agra
B-28627,5/7/2021,Vikram Verma,Andhra Pradesh,Visakhapatnam
B-28628,24-05-2021,Rekha Malhotra,Haryana,Gurugram
B-28629,11/10/2019,Aarav Iyer,Karnataka,Bengaluru
B-28630,12/3/2021,Anita Reddy,Madhya Pradesh,Jabalpur
B-28631,22-02-2018,Amit Mehta,Madhya Pradesh,Jabalpur
B-28632,21-06-2021,Madan Bose,Rajasthan,Kota
B-28633,10/3/2019,Gopal Joshi,Haryana,Faridabad
B-28634,5/2/2018,Dinesh Mishra,Tamil Nadu,Chennai
B-28635,28-06-2018,Anita Singh,Bihar,Patna
B-28636,8/3/2020,Kiran Tiwari,Delhi,New Delhi
B-28637,4/9/2021,Vikas Kumar,Bihar,Patna
B-28638,23-07-2019,Gopal Pillai,Madhya Pradesh,Gwalior
B-28639,27-05-2021,Sanjay Mishra,Andhra Pradesh,Visakhapatnam
B-28640,20-11-2019,Kiran Iyer,Kerala,Thiruvananthapuram
B-28641,17-07-2020,Tushar Mishra,Uttar Pradesh,Kanpur
B-28642,4/5/2020,Vishakha Mishra,Gujarat,Surat
B-28643,22-09-2020,Manoj Shah,Karnataka,Hubli
B-28644,24-12-2019,Deepa Mishra,Uttar Pradesh,Lucknow
B-28645,9/11/2019,Sunil Joshi,Gujarat,Ahmedabad
B-28646,18-06-2018,Dinesh Mishra,Rajasthan,Jodhpur
B-28647,10/9/2020,Tushar Mohan,West Bengal,Siliguri
B-28648,15-07-2019,Parvati Tiwari,Rajasthan,Kota
B-28649,3/11/2019,Kiran Nair,Karnataka,Mysuru
B-28650,13-10-2020,Manoj Tiwari,Tamil Nadu,Madurai
B-28651,16-06-2021,Anita Gupta,Uttar Pradesh,Lucknow
B-28652,23-09-2021,Nikhil Mishra,Maharashtra,Nashik
B-28653,2/1/2018,Anita Shah,Maharashtra,Mumbai
B-28654,3/12/2019,Parvati Pandey,Uttar Pradesh,Lucknow
B-28655,3/8/2019,Deepa Bose,Punjab,Ludhiana
B-28656,20-08-2020,Harivansh Reddy,Tamil Nadu,Madurai
B-28657,29-11-2019,Suresh Pandey,Sikkim,Namchi
B-28658,8/2/2020,Kavita Mishra,Delhi,New Delhi
B-28659,4/5/2020,Suresh Joshi,Delhi,New Delhi
B-28660,10/12/2018,Rahul Iyer,Uttar Pradesh,Agra
B-28661,16-10-2018,Rahul Agarwal,Karnataka,Bengaluru
B-28662,24-06-2019,Sneha Singh,Uttar Pradesh,Varanasi
B-28663,17-10-2020,Nikhil Chopra,Delhi,Delhi
B-28664,3/12/2020,Sunita Mohan,Andhra Pradesh,Vijayawada
B-28665,20-05-2021,Rajesh Tiwari,Maharashtra,Mumbai
B-28666,11/8/2019,Vikram Pandey,Jammu and Kashmir,Srinagar
B-28667,12/9/2020,Meena Agarwal,Uttar Pradesh,Lucknow
B-28668,19-02-2019,Sanjay Verma,Bihar,Gaya
B-28669,21-08-2019,Vikas Singh,Bihar,Gaya
B-28670,27-05-2019,Sneha Mohan,Karnataka,Mysuru
B-28671,22-04-2018,Sunita Tiwari,Uttar Pradesh,Varanasi
B-28672,12/2/2019,Meena Reddy,Gujarat,Ahmedabad
B-28673,21-11-2018,Suresh Verma,Punjab,Ludhiana
B-28674,21-09-2020,Sneha Chopra,Jammu and Kashmir,Jammu
B-28675,20-07-2020,Kavita Bose,Madhya Pradesh,Jabalpur
B-28676,13-02-2020,Asha Yadav,Madhya Pradesh,Gwalior
B-28677,18-06-2021,Anita Nair,Maharashtra,Mumbai
B-28678,10/6/2021,Madhav Pandey,Maharashtra,Nagpur
B-28679,16-08-2018,Vikram Verma,Delhi,Dwarka
B-28680,23-02-2019,Parvati Mishra,Andhra Pradesh,Visakhapatnam
B-28681,11/4/2018,Jyoti Desai,Rajasthan,Jodhpur
B-28682,29-01-2019,Kavita Nair,Kerala,Kochi
B-28683,26-02-2019,Vishakha Tiwari,Rajasthan,Jaipur
B-28684,30-09-2019,Nikhil Mishra,Madhya Pradesh,Indore
B-28685,9/8/2020,Rahul Gupta,Andhra Pradesh,Visakhapatnam
B-28686,4/6/2020,Amit Bose,Uttar Pradesh,Kanpur
B-28687,31-07-2019,Vikram Mishra,Kerala,Kochi
B-28688,1/9/2019,Asha Mehta,Gujarat,Surat
B-28689,8/8/2018,Sneha Joshi,Punjab,Amritsar
B-28690,7/6/2019,Amit Das,Haryana,Hisar
B-28691,17-07-2020,Kavita Verma,Delhi,New Delhi
B-28692,20-04-2018,Arun Pillai,Madhya Pradesh,Jabalpur
B-28693,12/12/2018,Gopal Patel,Nagaland,Kohima
B-28694,14-04-2019,Vishakha Mehta,Kerala,Thiruvananthapuram
B-28695,4/8/2020,Pooja Patel,Andhra Pradesh,Visakhapatnam
B-28696,4/1/2021,Manoj Mehta,Sikkim,Gangtok
B-28697,26-04-2021,Tushar Joshi,Karnataka,Mysuru
B-28698,19-06-2018,Madan Tiwari,Rajasthan,Jaipur
B-28699,18-12-2021,Tushar Iyer,Madhya Pradesh,Jabalpur
B-28700,7/9/2021,Vikas Joshi,Gujarat,Vadodara
B-28701,23-10-2018,Kavita Pillai,Uttar Pradesh,Agra
B-28702,29-05-2018,Vishakha Patel,Madhya Pradesh,Bhopal
B-28703,13-12-2020,Madan Chopra,Himachal Pradesh,Manali
B-28704,8/6/2019,Dinesh Sharma,Karnataka,Hubli
B-28705,19-04-2021,Shalini Chopra,Punjab,Ludhiana
B-28706,3/4/2018,Pooja Tiwari,Madhya Pradesh,Jabalpur
B-28707,31-03-2018,Gaurav Tiwari,Rajasthan,Kota
B-28708,30-09-2020,Deepa Mohan,Jammu and Kashmir,Srinagar
B-28709,20-09-2018,Lalita Pandey,Uttar Pradesh,Agra
B-28710,26-09-2021,Suresh Das,Bihar,Muzaffarpur
B-28711,8/3/2018,Dinesh Reddy,Maharashtra,Nashik
B-28712,29-03-2018,Kavita Kumar,Gujarat,Surat
B-28713,21-09-2021,Asha Sharma,Rajasthan,Jodhpur
B-28714,4/11/2021,Meena Agarwal,Tamil Nadu,Coimbatore
B-28715,12/9/2020,Harivansh Patel,Bihar,Gaya
B-28716,19-08-2021,Sunita Pandey,Bihar,Muzaffarpur
B-28717,17-02-2019,Amit Shah,Rajasthan,Kota
B-28718,8/11/2021,Lalita Mishra,West Bengal,Howrah
B-28719,24-10-2021,Anita Bose,West Bengal,Howrah
B-28720,3/12/2020,Lalita Singh,Madhya Pradesh,Jabalpur
B-28721,13-08-2018,Harivansh Yadav,Tamil Nadu,Madurai
B-28722,2/5/2020,Meena Bose,Gujarat,Vadodara
B-28723,30-03-2018,Parvati Reddy,Gujarat,Surat
B-28724,5/3/2020,Manoj Bose,Kerala,Thiruvananthapuram
B-28725,10/3/2021,Vishakha Mishra,Delhi,New Delhi
B-28726,27-08-2018,Suresh Reddy,Maharashtra,Nagpur
B-28727,30-04-2020,Rajesh Patel,Delhi,New Delhi
B-28728,2/6/2018,Lalita Gupta,Andhra Pradesh,Tirupati
B-28729,7/4/2020,Suresh Pillai,Delhi,Delhi
B-28730,6/8/2021,Arun Pillai,Gujarat,Vadodara
B-28731,16-02-2021,Madan Pillai,Bihar,Gaya
B-28732,12/12/2020,Shalini Pillai,Rajasthan,Kota
B-28733,10/2/2019,Meena Pillai,Gujarat,Surat
B-28734,30-04-2018,Gopal Patel,Bihar,Patna
B-28735,17-06-2019,Neha Agarwal,Punjab,Amritsar
B-28736,5/1/2019,Gopal Pillai,Rajasthan,Kota
B-28737,28-05-2019,Amit Reddy,Uttar Pradesh,Mathura
B-28738,2/10/2018,Shalini Joshi,Andhra Pradesh,Tirupati
B-28739,21-01-2018,Pooja Chopra,Andhra Pradesh,Visakhapatnam
B-28740,25-05-2021,Meena Pillai,Karnataka,Mysuru
B-28741,15-05-2019,Ravi Tiwari,Kerala,Kozhikode
B-28742,14-01-2020,Gopal Reddy,Karnataka,Bengaluru
B-28743,10/5/2020,Deepa Patel,Maharashtra,Nashik
B-28744,22-01-2019,Gopal Bose,Gujarat,Vadodara
B-28745,1/10/2020,Ravi Yadav,Andhra Pradesh,Tirupati
B-28746,16-08-2019,Kiran Desai,Bihar,Patna
B-28747,4/1/2018,Asha Sharma,Tamil Nadu,Madurai
B-28748,14-03-2018,Neha Malhotra,Delhi,Delhi
B-28749,7/2/2018,Neha Gupta,Madhya Pradesh,Bhopal
B-28750,23-12-2021,Geeta Joshi,Tamil Nadu,Coimbatore
B-28751,28-02-2019,Harivansh Gupta,Haryana,Gurugram
B-28752,1/12/2019,Sneha Singh,Delhi,Dwarka
B-28753,15-11-2021,Deepa Sharma,Goa,Panaji
B-28754,7/11/2021,Arun Tiwari,Haryana,Hisar
B-28755,6/11/2019,Lalita Tiwari,Goa,Panaji
B-28756,16-09-2021,Suresh Shah,Madhya Pradesh,Indore
B-28757,25-12-2021,Vikram Kumar,Kerala,Kochi
B-28758,26-10-2020,Meena Das,Bihar,Muzaffarpur
B-28759,3/3/2018,Neha Mohan,Andhra Pradesh,Vijayawada
B-28760,16-03-2020,Sanjay Agarwal,Kerala,Kozhikode
B-28761,15-09-2019,Shalini Patel,Bihar,Muzaffarpur
B-28762,20-05-2019,Kiran Bose,Jammu and Kashmir,Jammu
B-28763,5/4/2021,Lalita Iyer,Madhya Pradesh,Bhopal
B-28764,16-02-2019,Dinesh Desai,Uttar Pradesh,Lucknow
B-28765,29-09-2021,Nandita Iyer,Sikkim,Gangtok
B-28766,6/4/2019,Dinesh Yadav,Maharashtra,Pune
B-28767,26-09-2021,Vikram Tiwari,Maharashtra,Nagpur
B-28768,4/12/2019,Amit Pandey,Gujarat,Vadodara
B-28769,29-04-2020,Geeta Kumar,Punjab,Ludhiana
B-28770,8/4/2018,Kavita Verma,Andhra Pradesh,Tirupati
B-28771,20-07-2020,Sunil Verma,Gujarat,Ahmedabad
B-28772,15-09-2018,Rohit Mishra,Delhi,Dwarka
B-28773,22-08-2019,Jyoti Desai,Uttar Pradesh,Agra
B-28774,24-11-2018,Nandita Mehta,Maharashtra,Pune
B-28775,9/1/2018,Suresh Mishra,Delhi,Dwarka
B-28776,14-08-2020,Geeta Chopra,Gujarat,Ahmedabad
B-28777,19-05-2019,Rohit Malhotra,Uttar Pradesh,Agra
B-28778,21-06-2020,Sneha Yadav,Delhi,Delhi
B-28779,2/10/2018,Madan Kumar,Tamil Nadu,Madurai
B-28780,3/11/2019,Rekha Pandey,West Bengal,Siliguri
B-28781,18-02-2018,Amit Pillai,Madhya Pradesh,Gwalior
B-28782,3/4/2021,Vikas Nair,Nagaland,Dimapur
B-28783,18-10-2019,Ravi Chopra,Karnataka,Mysuru
B-28784,20-03-2020,Suresh Malhotra,Tamil Nadu,Madurai
B-28785,2/1/2021,Arun Mishra,Kerala,Kochi
B-28786,11/3/2018,Tushar Singh,Haryana,Hisar
B-28787,11/12/2019,Rohit Malhotra,Gujarat,Surat
B-28788,18-10-2018,Neha Pillai,Haryana,Hisar
B-28789,17-01-2020,Tushar Nair,Andhra Pradesh,Visakhapatnam
B-28790,28-08-2018,Tushar Joshi,Uttar Pradesh,Kanpur
B-28791,4/3/2018,Sneha Agarwal,Uttar Pradesh,Agra
B-28792,6/10/2021,Sanjay Bose,Uttar Pradesh,Varanasi
B-28793,6/10/2020,Jyoti Verma,Sikkim,Namchi
B-28794,6/10/2018,Aarav Tiwari,Delhi,Delhi
B-28795,22-07-2021,Neha Shah,Jammu and Kashmir,Srinagar
B-28796,17-05-2018,Kiran Sharma,Rajasthan,Kota
B-28797,22-03-2020,Shalini Bose,Goa,Margao
B-28798,2/12/2018,Rahul Nair,Kerala,Kochi
B-28799,28-08-2019,Manoj Mehta,Maharashtra,Nashik
B-28800,11/1/2020,Sneha Chopra,Uttar Pradesh,Mathura
B-28801,1/4/2021,Aarav Yadav,Andhra Pradesh,Vijayawada
B-28802,1/10/2020,Vikas Nair,Punjab,Ludhiana
B-28803,6/9/2020,Priya Mishra,Maharashtra,Nashik
B-28804,17-02-2019,Nandita Reddy,Uttar Pradesh,Agra
B-28805,7/5/2021,Aarav Pillai,Jammu and Kashmir,Jammu
B-28806,9/7/2019,Arun Shah,Kerala,Thiruvananthapuram
B-28807,9/5/2019,Anita Yadav,Bihar,Muzaffarpur
B-28808,28-05-2020,Jyoti Kumar,Uttar Pradesh,Lucknow
B-28809,8/11/2019,Neha Kumar,Delhi,Dwarka
B-28810,27-12-2018,Arun Bose,Delhi,New Delhi
B-28811,11/10/2020,Lalita Verma,Haryana,Hisar
B-28812,3/11/2019,Nikhil Verma,Madhya Pradesh,Indore
B-28813,25-08-2019,Madan Kumar,Karnataka,Hubli
B-28814,14-08-2020,Aarav Verma,Uttar Pradesh,Varanasi
B-28815,7/10/2021,Anita Verma,Gujarat,Vadodara
B-28816,12/6/2019,Rohit Das,West Bengal,Siliguri
B-28817,20-04-2019,Asha Malhotra,Bihar,Patna
B-28818,3/4/2020,Parvati Reddy,Karnataka,Hubli
B-28819,8/3/2018,Sunil Desai,Maharashtra,Pune
B-28820,8/8/2018,Parvati Mehta,Madhya Pradesh,Jabalpur
B-28821,16-10-2020,Suresh Mehta,Maharashtra,Mumbai
B-28822,16-02-2019,Aarav Yadav,Madhya Pradesh,Gwalior
B-28823,2/9/2021,Sunita Yadav,Kerala,Kochi
B-28824,27-06-2018,Tushar Mohan,Uttar Pradesh,Agra
B-28825,16-05-2021,Asha Malhotra,Uttar Pradesh,Agra
B-28826,7/12/2018,Parvati Joshi,Uttar Pradesh,Lucknow
B-28827,5/10/2019,Parvati Das,Kerala,Kozhikode
B-28828,22-04-2021,Priya Malhotra,Haryana,Gurugram
B-28829,21-05-2019,Sunil Shah,Haryana,Hisar
B-28830,7/5/2020,Ravi Agarwal,Tamil Nadu,Chennai
B-28831,19-07-2021,Madan Patel,Tamil Nadu,Madurai
B-28832,28-03-2021,Harivansh Singh,West Bengal,Howrah
B-28833,4/2/2018,Neha Pillai,Punjab,Ludhiana
B-28834,31-01-2021,Neha Shah,Gujarat,Vadodara
B-28835,2/10/2021,Rajesh Sharma,Bihar,Muzaffarpur
B-28836,7/2/2019,Sneha Reddy,Delhi,Dwarka
B-28837,22-09-2021,Neha Mohan,Kerala,Kozhikode
B-28838,5/7/2020,Aarav Patel,Andhra Pradesh,Vijayawada
B-28839,12/5/2019,Lalita Patel,Tamil Nadu,Coimbatore
B-28840,8/9/2018,Gopal Joshi,Himachal Pradesh,Dharamsala
B-28841,30-10-2019,Pooja Reddy,Maharashtra,Mumbai
B-28842,9/6/2018,Shalini Mehta,Gujarat,Vadodara
B-28843,15-06-2020,Geeta Agarwal,Tamil Nadu,Coimbatore
B-28844,27-05-2018,Tushar Gupta,Sikkim,Gangtok
B-28845,10/3/2018,Sanjay Verma,West Bengal,Siliguri
B-28846,28-06-2020,Harivansh Das,Maharashtra,Nagpur
B-28847,28-10-2020,Gaurav Patel,Maharashtra,Mumbai
B-28848,5/3/2019,Sneha Sharma,Andhra Pradesh,Vijayawada
B-28849,21-12-2020,Shalini Kumar,Punjab,Jalandhar
B-28850,14-12-2018,Rekha Desai,Gujarat,Surat
B-28851,14-02-2020,Harivansh Mishra,Rajasthan,Kota
B-28852,12/5/2018,Rajesh Agarwal,Maharashtra,Nashik
B-28853,3/9/2020,Manoj Pandey,Andhra Pradesh,Tirupati
B-28854,26-09-2019,Harivansh Reddy,Gujarat,Surat
B-28855,29-12-2019,Geeta Malhotra,Madhya Pradesh,Gwalior
B-28856,20-10-2021,Nikhil Shah,Delhi,New Delhi
B-28857,13-10-2018,Sneha Mohan,Tamil Nadu,Madurai
B-28858,20-03-2021,Anita Pandey,Delhi,Dwarka
B-28859,19-01-2020,Vikram Kumar,Karnataka,Mysuru
B-28860,5/6/2020,Shalini Reddy,Karnataka,Hubli
B-28861,7/12/2019,Suresh Mishra,Gujarat,Vadodara
B-28862,11/5/2020,Dinesh Verma,Kerala,Kochi
B-28863,15-09-2021,Sneha Shah,Uttar Pradesh,Varanasi
B-28864,20-01-2021,Rajesh Mehta,Rajasthan,Jaipur
B-28865,8/4/2021,Sanjay Iyer,Gujarat,Ahmedabad
B-28866,30-12-2018,Dinesh Mishra,Bihar,Gaya
B-28867,16-04-2018,Kavita Mohan,Madhya Pradesh,Gwalior
B-28868,11/2/2020,Rajesh Pandey,Maharashtra,Pune
B-28869,11/1/2021,Parvati Gupta,Maharashtra,Nagpur
B-28870,11/10/2018,Rekha Mishra,Gujarat,Vadodara
B-28871,7/6/2018,Harivansh Mishra,Rajasthan,Jodhpur
B-28872,4/4/2020,Rajesh Shah,Himachal Pradesh,Dharamsala
B-28873,19-02-2019,Kiran Iyer,Sikkim,Gangtok
B-28874,8/8/2020,Meena Agarwal,Delhi,Dwarka
B-28875,7/10/2021,Madan Patel,Rajasthan,Kota
B-28876,2/4/2021,Ravi Malhotra,Maharashtra,Nashik
B-28877,4/1/2019,Neha Mohan,Gujarat,Surat
B-28878,2/11/2021,Sunil Yadav,Kerala,Thiruvananthapuram
B-28879,19-08-2020,Sunil Das,Rajasthan,Jodhpur
B-28880,26-04-2020,Nikhil Kumar,Punjab,Amritsar
B-28881,9/9/2018,Gaurav Gupta,Delhi,Dwarka
B-28882,29-07-2019,Meena Pandey,Goa,Panaji
B-28883,13-10-2018,Lalita Pandey,Uttar Pradesh,Kanpur
B-28884,15-01-2019,Gopal Reddy,Haryana,Faridabad
B-28885,14-07-2018,Lalita Yadav,Maharashtra,Nagpur
B-28886,24-07-2019,Suresh Shah,Punjab,Ludhiana
B-28887,8/1/2021,Nikhil Reddy,Uttar Pradesh,Mathura
B-28888,15-04-2018,Sanjay Yadav,Andhra Pradesh,Visakhapatnam
B-28889,20-02-2019,Kiran Mehta,Delhi,New Delhi
B-28890,26-01-2019,Harivansh Tiwari,Madhya Pradesh,Indore
B-28891,24-09-2019,Geeta Pillai,Karnataka,Hubli
B-28892,18-02-2020,Vishakha Das,Uttar Pradesh,Varanasi
B-28893,11/4/2021,Arun Mohan,Delhi,Delhi
B-28894,30-10-2018,Vishakha Verma,Bihar,Patna
B-28895,10/1/2021,Sneha Shah,Madhya Pradesh,Gwalior
B-28896,4/7/2021,Neha Joshi,Gujarat,Ahmedabad
B-28897,4/11/2021,Nikhil Shah,Delhi,Delhi
B-28898,26-03-2021,Kiran Yadav,Himachal Pradesh,Shimla
B-28899,2/12/2020,Nandita Mohan,Kerala,Thiruvananthapuram
B-28900,14-08-2020,Neha Agarwal,Maharashtra,Nashik
B-28901,19-02-2019,Kavita Sharma,Tamil Nadu,Coimbatore
B-28902,4/3/2020,Priya Kumar,Gujarat,Rajkot
B-28903,8/11/2018,Lalita Sharma,Maharashtra,Pune
B-28904,6/12/2021,Rohit Joshi,Punjab,Jalandhar
B-28905,5/8/2019,Dinesh Joshi,Punjab,Jalandhar
B-28906,4/7/2018,Arun Reddy,Maharashtra,Pune
B-28907,24-10-2021,Priya Reddy,Jammu and Kashmir,Srinagar
B-28908,31-12-2021,Vikram Agarwal,Gujarat,Rajkot
B-28909,2/6/2020,Sunita Gupta,Bihar,Gaya
B-28910,14-10-2019,Asha Singh,Madhya Pradesh,Indore
B-28911,28-12-2020,Madhav Das,Punjab,Ludhiana
B-28912,8/11/2018,Kiran Pillai,Madhya Pradesh,Indore
B-28913,22-07-2021,Aarav Mehta,Madhya Pradesh,Jabalpur
B-28914,13-06-2018,Priya Agarwal,Rajasthan,Kota
B-28915,31-03-2018,Anita Patel,Tamil Nadu,Chennai
B-28916,30-08-2019,Sneha Pillai,Uttar Pradesh,Mathura
B-28917,24-06-2020,Manoj Desai,Nagaland,Kohima
B-28918,12/11/2020,Gaurav Kumar,West Bengal,Siliguri
B-28919,17-02-2020,Amit Joshi,Maharashtra,Mumbai
B-28920,2/5/2020,Madan Mohan,Bihar,Muzaffarpur
B-28921,13-08-2019,Harivansh Chopra,Tamil Nadu,Chennai
B-28922,30-10-2018,Suresh Bose,Madhya Pradesh,Bhopal
B-28923,31-10-2021,Rekha Gupta,West Bengal,Siliguri
B-28924,17-03-2021,Rajesh Yadav,Maharashtra,Nagpur
B-28925,29-01-2018,Ravi Singh,Karnataka,Hubli
B-28926,1/2/2018,Ravi Patel,Kerala,Thiruvananthapuram
B-28927,19-02-2018,Kiran Reddy,Nagaland,Kohima
B-28928,10/12/2019,Rahul Bose,Gujarat,Ahmedabad
B-28929,2/6/2019,Jyoti Mishra,Maharashtra,Pune
B-28930,7/9/2021,Rajesh Kumar,Bihar,Patna
B-28931,6/6/2019,Ravi Pillai,Rajasthan,Udaipur
B-28932,8/6/2019,Suresh Patel,Punjab,Jalandhar
B-28933,24-11-2021,Kiran Joshi,Rajasthan,Jodhpur
B-28934,17-11-2018,Aarav Patel,Bihar,Muzaffarpur
B-28935,29-01-2021,Suresh Yadav,Karnataka,Bengaluru
B-28936,8/4/2018,Lalita Pillai,Tamil Nadu,Madurai
B-28937,27-12-2019,Amit Kumar,Tamil Nadu,Coimbatore
B-28938,26-01-2021,Aarav Kumar,Goa,Panaji
B-28939,4/5/2020,Nandita Bose,Delhi,Delhi
B-28940,2/11/2019,Anita Chopra,Rajasthan,Jodhpur
B-28941,25-07-2019,Nandita Singh,Maharashtra,Nagpur
B-28942,4/5/2019,Anita Reddy,Karnataka,Hubli
B-28943,12/12/2018,Vishakha Verma,Rajasthan,Jodhpur
B-28944,23-09-2020,Manoj Desai,Andhra Pradesh,Visakhapatnam
B-28945,6/5/2019,Sunil Reddy,Bihar,Gaya
B-28946,29-08-2019,Anita Tiwari,Tamil Nadu,Coimbatore
B-28947,8/8/2021,Rohit Yadav,Maharashtra,Nagpur
B-28948,13-11-2018,Sunil Yadav,Rajasthan,Jaipur
B-28949,27-01-2019,Sanjay Sharma,Bihar,Muzaffarpur
B-28950,6/6/2019,Vikram Joshi,Himachal Pradesh,Dharamsala
B-28951,19-05-2019,Amit Pillai,Kerala,Kozhikode
B-28952,16-10-2019,Rahul Mishra,Goa,Margao
B-28953,6/10/2021,Lalita Chopra,Nagaland,Dimapur
B-28954,12/4/2021,Rahul Mishra,Delhi,Delhi
B-28955,9/3/2019,Ravi Chopra,Delhi,Delhi
B-28956,12/6/2021,Anita Chopra,Maharashtra,Nagpur
B-28957,21-08-2020,Parvati Pandey,Maharashtra,Mumbai
B-28958,17-11-2021,Suresh Chopra,Delhi,New Delhi
B-28959,21-01-2018,Rahul Nair,Haryana,Faridabad
B-28960,18-03-2020,Nikhil Tiwari,Tamil Nadu,Madurai
B-28961,22-07-2019,Nikhil Agarwal,Madhya Pradesh,Jabalpur
B-28962,3/3/2019,Shalini Joshi,Rajasthan,Kota
B-28963,9/4/2020,Madan Sharma,Gujarat,Surat
B-28964,17-03-2020,Madan Malhotra,Uttar Pradesh,Agra
B-28965,20-08-2020,Manoj Kumar,Delhi,Dwarka
B-28966,5/8/2018,Jyoti Sharma,Maharashtra,Pune
B-28967,23-10-2020,Deepa Yadav,Tamil Nadu,Chennai
B-28968,28-12-2020,Tushar Mohan,Maharashtra,Nagpur
B-28969,19-03-2019,Tushar Reddy,Rajasthan,Jaipur
B-28970,3/4/2020,Rahul Gupta,Andhra Pradesh,Tirupati
B-28971,4/11/2019,Shalini Das,Andhra Pradesh,Tirupati
B-28972,31-05-2020,Sneha Shah,Madhya Pradesh,Indore
B-28973,21-03-2019,Vikram Bose,Maharashtra,Nashik
B-28974,7/12/2020,Suresh Das,Madhya Pradesh,Gwalior
B-28975,19-08-2021,Sunil Singh,Maharashtra,Pune
B-28976,25-09-2020,Madan Iyer,Delhi,Dwarka
B-28977,17-04-2019,Gaurav Reddy,Uttar Pradesh,Varanasi
B-28978,3/1/2020,Kavita Desai,Andhra Pradesh,Tirupati
B-28979,30-11-2021,Rohit Verma,Bihar,Muzaffarpur
B-28980,10/12/2019,Rajesh Patel,Punjab,Jalandhar
B-28981,16-08-2020,Kavita Joshi,Haryana,Gurugram
B-28982,10/7/2018,Meena Iyer,Kerala,Kozhikode
B-28983,28-09-2020,Asha Das,Goa,Margao
B-28984,29-09-2020,Rajesh Tiwari,Tamil Nadu,Coimbatore
B-28985,6/8/2020,Priya Iyer,Rajasthan,Jaipur
B-28986,25-03-2021,Sneha Das,Bihar,Muzaffarpur
B-28987,27-09-2019,Vishakha Agarwal,Goa,Margao
B-28988,23-03-2021,Shalini Das,Maharashtra,Nashik
B-28989,12/7/2018,Priya Tiwari,Maharashtra,Nagpur
B-28990,13-02-2018,Madhav Chopra,Maharashtra,Nashik
B-28991,13-01-2021,Tushar Kumar,West Bengal,Siliguri
B-28992,11/2/2018,Vikas Kumar,Haryana,Faridabad
B-28993,5/10/2019,Arun Desai,Kerala,Kochi
B-28994,6/3/2018,Shalini Pandey,West Bengal,Kolkata
B-28995,3/11/2021,Lalita Tiwari,Karnataka,Mysuru
B-28996,17-09-2021,Ravi Singh,Haryana,Faridabad
B-28997,26-03-2021,Tushar Kumar,Andhra Pradesh,Tirupati
B-28998,5/8/2020,Sunita Reddy,Andhra Pradesh,Vijayawada
B-28999,24-05-2018,Pooja Verma,Maharashtra,Nagpur
B-29000,19-06-2020,Sunil Pandey,Gujarat,Ahmedabad
B-29001,25-10-2018,Madan Mishra,Karnataka,Hubli
B-29002,24-11-2018,Sunil Singh,Himachal Pradesh,Shimla
B-29003,16-04-2021,Pooja Patel,Tamil Nadu,Madurai
B-29004,1/7/2021,Jyoti Mehta,Andhra Pradesh,Tirupati
B-29005,4/12/2018,Manoj Pillai,Jammu and Kashmir,Srinagar
B-29006,3/7/2021,Rohit Sharma,Kerala,Thiruvananthapuram
B-29007,24-07-2018,Gopal Tiwari,Sikkim,Namchi
B-29008,24-01-2020,Rajesh Das,Rajasthan,Jaipur
B-29009,17-12-2021,Rekha Nair,Gujarat,Rajkot
B-29010,21-02-2019,Pooja Mehta,Madhya Pradesh,Jabalpur
B-29011,8/10/2020,Rahul Chopra,Karnataka,Mysuru
B-29012,28-06-2021,Manoj Iyer,Himachal Pradesh,Shimla
B-29013,9/7/2019,Asha Sharma,Uttar Pradesh,Agra
B-29014,16-03-2018,Geeta Yadav,Andhra Pradesh,Visakhapatnam
B-29015,4/5/2019,Pooja Verma,Rajasthan,Udaipur
B-29016,24-03-2018,Geeta Desai,Bihar,Muzaffarpur
B-29017,21-04-2020,Nikhil Malhotra,Delhi,Dwarka
B-29018,24-02-2021,Lalita Tiwari,West Bengal,Siliguri
B-29019,18-09-2019,Deepa Das,West Bengal,Siliguri
B-29020,2/7/2019,Manoj Pillai,Haryana,Hisar
B-29021,12/5/2021,Deepa Yadav,Delhi,Dwarka
B-29022,6/5/2021,Shalini Pandey,Maharashtra,Nashik
B-29023,15-04-2020,Harivansh Iyer,Gujarat,Vadodara
B-29024,7/11/2020,Ravi Shah,Haryana,Hisar
B-29025,14-05-2019,Shalini Singh,West Bengal,Siliguri
B-29026,23-10-2019,Rajesh Pillai,Rajasthan,Jodhpur
B-29027,28-12-2019,Tushar Verma,Karnataka,Hubli
B-29028,11/10/2020,Ravi Kumar,Himachal Pradesh,Shimla
B-29029,1/4/2020,Aarav Mohan,Uttar Pradesh,Agra
B-29030,5/4/2019,Rahul Iyer,Uttar Pradesh,Lucknow
B-29031,19-12-2019,Madan Verma,Uttar Pradesh,Mathura
B-29032,16-02-2019,Vikram Bose,Haryana,Faridabad
B-29033,10/8/2020,Gopal Gupta,Bihar,Patna
B-29034,15-06-2020,Pooja Gupta,Tamil Nadu,Madurai
B-29035,18-12-2021,Ravi Kumar,Gujarat,Surat
B-29036,30-10-2019,Aarav Bose,Tamil Nadu,Coimbatore
B-29037,1/1/2019,Ravi Patel,Punjab,Jalandhar
B-29038,18-02-2018,Vikas Nair,Bihar,Muzaffarpur
B-29039,26-07-2018,Dinesh Malhotra,Andhra Pradesh,Vijayawada
B-29040,5/10/2018,Kiran Das,Uttar Pradesh,Agra
B-29041,1/10/2019,Kavita Singh,Andhra Pradesh,Visakhapatnam
B-29042,22-03-2021,Suresh Mishra,Bihar,Gaya
B-29043,13-07-2019,Shalini Gupta,Madhya Pradesh,Indore
B-29044,3/8/2019,Madan Das,Sikkim,Gangtok
B-29045,31-08-2021,Priya Tiwari,Maharashtra,Mumbai
B-29046,11/3/2020,Vikram Mishra,Haryana,Hisar
B-29047,20-12-2019,Priya Tiwari,Karnataka,Mysuru
B-29048,13-05-2018,Kavita Iyer,Uttar Pradesh,Varanasi
B-29049,23-08-2020,Sanjay Singh,Tamil Nadu,Chennai
B-29050,8/10/2021,Anita Pandey,Gujarat,Rajkot
B-29051,10/6/2020,Rohit Mishra,Maharashtra,Mumbai
B-29052,27-10-2019,Sanjay Malhotra,Kerala,Thiruvananthapuram
B-29053,18-11-2018,Pooja Pandey,Tamil Nadu,Madurai
B-29054,23-07-2019,Sanjay Mishra,Maharashtra,Pune
B-29055,22-10-2020,Arun Singh,Gujarat,Ahmedabad
B-29056,19-01-2020,Sunil Singh,Maharashtra,Mumbai
B-29057,13-11-2019,Geeta Reddy,Delhi,Delhi
B-29058,14-02-2020,Geeta Shah,Rajasthan,Kota
B-29059,31-08-2019,Gopal Mishra,Karnataka,Bengaluru
B-29060,17-04-2020,Pooja Mishra,Delhi,New Delhi
B-29061,23-01-2018,Gopal Tiwari,Andhra Pradesh,Vijayawada
B-29062,18-01-2018,Vishakha Patel,Kerala,Thiruvananthapuram
B-29063,15-03-2018,Sunil Agarwal,Bihar,Gaya
B-29064,16-08-2019,Meena Gupta,Rajasthan,Udaipur
B-29065,11/10/2021,Tushar Pillai,Tamil Nadu,Madurai
B-29066,23-01-2021,Tushar Bose,Kerala,Thiruvananthapuram
B-29067,23-02-2021,Rohit Desai,Delhi,New Delhi
B-29068,20-05-2019,Harivansh Bose,Uttar Pradesh,Kanpur
B-29069,20-08-2021,Sunita Mishra,Nagaland,Kohima
B-29070,20-01-2020,Meena Chopra,Karnataka,Hubli
B-29071,3/7/2020,Vishakha Singh,Tamil Nadu,Chennai
B-29072,30-08-2020,Nikhil Iyer,Punjab,Amritsar
B-29073,18-05-2018,Sunita Das,Karnataka,Mysuru
B-29074,30-05-2019,Madhav Mehta,Kerala,Kozhikode
B-29075,16-05-2018,Gaurav Chopra,Gujarat,Surat
B-29076,18-08-2018,Rajesh Iyer,Gujarat,Ahmedabad
B-29077,23-03-2020,Rekha Tiwari,Andhra Pradesh,Vijayawada
B-29078,1/11/2018,Arun Mishra,Maharashtra,Pune
B-29079,19-09-2018,Manoj Das,Uttar Pradesh,Varanasi
B-29080,14-07-2018,Aarav Kumar,Maharashtra,Mumbai
B-29081,10/12/2018,Tushar Malhotra,Gujarat,Vadodara
B-29082,31-03-2018,Sunil Desai,Tamil Nadu,Madurai
B-29083,30-05-2019,Kavita Das,Rajasthan,Udaipur
B-29084,8/2/2021,Pooja Gupta,West Bengal,Siliguri
B-29085,14-08-2018,Dinesh Desai,Maharashtra,Mumbai
B-29086,3/12/2020,Rahul Mishra,Bihar,Muzaffarpur
B-29087,30-05-2021,Aarav Mishra,Tamil Nadu,Madurai
B-29088,27-03-2018,Jyoti Kumar,Maharashtra,Pune
B-29089,20-03-2019,Vikas Pandey,Tamil Nadu,Coimbatore
B-29090,10/3/2018,Sunil Malhotra,Delhi,Dwarka
B-29091,9/4/2018,Madhav Agarwal,Goa,Panaji
B-29092,30-11-2019,Nikhil Malhotra,Karnataka,Mysuru
B-29093,26-04-2021,Tushar Verma,Kerala,Kochi
B-29094,29-04-2019,Suresh Kumar,Andhra Pradesh,Vijayawada
B-29095,10/3/2021,Asha Bose,Uttar Pradesh,Lucknow
B-29096,27-07-2021,Suresh Patel,West Bengal,Howrah
B-29097,30-05-2020,Geeta Bose,Rajasthan,Jodhpur
B-29098,1/11/2020,Pooja Gupta,Haryana,Hisar
B-29099,12/12/2019,Parvati Mehta,Tamil Nadu,Coimbatore
B-29100,22-11-2018,Anita Das,Karnataka,Mysuru
B-29101,27-06-2021,Lalita Shah,Karnataka,Mysuru
B-29102,12/4/2021,Harivansh Desai,Uttar Pradesh,Lucknow
B-29103,7/3/2020,Aarav Pillai,Delhi,Delhi
B-29104,4/4/2019,Meena Malhotra,Tamil Nadu,Madurai
B-29105,5/6/2020,Vishakha Bose,Goa,Margao
B-29106,11/10/2020,Pooja Bose,Andhra Pradesh,Vijayawada
B-29107,15-11-2020,Vikram Nair,Uttar Pradesh,Varanasi
B-29108,1/7/2021,Gopal Verma,Madhya Pradesh,Jabalpur
B-29109,19-08-2019,Vikram Agarwal,Maharashtra,Mumbai
B-29110,18-12-2020,Madan Gupta,Tamil Nadu,Madurai
B-29111,28-02-2021,Harivansh Nair,Karnataka,Bengaluru
B-29112,18-09-2018,Sanjay Sharma,Gujarat,Surat
B-29113,10/7/2019,Sunil Chopra,Andhra Pradesh,Visakhapatnam
B-29114,17-01-2019,Sneha Kumar,West Bengal,Siliguri
B-29115,10/3/2021,Vishakha Yadav,Bihar,Gaya
B-29116,19-01-2021,Rohit Kumar,Bihar,Patna
B-29117,9/11/2021,Harivansh Mehta,Maharashtra,Pune
B-29118,2/10/2019,Priya Mehta,Maharashtra,Nagpur
B-29119,21-07-2021,Rekha Gupta,Haryana,Faridabad
B-29120,20-11-2020,Nikhil Yadav,Punjab,Jalandhar
B-29121,13-09-2018,Tushar Patel,Uttar Pradesh,Varanasi
B-29122,24-02-2020,Vishakha Agarwal,Punjab,Amritsar
B-29123,29-01-2020,Nandita Bose,Karnataka,Mysuru
B-29124,11/6/2020,Kiran Gupta,Maharashtra,Pune
B-29125,19-06-2018,Sunita Chopra,Madhya Pradesh,Gwalior
B-29126,9/9/2018,Jyoti Nair,Punjab,Jalandhar
B-29127,12/12/2021,Gopal Mishra,Kerala,Thiruvananthapuram
B-29128,22-02-2021,Priya Patel,West Bengal,Kolkata
B-29129,18-11-2020,Rahul Singh,Tamil Nadu,Coimbatore
B-29130,15-06-2018,Rahul Bose,Delhi,New Delhi
B-29131,14-01-2020,Rahul Gupta,Rajasthan,Udaipur
B-29132,2/7/2019,Ravi Reddy,Rajasthan,Jodhpur
B-29133,23-07-2019,Vikram Mohan,Maharashtra,Pune
B-29134,26-06-2021,Suresh Sharma,Rajasthan,Jodhpur
B-29135,4/5/2019,Pooja Mehta,Gujarat,Rajkot
B-29136,17-08-2020,Parvati Mohan,Uttar Pradesh,Kanpur
B-29137,14-05-2020,Dinesh Malhotra,Maharashtra,Nashik
B-29138,15-08-2021,Amit Verma,Rajasthan,Jaipur
B-29139,12/6/2018,Anita Joshi,Uttar Pradesh,Lucknow
B-29140,9/11/2020,Manoj Reddy,Rajasthan,Jodhpur
B-29141,18-03-2020,Rahul Singh,Kerala,Thiruvananthapuram
B-29142,18-08-2020,Shalini Desai,Rajasthan,Jodhpur
B-29143,21-01-2019,Vikas Gupta,Delhi,Delhi
B-29144,26-04-2021,Sanjay Desai,Delhi,New Delhi
B-29145,20-09-2018,Vishakha Chopra,Gujarat,Surat
B-29146,22-07-2020,Ravi Iyer,Andhra Pradesh,Tirupati
B-29147,26-11-2019,Anita Patel,Sikkim,Namchi
B-29148,18-01-2019,Meena Kumar,Jammu and Kashmir,Jammu
B-29149,13-12-2020,Asha Bose,Sikkim,Gangtok
B-29150,27-12-2021,Madan Nair,Bihar,Muzaffarpur
B-29151,22-03-2020,Jyoti Chopra,Himachal Pradesh,Dharamsala
B-29152,2/9/2019,Sunita Sharma,Rajasthan,Udaipur
B-29153,4/8/2020,Madhav Pandey,Kerala,Kozhikode
B-29154,21-02-2021,Kavita Yadav,Nagaland,Dimapur
B-29155,4/7/2020,Shalini Verma,Tamil Nadu,Madurai
B-29156,7/12/2021,Kavita Tiwari,Punjab,Jalandhar
B-29157,29-11-2019,Kavita Gupta,Kerala,Kochi
B-29158,4/11/2018,Harivansh Joshi,Andhra Pradesh,Vijayawada
B-29159,30-12-2021,Shalini Pillai,Jammu and Kashmir,Jammu
B-29160,30-06-2020,Geeta Mehta,Nagaland,Kohima
B-29161,30-11-2020,Parvati Mehta,Karnataka,Bengaluru
B-29162,28-04-2020,Meena Reddy,Tamil Nadu,Coimbatore
B-29163,20-06-2021,Vikas Mohan,Madhya Pradesh,Bhopal
B-29164,13-12-2021,Suresh Kumar,Rajasthan,Udaipur
B-29165,16-06-2020,Sunita Reddy,Jammu and Kashmir,Jammu
B-29166,14-07-2021,Anita Singh,Kerala,Thiruvananthapuram
B-29167,14-03-2019,Dinesh Chopra,Punjab,Amritsar
B-29168,1/4/2020,Rajesh Mehta,West Bengal,Siliguri
B-29169,16-02-2020,Gopal Joshi,Rajasthan,Kota
B-29170,22-10-2021,Ravi Pillai,Uttar Pradesh,Kanpur
B-29171,8/2/2021,Deepa Gupta,Uttar Pradesh,Varanasi
B-29172,13-08-2021,Pooja Sharma,Karnataka,Bengaluru
B-29173,8/6/2019,Sunita Mehta,Karnataka,Hubli
B-29174,2/5/2020,Nandita Verma,Andhra Pradesh,Vijayawada
B-29175,25-06-2018,Harivansh Chopra,Madhya Pradesh,Gwalior
B-29176,9/8/2018,Manoj Pillai,Rajasthan,Jaipur
B-29177,3/3/2021,Rohit Das,Uttar Pradesh,Mathura
B-29178,21-09-2021,Lalita Sharma,Uttar Pradesh,Agra
B-29179,16-07-2021,Gopal Mehta,Haryana,Gurugram
B-29180,13-07-2019,Kiran Tiwari,Delhi,Dwarka
B-29181,5/8/2021,Vikas Malhotra,Haryana,Faridabad
B-29182,17-05-2020,Gopal Pandey,Nagaland,Dimapur
B-29183,23-11-2020,Rajesh Verma,Jammu and Kashmir,Jammu
B-29184,24-08-2018,Ravi Kumar,Punjab,Amritsar
B-29185,11/11/2019,Suresh Patel,Kerala,Thiruvananthapuram
B-29186,26-02-2019,Kavita Mishra,Maharashtra,Nashik
B-29187,6/8/2020,Vishakha Tiwari,Gujarat,Rajkot
B-29188,16-10-2020,Geeta Nair,Maharashtra,Pune
B-29189,5/3/2020,Madhav Shah,Tamil Nadu,Coimbatore
B-29190,9/4/2018,Neha Tiwari,Uttar Pradesh,Agra
B-29191,22-12-2021,Tushar Das,Punjab,Ludhiana
B-29192,3/1/2018,Shalini Chopra,Uttar Pradesh,Lucknow
B-29193,10/11/2020,Rahul Bose,Uttar Pradesh,Varanasi
B-29194,6/5/2021,Priya Chopra,Tamil Nadu,Coimbatore
B-29195,15-03-2020,Sneha Desai,Rajasthan,Udaipur
B-29196,29-08-2020,Deepa Malhotra,Uttar Pradesh,Mathura
B-29197,15-12-2018,Vikas Reddy,Andhra Pradesh,Vijayawada
B-29198,21-10-2020,Kavita Malhotra,Uttar Pradesh,Lucknow
B-29199,15-12-2019,Rajesh Agarwal,West Bengal,Siliguri
B-29200,1/2/2020,Deepa Yadav,Madhya Pradesh,Jabalpur
B-29201,17-02-2020,Dinesh Nair,Madhya Pradesh,Indore
B-29202,29-08-2020,Sunil Singh,Rajasthan,Kota
B-29203,27-12-2018,Nikhil Pandey,Maharashtra,Nagpur
B-29204,2/8/2020,Madan Iyer,Jammu and Kashmir,Jammu
B-29205,21-10-2021,Suresh Patel,Haryana,Gurugram
B-29206,18-06-2019,Gaurav Pandey,Kerala,Kozhikode
B-29207,24-02-2019,Rohit Tiwari,Jammu and Kashmir,Srinagar
B-29208,19-03-2021,Rohit Patel,Tamil Nadu,Coimbatore
B-29209,15-11-2019,Rohit Pandey,Madhya Pradesh,Bhopal
B-29210,3/4/2021,Priya Pillai,Madhya Pradesh,Gwalior
B-29211,16-03-2020,Rohit Nair,Sikkim,Gangtok
B-29212,28-08-2021,Rohit Nair,Andhra Pradesh,Tirupati
B-29213,30-08-2018,Anita Yadav,Haryana,Faridabad
B-29214,15-06-2019,Anita Das,Bihar,Muzaffarpur
B-29215,29-12-2021,Anita Joshi,Tamil Nadu,Madurai
B-29216,10/8/2018,Meena Nair,Rajasthan,Udaipur
B-29217,5/2/2019,Shalini Malhotra,Kerala,Kozhikode
B-29218,16-07-2021,Kavita Desai,Gujarat,Surat
B-29219,15-09-2020,Kiran Desai,Madhya Pradesh,Jabalpur
B-29220,21-06-2020,Ravi Chopra,Haryana,Faridabad
B-29221,9/1/2020,Asha Mehta,Punjab,Jalandhar
B-29222,17-03-2018,Shalini Singh,Goa,Margao
B-29223,1/6/2021,Nandita Kumar,Madhya Pradesh,Bhopal
B-29224,6/9/2020,Aarav Verma,Kerala,Kozhikode
B-29225,22-05-2019,Neha Pandey,Karnataka,Bengaluru
B-29226,21-09-2018,Rohit Mehta,Punjab,Ludhiana
B-29227,21-06-2019,Sneha Sharma,Delhi,Delhi
B-29228,8/6/2020,Jyoti Shah,Maharashtra,Nagpur
B-29229,20-10-2020,Shalini Singh,Haryana,Hisar
B-29230,29-05-2021,Suresh Mehta,Maharashtra,Nagpur
B-29231,10/5/2018,Tushar Yadav,Karnataka,Bengaluru
B-29232,26-08-2020,Arun Tiwari,Sikkim,Namchi
B-29233,20-11-2019,Sunil Desai,Delhi,Delhi
B-29234,19-11-2021,Vishakha Yadav,Tamil Nadu,Madurai
B-29235,24-01-2021,Harivansh Shah,Bihar,Patna
B-29236,14-06-2020,Rajesh Sharma,Karnataka,Bengaluru
B-29237,30-10-2018,Sunil Pandey,Delhi,Delhi
B-29238,28-04-2019,Gopal Gupta,Himachal Pradesh,Manali
B-29239,15-12-2020,Gaurav Chopra,Uttar Pradesh,Lucknow
B-29240,20-12-2019,Nandita Mohan,Andhra Pradesh,Vijayawada
B-29241,17-11-2018,Sneha Mehta,Nagaland,Dimapur
B-29242,29-06-2019,Sneha Iyer,Haryana,Faridabad
B-29243,11/3/2018,Ravi Tiwari,Delhi,Dwarka
B-29244,18-05-2019,Vikram Sharma,West Bengal,Kolkata
B-29245,1/2/2021,Gopal Malhotra,Haryana,Hisar
B-29246,23-01-2021,Anita Shah,Bihar,Gaya
B-29247,28-09-2019,Gopal Sharma,Rajasthan,Udaipur
B-29248,16-01-2021,Pooja Mohan,Uttar Pradesh,Varanasi
B-29249,22-01-2018,Vikram Sharma,Punjab,Jalandhar
B-29250,12/2/2021,Sneha Chopra,Punjab,Ludhiana
B-29251,4/6/2019,Dinesh Bose,Uttar Pradesh,Lucknow
B-29252,3/7/2020,Jyoti Malhotra,Himachal Pradesh,Manali
B-29253,11/2/2020,Rajesh Agarwal,Karnataka,Mysuru
B-29254,6/3/2020,Madhav Reddy,Jammu and Kashmir,Srinagar
B-29255,8/9/2019,Geeta Das,Maharashtra,Nashik
B-29256,14-04-2019,Rajesh Chopra,Punjab,Amritsar
B-29257,16-11-2018,Arun Patel,Bihar,Muzaffarpur
B-29258,2/6/2018,Gopal Sharma,Delhi,New Delhi
B-29259,18-08-2019,Neha Shah,Tamil Nadu,Coimbatore
B-29260,17-05-2019,Vikas Mishra,Uttar Pradesh,Lucknow
B-29261,25-08-2018,Nandita Joshi,Uttar Pradesh,Mathura
B-29262,2/6/2019,Shalini Gupta,Rajasthan,Jaipur
B-29263,2/7/2021,Shalini Mohan,Punjab,Amritsar
B-29264,3/5/2021,Suresh Iyer,Madhya Pradesh,Jabalpur
B-29265,12/7/2020,Kavita Bose,Andhra Pradesh,Tirupati
B-29266,26-12-2020,Harivansh Pillai,Delhi,Dwarka
B-29267,10/7/2018,Geeta Joshi,Bihar,Muzaffarpur
B-29268,20-04-2019,Madan Bose,Andhra Pradesh,Tirupati
B-29269,22-06-2020,Nikhil Mehta,Madhya Pradesh,Jabalpur
B-29270,6/9/2019,Lalita Malhotra,Punjab,Jalandhar
B-29271,11/12/2019,Vishakha Das,Delhi,Delhi
B-29272,17-07-2021,Gaurav Shah,Maharashtra,Nagpur
B-29273,25-06-2019,Nandita Agarwal,Uttar Pradesh,Kanpur
B-29274,13-05-2019,Parvati Mishra,Delhi,New Delhi
B-29275,29-05-2019,Shalini Chopra,Bihar,Patna
B-29276,17-06-2020,Kiran Singh,Delhi,Dwarka
B-29277,16-07-2019,Lalita Das,Gujarat,Rajkot
B-29278,29-05-2018,Gaurav Singh,West Bengal,Siliguri
B-29279,29-11-2020,Shalini Mishra,Andhra Pradesh,Tirupati
B-29280,1/10/2021,Jyoti Reddy,Delhi,Delhi
B-29281,2/5/2021,Priya Mohan,Rajasthan,Jaipur
B-29282,25-10-2019,Tushar Sharma,Madhya Pradesh,Gwalior
B-29283,21-08-2018,Geeta Reddy,Andhra Pradesh,Tirupati
B-29284,17-01-2020,Vikas Verma,Madhya Pradesh,Indore
B-29285,16-03-2021,Sanjay Iyer,Madhya Pradesh,Bhopal
B-29286,18-08-2019,Sneha Gupta,Tamil Nadu,Madurai
B-29287,19-08-2020,Vikram Gupta,Delhi,Delhi
B-29288,21-05-2019,Anita Bose,Madhya Pradesh,Bhopal
B-29289,1/2/2020,Rajesh Pandey,Andhra Pradesh,Vijayawada
B-29290,5/10/2019,Tushar Tiwari,Himachal Pradesh,Dharamsala
B-29291,21-03-2020,Kiran Mehta,Delhi,Dwarka
B-29292,3/9/2018,Nandita Agarwal,West Bengal,Siliguri
B-29293,30-09-2020,Sunil Chopra,Rajasthan,Udaipur
B-29294,20-07-2021,Shalini Mehta,Kerala,Kozhikode
B-29295,27-10-2018,Shalini Nair,Gujarat,Rajkot
B-29296,22-05-2019,Anita Pillai,Jammu and Kashmir,Jammu
B-29297,26-03-2019,Tushar Mohan,Karnataka,Hubli
B-29298,22-05-2019,Arun Agarwal,Gujarat,Rajkot
B-29299,8/9/2021,Parvati Chopra,Bihar,Gaya
B-29300,18-11-2019,Aarav Verma,Haryana,Faridabad
B-29301,23-07-2019,Vishakha Tiwari,Uttar Pradesh,Lucknow
B-29302,15-05-2021,Rohit Patel,Jammu and Kashmir,Srinagar
B-29303,6/11/2021,Meena Sharma,West Bengal,Siliguri
B-29304,19-04-2019,Sunita Pandey,Jammu and Kashmir,Jammu
B-29305,30-12-2019,Deepa Das,Bihar,Gaya
B-29306,17-08-2019,Madan Reddy,Uttar Pradesh,Varanasi
B-29307,16-09-2019,Meena Malhotra,Madhya Pradesh,Jabalpur
B-29308,5/9/2018,Suresh Das,Gujarat,Surat
B-29309,11/4/2021,Sunil Malhotra,Jammu and Kashmir,Jammu
B-29310,4/12/2018,Rekha Mohan,Madhya Pradesh,Indore
B-29311,23-04-2021,Sunil Das,Nagaland,Dimapur
B-29312,15-01-2018,Dinesh Mishra,Haryana,Gurugram
B-29313,15-11-2021,Sunil Sharma,Andhra Pradesh,Tirupati
B-29314,13-03-2020,Madhav Desai,Kerala,Kochi
B-29315,14-06-2020,Nikhil Nair,Tamil Nadu,Coimbatore
B-29316,10/3/2018,Ravi Malhotra,Haryana,Gurugram
B-29317,17-12-2019,Meena Nair,Tamil Nadu,Coimbatore
B-29318,26-05-2021,Sneha Das,Delhi,Delhi
B-29319,31-12-2020,Vikram Mishra,Andhra Pradesh,Visakhapatnam
B-29320,6/2/2021,Geeta Sharma,Karnataka,Bengaluru
B-29321,17-09-2020,Nikhil Mishra,Maharashtra,Pune
B-29322,17-08-2018,Vikas Malhotra,Punjab,Ludhiana
B-29323,22-06-2018,Sanjay Chopra,Uttar Pradesh,Lucknow
B-29324,6/1/2018,Arun Pandey,Maharashtra,Mumbai
B-29325,19-12-2020,Vishakha Mehta,Maharashtra,Nashik
B-29326,19-02-2021,Manoj Tiwari,West Bengal,Kolkata
B-29327,20-05-2020,Nikhil Kumar,Gujarat,Surat
B-29328,12/2/2019,Jyoti Agarwal,Gujarat,Rajkot
B-29329,5/4/2018,Rohit Chopra,Bihar,Gaya
B-29330,1/3/2021,Gopal Das,Karnataka,Hubli
B-29331,1/11/2019,Vikas Kumar,Karnataka,Mysuru
B-29332,1/8/2021,Geeta Chopra,West Bengal,Kolkata
B-29333,26-12-2019,Aarav Joshi,Uttar Pradesh,Agra
B-29334,10/11/2021,Jyoti Mohan,Punjab,Jalandhar
B-29335,27-01-2021,Suresh Sharma,Kerala,Thiruvananthapuram
B-29336,29-10-2019,Nikhil Das,Delhi,New Delhi
B-29337,19-09-2020,Lalita Joshi,Rajasthan,Kota
B-29338,12/7/2021,Deepa Verma,Bihar,Patna
B-29339,14-08-2019,Pooja Sharma,Karnataka,Bengaluru
B-29340,28-01-2020,Anita Das,Rajasthan,Udaipur
B-29341,2/4/2021,Kavita Kumar,Andhra Pradesh,Visakhapatnam
B-29342,7/12/2020,Pooja Bose,Rajasthan,Jaipur
B-29343,26-06-2018,Madhav Mohan,Andhra Pradesh,Vijayawada
B-29344,13-06-2020,Meena Reddy,Kerala,Kochi
B-29345,14-12-2021,Rekha Das,Nagaland,Dimapur
B-29346,3/4/2018,Priya Verma,Tamil Nadu,Coimbatore
B-29347,19-11-2019,Sunil Joshi,Uttar Pradesh,Varanasi
B-29348,17-04-2021,Amit Gupta,Kerala,Kochi
B-29349,11/4/2020,Parvati Desai,Haryana,Hisar
B-29350,27-02-2020,Asha Desai,Karnataka,Hubli
B-29351,11/5/2019,Madhav Bose,Kerala,Kozhikode
B-29352,26-11-2021,Lalita Verma,West Bengal,Kolkata
B-29353,4/9/2021,Rohit Nair,Punjab,Ludhiana
B-29354,23-08-2019,Dinesh Gupta,Tamil Nadu,Coimbatore
B-29355,14-01-2020,Harivansh Mehta,West Bengal,Kolkata
B-29356,19-09-2020,Priya Mehta,Rajasthan,Jodhpur
B-29357,17-12-2019,Suresh Joshi,Tamil Nadu,Madurai
B-29358,12/1/2019,Manoj Iyer,Kerala,Kozhikode
B-29359,15-07-2021,Sneha Agarwal,Haryana,Hisar
B-29360,29-05-2021,Priya Verma,Rajasthan,Udaipur
B-29361,2/1/2020,Neha Pillai,West Bengal,Siliguri
B-29362,28-01-2021,Rahul Iyer,Haryana,Hisar
B-29363,31-01-2021,Jyoti Malhotra,Gujarat,Surat
B-29364,10/10/2019,Vikram Joshi,Uttar Pradesh,Varanasi
B-29365,11/2/2020,Pooja Malhotra,Gujarat,Rajkot
B-29366,8/3/2019,Suresh Chopra,Karnataka,Hubli
B-29367,23-10-2020,Pooja Agarwal,Goa,Panaji
B-29368,2/4/2019,Rahul Reddy,Tamil Nadu,Madurai
B-29369,26-08-2019,Madan Desai,Uttar Pradesh,Lucknow
B-29370,30-01-2021,Vikram Yadav,Uttar Pradesh,Kanpur
B-29371,1/6/2019,Harivansh Iyer,West Bengal,Howrah
B-29372,11/11/2018,Vishakha Das,Maharashtra,Pune
B-29373,17-12-2019,Sanjay Bose,Uttar Pradesh,Kanpur
B-29374,4/4/2020,Tushar Mehta,Gujarat,Surat
B-29375,28-11-2018,Tushar Yadav,West Bengal,Siliguri
B-29376,1/8/2021,Tushar Joshi,Bihar,Gaya
B-29377,18-03-2018,Sunil Verma,Kerala,Kozhikode
B-29378,1/11/2020,Gaurav Das,Delhi,Delhi
B-29379,28-08-2021,Sanjay Singh,Rajasthan,Kota
B-29380,12/7/2018,Arun Verma,West Bengal,Kolkata
B-29381,23-02-2020,Meena Iyer,Karnataka,Mysuru
B-29382,6/7/2020,Meena Bose,Madhya Pradesh,Gwalior
B-29383,22-06-2019,Vikram Yadav,Delhi,New Delhi
B-29384,5/8/2019,Gopal Tiwari,Nagaland,Kohima
B-29385,12/5/2021,Sneha Malhotra,Punjab,Jalandhar
B-29386,26-01-2020,Manoj Singh,Nagaland,Kohima
B-29387,25-03-2019,Ravi Shah,Uttar Pradesh,Varanasi
B-29388,2/11/2020,Dinesh Bose,Delhi,Dwarka
B-29389,23-01-2019,Sunil Nair,Gujarat,Rajkot
B-29390,29-10-2019,Kiran Joshi,West Bengal,Howrah
B-29391,4/10/2021,Sneha Sharma,Haryana,Faridabad
B-29392,31-07-2019,Pooja Joshi,Gujarat,Vadodara
B-29393,7/1/2018,Kiran Bose,Haryana,Gurugram
B-29394,23-12-2019,Rajesh Joshi,Delhi,New Delhi
B-29395,1/12/2019,Madan Singh,Himachal Pradesh,Shimla
B-29396,31-05-2020,Deepa Singh,Maharashtra,Nagpur
B-29397,9/9/2018,Vishakha Yadav,Uttar Pradesh,Mathura
B-29398,24-03-2021,Gopal Iyer,West Bengal,Siliguri
B-29399,12/1/2020,Deepa Chopra,Madhya Pradesh,Gwalior
B-29400,3/4/2020,Jyoti Mehta,Kerala,Kozhikode
B-29401,15-07-2019,Nikhil Patel,Haryana,Faridabad
B-29402,17-11-2018,Shalini Singh,Delhi,Delhi
B-29403,25-02-2019,Asha Verma,Haryana,Gurugram
B-29404,6/9/2021,Gaurav Nair,Bihar,Patna
B-29405,24-05-2019,Deepa Bose,Gujarat,Rajkot
B-29406,22-05-2019,Kavita Gupta,Tamil Nadu,Chennai
B-29407,8/7/2020,Geeta Malhotra,Gujarat,Vadodara
B-29408,8/6/2020,Gaurav Mishra,West Bengal,Siliguri
B-29409,11/9/2018,Tushar Mohan,Tamil Nadu,Coimbatore
B-29410,5/1/2021,Geeta Mohan,Haryana,Faridabad
B-29411,10/4/2021,Deepa Pillai,Madhya Pradesh,Bhopal
B-29412,30-05-2018,Rajesh Bose,Bihar,Muzaffarpur
B-29413,10/10/2020,Kiran Malhotra,Rajasthan,Kota
B-29414,17-04-2020,Lalita Iyer,Haryana,Hisar
B-29415,10/1/2018,Madhav Reddy,Andhra Pradesh,Vijayawada
B-29416,18-06-2020,Lalita Nair,Rajasthan,Jaipur
B-29417,27-01-2019,Suresh Agarwal,Delhi,Dwarka
B-29418,27-12-2021,Neha Kumar,Bihar,Muzaffarpur
B-29419,31-01-2018,Madhav Reddy,Madhya Pradesh,Bhopal
B-29420,9/2/2021,Jyoti Reddy,Delhi,Delhi
B-29421,1/9/2021,Harivansh Tiwari,Jammu and Kashmir,Srinagar
B-29422,14-11-2020,Rahul Kumar,Andhra Pradesh,Vijayawada
B-29423,12/1/2021,Aarav Patel,Maharashtra,Pune
B-29424,6/1/2021,Anita Kumar,Tamil Nadu,Chennai
B-29425,22-10-2020,Nikhil Pandey,Rajasthan,Udaipur
B-29426,2/2/2019,Suresh Kumar,Madhya Pradesh,Bhopal
B-29427,27-02-2021,Shalini Shah,West Bengal,Howrah
B-29428,19-09-2020,Kavita Iyer,Karnataka,Mysuru
B-29429,2/4/2021,Meena Sharma,Haryana,Faridabad
B-29430,26-01-2018,Lalita Bose,Tamil Nadu,Chennai
B-29431,18-02-2020,Gopal Verma,Madhya Pradesh,Indore
B-29432,17-10-2018,Sneha Mohan,Delhi,Delhi
B-29433,29-09-2019,Dinesh Shah,Kerala,Kochi
B-29434,24-10-2018,Madhav Kumar,Kerala,Kozhikode
B-29435,27-11-2021,Deepa Bose,Goa,Panaji
B-29436,17-05-2019,Madhav Verma,Jammu and Kashmir,Srinagar
B-29437,14-05-2018,Anita Mehta,Madhya Pradesh,Indore
B-29438,24-10-2019,Shalini Desai,Tamil Nadu,Coimbatore
B-29439,27-08-2021,Rahul Agarwal,Delhi,Dwarka
B-29440,8/12/2020,Suresh Verma,Punjab,Jalandhar
B-29441,5/9/2020,Gopal Patel,Tamil Nadu,Coimbatore
B-29442,23-12-2020,Rohit Bose,Jammu and Kashmir,Srinagar
B-29443,28-12-2020,Neha Bose,Himachal Pradesh,Manali
B-29444,15-02-2021,Kiran Kumar,Madhya Pradesh,Jabalpur
B-29445,8/4/2019,Shalini Nair,Uttar Pradesh,Kanpur
B-29446,19-06-2018,Rekha Nair,Punjab,Amritsar
B-29447,21-06-2021,Aarav Desai,West Bengal,Kolkata
B-29448,23-02-2018,Anita Mishra,Tamil Nadu,Madurai
B-29449,23-09-2021,Rohit Patel,Andhra Pradesh,Visakhapatnam
B-29450,14-09-2020,Aarav Mohan,Delhi,Dwarka
B-29451,6/8/2019,Dinesh Joshi,Bihar,Gaya
B-29452,30-08-2021,Geeta Desai,Bihar,Muzaffarpur
B-29453,20-12-2020,Gaurav Patel,Uttar Pradesh,Lucknow
B-29454,3/8/2020,Sanjay Shah,Delhi,New Delhi
B-29455,23-12-2018,Deepa Desai,Karnataka,Bengaluru
B-29456,21-12-2018,Amit Pillai,Gujarat,Surat
B-29457,3/11/2019,Manoj Verma,Delhi,Dwarka
B-29458,5/10/2021,Kavita Shah,Haryana,Faridabad
B-29459,29-09-2020,Vishakha Joshi,Maharashtra,Mumbai
B-29460,2/11/2020,Jyoti Agarwal,Karnataka,Mysuru
B-29461,14-05-2021,Rekha Das,Himachal Pradesh,Shimla
B-29462,31-08-2020,Parvati Patel,Rajasthan,Udaipur
B-29463,27-05-2020,Neha Agarwal,Gujarat,Surat
B-29464,6/9/2020,Gopal Yadav,Goa,Margao
B-29465,20-08-2021,Rahul Iyer,Karnataka,Mysuru
B-29466,19-01-2021,Kavita Shah,Bihar,Patna
B-29467,28-01-2018,Dinesh Malhotra,Gujarat,Ahmedabad
B-29468,17-06-2021,Tushar Verma,Rajasthan,Jaipur
B-29469,27-06-2020,Deepa Kumar,Kerala,Kochi
B-29470,10/4/2019,Vishakha Pillai,Haryana,Gurugram
B-29471,3/8/2019,Rajesh Nair,Maharashtra,Nagpur
B-29472,10/10/2021,Sneha Pillai,Gujarat,Ahmedabad
B-29473,25-08-2018,Anita Singh,Madhya Pradesh,Indore
B-29474,5/7/2018,Gaurav Tiwari,Maharashtra,Pune
B-29475,1/11/2019,Sunita Sharma,Tamil Nadu,Coimbatore
B-29476,7/12/2018,Sunita Agarwal,Uttar Pradesh,Varanasi
B-29477,1/3/2019,Suresh Agarwal,Rajasthan,Jodhpur
B-29478,2/3/2020,Rohit Reddy,Maharashtra,Nashik
B-29479,13-07-2018,Vikas Verma,West Bengal,Kolkata
B-29480,25-01-2019,Vikram Sharma,Uttar Pradesh,Mathura
B-29481,16-11-2021,Geeta Kumar,Punjab,Jalandhar
B-29482,28-08-2019,Harivansh Das,West Bengal,Howrah
B-29483,5/4/2018,Madhav Kumar,Punjab,Jalandhar
B-29484,18-03-2021,Vishakha Sharma,Himachal Pradesh,Dharamsala
B-29485,24-12-2021,Aarav Sharma,Tamil Nadu,Coimbatore
B-29486,25-04-2020,Geeta Reddy,Kerala,Kochi
B-29487,4/5/2020,Sanjay Yadav,Punjab,Amritsar
B-29488,24-08-2020,Arun Reddy,Andhra Pradesh,Vijayawada
B-29489,13-08-2018,Kavita Mohan,Jammu and Kashmir,Srinagar
B-29490,13-12-2021,Sunita Mehta,Karnataka,Mysuru
B-29491,7/9/2020,Vikram Verma,Andhra Pradesh,Vijayawada
B-29492,17-05-2020,Rahul Patel,Madhya Pradesh,Bhopal
B-29493,31-01-2019,Vishakha Das,Gujarat,Vadodara
B-29494,16-06-2018,Asha Pillai,Uttar Pradesh,Kanpur
B-29495,25-06-2018,Dinesh Mishra,Delhi,Delhi
B-29496,31-12-2021,Dinesh Tiwari,Kerala,Kozhikode
B-29497,7/10/2020,Gopal Patel,Andhra Pradesh,Visakhapatnam
B-29498,9/10/2019,Nikhil Das,Jammu and Kashmir,Srinagar
B-29499,1/4/2020,Sunil Reddy,Uttar Pradesh,Mathura
B-29500,12/10/2019,Pooja Singh,Uttar Pradesh,Lucknow
B-29501,23-06-2019,Pooja Patel,Madhya Pradesh,Gwalior
B-29502,17-01-2020,Asha Bose,Gujarat,Ahmedabad
B-29503,9/10/2021,Neha Das,Uttar Pradesh,Kanpur
B-29504,25-06-2019,Meena Pillai,West Bengal,Kolkata
B-29505,29-10-2021,Sneha Agarwal,Punjab,Ludhiana
B-29506,13-10-2019,Anita Shah,Madhya Pradesh,Indore
B-29507,29-01-2019,Manoj Sharma,West Bengal,Siliguri
B-29508,5/7/2018,Dinesh Agarwal,Tamil Nadu,Chennai
B-29509,3/8/2020,Rahul Agarwal,Uttar Pradesh,Mathura
B-29510,21-08-2018,Vikram Tiwari,Delhi,Delhi
B-29511,26-12-2020,Sanjay Singh,Nagaland,Kohima
B-29512,20-07-2020,Kiran Sharma,Jammu and Kashmir,Jammu
B-29513,20-08-2020,Tushar Agarwal,Andhra Pradesh,Vijayawada
B-29514,16-06-2019,Aarav Sharma,Uttar Pradesh,Mathura
B-29515,25-09-2021,Harivansh Joshi,Tamil Nadu,Coimbatore
B-29516,28-04-2018,Geeta Shah,Karnataka,Bengaluru
B-29517,19-08-2019,Suresh Kumar,Gujarat,Vadodara
B-29518,26-02-2019,Rekha Pandey,Delhi,Dwarka
B-29519,19-12-2021,Suresh Kumar,Maharashtra,Nashik
B-29520,12/10/2019,Vikas Tiwari,Andhra Pradesh,Vijayawada
B-29521,23-10-2018,Rekha Mehta,Delhi,Delhi
B-29522,8/5/2018,Arun Joshi,Delhi,Delhi
B-29523,12/6/2018,Arun Mehta,Maharashtra,Mumbai
B-29524,5/4/2019,Nikhil Desai,Karnataka,Bengaluru
B-29525,9/7/2021,Madhav Desai,Delhi,New Delhi
B-29526,12/11/2021,Arun Agarwal,Madhya Pradesh,Indore
B-29527,11/10/2020,Vikas Bose,Maharashtra,Pune
B-29528,24-04-2019,Vikram Bose,Rajasthan,Udaipur
B-29529,3/4/2021,Harivansh Sharma,Gujarat,Vadodara
B-29530,15-08-2021,Vikas Kumar,Uttar Pradesh,Lucknow
B-29531,1/9/2020,Vikram Reddy,Kerala,Thiruvananthapuram
B-29532,5/8/2021,Arun Malhotra,Tamil Nadu,Chennai
B-29533,19-07-2021,Vikram Tiwari,Uttar Pradesh,Kanpur
B-29534,17-01-2021,Nandita Tiwari,Uttar Pradesh,Kanpur
B-29535,1/1/2021,Arun Pillai,Karnataka,Hubli
B-29536,20-10-2019,Geeta Malhotra,Andhra Pradesh,Visakhapatnam
B-29537,15-02-2021,Nikhil Reddy,Goa,Margao
B-29538,7/8/2018,Harivansh Mohan,Tamil Nadu,Coimbatore
B-29539,1/8/2021,Vikas Chopra,Madhya Pradesh,Jabalpur
B-29540,8/5/2019,Kavita Iyer,Haryana,Faridabad
B-29541,2/9/2021,Nandita Chopra,Maharashtra,Nashik
B-29542,12/3/2018,Vikram Tiwari,Gujarat,Vadodara
B-29543,16-11-2018,Vishakha Reddy,Uttar Pradesh,Kanpur
B-29544,17-10-2019,Anita Iyer,Goa,Panaji
B-29545,28-08-2020,Rahul Singh,West Bengal,Kolkata
B-29546,27-11-2020,Harivansh Desai,Andhra Pradesh,Tirupati
B-29547,27-11-2021,Geeta Iyer,Kerala,Kozhikode
B-29548,24-06-2021,Gopal Patel,Punjab,Ludhiana
B-29549,7/9/2021,Gopal Verma,Punjab,Ludhiana
B-29550,14-03-2021,Deepa Mehta,Uttar Pradesh,Agra
B-29551,4/7/2020,Deepa Agarwal,Andhra Pradesh,Visakhapatnam
B-29552,23-03-2020,Neha Malhotra,Tamil Nadu,Madurai
B-29553,24-07-2021,Sunita Joshi,Uttar Pradesh,Mathura
B-29554,5/7/2018,Nandita Yadav,Tamil Nadu,Chennai
B-29555,14-11-2021,Madan Patel,Rajasthan,Jaipur
B-29556,11/11/2020,Jyoti Malhotra,Rajasthan,Jaipur
B-29557,17-03-2020,Lalita Nair,Uttar Pradesh,Mathura
B-29558,4/11/2018,Pooja Das,Jammu and Kashmir,Jammu
B-29559,19-05-2021,Amit Shah,Delhi,Delhi
B-29560,6/3/2019,Kavita Singh,Delhi,New Delhi
B-29561,22-09-2020,Dinesh Gupta,Madhya Pradesh,Bhopal
B-29562,29-11-2020,Gopal Bose,Delhi,Delhi
B-29563,12/11/2021,Ravi Pandey,Delhi,New Delhi
B-29564,8/7/2018,Rajesh Iyer,Karnataka,Mysuru
B-29565,29-08-2021,Dinesh Nair,Delhi,New Delhi
B-29566,25-08-2021,Dinesh Reddy,Haryana,Faridabad
B-29567,4/1/2019,Vikram Tiwari,West Bengal,Siliguri
B-29568,6/11/2018,Aarav Desai,Maharashtra,Mumbai
B-29569,18-06-2020,Nandita Reddy,West Bengal,Howrah
B-29570,18-08-2018,Vishakha Mohan,Bihar,Patna
B-29571,18-06-2021,Gaurav Joshi,Delhi,Delhi
B-29572,18-09-2021,Madhav Pillai,Delhi,New Delhi
B-29573,9/4/2019,Aarav Pillai,Andhra Pradesh,Tirupati
B-29574,1/11/2021,Sunil Chopra,Bihar,Muzaffarpur
B-29575,27-05-2021,Sanjay Agarwal,Madhya Pradesh,Bhopal
B-29576,27-09-2020,Neha Das,Punjab,Ludhiana
B-29577,2/11/2018,Sanjay Mehta,Rajasthan,Jaipur
B-29578,14-05-2020,Suresh Gupta,Punjab,Amritsar
B-29579,6/5/2019,Harivansh Kumar,Uttar Pradesh,Mathura
B-29580,6/5/2019,Neha Verma,Uttar Pradesh,Kanpur
B-29581,4/11/2019,Rajesh Yadav,Jammu and Kashmir,Srinagar
B-29582,31-12-2018,Manoj Agarwal,Goa,Margao
B-29583,11/12/2020,Vikas Pandey,Rajasthan,Jaipur
B-29584,16-12-2018,Neha Gupta,Karnataka,Bengaluru
B-29585,7/1/2019,Sanjay Patel,West Bengal,Siliguri
B-29586,18-09-2020,Kavita Mehta,Rajasthan,Kota
B-29587,2/5/2018,Parvati Joshi,Maharashtra,Mumbai
B-29588,25-05-2019,Shalini Sharma,Goa,Margao
B-29589,24-02-2021,Geeta Mehta,Maharashtra,Pune
B-29590,11/9/2018,Sanjay Kumar,Gujarat,Surat
B-29591,15-10-2018,Madan Mohan,Uttar Pradesh,Mathura
B-29592,18-06-2021,Nandita Nair,Gujarat,Vadodara
B-29593,7/8/2018,Gaurav Reddy,Uttar Pradesh,Kanpur
B-29594,17-01-2021,Asha Iyer,Rajasthan,Jodhpur
B-29595,11/1/2021,Aarav Nair,Gujarat,Vadodara
B-29596,24-08-2021,Geeta Malhotra,Karnataka,Hubli
B-29597,10/9/2018,Vikram Reddy,Karnataka,Mysuru
B-29598,6/5/2018,Manoj Pillai,Maharashtra,Pune
B-29599,20-09-2019,Vishakha Mishra,Madhya Pradesh,Jabalpur
B-29600,26-09-2020,Aarav Sharma,Madhya Pradesh,Bhopal
B-29601,31-12-2019,Harivansh Mohan,Jammu and Kashmir,Srinagar
B-29602,23-02-2019,Manoj Shah,Rajasthan,Jaipur
B-29603,12/11/2020,Rahul Tiwari,Himachal Pradesh,Shimla
B-29604,2/3/2021,Sanjay Mehta,Sikkim,Gangtok
B-29605,7/10/2018,Jyoti Iyer,Bihar,Muzaffarpur
B-29606,7/2/2021,Kiran Mishra,Bihar,Muzaffarpur
B-29607,27-12-2019,Sanjay Das,Uttar Pradesh,Agra
B-29608,22-05-2020,Vikas Kumar,Madhya Pradesh,Bhopal
B-29609,20-03-2019,Priya Das,Rajasthan,Kota
B-29610,21-04-2020,Sneha Tiwari,West Bengal,Kolkata
B-29611,13-08-2021,Rohit Nair,Rajasthan,Jodhpur
B-29612,5/7/2018,Vikram Pillai,Karnataka,Bengaluru
B-29613,1/6/2020,Meena Kumar,Sikkim,Namchi
B-29614,22-11-2019,Sanjay Sharma,Punjab,Ludhiana
B-29615,25-02-2019,Pooja Nair,Maharashtra,Mumbai
B-29616,17-04-2019,Dinesh Chopra,Kerala,Thiruvananthapuram
B-29617,18-01-2018,Neha Chopra,Punjab,Jalandhar
B-29618,9/3/2019,Rahul Bose,Uttar Pradesh,Varanasi
B-29619,4/4/2021,Amit Verma,West Bengal,Howrah
B-29620,30-01-2020,Nikhil Gupta,Uttar Pradesh,Lucknow
B-29621,17-07-2018,Rohit Patel,Karnataka,Mysuru
B-29622,19-11-2021,Asha Gupta,Madhya Pradesh,Gwalior
B-29623,6/9/2020,Kavita Gupta,Andhra Pradesh,Vijayawada
B-29624,5/5/2018,Arun Mishra,Karnataka,Hubli
B-29625,14-09-2021,Nandita Sharma,Madhya Pradesh,Bhopal
B-29626,27-02-2020,Geeta Desai,Kerala,Kochi
B-29627,19-02-2018,Geeta Patel,West Bengal,Siliguri
B-29628,12/3/2018,Gaurav Yadav,Gujarat,Ahmedabad
B-29629,25-04-2019,Harivansh Pandey,Goa,Margao
B-29630,23-01-2018,Jyoti Kumar,Punjab,Ludhiana
B-29631,10/1/2021,Manoj Iyer,Madhya Pradesh,Gwalior
B-29632,12/12/2021,Geeta Malhotra,Haryana,Hisar
B-29633,12/6/2018,Geeta Iyer,Madhya Pradesh,Bhopal
B-29634,10/3/2018,Harivansh Iyer,Uttar Pradesh,Agra
B-29635,23-06-2018,Vishakha Pandey,Nagaland,Dimapur
B-29636,18-09-2020,Rekha Sharma,Punjab,Amritsar
B-29637,10/4/2018,Pooja Malhotra,Andhra Pradesh,Vijayawada
B-29638,10/10/2019,Nandita Malhotra,Punjab,Amritsar
B-29639,14-03-2018,Rahul Singh,Maharashtra,Nagpur
B-29640,9/7/2021,Meena Joshi,Tamil Nadu,Coimbatore
B-29641,12/7/2021,Jyoti Verma,Andhra Pradesh,Vijayawada
B-29642,9/2/2018,Parvati Singh,Tamil Nadu,Coimbatore
B-29643,6/6/2020,Gopal Joshi,Bihar,Patna
B-29644,11/4/2018,Aarav Verma,Tamil Nadu,Chennai
B-29645,16-02-2018,Vikas Pandey,Gujarat,Vadodara
B-29646,31-05-2019,Gaurav Das,Andhra Pradesh,Visakhapatnam
B-29647,29-08-2019,Jyoti Das,Madhya Pradesh,Gwalior
B-29648,12/4/2020,Rahul Joshi,Sikkim,Gangtok
B-29649,1/8/2019,Rohit Bose,Delhi,New Delhi
B-29650,14-05-2020,Anita Singh,Goa,Panaji
B-29651,27-11-2021,Shalini Desai,Madhya Pradesh,Indore
B-29652,2/7/2018,Lalita Kumar,Delhi,Delhi
B-29653,26-02-2020,Gopal Patel,Haryana,Faridabad
B-29654,3/5/2018,Sunil Tiwari,Delhi,Dwarka
B-29655,7/11/2019,Nandita Sharma,Madhya Pradesh,Indore
B-29656,24-11-2019,Rahul Das,Tamil Nadu,Chennai
B-29657,15-10-2020,Manoj Singh,Kerala,Kozhikode
B-29658,17-07-2019,Shalini Chopra,Tamil Nadu,Madurai
B-29659,16-09-2021,Madan Nair,Karnataka,Bengaluru
B-29660,5/7/2021,Priya Pandey,Goa,Panaji
B-29661,17-11-2018,Kavita Kumar,Punjab,Ludhiana
B-29662,24-08-2020,Anita Patel,Andhra Pradesh,Vijayawada
B-29663,24-07-2018,Sneha Mehta,Maharashtra,Nagpur
B-29664,24-07-2019,Madan Pillai,Gujarat,Vadodara
B-29665,11/8/2021,Lalita Desai,West Bengal,Kolkata
B-29666,30-05-2019,Asha Singh,Jammu and Kashmir,Srinagar
B-29667,15-01-2019,Lalita Singh,Tamil Nadu,Chennai
B-29668,28-06-2020,Amit Iyer,Jammu and Kashmir,Jammu
B-29669,6/10/2020,Nandita Pandey,Delhi,Dwarka
B-29670,26-07-2020,Harivansh Pillai,Uttar Pradesh,Agra
B-29671,6/9/2019,Nikhil Pillai,Sikkim,Gangtok
B-29672,11/1/2018,Parvati Tiwari,Madhya Pradesh,Gwalior
B-29673,19-01-2021,Manoj Agarwal,Maharashtra,Pune
B-29674,12/8/2021,Vikas Shah,Rajasthan,Kota
B-29675,21-02-2021,Rahul Mohan,Jammu and Kashmir,Srinagar
B-29676,6/9/2020,Rohit Tiwari,Kerala,Thiruvananthapuram
B-29677,6/5/2020,Manoj Pillai,Gujarat,Surat
B-29678,16-07-2020,Nikhil Verma,Madhya Pradesh,Gwalior
B-29679,31-10-2018,Gopal Kumar,Punjab,Jalandhar
B-29680,19-07-2020,Pooja Bose,Delhi,Dwarka
B-29681,16-03-2021,Geeta Joshi,Gujarat,Rajkot
B-29682,4/6/2020,Arun Pandey,Jammu and Kashmir,Srinagar
B-29683,18-11-2021,Gaurav Singh,Punjab,Jalandhar
B-29684,24-01-2019,Vishakha Patel,Andhra Pradesh,Vijayawada
B-29685,16-09-2018,Madhav Pillai,Nagaland,Kohima
B-29686,20-08-2018,Geeta Bose,Tamil Nadu,Coimbatore
B-29687,1/2/2018,Nikhil Yadav,Gujarat,Rajkot
B-29688,15-10-2019,Parvati Kumar,Uttar Pradesh,Agra
B-29689,29-08-2021,Arun Malhotra,Karnataka,Hubli
B-29690,25-04-2021,Sneha Chopra,Uttar Pradesh,Agra
B-29691,23-07-2019,Geeta Chopra,Goa,Panaji
B-29692,11/7/2019,Priya Yadav,Karnataka,Mysuru
B-29693,24-04-2018,Amit Yadav,Sikkim,Gangtok
B-29694,28-11-2021,Meena Yadav,Andhra Pradesh,Vijayawada
B-29695,9/6/2019,Gaurav Joshi,Uttar Pradesh,Varanasi
B-29696,18-11-2021,Gaurav Shah,Madhya Pradesh,Gwalior
B-29697,28-09-2018,Vishakha Agarwal,Sikkim,Gangtok
B-29698,1/10/2020,Manoj Iyer,Jammu and Kashmir,Jammu
B-29699,2/1/2020,Madhav Malhotra,Madhya Pradesh,Jabalpur
B-29700,10/3/2020,Sneha Nair,Maharashtra,Nagpur
B-29701,13-11-2021,Rekha Patel,Uttar Pradesh,Agra
B-29702,24-02-2018,Parvati Mishra,Jammu and Kashmir,Srinagar
B-29703,5/11/2021,Geeta Patel,Gujarat,Rajkot
B-29704,25-09-2018,Nikhil Mohan,Haryana,Gurugram
B-29705,30-08-2020,Madan Pillai,Madhya Pradesh,Jabalpur
B-29706,4/5/2018,Sunil Pillai,Sikkim,Gangtok
B-29707,14-08-2021,Arun Agarwal,Uttar Pradesh,Kanpur
B-29708,17-05-2020,Gaurav Shah,Uttar Pradesh,Lucknow
B-29709,9/8/2020,Arun Tiwari,Tamil Nadu,Coimbatore
B-29710,12/1/2021,Sunita Mohan,West Bengal,Siliguri
B-29711,8/8/2019,Rajesh Pandey,Andhra Pradesh,Visakhapatnam
B-29712,14-09-2020,Nandita Agarwal,Karnataka,Mysuru
B-29713,28-12-2019,Sanjay Chopra,Bihar,Gaya
B-29714,26-10-2021,Nikhil Iyer,Delhi,New Delhi
B-29715,6/8/2018,Sneha Joshi,Punjab,Amritsar
B-29716,15-04-2021,Pooja Agarwal,Maharashtra,Nashik
B-29717,6/4/2021,Madhav Sharma,Tamil Nadu,Madurai
B-29718,22-08-2020,Sunita Mishra,Punjab,Ludhiana
B-29719,15-03-2018,Vikram Agarwal,Punjab,Ludhiana
B-29720,24-05-2020,Gaurav Chopra,Bihar,Gaya
B-29721,3/7/2021,Lalita Gupta,Maharashtra,Nashik
B-29722,3/10/2021,Priya Sharma,Bihar,Patna
B-29723,18-03-2019,Asha Malhotra,Punjab,Amritsar
B-29724,4/3/2019,Shalini Joshi,Maharashtra,Nashik
B-29725,21-03-2021,Sunita Iyer,Kerala,Kochi
B-29726,4/2/2021,Aarav Singh,Haryana,Hisar
B-29727,28-03-2021,Gopal Desai,Punjab,Amritsar
B-29728,13-08-2021,Sunita Pillai,Tamil Nadu,Coimbatore
B-29729,23-06-2019,Priya Reddy,Uttar Pradesh,Mathura
B-29730,15-01-2021,Deepa Shah,Gujarat,Ahmedabad
B-29731,23-06-2019,Arun Yadav,Punjab,Amritsar
B-29732,18-06-2018,Deepa Sharma,Karnataka,Bengaluru
B-29733,26-02-2021,Anita Yadav,Punjab,Ludhiana
B-29734,4/6/2020,Arun Mohan,Punjab,Amritsar
B-29735,21-03-2019,Parvati Joshi,Karnataka,Hubli
B-29736,15-10-2021,Neha Malhotra,Bihar,Muzaffarpur
B-29737,11/8/2019,Kiran Mehta,Bihar,Gaya
B-29738,12/5/2019,Shalini Malhotra,Gujarat,Vadodara
B-29739,9/7/2021,Sunil Mohan,Rajasthan,Jaipur
B-29740,14-05-2019,Aarav Malhotra,Delhi,New Delhi
B-29741,30-08-2020,Amit Tiwari,Karnataka,Mysuru
B-29742,24-03-2021,Neha Singh,Andhra Pradesh,Vijayawada
B-29743,6/4/2018,Madhav Yadav,Maharashtra,Nashik
B-29744,27-06-2020,Gaurav Desai,Delhi,Dwarka
B-29745,21-07-2021,Asha Tiwari,Rajasthan,Jodhpur
B-29746,16-11-2021,Ravi Gupta,Andhra Pradesh,Tirupati
B-29747,2/8/2020,Dinesh Pillai,Tamil Nadu,Madurai
B-29748,10/11/2020,Nikhil Pillai,Karnataka,Hubli
B-29749,12/6/2018,Kiran Mehta,Goa,Margao
B-29750,6/12/2018,Lalita Chopra,Bihar,Gaya
B-29751,7/1/2021,Madan Desai,Uttar Pradesh,Agra
B-29752,6/2/2018,Geeta Agarwal,Haryana,Gurugram
B-29753,7/5/2021,Madan Desai,Jammu and Kashmir,Jammu
B-29754,5/10/2019,Sunita Malhotra,Maharashtra,Nagpur
B-29755,22-09-2020,Sanjay Singh,Nagaland,Kohima
B-29756,16-10-2018,Rahul Joshi,Uttar Pradesh,Mathura
B-29757,13-12-2021,Aarav Das,Karnataka,Hubli
B-29758,22-05-2018,Amit Desai,Rajasthan,Udaipur
B-29759,26-05-2019,Kavita Das,Uttar Pradesh,Lucknow
B-29760,14-05-2020,Vishakha Das,Bihar,Patna
B-29761,20-08-2019,Gaurav Agarwal,Maharashtra,Nagpur
B-29762,13-10-2019,Rahul Singh,Punjab,Ludhiana
B-29763,5/3/2019,Suresh Tiwari,Uttar Pradesh,Mathura
B-29764,25-10-2019,Lalita Joshi,Andhra Pradesh,Vijayawada
B-29765,7/4/2019,Meena Reddy,Gujarat,Ahmedabad
B-29766,29-11-2021,Suresh Tiwari,Haryana,Faridabad
B-29767,7/3/2021,Rajesh Singh,West Bengal,Howrah
B-29768,7/1/2020,Sneha Sharma,Karnataka,Bengaluru
B-29769,14-01-2018,Sunita Kumar,Haryana,Hisar
B-29770,30-06-2020,Neha Das,Maharashtra,Nashik
B-29771,21-07-2021,Priya Singh,Tamil Nadu,Chennai
B-29772,20-07-2018,Vikas Pillai,Delhi,Delhi
B-29773,7/6/2018,Sunil Desai,Tamil Nadu,Chennai
B-29774,19-10-2021,Manoj Sharma,Goa,Margao
B-29775,8/6/2018,Neha Mehta,Andhra Pradesh,Vijayawada
B-29776,19-11-2021,Tushar Bose,West Bengal,Kolkata
B-29777,17-12-2018,Harivansh Singh,Goa,Margao
B-29778,27-05-2019,Madhav Shah,Rajasthan,Udaipur
B-29779,22-08-2020,Meena Singh,Karnataka,Hubli
B-29780,5/3/2018,Priya Joshi,Madhya Pradesh,Indore
B-29781,9/10/2019,Kavita Singh,Haryana,Hisar
B-29782,3/11/2019,Gaurav Mohan,Andhra Pradesh,Visakhapatnam
B-29783,13-09-2020,Rohit Desai,Rajasthan,Udaipur
B-29784,9/10/2020,Dinesh Desai,Gujarat,Ahmedabad
B-29785,2/11/2019,Manoj Mehta,Tamil Nadu,Coimbatore
B-29786,10/2/2020,Deepa Mishra,Gujarat,Ahmedabad
B-29787,14-07-2019,Kiran Patel,Madhya Pradesh,Gwalior
B-29788,27-04-2018,Madan Pillai,Tamil Nadu,Madurai
B-29789,18-11-2021,Lalita Bose,Rajasthan,Kota
B-29790,23-11-2019,Manoj Kumar,Rajasthan,Jodhpur
B-29791,18-10-2020,Dinesh Kumar,Karnataka,Mysuru
B-29792,24-02-2021,Sunil Kumar,Andhra Pradesh,Vijayawada
B-29793,13-02-2021,Rahul Singh,Punjab,Jalandhar
B-29794,8/11/2019,Gopal Chopra,Uttar Pradesh,Lucknow
B-29795,2/4/2020,Dinesh Malhotra,Himachal Pradesh,Manali
B-29796,6/4/2018,Manoj Iyer,Rajasthan,Jaipur
B-29797,5/9/2019,Rekha Malhotra,Delhi,New Delhi
B-29798,24-10-2018,Rohit Chopra,Karnataka,Bengaluru
B-29799,21-12-2020,Jyoti Verma,Haryana,Gurugram
B-29800,13-05-2018,Madhav Kumar,Maharashtra,Nashik
B-29801,29-12-2018,Sneha Mehta,Maharashtra,Nashik
B-29802,30-03-2018,Vikas Gupta,Maharashtra,Nashik
B-29803,27-02-2021,Lalita Kumar,Madhya Pradesh,Indore
B-29804,30-06-2020,Madan Tiwari,Himachal Pradesh,Manali
B-29805,31-08-2021,Aarav Verma,Gujarat,Ahmedabad
B-29806,27-06-2019,Sanjay Bose,Andhra Pradesh,Vijayawada
B-29807,12/11/2018,Sanjay Desai,Rajasthan,Kota
B-29808,12/3/2020,Sneha Malhotra,Uttar Pradesh,Mathura
B-29809,3/10/2019,Manoj Kumar,Tamil Nadu,Chennai
B-29810,23-10-2019,Priya Sharma,Karnataka,Mysuru
B-29811,29-01-2018,Meena Pandey,Karnataka,Mysuru
B-29812,14-12-2019,Pooja Pandey,Rajasthan,Jaipur
B-29813,12/1/2018,Geeta Chopra,Himachal Pradesh,Shimla
B-29814,4/11/2020,Vikas Yadav,Andhra Pradesh,Vijayawada
B-29815,30-07-2018,Nikhil Mohan,Gujarat,Rajkot
B-29816,14-09-2020,Priya Bose,Gujarat,Surat
B-29817,10/11/2021,Meena Desai,Rajasthan,Jodhpur
B-29818,7/2/2021,Sanjay Joshi,Punjab,Amritsar
B-29819,15-06-2019,Neha Sharma,Jammu and Kashmir,Srinagar
B-29820,15-08-2018,Vishakha Patel,Gujarat,Surat
B-29821,15-01-2020,Gaurav Chopra,Himachal Pradesh,Shimla
B-29822,15-05-2020,Ravi Iyer,Karnataka,Bengaluru
B-29823,8/12/2020,Parvati Kumar,Delhi,Delhi
B-29824,9/12/2019,Tushar Pillai,Karnataka,Mysuru
B-29825,10/11/2021,Ravi Mohan,Tamil Nadu,Coimbatore
B-29826,25-04-2021,Jyoti Shah,Uttar Pradesh,Lucknow
B-29827,6/10/2021,Kiran Mishra,Rajasthan,Jodhpur
B-29828,5/5/2018,Jyoti Nair,Gujarat,Ahmedabad
B-29829,19-02-2021,Jyoti Verma,Delhi,New Delhi
B-29830,9/9/2021,Priya Singh,Tamil Nadu,Madurai
B-29831,11/12/2018,Anita Malhotra,Kerala,Kozhikode
B-29832,9/5/2019,Ravi Verma,Maharashtra,Nagpur
B-29833,22-11-2019,Gaurav Yadav,Tamil Nadu,Madurai
B-29834,5/8/2018,Harivansh Kumar,Andhra Pradesh,Vijayawada
B-29835,7/6/2018,Arun Pandey,Gujarat,Rajkot
B-29836,13-12-2019,Jyoti Agarwal,West Bengal,Siliguri
B-29837,30-01-2019,Madan Verma,Delhi,New Delhi
B-29838,14-05-2019,Madan Mehta,Bihar,Patna
B-29839,5/5/2018,Gaurav Gupta,Delhi,New Delhi
B-29840,7/1/2020,Priya Shah,Sikkim,Gangtok
B-29841,4/3/2020,Gaurav Iyer,Uttar Pradesh,Kanpur
B-29842,19-02-2021,Ravi Nair,Karnataka,Hubli
B-29843,18-02-2021,Dinesh Kumar,Karnataka,Hubli
B-29844,14-02-2019,Vikas Kumar,Rajasthan,Jaipur
B-29845,3/8/2021,Aarav Bose,Andhra Pradesh,Tirupati
B-29846,23-08-2019,Lalita Joshi,Sikkim,Gangtok
B-29847,28-12-2021,Parvati Reddy,Jammu and Kashmir,Srinagar
B-29848,21-07-2019,Arun Verma,Maharashtra,Nagpur
B-29849,24-08-2021,Sneha Sharma,Haryana,Hisar
B-29850,27-11-2021,Dinesh Verma,Andhra Pradesh,Tirupati
B-29851,31-10-2021,Kavita Chopra,Andhra Pradesh,Visakhapatnam
B-29852,6/8/2019,Vikas Das,Tamil Nadu,Chennai
B-29853,25-07-2021,Harivansh Malhotra,Himachal Pradesh,Shimla
B-29854,29-04-2018,Manoj Chopra,Uttar Pradesh,Kanpur
B-29855,3/9/2021,Nikhil Pillai,Uttar Pradesh,Kanpur
B-29856,21-05-2020,Manoj Yadav,Delhi,Delhi
B-29857,9/1/2018,Anita Mishra,West Bengal,Kolkata
B-29858,31-08-2018,Gaurav Shah,West Bengal,Howrah
B-29859,2/10/2020,Madhav Joshi,Bihar,Muzaffarpur
B-29860,6/11/2020,Aarav Shah,Maharashtra,Nashik
B-29861,22-09-2019,Rahul Agarwal,Delhi,Delhi
B-29862,23-10-2020,Harivansh Sharma,Gujarat,Vadodara
B-29863,7/10/2019,Sanjay Patel,Uttar Pradesh,Lucknow
B-29864,3/1/2021,Vishakha Singh,Madhya Pradesh,Gwalior
B-29865,25-04-2018,Pooja Nair,Madhya Pradesh,Gwalior
B-29866,16-08-2020,Meena Singh,Karnataka,Hubli
B-29867,10/11/2020,Shalini Tiwari,Rajasthan,Udaipur
B-29868,28-01-2018,Vishakha Kumar,Maharashtra,Mumbai
B-29869,22-12-2020,Rekha Singh,Bihar,Gaya
B-29870,9/7/2018,Vikas Kumar,Delhi,Dwarka
B-29871,7/1/2018,Dinesh Iyer,Kerala,Kochi
B-29872,17-07-2019,Vishakha Singh,Madhya Pradesh,Bhopal
B-29873,19-03-2019,Deepa Chopra,Andhra Pradesh,Tirupati
B-29874,25-10-2018,Madan Shah,Punjab,Jalandhar
B-29875,28-06-2019,Geeta Reddy,Bihar,Muzaffarpur
B-29876,20-02-2019,Priya Pillai,Jammu and Kashmir,Jammu
B-29877,31-12-2018,Neha Desai,Uttar Pradesh,Mathura
B-29878,22-01-2020,Sneha Nair,Gujarat,Ahmedabad
B-29879,17-06-2020,Meena Gupta,Madhya Pradesh,Indore
B-29880,21-02-2019,Shalini Nair,Punjab,Ludhiana
B-29881,14-06-2021,Meena Gupta,Kerala,Kozhikode
B-29882,23-05-2018,Parvati Reddy,West Bengal,Howrah
B-29883,30-03-2021,Vikas Nair,Gujarat,Surat
B-29884,25-05-2020,Gopal Tiwari,Haryana,Gurugram
B-29885,9/9/2021,Asha Malhotra,Goa,Margao
B-29886,3/2/2020,Sneha Shah,Rajasthan,Udaipur
B-29887,6/3/2018,Jyoti Pillai,Madhya Pradesh,Indore
B-29888,25-08-2019,Madan Pandey,Maharashtra,Mumbai
B-29889,29-12-2020,Geeta Desai,Himachal Pradesh,Manali
B-29890,21-04-2020,Sanjay Reddy,Goa,Panaji
B-29891,21-09-2018,Rajesh Sharma,Maharashtra,Pune
B-29892,8/5/2019,Sanjay Pandey,Bihar,Muzaffarpur
B-29893,6/5/2019,Vikram Tiwari,Punjab,Amritsar
B-29894,25-10-2018,Harivansh Sharma,Punjab,Jalandhar
B-29895,11/9/2021,Deepa Chopra,Uttar Pradesh,Mathura
B-29896,19-02-2018,Asha Reddy,Rajasthan,Kota
B-29897,17-02-2020,Arun Mehta,Madhya Pradesh,Indore
B-29898,20-10-2020,Deepa Agarwal,Uttar Pradesh,Lucknow
B-29899,8/8/2020,Harivansh Chopra,Rajasthan,Kota
B-29900,23-05-2020,Rajesh Bose,Bihar,Gaya
B-29901,25-02-2019,Dinesh Nair,Bihar,Muzaffarpur
B-29902,12/12/2020,Deepa Nair,Delhi,Delhi
B-29903,1/3/2021,Ravi Sharma,Uttar Pradesh,Varanasi
B-29904,15-01-2021,Kiran Joshi,Gujarat,Ahmedabad
B-29905,16-07-2021,Ravi Yadav,Uttar Pradesh,Kanpur
B-29906,11/10/2018,Vikram Sharma,Punjab,Jalandhar
B-29907,4/7/2021,Sneha Nair,Andhra Pradesh,Tirupati
B-29908,5/11/2021,Sunita Mehta,Kerala,Kochi
B-29909,17-05-2020,Jyoti Pillai,Andhra Pradesh,Visakhapatnam
B-29910,14-02-2020,Rohit Mehta,Haryana,Hisar
B-29911,10/5/2018,Kiran Chopra,Punjab,Ludhiana
B-29912,1/12/2018,Vishakha Patel,Himachal Pradesh,Manali
B-29913,12/2/2020,Harivansh Mehta,West Bengal,Howrah
B-29914,23-01-2021,Suresh Tiwari,Gujarat,Surat
B-29915,18-11-2018,Vikas Kumar,Nagaland,Dimapur
B-29916,23-05-2021,Geeta Sharma,Maharashtra,Mumbai
B-29917,15-02-2021,Anita Mehta,Maharashtra,Mumbai
B-29918,19-06-2021,Jyoti Yadav,Tamil Nadu,Coimbatore
B-29919,12/6/2019,Nikhil Das,Himachal Pradesh,Shimla
B-29920,11/7/2019,Jyoti Reddy,Maharashtra,Nashik
B-29921,14-10-2019,Jyoti Agarwal,West Bengal,Howrah
B-29922,23-07-2021,Amit Agarwal,Uttar Pradesh,Mathura
B-29923,20-03-2019,Suresh Tiwari,Sikkim,Gangtok
B-29924,14-05-2020,Arun Malhotra,Rajasthan,Udaipur
B-29925,25-04-2018,Harivansh Mohan,Punjab,Jalandhar
B-29926,2/9/2020,Asha Reddy,Kerala,Kozhikode
B-29927,18-10-2020,Sunil Sharma,Tamil Nadu,Chennai
B-29928,30-06-2020,Nikhil Patel,West Bengal,Siliguri
B-29929,16-11-2019,Kavita Das,Uttar Pradesh,Kanpur
B-29930,13-12-2020,Nikhil Chopra,Uttar Pradesh,Mathura
B-29931,15-11-2019,Harivansh Chopra,Himachal Pradesh,Dharamsala
B-29932,21-07-2018,Kavita Mohan,Rajasthan,Jodhpur
B-29933,9/6/2018,Vikas Patel,Goa,Panaji
B-29934,5/9/2020,Madhav Agarwal,Goa,Margao
B-29935,11/9/2020,Nandita Desai,Maharashtra,Nagpur
B-29936,20-05-2019,Rajesh Kumar,Bihar,Muzaffarpur
B-29937,22-11-2018,Geeta Reddy,Rajasthan,Jaipur
B-29938,22-12-2019,Gaurav Chopra,Andhra Pradesh,Visakhapatnam
B-29939,7/3/2018,Nikhil Joshi,Karnataka,Mysuru
B-29940,2/12/2020,Rekha Pandey,West Bengal,Howrah
B-29941,28-01-2018,Pooja Mishra,Gujarat,Vadodara
B-29942,12/4/2020,Madan Gupta,Delhi,Dwarka
B-29943,30-11-2021,Dinesh Mehta,Nagaland,Dimapur
B-29944,4/12/2019,Amit Mishra,West Bengal,Siliguri
B-29945,8/9/2019,Deepa Iyer,Madhya Pradesh,Jabalpur
B-29946,3/4/2020,Ravi Patel,Punjab,Jalandhar
B-29947,28-05-2021,Anita Das,Delhi,Dwarka
B-29948,10/5/2020,Shalini Desai,Maharashtra,Nashik
B-29949,26-09-2021,Rahul Kumar,Madhya Pradesh,Gwalior
B-29950,2/8/2018,Sanjay Mehta,Delhi,Dwarka
B-29951,23-04-2019,Sunil Bose,Nagaland,Kohima
B-29952,30-04-2019,Gaurav Gupta,Karnataka,Hubli
B-29953,26-09-2021,Nandita Mehta,Andhra Pradesh,Visakhapatnam
B-29954,4/1/2020,Manoj Bose,Kerala,Kozhikode
B-29955,12/5/2020,Sunita Pillai,Gujarat,Rajkot
B-29956,27-06-2018,Anita Reddy,Andhra Pradesh,Vijayawada
B-29957,15-10-2020,Rekha Mohan,Himachal Pradesh,Dharamsala
B-29958,2/10/2019,Rajesh Chopra,Kerala,Kochi
B-29959,16-12-2021,Asha Pillai,Delhi,Delhi
B-29960,12/9/2020,Sanjay Mohan,Andhra Pradesh,Tirupati
B-29961,27-03-2020,Priya Verma,Rajasthan,Jodhpur
B-29962,26-05-2020,Sneha Joshi,Tamil Nadu,Madurai
B-29963,16-03-2018,Tushar Bose,Uttar Pradesh,Varanasi
B-29964,16-03-2018,Parvati Singh,Uttar Pradesh,Varanasi
B-29965,6/8/2018,Arun Agarwal,Madhya Pradesh,Gwalior
B-29966,25-09-2019,Madhav Joshi,Jammu and Kashmir,Srinagar
B-29967,21-03-2018,Anita Kumar,Gujarat,Vadodara
B-29968,30-03-2020,Amit Mohan,Rajasthan,Kota
B-29969,3/9/2019,Kiran Sharma,West Bengal,Howrah
B-29970,6/1/2019,Amit Mishra,Nagaland,Dimapur
B-29971,6/11/2021,Rajesh Verma,Bihar,Patna
B-29972,20-11-2018,Vikram Bose,Sikkim,Namchi
B-29973,29-03-2020,Parvati Kumar,Uttar Pradesh,Kanpur
B-29974,2/5/2018,Jyoti Tiwari,Nagaland,Kohima
B-29975,30-08-2018,Dinesh Singh,Maharashtra,Nagpur
B-29976,2/1/2018,Deepa Yadav,Uttar Pradesh,Mathura
B-29977,13-04-2020,Rekha Patel,Delhi,New Delhi
B-29978,11/5/2020,Manoj Reddy,Madhya Pradesh,Gwalior
B-29979,7/10/2021,Sneha Mishra,Delhi,New Delhi
B-29980,11/10/2021,Gopal Verma,Tamil Nadu,Chennai
B-29981,6/8/2019,Dinesh Chopra,Haryana,Faridabad
B-29982,12/6/2018,Meena Bose,Uttar Pradesh,Varanasi
B-29983,5/2/2020,Parvati Yadav,Maharashtra,Nashik
B-29984,5/12/2019,Gopal Desai,Kerala,Kozhikode
B-29985,7/10/2020,Harivansh Pillai,Jammu and Kashmir,Srinagar
B-29986,2/5/2018,Manoj Malhotra,Uttar Pradesh,Agra
B-29987,24-10-2019,Kiran Mehta,Rajasthan,Jodhpur
B-29988,13-04-2019,Anita Kumar,Andhra Pradesh,Vijayawada
B-29989,19-04-2019,Rahul Tiwari,Maharashtra,Pune
B-29990,20-05-2021,Dinesh Das,Haryana,Faridabad
B-29991,10/8/2021,Vikas Reddy,Maharashtra,Pune
B-29992,29-04-2021,Asha Yadav,Haryana,Hisar
B-29993,27-05-2020,Dinesh Pandey,Kerala,Thiruvananthapuram
B-29994,19-12-2021,Anita Joshi,Sikkim,Namchi
B-29995,19-07-2020,Amit Iyer,Kerala,Thiruvananthapuram
B-29996,16-07-2019,Gaurav Chopra,Delhi,Dwarka
B-29997,10/11/2020,Neha Tiwari,Rajasthan,Jaipur
B-29998,26-02-2021,Aarav Bose,Gujarat,Ahmedabad
B-29999,14-02-2018,Priya Desai,Punjab,Jalandhar
